<?xml version="1.0" encoding="UTF-8"?>

<MISRA-C-Report version="1.3">


<CodeStruct Name="" File="C:\Component\CM200C_DmaCfgAndUse_Impl\src\CDD_DmaCfgAndUse.c" Line="0" Column="0">

<Rule Name="19.1" Mode="advisory" Report="warning" Id="1">
<Loc File="C:\Component\CM200C_DmaCfgAndUse_Impl\src\CDD_DmaCfgAndUse.c" Line="297" Column="0">
</Loc>
<Message>
#include statements in a file shall only be preceded by other preprocessor directives or comments.
</Message>
</Rule>

<Rule Name="19.1" Mode="advisory" Report="warning" Id="2">
<Loc File="C:\Component\CM200C_DmaCfgAndUse_Impl\src\CDD_DmaCfgAndUse.c" Line="304" Column="0">
</Loc>
<Message>
#include statements in a file shall only be preceded by other preprocessor directives or comments.
</Message>
</Rule>

<Rule Name="19.1" Mode="advisory" Report="warning" Id="3">
<Loc File="C:\Component\CM200C_DmaCfgAndUse_Impl\src\CDD_DmaCfgAndUse.c" Line="557" Column="0">
</Loc>
<Message>
#include statements in a file shall only be preceded by other preprocessor directives or comments.
</Message>
</Rule>

</CodeStruct>

<CodeStruct Name="DmaWaitForMotCtrlTo2MilliSecTrf_Oper" File="C:\Component\CM200C_DmaCfgAndUse_Impl\src\CDD_DmaCfgAndUse.c" Line="255" Column="15">

<Rule Name="21.1" Mode="required" Report="warning" Id="4">
<Loc File="C:\Component\CM200C_DmaCfgAndUse_Impl\src\CDD_DmaCfgAndUse.c" Line="267" Column="78">
</Loc>
<Message>
Minimisation of run-time failures.
</Message>
</Rule>

<Rule Name="21.1" Mode="required" Report="warning" Id="5">
<Loc File="C:\Component\CM200C_DmaCfgAndUse_Impl\src\CDD_DmaCfgAndUse.c" Line="267" Column="106">
</Loc>
<Message>
Minimisation of run-time failures.
</Message>
</Rule>

<Rule Name="21.1" Mode="required" Report="warning" Id="6">
<Loc File="C:\Component\CM200C_DmaCfgAndUse_Impl\src\CDD_DmaCfgAndUse.c" Line="284" Column="8">
</Loc>
<Message>
Minimisation of run-time failures.
</Message>
</Rule>

<Rule Name="21.1" Mode="required" Report="warning" Id="7">
<Loc File="C:\Component\CM200C_DmaCfgAndUse_Impl\src\CDD_DmaCfgAndUse.c" Line="285" Column="78">
</Loc>
<Message>
Minimisation of run-time failures.
</Message>
</Rule>

</CodeStruct>

<CodeStruct Name="InjMcuDiagcErr" File="C:\Component\CM200C_DmaCfgAndUse_Impl\src\CDD_DmaCfgAndUse.c" Line="543" Column="15">

<Rule Name="9.1" Mode="required" Report="warning" Id="8">
<Loc File="C:\Component\CM200C_DmaCfgAndUse_Impl\src\CDD_DmaCfgAndUse.c" Line="548" Column="11">
</Loc>
<Message>
All automatic variables shall have been assigned a value before being used.
</Message>
</Rule>

</CodeStruct>

<CodeStruct Name="DmaEna2MilliSecToMotCtrlTrf_Oper" File="C:\Component\CM200C_DmaCfgAndUse_Impl\src\CDD_DmaCfgAndUse.c" Line="189" Column="5">

<Rule Name="9.1" Mode="required" Report="warning" Id="10">
<Loc File="C:\Component\CM200C_DmaCfgAndUse_Impl\src\CDD_DmaCfgAndUse.c" Line="205" Column="11">
</Loc>
<Message>
All automatic variables shall have been assigned a value before being used.
</Message>
</Rule>

</CodeStruct>

<CodeStruct Name="DmaCfgAndUsePer1" File="C:\Component\CM200C_DmaCfgAndUse_Impl\src\CDD_DmaCfgAndUse.c" Line="154" Column="5">

<Rule Name="21.1" Mode="required" Report="warning" Id="9">
<Loc File="C:\Component\CM200C_DmaCfgAndUse_Impl\src\CDD_DmaCfgAndUse.c" Line="165" Column="97">
</Loc>
<Message>
Minimisation of run-time failures.
</Message>
</Rule>

</CodeStruct>

<CodeStruct Name="DmaRegInin" File="C:\Component\CM200C_DmaCfgAndUse_Impl\src\CDD_DmaCfgAndUse.c" Line="312" Column="5">

<Rule Name="11.3" Mode="advisory" Report="warning" Id="14">
<Loc File="C:\Component\CM200C_DmaCfgAndUse_Impl\src\CDD_DmaCfgAndUse.c" Line="325" Column="32">
</Loc>
<Message>
A cast should not be performed between a pointer type and an integral type.
</Message>
</Rule>

<Rule Name="11.3" Mode="advisory" Report="warning" Id="15">
<Loc File="C:\Component\CM200C_DmaCfgAndUse_Impl\src\CDD_DmaCfgAndUse.c" Line="326" Column="32">
</Loc>
<Message>
A cast should not be performed between a pointer type and an integral type.
</Message>
</Rule>

<Rule Name="11.3" Mode="advisory" Report="warning" Id="16">
<Loc File="C:\Component\CM200C_DmaCfgAndUse_Impl\src\CDD_DmaCfgAndUse.c" Line="342" Column="33">
</Loc>
<Message>
A cast should not be performed between a pointer type and an integral type.
</Message>
</Rule>

<Rule Name="11.3" Mode="advisory" Report="warning" Id="17">
<Loc File="C:\Component\CM200C_DmaCfgAndUse_Impl\src\CDD_DmaCfgAndUse.c" Line="343" Column="33">
</Loc>
<Message>
A cast should not be performed between a pointer type and an integral type.
</Message>
</Rule>

<Rule Name="11.3" Mode="advisory" Report="warning" Id="18">
<Loc File="C:\Component\CM200C_DmaCfgAndUse_Impl\src\CDD_DmaCfgAndUse.c" Line="354" Column="33">
</Loc>
<Message>
A cast should not be performed between a pointer type and an integral type.
</Message>
</Rule>

<Rule Name="11.3" Mode="advisory" Report="warning" Id="19">
<Loc File="C:\Component\CM200C_DmaCfgAndUse_Impl\src\CDD_DmaCfgAndUse.c" Line="355" Column="33">
</Loc>
<Message>
A cast should not be performed between a pointer type and an integral type.
</Message>
</Rule>

<Rule Name="11.3" Mode="advisory" Report="warning" Id="20">
<Loc File="C:\Component\CM200C_DmaCfgAndUse_Impl\src\CDD_DmaCfgAndUse.c" Line="371" Column="33">
</Loc>
<Message>
A cast should not be performed between a pointer type and an integral type.
</Message>
</Rule>

<Rule Name="11.3" Mode="advisory" Report="warning" Id="21">
<Loc File="C:\Component\CM200C_DmaCfgAndUse_Impl\src\CDD_DmaCfgAndUse.c" Line="372" Column="33">
</Loc>
<Message>
A cast should not be performed between a pointer type and an integral type.
</Message>
</Rule>

<Rule Name="11.3" Mode="advisory" Report="warning" Id="22">
<Loc File="C:\Component\CM200C_DmaCfgAndUse_Impl\src\CDD_DmaCfgAndUse.c" Line="383" Column="32">
</Loc>
<Message>
A cast should not be performed between a pointer type and an integral type.
</Message>
</Rule>

<Rule Name="11.3" Mode="advisory" Report="warning" Id="23">
<Loc File="C:\Component\CM200C_DmaCfgAndUse_Impl\src\CDD_DmaCfgAndUse.c" Line="384" Column="32">
</Loc>
<Message>
A cast should not be performed between a pointer type and an integral type.
</Message>
</Rule>

<Rule Name="11.3" Mode="advisory" Report="warning" Id="24">
<Loc File="C:\Component\CM200C_DmaCfgAndUse_Impl\src\CDD_DmaCfgAndUse.c" Line="400" Column="33">
</Loc>
<Message>
A cast should not be performed between a pointer type and an integral type.
</Message>
</Rule>

<Rule Name="11.3" Mode="advisory" Report="warning" Id="25">
<Loc File="C:\Component\CM200C_DmaCfgAndUse_Impl\src\CDD_DmaCfgAndUse.c" Line="401" Column="33">
</Loc>
<Message>
A cast should not be performed between a pointer type and an integral type.
</Message>
</Rule>

<Rule Name="11.3" Mode="advisory" Report="warning" Id="26">
<Loc File="C:\Component\CM200C_DmaCfgAndUse_Impl\src\CDD_DmaCfgAndUse.c" Line="413" Column="32">
</Loc>
<Message>
A cast should not be performed between a pointer type and an integral type.
</Message>
</Rule>

<Rule Name="11.3" Mode="advisory" Report="warning" Id="27">
<Loc File="C:\Component\CM200C_DmaCfgAndUse_Impl\src\CDD_DmaCfgAndUse.c" Line="414" Column="32">
</Loc>
<Message>
A cast should not be performed between a pointer type and an integral type.
</Message>
</Rule>

<Rule Name="11.3" Mode="advisory" Report="warning" Id="28">
<Loc File="C:\Component\CM200C_DmaCfgAndUse_Impl\src\CDD_DmaCfgAndUse.c" Line="430" Column="33">
</Loc>
<Message>
A cast should not be performed between a pointer type and an integral type.
</Message>
</Rule>

<Rule Name="11.3" Mode="advisory" Report="warning" Id="29">
<Loc File="C:\Component\CM200C_DmaCfgAndUse_Impl\src\CDD_DmaCfgAndUse.c" Line="431" Column="33">
</Loc>
<Message>
A cast should not be performed between a pointer type and an integral type.
</Message>
</Rule>

<Rule Name="11.3" Mode="advisory" Report="warning" Id="30">
<Loc File="C:\Component\CM200C_DmaCfgAndUse_Impl\src\CDD_DmaCfgAndUse.c" Line="443" Column="33">
</Loc>
<Message>
A cast should not be performed between a pointer type and an integral type.
</Message>
</Rule>

<Rule Name="11.3" Mode="advisory" Report="warning" Id="31">
<Loc File="C:\Component\CM200C_DmaCfgAndUse_Impl\src\CDD_DmaCfgAndUse.c" Line="444" Column="33">
</Loc>
<Message>
A cast should not be performed between a pointer type and an integral type.
</Message>
</Rule>

<Rule Name="11.3" Mode="advisory" Report="warning" Id="32">
<Loc File="C:\Component\CM200C_DmaCfgAndUse_Impl\src\CDD_DmaCfgAndUse.c" Line="460" Column="34">
</Loc>
<Message>
A cast should not be performed between a pointer type and an integral type.
</Message>
</Rule>

<Rule Name="11.3" Mode="advisory" Report="warning" Id="33">
<Loc File="C:\Component\CM200C_DmaCfgAndUse_Impl\src\CDD_DmaCfgAndUse.c" Line="461" Column="34">
</Loc>
<Message>
A cast should not be performed between a pointer type and an integral type.
</Message>
</Rule>

<Rule Name="11.3" Mode="advisory" Report="warning" Id="34">
<Loc File="C:\Component\CM200C_DmaCfgAndUse_Impl\src\CDD_DmaCfgAndUse.c" Line="472" Column="33">
</Loc>
<Message>
A cast should not be performed between a pointer type and an integral type.
</Message>
</Rule>

<Rule Name="11.3" Mode="advisory" Report="warning" Id="35">
<Loc File="C:\Component\CM200C_DmaCfgAndUse_Impl\src\CDD_DmaCfgAndUse.c" Line="473" Column="33">
</Loc>
<Message>
A cast should not be performed between a pointer type and an integral type.
</Message>
</Rule>

<Rule Name="11.3" Mode="advisory" Report="warning" Id="36">
<Loc File="C:\Component\CM200C_DmaCfgAndUse_Impl\src\CDD_DmaCfgAndUse.c" Line="489" Column="34">
</Loc>
<Message>
A cast should not be performed between a pointer type and an integral type.
</Message>
</Rule>

<Rule Name="11.3" Mode="advisory" Report="warning" Id="37">
<Loc File="C:\Component\CM200C_DmaCfgAndUse_Impl\src\CDD_DmaCfgAndUse.c" Line="490" Column="34">
</Loc>
<Message>
A cast should not be performed between a pointer type and an integral type.
</Message>
</Rule>

</CodeStruct>

<CodeStruct Name="DmaCfgAndUseInit1" File="C:\Component\CM200C_DmaCfgAndUse_Impl\src\CDD_DmaCfgAndUse.c" Line="114" Column="5">

<Rule Name="21.1" Mode="required" Report="warning" Id="11">
<Loc File="C:\Component\CM200C_DmaCfgAndUse_Impl\src\CDD_DmaCfgAndUse.c" Line="122" Column="8">
</Loc>
<Message>
Minimisation of run-time failures.
</Message>
</Rule>

<Rule Name="21.1" Mode="required" Report="warning" Id="12">
<Loc File="C:\Component\CM200C_DmaCfgAndUse_Impl\src\CDD_DmaCfgAndUse.c" Line="122" Column="36">
</Loc>
<Message>
Minimisation of run-time failures.
</Message>
</Rule>

<Rule Name="21.1" Mode="required" Report="warning" Id="13">
<Loc File="C:\Component\CM200C_DmaCfgAndUse_Impl\src\CDD_DmaCfgAndUse.c" Line="123" Column="8">
</Loc>
<Message>
Minimisation of run-time failures.
</Message>
</Rule>

</CodeStruct>

<CodeStruct Name="InjDmaErr" File="C:\Component\CM200C_DmaCfgAndUse_Impl\src\CDD_DmaCfgAndUse.c" Line="507" Column="15">

<Rule Name="9.1" Mode="required" Report="warning" Id="38">
<Loc File="C:\Component\CM200C_DmaCfgAndUse_Impl\src\CDD_DmaCfgAndUse.c" Line="512" Column="11">
</Loc>
<Message>
All automatic variables shall have been assigned a value before being used.
</Message>
</Rule>

</CodeStruct>

</MISRA-C-Report>
