<?xml version="1.0" encoding="UTF-8"?>
<MISRA-C-Report-Summary>
<File Mode="advisory" Error="0" Warning="27" Total="27">
<Name>
C:\Component\CM200C_DmaCfgAndUse_Impl\src\CDD_DmaCfgAndUse.c</Name>
</File>
<File Mode="required" Error="0" Warning="11" Total="11">
<Name>
C:\Component\CM200C_DmaCfgAndUse_Impl\src\CDD_DmaCfgAndUse.c</Name>
</File>
<Rule Name="11.3" Count="24" Mode="advisory" Severity="warning">
<Message>
A cast should not be performed between a pointer type and an integral type.</Message>
</Rule>
<Rule Name="21.1" Count="8" Mode="required" Severity="warning">
<Message>
Minimisation of run-time failures.</Message>
</Rule>
<Rule Name="19.1" Count="3" Mode="advisory" Severity="warning">
<Message>
#include statements in a file shall only be preceded by other preprocessor directives or comments.</Message>
</Rule>
<Rule Name="9.1" Count="3" Mode="required" Severity="warning">
<Message>
All automatic variables shall have been assigned a value before being used.</Message>
</Rule>
</MISRA-C-Report-Summary>
