<?xml version="1.0" encoding="UTF-8"?>

<MISRA-C-Report version="1.3">


<CodeStruct Name="CalcLeWhlFrqAndFrqVld" File="C:\Component\CF018A_GmRoadWhlInQlfr_Impl\src\GmRoadWhlInQlfr.c" Line="933" Column="12">

<Rule Name="21.1" Mode="required" Report="warning" Id="9">
<Loc File="C:\Component\CF018A_GmRoadWhlInQlfr_Impl\src\GmRoadWhlInQlfr.c" Line="946" Column="78">
</Loc>
<Message>
Minimisation of run-time failures.
</Message>
</Rule>

<Rule Name="21.1" Mode="required" Report="warning" Id="10">
<Loc File="C:\Component\CF018A_GmRoadWhlInQlfr_Impl\src\GmRoadWhlInQlfr.c" Line="947" Column="85">
</Loc>
<Message>
Minimisation of run-time failures.
</Message>
</Rule>

<Rule Name="21.1" Mode="required" Report="warning" Id="11">
<Loc File="C:\Component\CF018A_GmRoadWhlInQlfr_Impl\src\GmRoadWhlInQlfr.c" Line="952" Column="66">
</Loc>
<Message>
Minimisation of run-time failures.
</Message>
</Rule>

<Rule Name="9.1" Mode="required" Report="warning" Id="12">
<Loc File="C:\Component\CF018A_GmRoadWhlInQlfr_Impl\src\GmRoadWhlInQlfr.c" Line="954" Column="7">
</Loc>
<Message>
All automatic variables shall have been assigned a value before being used.
</Message>
</Rule>

<Rule Name="21.1" Mode="required" Report="warning" Id="13">
<Loc File="C:\Component\CF018A_GmRoadWhlInQlfr_Impl\src\GmRoadWhlInQlfr.c" Line="966" Column="8">
</Loc>
<Message>
Minimisation of run-time failures.
</Message>
</Rule>

<Rule Name="21.1" Mode="required" Report="warning" Id="14">
<Loc File="C:\Component\CF018A_GmRoadWhlInQlfr_Impl\src\GmRoadWhlInQlfr.c" Line="974" Column="8">
</Loc>
<Message>
Minimisation of run-time failures.
</Message>
</Rule>

<Rule Name="21.1" Mode="required" Report="warning" Id="15">
<Loc File="C:\Component\CF018A_GmRoadWhlInQlfr_Impl\src\GmRoadWhlInQlfr.c" Line="976" Column="71">
</Loc>
<Message>
Minimisation of run-time failures.
</Message>
</Rule>

<Rule Name="21.1" Mode="required" Report="warning" Id="16">
<Loc File="C:\Component\CF018A_GmRoadWhlInQlfr_Impl\src\GmRoadWhlInQlfr.c" Line="978" Column="8">
</Loc>
<Message>
Minimisation of run-time failures.
</Message>
</Rule>

<Rule Name="21.1" Mode="required" Report="warning" Id="17">
<Loc File="C:\Component\CF018A_GmRoadWhlInQlfr_Impl\src\GmRoadWhlInQlfr.c" Line="993" Column="58">
</Loc>
<Message>
Minimisation of run-time failures.
</Message>
</Rule>

<Rule Name="21.1" Mode="required" Report="warning" Id="18">
<Loc File="C:\Component\CF018A_GmRoadWhlInQlfr_Impl\src\GmRoadWhlInQlfr.c" Line="997" Column="33">
</Loc>
<Message>
Minimisation of run-time failures.
</Message>
</Rule>

<Rule Name="21.1" Mode="required" Report="warning" Id="19">
<Loc File="C:\Component\CF018A_GmRoadWhlInQlfr_Impl\src\GmRoadWhlInQlfr.c" Line="1003" Column="12">
</Loc>
<Message>
Minimisation of run-time failures.
</Message>
</Rule>

<Rule Name="21.1" Mode="required" Report="warning" Id="20">
<Loc File="C:\Component\CF018A_GmRoadWhlInQlfr_Impl\src\GmRoadWhlInQlfr.c" Line="1009" Column="8">
</Loc>
<Message>
Minimisation of run-time failures.
</Message>
</Rule>

<Rule Name="21.1" Mode="required" Report="warning" Id="21">
<Loc File="C:\Component\CF018A_GmRoadWhlInQlfr_Impl\src\GmRoadWhlInQlfr.c" Line="1013" Column="34">
</Loc>
<Message>
Minimisation of run-time failures.
</Message>
</Rule>

<Rule Name="21.1" Mode="required" Report="warning" Id="22">
<Loc File="C:\Component\CF018A_GmRoadWhlInQlfr_Impl\src\GmRoadWhlInQlfr.c" Line="1014" Column="29">
</Loc>
<Message>
Minimisation of run-time failures.
</Message>
</Rule>

</CodeStruct>

<CodeStruct Name="" File="C:\Component\CF018A_GmRoadWhlInQlfr_Impl\src\GmRoadWhlInQlfr.c" Line="0" Column="0">

<Rule Name="5.1" Mode="required" Report="warning" Id="1">
<Loc File="C:\Component\CF018A_GmRoadWhlInQlfr_Impl\src\GmRoadWhlInQlfr.c" Line="108" Column="42">
</Loc>
<Message>
Identifiers "WhlRotlStsTiStampResl_SecPerCnt_T_f32" (GmRoadWhlInQlfr.c line 98 column 42) and "WhlRotlStsTiStampResl_SecPerCnt_T_f32" (GmRoadWhlInQlfr.c line 108 column 42) have the same first 37 characters.
</Message>
</Rule>

<Rule Name="5.1" Mode="required" Report="warning" Id="2">
<Loc File="C:\Component\CF018A_GmRoadWhlInQlfr_Impl\src\GmRoadWhlInQlfr.c" Line="111" Column="70">
</Loc>
<Message>
Identifiers "WhlPlsPerRev_CntPerRoadWhlRev_T_u08" (GmRoadWhlInQlfr.c line 101 column 70) and "WhlPlsPerRev_CntPerRoadWhlRev_T_u08" (GmRoadWhlInQlfr.c line 111 column 70) have the same first 35 characters.
</Message>
</Rule>

<Rule Name="19.1" Mode="advisory" Report="warning" Id="3">
<Loc File="C:\Component\CF018A_GmRoadWhlInQlfr_Impl\src\GmRoadWhlInQlfr.c" Line="698" Column="0">
</Loc>
<Message>
#include statements in a file shall only be preceded by other preprocessor directives or comments.
</Message>
</Rule>

<Rule Name="19.1" Mode="advisory" Report="warning" Id="4">
<Loc File="C:\Component\CF018A_GmRoadWhlInQlfr_Impl\src\GmRoadWhlInQlfr.c" Line="918" Column="0">
</Loc>
<Message>
#include statements in a file shall only be preceded by other preprocessor directives or comments.
</Message>
</Rule>

<Rule Name="5.1" Mode="required" Report="warning" Id="5">
<Loc File="C:\Component\CF018A_GmRoadWhlInQlfr_Impl\src\GmRoadWhlInQlfr.c" Line="933" Column="42">
</Loc>
<Message>
Identifiers "WhlRotlStsTiStampResl_SecPerCnt_T_f32" (GmRoadWhlInQlfr.c line 933 column 42) and "WhlRotlStsTiStampResl_SecPerCnt_T_f32" (GmRoadWhlInQlfr.c line 108 column 42) have the same first 37 characters.
Identifiers "WhlRotlStsTiStampResl_SecPerCnt_T_f32" (GmRoadWhlInQlfr.c line 933 column 42) and "WhlRotlStsTiStampResl_SecPerCnt_T_f32" (GmRoadWhlInQlfr.c line 98 column 42) have the same first 37 characters.
</Message>
</Rule>

<Rule Name="5.1" Mode="required" Report="warning" Id="6">
<Loc File="C:\Component\CF018A_GmRoadWhlInQlfr_Impl\src\GmRoadWhlInQlfr.c" Line="936" Column="70">
</Loc>
<Message>
Identifiers "WhlPlsPerRev_CntPerRoadWhlRev_T_u08" (GmRoadWhlInQlfr.c line 936 column 70) and "WhlPlsPerRev_CntPerRoadWhlRev_T_u08" (GmRoadWhlInQlfr.c line 111 column 70) have the same first 35 characters.
Identifiers "WhlPlsPerRev_CntPerRoadWhlRev_T_u08" (GmRoadWhlInQlfr.c line 936 column 70) and "WhlPlsPerRev_CntPerRoadWhlRev_T_u08" (GmRoadWhlInQlfr.c line 101 column 70) have the same first 35 characters.
</Message>
</Rule>

<Rule Name="5.1" Mode="required" Report="warning" Id="7">
<Loc File="C:\Component\CF018A_GmRoadWhlInQlfr_Impl\src\GmRoadWhlInQlfr.c" Line="1032" Column="42">
</Loc>
<Message>
Identifiers "WhlRotlStsTiStampResl_SecPerCnt_T_f32" (GmRoadWhlInQlfr.c line 1032 column 42) and "WhlRotlStsTiStampResl_SecPerCnt_T_f32" (GmRoadWhlInQlfr.c line 98 column 42) have the same first 37 characters.
Identifiers "WhlRotlStsTiStampResl_SecPerCnt_T_f32" (GmRoadWhlInQlfr.c line 1032 column 42) and "WhlRotlStsTiStampResl_SecPerCnt_T_f32" (GmRoadWhlInQlfr.c line 108 column 42) have the same first 37 characters.
Identifiers "WhlRotlStsTiStampResl_SecPerCnt_T_f32" (GmRoadWhlInQlfr.c line 933 column 42) and "WhlRotlStsTiStampResl_SecPerCnt_T_f32" (GmRoadWhlInQlfr.c line 1032 column 42) have the same first 37 characters.
</Message>
</Rule>

<Rule Name="5.1" Mode="required" Report="warning" Id="8">
<Loc File="C:\Component\CF018A_GmRoadWhlInQlfr_Impl\src\GmRoadWhlInQlfr.c" Line="1035" Column="70">
</Loc>
<Message>
Identifiers "WhlPlsPerRev_CntPerRoadWhlRev_T_u08" (GmRoadWhlInQlfr.c line 936 column 70) and "WhlPlsPerRev_CntPerRoadWhlRev_T_u08" (GmRoadWhlInQlfr.c line 1035 column 70) have the same first 35 characters.
Identifiers "WhlPlsPerRev_CntPerRoadWhlRev_T_u08" (GmRoadWhlInQlfr.c line 1035 column 70) and "WhlPlsPerRev_CntPerRoadWhlRev_T_u08" (GmRoadWhlInQlfr.c line 111 column 70) have the same first 35 characters.
Identifiers "WhlPlsPerRev_CntPerRoadWhlRev_T_u08" (GmRoadWhlInQlfr.c line 1035 column 70) and "WhlPlsPerRev_CntPerRoadWhlRev_T_u08" (GmRoadWhlInQlfr.c line 101 column 70) have the same first 35 characters.
</Message>
</Rule>

</CodeStruct>

<CodeStruct Name="GmRoadWhlInQlfrPer1" File="C:\Component\CF018A_GmRoadWhlInQlfr_Impl\src\GmRoadWhlInQlfr.c" Line="783" Column="5">

<Rule Name="5.1" Mode="required" Report="warning" Id="23">
<Loc File="C:\Component\CF018A_GmRoadWhlInQlfr_Impl\src\GmRoadWhlInQlfr.c" Line="793" Column="12">
</Loc>
<Message>
Identifiers "WhlPlsPerRev_CntPerRoadWhlRev_T_u08" (GmRoadWhlInQlfr.c line 101 column 70) and "WhlPlsPerRev_CntPerRoadWhlRev_T_u08" (GmRoadWhlInQlfr.c line 793 column 12) have the same first 35 characters.
Identifiers "WhlPlsPerRev_CntPerRoadWhlRev_T_u08" (GmRoadWhlInQlfr.c line 111 column 70) and "WhlPlsPerRev_CntPerRoadWhlRev_T_u08" (GmRoadWhlInQlfr.c line 793 column 12) have the same first 35 characters.
</Message>
</Rule>

<Rule Name="5.1" Mode="required" Report="warning" Id="24">
<Loc File="C:\Component\CF018A_GmRoadWhlInQlfr_Impl\src\GmRoadWhlInQlfr.c" Line="797" Column="12">
</Loc>
<Message>
Identifiers "WhlRotlStsTiStampResl_SecPerCnt_T_f32" (GmRoadWhlInQlfr.c line 108 column 42) and "WhlRotlStsTiStampResl_SecPerCnt_T_f32" (GmRoadWhlInQlfr.c line 797 column 12) have the same first 37 characters.
Identifiers "WhlRotlStsTiStampResl_SecPerCnt_T_f32" (GmRoadWhlInQlfr.c line 98 column 42) and "WhlRotlStsTiStampResl_SecPerCnt_T_f32" (GmRoadWhlInQlfr.c line 797 column 12) have the same first 37 characters.
</Message>
</Rule>

<Rule Name="9.1" Mode="required" Report="warning" Id="25">
<Loc File="C:\Component\CF018A_GmRoadWhlInQlfr_Impl\src\GmRoadWhlInQlfr.c" Line="825" Column="7">
</Loc>
<Message>
All automatic variables shall have been assigned a value before being used.
</Message>
</Rule>

<Rule Name="9.1" Mode="required" Report="warning" Id="26">
<Loc File="C:\Component\CF018A_GmRoadWhlInQlfr_Impl\src\GmRoadWhlInQlfr.c" Line="834" Column="11">
</Loc>
<Message>
All automatic variables shall have been assigned a value before being used.
</Message>
</Rule>

<Rule Name="21.1" Mode="required" Report="warning" Id="27">
<Loc File="C:\Component\CF018A_GmRoadWhlInQlfr_Impl\src\GmRoadWhlInQlfr.c" Line="834" Column="40">
</Loc>
<Message>
Minimisation of run-time failures.
</Message>
</Rule>

<Rule Name="21.1" Mode="required" Report="warning" Id="28">
<Loc File="C:\Component\CF018A_GmRoadWhlInQlfr_Impl\src\GmRoadWhlInQlfr.c" Line="834" Column="66">
</Loc>
<Message>
Minimisation of run-time failures.
</Message>
</Rule>

<Rule Name="9.1" Mode="required" Report="warning" Id="29">
<Loc File="C:\Component\CF018A_GmRoadWhlInQlfr_Impl\src\GmRoadWhlInQlfr.c" Line="837" Column="34">
</Loc>
<Message>
All automatic variables shall have been assigned a value before being used.
</Message>
</Rule>

<Rule Name="9.1" Mode="required" Report="warning" Id="30">
<Loc File="C:\Component\CF018A_GmRoadWhlInQlfr_Impl\src\GmRoadWhlInQlfr.c" Line="837" Column="73">
</Loc>
<Message>
All automatic variables shall have been assigned a value before being used.
</Message>
</Rule>

<Rule Name="9.1" Mode="required" Report="warning" Id="31">
<Loc File="C:\Component\CF018A_GmRoadWhlInQlfr_Impl\src\GmRoadWhlInQlfr.c" Line="838" Column="63">
</Loc>
<Message>
All automatic variables shall have been assigned a value before being used.
</Message>
</Rule>

<Rule Name="21.1" Mode="required" Report="warning" Id="32">
<Loc File="C:\Component\CF018A_GmRoadWhlInQlfr_Impl\src\GmRoadWhlInQlfr.c" Line="844" Column="37">
</Loc>
<Message>
Minimisation of run-time failures.
</Message>
</Rule>

<Rule Name="21.1" Mode="required" Report="warning" Id="33">
<Loc File="C:\Component\CF018A_GmRoadWhlInQlfr_Impl\src\GmRoadWhlInQlfr.c" Line="845" Column="32">
</Loc>
<Message>
Minimisation of run-time failures.
</Message>
</Rule>

<Rule Name="21.1" Mode="required" Report="warning" Id="34">
<Loc File="C:\Component\CF018A_GmRoadWhlInQlfr_Impl\src\GmRoadWhlInQlfr.c" Line="852" Column="8">
</Loc>
<Message>
Minimisation of run-time failures.
</Message>
</Rule>

<Rule Name="9.1" Mode="required" Report="warning" Id="35">
<Loc File="C:\Component\CF018A_GmRoadWhlInQlfr_Impl\src\GmRoadWhlInQlfr.c" Line="852" Column="66">
</Loc>
<Message>
All automatic variables shall have been assigned a value before being used.
</Message>
</Rule>

<Rule Name="21.1" Mode="required" Report="warning" Id="36">
<Loc File="C:\Component\CF018A_GmRoadWhlInQlfr_Impl\src\GmRoadWhlInQlfr.c" Line="855" Column="4">
</Loc>
<Message>
Minimisation of run-time failures.
</Message>
</Rule>

<Rule Name="21.1" Mode="required" Report="warning" Id="37">
<Loc File="C:\Component\CF018A_GmRoadWhlInQlfr_Impl\src\GmRoadWhlInQlfr.c" Line="855" Column="30">
</Loc>
<Message>
Minimisation of run-time failures.
</Message>
</Rule>

<Rule Name="9.1" Mode="required" Report="warning" Id="38">
<Loc File="C:\Component\CF018A_GmRoadWhlInQlfr_Impl\src\GmRoadWhlInQlfr.c" Line="857" Column="7">
</Loc>
<Message>
All automatic variables shall have been assigned a value before being used.
</Message>
</Rule>

<Rule Name="9.1" Mode="required" Report="warning" Id="39">
<Loc File="C:\Component\CF018A_GmRoadWhlInQlfr_Impl\src\GmRoadWhlInQlfr.c" Line="866" Column="11">
</Loc>
<Message>
All automatic variables shall have been assigned a value before being used.
</Message>
</Rule>

<Rule Name="21.1" Mode="required" Report="warning" Id="40">
<Loc File="C:\Component\CF018A_GmRoadWhlInQlfr_Impl\src\GmRoadWhlInQlfr.c" Line="866" Column="40">
</Loc>
<Message>
Minimisation of run-time failures.
</Message>
</Rule>

<Rule Name="9.1" Mode="required" Report="warning" Id="41">
<Loc File="C:\Component\CF018A_GmRoadWhlInQlfr_Impl\src\GmRoadWhlInQlfr.c" Line="869" Column="34">
</Loc>
<Message>
All automatic variables shall have been assigned a value before being used.
</Message>
</Rule>

<Rule Name="9.1" Mode="required" Report="warning" Id="42">
<Loc File="C:\Component\CF018A_GmRoadWhlInQlfr_Impl\src\GmRoadWhlInQlfr.c" Line="869" Column="73">
</Loc>
<Message>
All automatic variables shall have been assigned a value before being used.
</Message>
</Rule>

<Rule Name="9.1" Mode="required" Report="warning" Id="43">
<Loc File="C:\Component\CF018A_GmRoadWhlInQlfr_Impl\src\GmRoadWhlInQlfr.c" Line="870" Column="63">
</Loc>
<Message>
All automatic variables shall have been assigned a value before being used.
</Message>
</Rule>

<Rule Name="21.1" Mode="required" Report="warning" Id="44">
<Loc File="C:\Component\CF018A_GmRoadWhlInQlfr_Impl\src\GmRoadWhlInQlfr.c" Line="876" Column="37">
</Loc>
<Message>
Minimisation of run-time failures.
</Message>
</Rule>

<Rule Name="21.1" Mode="required" Report="warning" Id="45">
<Loc File="C:\Component\CF018A_GmRoadWhlInQlfr_Impl\src\GmRoadWhlInQlfr.c" Line="877" Column="32">
</Loc>
<Message>
Minimisation of run-time failures.
</Message>
</Rule>

<Rule Name="21.1" Mode="required" Report="warning" Id="46">
<Loc File="C:\Component\CF018A_GmRoadWhlInQlfr_Impl\src\GmRoadWhlInQlfr.c" Line="884" Column="8">
</Loc>
<Message>
Minimisation of run-time failures.
</Message>
</Rule>

<Rule Name="9.1" Mode="required" Report="warning" Id="47">
<Loc File="C:\Component\CF018A_GmRoadWhlInQlfr_Impl\src\GmRoadWhlInQlfr.c" Line="884" Column="66">
</Loc>
<Message>
All automatic variables shall have been assigned a value before being used.
</Message>
</Rule>

<Rule Name="21.1" Mode="required" Report="warning" Id="48">
<Loc File="C:\Component\CF018A_GmRoadWhlInQlfr_Impl\src\GmRoadWhlInQlfr.c" Line="887" Column="4">
</Loc>
<Message>
Minimisation of run-time failures.
</Message>
</Rule>

<Rule Name="5.1" Mode="required" Report="warning" Id="49">
<Loc File="C:\Component\CF018A_GmRoadWhlInQlfr_Impl\src\GmRoadWhlInQlfr.c" Line="933" Column="42">
</Loc>
<Message>
Identifiers "WhlRotlStsTiStampResl_SecPerCnt_T_f32" (GmRoadWhlInQlfr.c line 933 column 42) and "WhlRotlStsTiStampResl_SecPerCnt_T_f32" (GmRoadWhlInQlfr.c line 797 column 12) have the same first 37 characters.
</Message>
</Rule>

<Rule Name="5.1" Mode="required" Report="warning" Id="50">
<Loc File="C:\Component\CF018A_GmRoadWhlInQlfr_Impl\src\GmRoadWhlInQlfr.c" Line="936" Column="70">
</Loc>
<Message>
Identifiers "WhlPlsPerRev_CntPerRoadWhlRev_T_u08" (GmRoadWhlInQlfr.c line 936 column 70) and "WhlPlsPerRev_CntPerRoadWhlRev_T_u08" (GmRoadWhlInQlfr.c line 793 column 12) have the same first 35 characters.
</Message>
</Rule>

<Rule Name="5.1" Mode="required" Report="warning" Id="51">
<Loc File="C:\Component\CF018A_GmRoadWhlInQlfr_Impl\src\GmRoadWhlInQlfr.c" Line="1032" Column="42">
</Loc>
<Message>
Identifiers "WhlRotlStsTiStampResl_SecPerCnt_T_f32" (GmRoadWhlInQlfr.c line 1032 column 42) and "WhlRotlStsTiStampResl_SecPerCnt_T_f32" (GmRoadWhlInQlfr.c line 797 column 12) have the same first 37 characters.
</Message>
</Rule>

<Rule Name="5.1" Mode="required" Report="warning" Id="52">
<Loc File="C:\Component\CF018A_GmRoadWhlInQlfr_Impl\src\GmRoadWhlInQlfr.c" Line="1035" Column="70">
</Loc>
<Message>
Identifiers "WhlPlsPerRev_CntPerRoadWhlRev_T_u08" (GmRoadWhlInQlfr.c line 1035 column 70) and "WhlPlsPerRev_CntPerRoadWhlRev_T_u08" (GmRoadWhlInQlfr.c line 793 column 12) have the same first 35 characters.
</Message>
</Rule>

</CodeStruct>

<CodeStruct Name="CalcRiWhlFrqAndFrqVld" File="C:\Component\CF018A_GmRoadWhlInQlfr_Impl\src\GmRoadWhlInQlfr.c" Line="1032" Column="12">

<Rule Name="21.1" Mode="required" Report="warning" Id="53">
<Loc File="C:\Component\CF018A_GmRoadWhlInQlfr_Impl\src\GmRoadWhlInQlfr.c" Line="1045" Column="78">
</Loc>
<Message>
Minimisation of run-time failures.
</Message>
</Rule>

<Rule Name="21.1" Mode="required" Report="warning" Id="54">
<Loc File="C:\Component\CF018A_GmRoadWhlInQlfr_Impl\src\GmRoadWhlInQlfr.c" Line="1046" Column="85">
</Loc>
<Message>
Minimisation of run-time failures.
</Message>
</Rule>

<Rule Name="21.1" Mode="required" Report="warning" Id="55">
<Loc File="C:\Component\CF018A_GmRoadWhlInQlfr_Impl\src\GmRoadWhlInQlfr.c" Line="1051" Column="66">
</Loc>
<Message>
Minimisation of run-time failures.
</Message>
</Rule>

<Rule Name="9.1" Mode="required" Report="warning" Id="56">
<Loc File="C:\Component\CF018A_GmRoadWhlInQlfr_Impl\src\GmRoadWhlInQlfr.c" Line="1053" Column="7">
</Loc>
<Message>
All automatic variables shall have been assigned a value before being used.
</Message>
</Rule>

<Rule Name="21.1" Mode="required" Report="warning" Id="57">
<Loc File="C:\Component\CF018A_GmRoadWhlInQlfr_Impl\src\GmRoadWhlInQlfr.c" Line="1065" Column="8">
</Loc>
<Message>
Minimisation of run-time failures.
</Message>
</Rule>

<Rule Name="21.1" Mode="required" Report="warning" Id="58">
<Loc File="C:\Component\CF018A_GmRoadWhlInQlfr_Impl\src\GmRoadWhlInQlfr.c" Line="1073" Column="8">
</Loc>
<Message>
Minimisation of run-time failures.
</Message>
</Rule>

<Rule Name="21.1" Mode="required" Report="warning" Id="59">
<Loc File="C:\Component\CF018A_GmRoadWhlInQlfr_Impl\src\GmRoadWhlInQlfr.c" Line="1075" Column="71">
</Loc>
<Message>
Minimisation of run-time failures.
</Message>
</Rule>

<Rule Name="21.1" Mode="required" Report="warning" Id="60">
<Loc File="C:\Component\CF018A_GmRoadWhlInQlfr_Impl\src\GmRoadWhlInQlfr.c" Line="1077" Column="8">
</Loc>
<Message>
Minimisation of run-time failures.
</Message>
</Rule>

<Rule Name="21.1" Mode="required" Report="warning" Id="61">
<Loc File="C:\Component\CF018A_GmRoadWhlInQlfr_Impl\src\GmRoadWhlInQlfr.c" Line="1092" Column="58">
</Loc>
<Message>
Minimisation of run-time failures.
</Message>
</Rule>

<Rule Name="21.1" Mode="required" Report="warning" Id="62">
<Loc File="C:\Component\CF018A_GmRoadWhlInQlfr_Impl\src\GmRoadWhlInQlfr.c" Line="1096" Column="33">
</Loc>
<Message>
Minimisation of run-time failures.
</Message>
</Rule>

<Rule Name="21.1" Mode="required" Report="warning" Id="63">
<Loc File="C:\Component\CF018A_GmRoadWhlInQlfr_Impl\src\GmRoadWhlInQlfr.c" Line="1102" Column="12">
</Loc>
<Message>
Minimisation of run-time failures.
</Message>
</Rule>

<Rule Name="21.1" Mode="required" Report="warning" Id="64">
<Loc File="C:\Component\CF018A_GmRoadWhlInQlfr_Impl\src\GmRoadWhlInQlfr.c" Line="1108" Column="8">
</Loc>
<Message>
Minimisation of run-time failures.
</Message>
</Rule>

<Rule Name="21.1" Mode="required" Report="warning" Id="65">
<Loc File="C:\Component\CF018A_GmRoadWhlInQlfr_Impl\src\GmRoadWhlInQlfr.c" Line="1112" Column="34">
</Loc>
<Message>
Minimisation of run-time failures.
</Message>
</Rule>

<Rule Name="21.1" Mode="required" Report="warning" Id="66">
<Loc File="C:\Component\CF018A_GmRoadWhlInQlfr_Impl\src\GmRoadWhlInQlfr.c" Line="1113" Column="29">
</Loc>
<Message>
Minimisation of run-time failures.
</Message>
</Rule>

</CodeStruct>

<CodeStruct Name="GmRoadWhlInQlfrInit1" File="C:\Component\CF018A_GmRoadWhlInQlfr_Impl\src\GmRoadWhlInQlfr.c" Line="720" Column="5">

<Rule Name="21.1" Mode="required" Report="warning" Id="67">
<Loc File="C:\Component\CF018A_GmRoadWhlInQlfr_Impl\src\GmRoadWhlInQlfr.c" Line="728" Column="4">
</Loc>
<Message>
Minimisation of run-time failures.
</Message>
</Rule>

<Rule Name="21.1" Mode="required" Report="warning" Id="68">
<Loc File="C:\Component\CF018A_GmRoadWhlInQlfr_Impl\src\GmRoadWhlInQlfr.c" Line="728" Column="30">
</Loc>
<Message>
Minimisation of run-time failures.
</Message>
</Rule>

<Rule Name="21.1" Mode="required" Report="warning" Id="69">
<Loc File="C:\Component\CF018A_GmRoadWhlInQlfr_Impl\src\GmRoadWhlInQlfr.c" Line="729" Column="4">
</Loc>
<Message>
Minimisation of run-time failures.
</Message>
</Rule>

<Rule Name="21.1" Mode="required" Report="warning" Id="70">
<Loc File="C:\Component\CF018A_GmRoadWhlInQlfr_Impl\src\GmRoadWhlInQlfr.c" Line="730" Column="4">
</Loc>
<Message>
Minimisation of run-time failures.
</Message>
</Rule>

<Rule Name="21.1" Mode="required" Report="warning" Id="71">
<Loc File="C:\Component\CF018A_GmRoadWhlInQlfr_Impl\src\GmRoadWhlInQlfr.c" Line="731" Column="4">
</Loc>
<Message>
Minimisation of run-time failures.
</Message>
</Rule>

</CodeStruct>

</MISRA-C-Report>
