{
 "index":{
  "map":{
   "ES239B_HwAgCorrln":0,
   "ES239B_HwAgCorrln:1873":0,
   "ES239B_HwAgCorrln:1872":0,
   "ES239B_HwAgCorrln:1871":0,
   "ES239B_HwAgCorrln:1870":0,
   "ES239B_HwAgCorrln:1869":0,
   "ES239B_HwAgCorrln:25":0,
   "ES239B_HwAgCorrln:916":0,
   "ES239B_HwAgCorrln:918":0,
   "ES239B_HwAgCorrln:1874":0,
   "ES239B_HwAgCorrln:1875":0,
   "ES239B_HwAgCorrln:1876":0,
   "ES239B_HwAgCorrln:1877":0,
   "ES239B_HwAgCorrln:1878":0,
   "ES239B_HwAgCorrln:25#out:1":0,
   "ES239B_HwAgCorrln:918#out:1":0,
   "ES239B_HwAgCorrln:918#out:2":0,
   "ES239B_HwAgCorrln:1876#out:1":0,
   "ES239B_HwAgCorrln:1877#out:1":0,
   "ES239B_HwAgCorrln:1878#out:1":0,
   "ES239B_HwAgCorrln:920":2,
   "ES239B_HwAgCorrln:921":2,
   "ES239B_HwAgCorrln:922":2,
   "ES239B_HwAgCorrln:923":2,
   "ES239B_HwAgCorrln:1278":2,
   "ES239B_HwAgCorrln:927":2,
   "ES239B_HwAgCorrln:1279":2,
   "ES239B_HwAgCorrln:1281":2,
   "ES239B_HwAgCorrln:1836":2,
   "ES239B_HwAgCorrln:927#out:1":2,
   "ES239B_HwAgCorrln:920#out:1":2,
   "ES239B_HwAgCorrln:921#out:1":2,
   "ES239B_HwAgCorrln:922#out:1":2,
   "ES239B_HwAgCorrln:923#out:1":2,
   "ES239B_HwAgCorrln:927#out:2":2,
   "ES239B_HwAgCorrln:934":4,
   "ES239B_HwAgCorrln:928":4,
   "ES239B_HwAgCorrln:929":4,
   "ES239B_HwAgCorrln:930":4,
   "ES239B_HwAgCorrln:1274":4,
   "ES239B_HwAgCorrln:1072":4,
   "ES239B_HwAgCorrln:935":4,
   "ES239B_HwAgCorrln:1275":4,
   "ES239B_HwAgCorrln:1282":4,
   "ES239B_HwAgCorrln:1880":4,
   "ES239B_HwAgCorrln:929#out:1":4,
   "ES239B_HwAgCorrln:930#out:1":4,
   "ES239B_HwAgCorrln:935#out:1":4,
   "ES239B_HwAgCorrln:935#out:2":4,
   "ES239B_HwAgCorrln:1072#out:1":4,
   "ES239B_HwAgCorrln:928#out:1":4,
   "ES239B_HwAgCorrln:1751":6,
   "ES239B_HwAgCorrln:1070":6,
   "ES239B_HwAgCorrln:1071":6,
   "ES239B_HwAgCorrln:940":6,
   "ES239B_HwAgCorrln:1284":6,
   "ES239B_HwAgCorrln:1841":6,
   "ES239B_HwAgCorrln:1849":6,
   "ES239B_HwAgCorrln:1850":6,
   "ES239B_HwAgCorrln:1860":6,
   "ES239B_HwAgCorrln:1879":6,
   "ES239B_HwAgCorrln:1882":6,
   "ES239B_HwAgCorrln:1883":6,
   "ES239B_HwAgCorrln:1850#out:1":6,
   "ES239B_HwAgCorrln:1860#out:1":6,
   "ES239B_HwAgCorrln:1841#out:1":6,
   "ES239B_HwAgCorrln:1849#out:1":6,
   "ES239B_HwAgCorrln:940#out:1":6,
   "ES239B_HwAgCorrln:1882#out:1":6,
   "ES239B_HwAgCorrln:1883#out:1":6,
   "ES239B_HwAgCorrln:1879#out:1":6,
   "ES239B_HwAgCorrln:1866":8,
   "ES239B_HwAgCorrln:1867":8,
   "ES239B_HwAgCorrln:1865":8,
   "ES239B_HwAgCorrln:1861":8,
   "ES239B_HwAgCorrln:1862":8,
   "ES239B_HwAgCorrln:1864":8,
   "ES239B_HwAgCorrln:1863":8,
   "ES239B_HwAgCorrln:1861#out:1":8,
   "ES239B_HwAgCorrln:1862#out:1":8,
   "ES239B_HwAgCorrln:1073":10,
   "ES239B_HwAgCorrln:1074":10,
   "ES239B_HwAgCorrln:1270":10,
   "ES239B_HwAgCorrln:1283":10,
   "ES239B_HwAgCorrln:1710":10,
   "ES239B_HwAgCorrln:1740":10,
   "ES239B_HwAgCorrln:1834":10,
   "ES239B_HwAgCorrln:1073#out:1":10,
   "ES239B_HwAgCorrln:1074#out:1":10,
   "ES239B_HwAgCorrln:1710#out:1":10,
   "ES239B_HwAgCorrln:1740#out:1":10,
   "ES239B_HwAgCorrln:1718":12,
   "ES239B_HwAgCorrln:1716":12,
   "ES239B_HwAgCorrln:1717":12,
   "ES239B_HwAgCorrln:1711":12,
   "ES239B_HwAgCorrln:1712":12,
   "ES239B_HwAgCorrln:1714":12,
   "ES239B_HwAgCorrln:1858":12,
   "ES239B_HwAgCorrln:1722":12,
   "ES239B_HwAgCorrln:1711#out:1":12,
   "ES239B_HwAgCorrln:1712#out:1":12,
   "ES239B_HwAgCorrln:1858#out:2":12,
   "ES239B_HwAgCorrln:1716#out:1":12,
   "ES239B_HwAgCorrln:1717#out:1":12,
   "ES239B_HwAgCorrln:1858#out:1":12,
   "ES239B_HwAgCorrln:1722#out:1":12,
   "ES239B_HwAgCorrln:1858:40":14,
   "ES239B_HwAgCorrln:1858:42":14,
   "ES239B_HwAgCorrln:1858:28":14,
   "ES239B_HwAgCorrln:1858:20":14,
   "ES239B_HwAgCorrln:1858:27":14,
   "ES239B_HwAgCorrln:1858:13":14,
   "ES239B_HwAgCorrln:1858:15":14,
   "ES239B_HwAgCorrln:1858:5":14,
   "ES239B_HwAgCorrln:1858:8":14,
   "ES239B_HwAgCorrln:1858:49":14,
   "ES239B_HwAgCorrln:1858:9":14,
   "ES239B_HwAgCorrln:1858:19":14,
   "ES239B_HwAgCorrln:1858:1":14,
   "ES239B_HwAgCorrln:1858:11":14,
   "ES239B_HwAgCorrln:1858:18":14,
   "ES239B_HwAgCorrln:1858:6":14
  },
  "url":[
   "support/slwebview_files/ES239B_HwAgCorrln.json",
   "support/slwebview_files/ES239B_HwAgCorrln_916.json",
   "support/slwebview_files/ES239B_HwAgCorrln_918.json",
   "support/slwebview_files/ES239B_HwAgCorrln_1281.json",
   "support/slwebview_files/ES239B_HwAgCorrln_927.json",
   "support/slwebview_files/ES239B_HwAgCorrln_1282.json",
   "support/slwebview_files/ES239B_HwAgCorrln_935.json",
   "support/slwebview_files/ES239B_HwAgCorrln_1284.json",
   "support/slwebview_files/ES239B_HwAgCorrln_1860.json",
   "support/slwebview_files/ES239B_HwAgCorrln_1863.json",
   "support/slwebview_files/ES239B_HwAgCorrln_1072.json",
   "support/slwebview_files/ES239B_HwAgCorrln_1283.json",
   "support/slwebview_files/ES239B_HwAgCorrln_1710.json",
   "support/slwebview_files/ES239B_HwAgCorrln_1714.json",
   "support/slwebview_files/ES239B_HwAgCorrln_1858.json"
  ]
 },
 "homeHid":"1",
 "hasInformer":0,
 "optViews":[
 ],
 "hier":[
  {
   "name":"ES239B_HwAgCorrln",
   "fullname":"ES239B_HwAgCorrln",
   "sid":"ES239B_HwAgCorrln",
   "icon":"ModelBrowser_ModelTop_16",
   "hid":"1",
   "lid":"ES239B_HwAgCorrln",
   "parent":"root",
   "src":"support/slwebview_files/ES239B_HwAgCorrln.svg",
   "thumbnail":"support/slwebview_files/ES239B_HwAgCorrln.png"
  },
  {
   "name":"CopyRight2",
   "fullname":"ES239B_HwAgCorrln/CopyRight2",
   "sid":"ES239B_HwAgCorrln:916",
   "icon":"ModelBrowser_Subsystem_16",
   "hid":"2",
   "lid":"ES239B_HwAgCorrln:916/ES239B_HwAgCorrln:916",
   "parent":"1",
   "src":"support/slwebview_files/ES239B_HwAgCorrln_916.svg",
   "thumbnail":"support/slwebview_files/ES239B_HwAgCorrln_916.png"
  },
  {
   "name":"HwAgCorrln",
   "fullname":"ES239B_HwAgCorrln/HwAgCorrln",
   "sid":"ES239B_HwAgCorrln:918",
   "icon":"ModelBrowser_Subsystem_16",
   "hid":"3",
   "lid":"ES239B_HwAgCorrln:918/ES239B_HwAgCorrln:918",
   "parent":"1",
   "src":"support/slwebview_files/ES239B_HwAgCorrln_918.svg",
   "thumbnail":"support/slwebview_files/ES239B_HwAgCorrln_918.png"
  },
  {
   "name":"CopyRight2",
   "fullname":"ES239B_HwAgCorrln/HwAgCorrln/CopyRight2",
   "sid":"ES239B_HwAgCorrln:1281",
   "icon":"ModelBrowser_Subsystem_16",
   "hid":"4",
   "lid":"ES239B_HwAgCorrln:1281/ES239B_HwAgCorrln:1281",
   "parent":"3",
   "src":"support/slwebview_files/ES239B_HwAgCorrln_1281.svg",
   "thumbnail":"support/slwebview_files/ES239B_HwAgCorrln_1281.png"
  },
  {
   "name":"HwAgCorrlnPer1",
   "fullname":"ES239B_HwAgCorrln/HwAgCorrln/HwAgCorrlnPer1",
   "sid":"ES239B_HwAgCorrln:927",
   "icon":"ModelBrowser_Subsystem_16",
   "hid":"5",
   "lid":"ES239B_HwAgCorrln:927/ES239B_HwAgCorrln:927",
   "parent":"3",
   "src":"support/slwebview_files/ES239B_HwAgCorrln_927.svg",
   "thumbnail":"support/slwebview_files/ES239B_HwAgCorrln_927.png"
  },
  {
   "name":"CopyRight2",
   "fullname":"ES239B_HwAgCorrln/HwAgCorrln/HwAgCorrlnPer1/CopyRight2",
   "sid":"ES239B_HwAgCorrln:1282",
   "icon":"ModelBrowser_Subsystem_16",
   "hid":"6",
   "lid":"ES239B_HwAgCorrln:1282/ES239B_HwAgCorrln:1282",
   "parent":"5",
   "src":"support/slwebview_files/ES239B_HwAgCorrln_1282.svg",
   "thumbnail":"support/slwebview_files/ES239B_HwAgCorrln_1282.png"
  },
  {
   "name":"Correlation ",
   "fullname":"ES239B_HwAgCorrln/HwAgCorrln/HwAgCorrlnPer1/Correlation ",
   "sid":"ES239B_HwAgCorrln:935",
   "icon":"ModelBrowser_Subsystem_16",
   "hid":"7",
   "lid":"ES239B_HwAgCorrln:935/ES239B_HwAgCorrln:935",
   "parent":"5",
   "src":"support/slwebview_files/ES239B_HwAgCorrln_935.svg",
   "thumbnail":"support/slwebview_files/ES239B_HwAgCorrln_935.png"
  },
  {
   "name":"CopyRight2",
   "fullname":"ES239B_HwAgCorrln/HwAgCorrln/HwAgCorrlnPer1/Correlation /CopyRight2",
   "sid":"ES239B_HwAgCorrln:1284",
   "icon":"ModelBrowser_Subsystem_16",
   "hid":"8",
   "lid":"ES239B_HwAgCorrln:1284/ES239B_HwAgCorrln:1284",
   "parent":"7",
   "src":"support/slwebview_files/ES239B_HwAgCorrln_1284.svg",
   "thumbnail":"support/slwebview_files/ES239B_HwAgCorrln_1284.png"
  },
  {
   "name":"FltInj_u08",
   "fullname":"ES239B_HwAgCorrln/HwAgCorrln/HwAgCorrlnPer1/Correlation /FltInj_u08",
   "sid":"ES239B_HwAgCorrln:1860",
   "icon":"ModelBrowser_Subsystem_16",
   "hid":"9",
   "lid":"ES239B_HwAgCorrln:1860/ES239B_HwAgCorrln:1860",
   "parent":"7",
   "src":"support/slwebview_files/ES239B_HwAgCorrln_1860.svg",
   "thumbnail":"support/slwebview_files/ES239B_HwAgCorrln_1860.png"
  },
  {
   "name":"CopyRight2",
   "fullname":"ES239B_HwAgCorrln/HwAgCorrln/HwAgCorrlnPer1/Correlation /FltInj_u08/CopyRight2",
   "sid":"ES239B_HwAgCorrln:1863",
   "icon":"ModelBrowser_Subsystem_16",
   "hid":"10",
   "lid":"ES239B_HwAgCorrln:1863/ES239B_HwAgCorrln:1863",
   "parent":"9",
   "src":"support/slwebview_files/ES239B_HwAgCorrln_1863.svg",
   "thumbnail":"support/slwebview_files/ES239B_HwAgCorrln_1863.png"
  },
  {
   "name":"Corrln Signal Availability",
   "fullname":"ES239B_HwAgCorrln/HwAgCorrln/HwAgCorrlnPer1/Corrln Signal Availability",
   "sid":"ES239B_HwAgCorrln:1072",
   "icon":"ModelBrowser_Subsystem_16",
   "hid":"11",
   "lid":"ES239B_HwAgCorrln:1072/ES239B_HwAgCorrln:1072",
   "parent":"5",
   "src":"support/slwebview_files/ES239B_HwAgCorrln_1072.svg",
   "thumbnail":"support/slwebview_files/ES239B_HwAgCorrln_1072.png"
  },
  {
   "name":"CopyRight2",
   "fullname":"ES239B_HwAgCorrln/HwAgCorrln/HwAgCorrlnPer1/Corrln Signal Availability/CopyRight2",
   "sid":"ES239B_HwAgCorrln:1283",
   "icon":"ModelBrowser_Subsystem_16",
   "hid":"12",
   "lid":"ES239B_HwAgCorrln:1283/ES239B_HwAgCorrln:1283",
   "parent":"11",
   "src":"support/slwebview_files/ES239B_HwAgCorrln_1283.svg",
   "thumbnail":"support/slwebview_files/ES239B_HwAgCorrln_1283.png"
  },
  {
   "name":"HwAgAAvlChk",
   "fullname":"ES239B_HwAgCorrln/HwAgCorrln/HwAgCorrlnPer1/Corrln Signal Availability/HwAgAAvlChk",
   "sid":"ES239B_HwAgCorrln:1710",
   "icon":"ModelBrowser_Subsystem_16",
   "hid":"13",
   "lid":"ES239B_HwAgCorrln:1710/ES239B_HwAgCorrln:1710",
   "parent":"11",
   "src":"support/slwebview_files/ES239B_HwAgCorrln_1710.svg",
   "thumbnail":"support/slwebview_files/ES239B_HwAgCorrln_1710.png"
  },
  {
   "name":"CopyRight2",
   "fullname":"ES239B_HwAgCorrln/HwAgCorrln/HwAgCorrlnPer1/Corrln Signal Availability/HwAgAAvlChk/CopyRight2",
   "sid":"ES239B_HwAgCorrln:1714",
   "icon":"ModelBrowser_Subsystem_16",
   "hid":"14",
   "lid":"ES239B_HwAgCorrln:1714/ES239B_HwAgCorrln:1714",
   "parent":"13",
   "src":"support/slwebview_files/ES239B_HwAgCorrln_1714.svg",
   "thumbnail":"support/slwebview_files/ES239B_HwAgCorrln_1714.png"
  },
  {
   "name":"CorrSigAvlChkRev1",
   "fullname":"ES239B_HwAgCorrln/HwAgCorrln/HwAgCorrlnPer1/Corrln Signal Availability/HwAgAAvlChk/CorrSigAvlChkRev1",
   "sid":"ES239B_HwAgCorrln:1858",
   "icon":"ModelBrowser_ChartSubchart_16",
   "hid":"15",
   "lid":"ES239B_HwAgCorrln:1858/ES239B_HwAgCorrln:1858",
   "parent":"13",
   "src":"support/slwebview_files/ES239B_HwAgCorrln_1858.svg",
   "thumbnail":"support/slwebview_files/ES239B_HwAgCorrln_1858.png"
  }
 ]
}