<?xml version="1.0" encoding="UTF-8"?>

<MISRA-C-Report version="1.3">


<CodeStruct Name="" File="C:\Component\CM475A_TSG31CfgAndUse_Impl\include\CDD_TSG31CfgAndUse_MotCtrl_MemMap.h" Line="0" Column="0">

<Rule Name="19.15" Mode="required" Report="warning" Id="6">
<Loc File="C:\Component\CM475A_TSG31CfgAndUse_Impl\include\CDD_TSG31CfgAndUse_MotCtrl_MemMap.h" Line="1" Column="0">
</Loc>
<Message>
Precautions shall be taken in order to prevent the contents of a header file being included twice.
</Message>
</Rule>

<Rule Name="19.6" Mode="required" Report="warning" Id="7">
<Loc File="C:\Component\CM475A_TSG31CfgAndUse_Impl\include\CDD_TSG31CfgAndUse_MotCtrl_MemMap.h" Line="25" Column="0">
</Loc>
<Message>
#undef shall not be used.
</Message>
</Rule>

<Rule Name="19.6" Mode="required" Report="warning" Id="8">
<Loc File="C:\Component\CM475A_TSG31CfgAndUse_Impl\include\CDD_TSG31CfgAndUse_MotCtrl_MemMap.h" Line="31" Column="0">
</Loc>
<Message>
#undef shall not be used.
</Message>
</Rule>

</CodeStruct>

<CodeStruct Name="" File="C:\Component\CM475A_TSG31CfgAndUse_Impl\src\CDD_TSG31CfgAndUse_MotCtrl.c" Line="0" Column="0">

<Rule Name="19.1" Mode="advisory" Report="warning" Id="5">
<Loc File="C:\Component\CM475A_TSG31CfgAndUse_Impl\src\CDD_TSG31CfgAndUse_MotCtrl.c" Line="107" Column="0">
</Loc>
<Message>
#include statements in a file shall only be preceded by other preprocessor directives or comments.
</Message>
</Rule>

</CodeStruct>

<CodeStruct Name="" File="C:\Component\CM475A_TSG31CfgAndUse_Impl\include\CDD_TSG31CfgAndUse_private.h" Line="0" Column="0">

<Rule Name="1.1" Mode="required" Report="warning" Id="3">
<Loc File="C:\Component\CM475A_TSG31CfgAndUse_Impl\include\CDD_TSG31CfgAndUse_private.h" Line="48" Column="16">
</Loc>
<Message>
All code shall conform to ISO 9899:1990 Programming languages  C,
amended and corrected by ISO/IEC 9899/COR1:1995, ISO/IEC 9899/AMD1:1995,
and ISO/IEC 9899/COR2:1996.
Keyword 'inline' should not be used.
</Message>
</Rule>

<Rule Name="8.5" Mode="required" Report="warning" Id="4">
<Loc File="C:\Component\CM475A_TSG31CfgAndUse_Impl\include\CDD_TSG31CfgAndUse_private.h" Line="48" Column="16">
</Loc>
<Message>
Function 'CnvNanoSecToTmrCnt' should not be defined in a header file.
</Message>
</Rule>

</CodeStruct>

<CodeStruct Name="" File="C:\Component\CM475A_TSG31CfgAndUse_Impl\src\CDD_TSG31CfgAndUse.c" Line="0" Column="0">

<Rule Name="19.1" Mode="advisory" Report="warning" Id="1">
<Loc File="C:\Component\CM475A_TSG31CfgAndUse_Impl\src\CDD_TSG31CfgAndUse.c" Line="155" Column="0">
</Loc>
<Message>
#include statements in a file shall only be preceded by other preprocessor directives or comments.
</Message>
</Rule>

<Rule Name="19.1" Mode="advisory" Report="warning" Id="2">
<Loc File="C:\Component\CM475A_TSG31CfgAndUse_Impl\src\CDD_TSG31CfgAndUse.c" Line="546" Column="0">
</Loc>
<Message>
#include statements in a file shall only be preceded by other preprocessor directives or comments.
</Message>
</Rule>

</CodeStruct>

<CodeStruct Name="TSG31CfgAndUsePer2" File="C:\Component\CM475A_TSG31CfgAndUse_Impl\src\CDD_TSG31CfgAndUse.c" Line="471" Column="5">

<Rule Name="9.1" Mode="required" Report="warning" Id="9">
<Loc File="C:\Component\CM475A_TSG31CfgAndUse_Impl\src\CDD_TSG31CfgAndUse.c" Line="492" Column="12">
</Loc>
<Message>
All automatic variables shall have been assigned a value before being used.
</Message>
</Rule>

<Rule Name="21.1" Mode="required" Report="warning" Id="10">
<Loc File="C:\Component\CM475A_TSG31CfgAndUse_Impl\src\CDD_TSG31CfgAndUse.c" Line="504" Column="20">
</Loc>
<Message>
Minimisation of run-time failures.
</Message>
</Rule>

<Rule Name="21.1" Mode="required" Report="warning" Id="11">
<Loc File="C:\Component\CM475A_TSG31CfgAndUse_Impl\src\CDD_TSG31CfgAndUse.c" Line="504" Column="50">
</Loc>
<Message>
Minimisation of run-time failures.
</Message>
</Rule>

<Rule Name="9.1" Mode="required" Report="warning" Id="12">
<Loc File="C:\Component\CM475A_TSG31CfgAndUse_Impl\src\CDD_TSG31CfgAndUse.c" Line="507" Column="40">
</Loc>
<Message>
All automatic variables shall have been assigned a value before being used.
</Message>
</Rule>

<Rule Name="21.1" Mode="required" Report="warning" Id="13">
<Loc File="C:\Component\CM475A_TSG31CfgAndUse_Impl\src\CDD_TSG31CfgAndUse.c" Line="517" Column="20">
</Loc>
<Message>
Minimisation of run-time failures.
</Message>
</Rule>

<Rule Name="21.1" Mode="required" Report="warning" Id="14">
<Loc File="C:\Component\CM475A_TSG31CfgAndUse_Impl\src\CDD_TSG31CfgAndUse.c" Line="517" Column="50">
</Loc>
<Message>
Minimisation of run-time failures.
</Message>
</Rule>

<Rule Name="21.1" Mode="required" Report="warning" Id="15">
<Loc File="C:\Component\CM475A_TSG31CfgAndUse_Impl\src\CDD_TSG31CfgAndUse.c" Line="530" Column="8">
</Loc>
<Message>
Minimisation of run-time failures.
</Message>
</Rule>

</CodeStruct>

<CodeStruct Name="TSG31CfgAndUseInit1" File="C:\Component\CM475A_TSG31CfgAndUse_Impl\src\CDD_TSG31CfgAndUse.c" Line="210" Column="5">

<Rule Name="21.1" Mode="required" Report="warning" Id="16">
<Loc File="C:\Component\CM475A_TSG31CfgAndUse_Impl\src\CDD_TSG31CfgAndUse.c" Line="235" Column="8">
</Loc>
<Message>
Minimisation of run-time failures.
</Message>
</Rule>

<Rule Name="21.1" Mode="required" Report="warning" Id="17">
<Loc File="C:\Component\CM475A_TSG31CfgAndUse_Impl\src\CDD_TSG31CfgAndUse.c" Line="235" Column="38">
</Loc>
<Message>
Minimisation of run-time failures.
</Message>
</Rule>

<Rule Name="21.1" Mode="required" Report="warning" Id="18">
<Loc File="C:\Component\CM475A_TSG31CfgAndUse_Impl\src\CDD_TSG31CfgAndUse.c" Line="236" Column="53">
</Loc>
<Message>
Minimisation of run-time failures.
</Message>
</Rule>

<Rule Name="21.1" Mode="required" Report="warning" Id="19">
<Loc File="C:\Component\CM475A_TSG31CfgAndUse_Impl\src\CDD_TSG31CfgAndUse.c" Line="240" Column="8">
</Loc>
<Message>
Minimisation of run-time failures.
</Message>
</Rule>

<Rule Name="21.1" Mode="required" Report="warning" Id="20">
<Loc File="C:\Component\CM475A_TSG31CfgAndUse_Impl\src\CDD_TSG31CfgAndUse.c" Line="241" Column="53">
</Loc>
<Message>
Minimisation of run-time failures.
</Message>
</Rule>

</CodeStruct>

<CodeStruct Name="TSG31CfgAndUsePer1" File="C:\Component\CM475A_TSG31CfgAndUse_Impl\src\CDD_TSG31CfgAndUse_MotCtrl.c" Line="42" Column="5">

<Rule Name="21.1" Mode="required" Report="warning" Id="21">
<Loc File="C:\Component\CM475A_TSG31CfgAndUse_Impl\src\CDD_TSG31CfgAndUse_MotCtrl.c" Line="102" Column="61">
</Loc>
<Message>
Minimisation of run-time failures.
</Message>
</Rule>

<Rule Name="21.1" Mode="required" Report="warning" Id="22">
<Loc File="C:\Component\CM475A_TSG31CfgAndUse_Impl\src\CDD_TSG31CfgAndUse_MotCtrl.c" Line="102" Column="91">
</Loc>
<Message>
Minimisation of run-time failures.
</Message>
</Rule>

<Rule Name="21.1" Mode="required" Report="warning" Id="23">
<Loc File="C:\Component\CM475A_TSG31CfgAndUse_Impl\src\CDD_TSG31CfgAndUse_MotCtrl.c" Line="103" Column="61">
</Loc>
<Message>
Minimisation of run-time failures.
</Message>
</Rule>

</CodeStruct>

</MISRA-C-Report>
