<?xml version="1.0" encoding="UTF-8"?>
<Navig version="1.0">
<Files>
<F id="1" n="C:\Program Files\MATLAB\R2013b\polyspace\verifier\cxx\cinclude\stdarg.h"/>
<F id="2" n="C:\component\AR201A_ArCplrSuprt_Impl\include\ASR4.0.3\Platform_Types.h"/>
<F id="3" n="C:\component\AR200A_ArSuprt_Impl\include\ASR4.0.3\Std_Types.h"/>
<F id="4" n="C:\component\CM410B_SnsrMeasStrt_Impl\tools\contract\Rte_CDD_SnsrMeasStrt.h"/>
<F id="5" n="C:\component\AR202A_MicroCtrlrSuprt_Impl\include\P1M\R7F701311\reg_common.h"/>
<F id="6" n="C:\component\AR202A_MicroCtrlrSuprt_Impl\include\P1M\R7F701311\ostm_regs.h"/>
<F id="7" n="C:\component\CM410B_SnsrMeasStrt_Impl\tools\contract\osekext.h"/>
<F id="8" n="C:\component\CM410B_SnsrMeasStrt_Impl\src\CDD_SnsrMeasStrt.c"/>
<F id="9" n="C:\component\CM410B_SnsrMeasStrt_Impl\tools\contract\CDD_HwTq0Meas.h"/>
<F id="10" n="C:\component\CM410B_SnsrMeasStrt_Impl\tools\contract\CDD_HwTq1Meas.h"/>
<F id="11" n="C:\component\CM410B_SnsrMeasStrt_Impl\src\CDD_SnsrMeasStrt_Irq.c"/>
<F id="12" n="C-STUBS\__polyspace__stdstubs.c"/>
<F id="13" n="C:\component\CM410B_SnsrMeasStrt_Impl\doc\Polyspace_Results\CodeProver\C-ALL\C-STUBS\pst_stub_types.h"/>
<F id="14" n="C-STUBS\pst_stubs_1.c"/>
<F id="15" n="C-STUBS\pst_stubs_0.c"/>
<F id="16" n="C-STUBS\__polyspace_main.c"/>
<F id="17" n="C:\Program Files\MATLAB\R2013b\polyspace\verifier\cxx\cinclude\__polyspace__std_decls.h"/>
<F id="18" n="C:\Program Files\MATLAB\R2013b\polyspace\verifier\cxx\cinclude\assert.h"/>
<F id="19" n="C:\Program Files\MATLAB\R2013b\polyspace\verifier\cxx\cinclude\__polyspace__libc_defs.h"/>
<F id="20" n="C:\component\CM410B_SnsrMeasStrt_Impl\tools\contract\Rte_CDD_SnsrMeasStrt_Type.h"/>
<F id="21" n="C:\component\CM410B_SnsrMeasStrt_Impl\tools\contract\Rte_Type.h"/>
<F id="22" n="C:\component\CM410B_SnsrMeasStrt_Impl\tools\contract\Rte.h"/>
<F id="23" n="C:\component\AR201A_ArCplrSuprt_Impl\include\ASR4.0.3\Compiler.h"/>
<F id="24" n="C:\component\AR201A_ArCplrSuprt_Impl\tools\contract\Compiler_Cfg.h"/>
<F id="25" n="C:\component\AR201A_ArCplrSuprt_Impl\tools\contract\Renesas_Compiler.h"/>
<F id="26" n="C:\component\CM410B_SnsrMeasStrt_Impl\tools\contract\Rte_DataHandleType.h"/>
<F id="27" n="C:\component\AR200A_ArSuprt_Impl\tools\contract\MemMap.h"/>
<F id="28" n="C:\component\CM410B_SnsrMeasStrt_Impl\tools\contract\CDD_SnsrMeasStrt_MemMap.h"/>
<F id="29" n="C:\component\CM410B_SnsrMeasStrt_Impl\tools\contract\Os.h"/>
</Files>
<Definitions>
<D id="1" f="14" l="105" c="19" n="_main_gen_init_g51" t="2" d="1"/>
<D id="2" f="13" l="140" c="21" n="__PST__g__50" t="7" d="1"/>
<D id="3" f="14" l="121" c="13" n="_main_gen_init_g32" t="2" d="1"/>
<D id="4" f="14" l="140" c="22" n="_i_main_gen_tmp_3" t="4" d="1"/>
<D id="5" f="13" l="161" c="30" n="__PST__g__66" t="7" d="1"/>
<D id="6" f="13" l="160" c="22" n="__PST__g__65" t="7" d="1"/>
<D id="7" f="13" l="151" c="22" n="__PST__g__59" t="7" d="1"/>
<D id="8" f="13" l="107" c="21" n="__PST__g__38" t="7" d="1"/>
<D id="9" f="14" l="107" c="30" n="x" t="4" d="1"/>
<D id="10" f="14" l="113" c="14" n="_main_gen_init_g8" t="2" d="1"/>
<D id="11" f="13" l="170" c="22" n="__PST__g__75" t="7" d="1"/>
<D id="12" f="13" l="100" c="17" n="__pst_unused_field_1" t="9" d="1"/>
<D id="13" f="14" l="153" c="12" n="_main_gen_init_sym_OSTM" t="5" d="1"/>
<D id="14" f="13" l="171" c="31" n="__PST__g__76" t="7" d="1"/>
<D id="15" f="13" l="180" c="22" n="__PST__g__85" t="7" d="1"/>
<D id="16" f="13" l="110" c="17" n="__pst_unused_field_0" t="9" d="1"/>
<D id="17" f="13" l="162" c="22" n="__PST__g__67" t="7" d="1"/>
<D id="18" f="14" l="163" c="12" n="_main_gen_init_sym_OSTM0" t="5" d="1"/>
<D id="19" f="14" l="133" c="32" n="_main_gen_init_g61" t="2" d="1"/>
<D id="20" f="13" l="173" c="30" n="__PST__g__78" t="7" d="1"/>
<D id="21" f="13" l="182" c="21" n="__PST__g__92" t="7" d="1"/>
<D id="22" f="13" l="147" c="20" n="__PST__g__55" t="7" d="1"/>
<D id="23" f="13" l="123" c="33" n="__PST__g__41" t="7" d="1"/>
<D id="24" f="13" l="181" c="31" n="__PST__g__86" t="7" d="1"/>
<D id="25" f="13" l="120" c="17" n="__pst_unused_field_0" t="9" d="1"/>
<D id="26" f="13" l="172" c="22" n="__PST__g__77" t="7" d="1"/>
<D id="27" f="14" l="173" c="12" n="_main_gen_init_sym_OSTM1" t="5" d="1"/>
<D id="28" f="12" l="461" c="13" n="_polyspace_random_int" t="5" d="1"/>
<D id="29" f="13" l="111" c="17" n="__pst_unused_field_1" t="9" d="1"/>
<D id="30" f="13" l="163" c="22" n="__PST__g__68" t="7" d="1"/>
<D id="31" f="13" l="183" c="30" n="__PST__g__93" t="7" d="1"/>
<D id="32" f="13" l="153" c="23" n="__PST__g__62" t="7" d="1"/>
<D id="33" f="14" l="183" c="12" n="_main_gen_init_sym_Rte_Inst_CDD_SnsrMeasStrt" t="5" d="1"/>
<D id="34" f="14" l="139" c="29" n="_main_gen_tmp_2" t="4" d="1"/>
<D id="35" f="13" l="121" c="17" n="__pst_unused_field_1" t="9" d="1"/>
<D id="36" f="13" l="126" c="23" n="__pst_unused_field_0" t="9" d="1"/>
<D id="37" f="13" l="184" c="21" n="__PST__g__94" t="7" d="1"/>
<D id="38" f="13" l="149" c="20" n="__PST__g__57" t="7" d="1"/>
<D id="39" f="12" l="3531" c="4" n="__polyspace_nb_varargs" t="1" d="1"/>
<D id="40" f="13" l="174" c="22" n="__PST__g__79" t="7" d="1"/>
<D id="41" f="13" l="165" c="22" n="__PST__g__70" t="7" d="1"/>
<D id="42" f="13" l="104" c="17" n="__pst_unused_field_0" t="9" d="1"/>
<D id="43" f="12" l="453" c="23" n="_polyspace_random_uchar" t="5" d="1"/>
<D id="44" f="13" l="132" c="17" n="__pst_unused_field_0" t="9" d="1"/>
<D id="45" f="13" l="166" c="31" n="__PST__g__71" t="7" d="1"/>
<D id="46" f="13" l="175" c="22" n="__PST__g__80" t="7" d="1"/>
<D id="47" f="13" l="105" c="17" n="__pst_unused_field_pstnonamef1" t="9" d="1"/>
<D id="48" f="14" l="123" c="17" n="x" t="4" d="1"/>
<D id="49" f="13" l="148" c="22" n="__PST__g__56" t="7" d="1"/>
<D id="50" f="14" l="191" c="51" n="_main_gen_tmp_0" t="4" d="1"/>
<D id="51" f="13" l="133" c="17" n="__pst_unused_field_pstnonamef1" t="9" d="1"/>
<D id="52" f="13" l="185" c="22" n="__PST__g__95" t="7" d="1"/>
<D id="53" f="12" l="445" c="14" n="_polyspace_random_char" t="5" d="1"/>
<D id="54" f="13" l="115" c="17" n="__pst_unused_field_0" t="9" d="1"/>
<D id="55" f="14" l="135" c="43" n="x" t="4" d="1"/>
<D id="56" f="13" l="167" c="22" n="__PST__g__72" t="7" d="1"/>
<D id="57" f="13" l="158" c="22" n="__PST__g__63" t="7" d="1"/>
<D id="58" f="13" l="143" c="17" n="__pst_unused_field_0" t="9" d="1"/>
<D id="59" f="14" l="155" c="24" n="OSTM" t="1" d="0"/>
<D id="60" f="13" l="186" c="22" n="__PST__g__96" t="7" d="1"/>
<D id="61" f="12" l="3530" c="7" n="__polyspace_vararg" t="1" d="1"/>
<D id="62" f="12" l="463" c="24" n="random" t="4" d="1"/>
<D id="63" f="13" l="150" c="46" n="__PST__g__60" t="7" d="1"/>
<D id="64" f="13" l="177" c="22" n="__PST__g__82" t="7" d="1"/>
<D id="65" f="13" l="116" c="17" n="__pst_unused_field_pstnonamef1" t="9" d="1"/>
<D id="66" f="12" l="471" c="25" n="random" t="4" d="1"/>
<D id="67" f="14" l="165" c="24" n="OSTM0" t="1" d="0"/>
<D id="68" f="13" l="144" c="17" n="__pst_unused_field_1" t="9" d="1"/>
<D id="69" f="13" l="152" c="27" n="__PST__g__58" t="7" d="1"/>
<D id="70" f="14" l="115" c="18" n="x" t="4" d="1"/>
<D id="71" f="13" l="178" c="22" n="__PST__g__83" t="7" d="1"/>
<D id="72" f="13" l="169" c="22" n="__PST__g__74" t="7" d="1"/>
<D id="73" f="14" l="175" c="24" n="OSTM1" t="1" d="0"/>
<D id="74" f="13" l="145" c="17" n="__pst_unused_field_pstnonamef1" t="9" d="1"/>
<D id="75" f="13" l="127" c="17" n="__pst_unused_field_pstnonamef1" t="9" d="1"/>
<D id="76" f="13" l="129" c="34" n="__PST__g__43" t="7" d="1"/>
<D id="77" f="14" l="185" c="24" n="Rte_Inst_CDD_SnsrMeasStrt" t="1" d="0"/>
<D id="78" f="12" l="455" c="34" n="random" t="4" d="1"/>
<D id="79" f="13" l="137" c="17" n="__pst_unused_field_0" t="9" d="1"/>
<D id="80" f="14" l="192" c="26" n="_i_main_gen_tmp_1" t="4" d="1"/>
<D id="81" f="12" l="477" c="23" n="_polyspace_random_ulong" t="5" d="1"/>
<D id="82" f="13" l="156" c="17" n="Pim_TqMsgTrigCnt" t="9" d="1"/>
<D id="83" f="13" l="164" c="36" n="__PST__g__69" t="7" d="1"/>
<D id="84" f="12" l="447" c="25" n="random" t="4" d="1"/>
<D id="85" f="13" l="138" c="17" n="__pst_unused_field_pstnonamef1" t="9" d="1"/>
<D id="86" f="12" l="484" c="16" n="_polyspace_random_double" t="5" d="1"/>
<D id="87" f="12" l="469" c="14" n="_polyspace_random_long" t="5" d="1"/>
<D id="88" f="13" l="176" c="36" n="__PST__g__81" t="7" d="1"/>
<D id="89" f="13" l="168" c="36" n="__PST__g__73" t="7" d="1"/>
<D id="90" f="13" l="159" c="36" n="__PST__g__64" t="7" d="1"/>
<D id="91" f="12" l="479" c="34" n="random" t="4" d="1"/>
<D id="92" f="12" l="486" c="27" n="random" t="4" d="1"/>
<D id="93" f="13" l="179" c="27" n="__PST__g__84" t="7" d="1"/>
<D id="94" f="12" l="6876" c="14" n="_polyspace_compare_function_type" t="7" d="1"/>
<D id="95" f="6" l="50" c="2" n="__type633" t="7" d="1"/>
<D id="96" f="5" l="51" c="2" n="__bitf_T" t="7" d="1"/>
<D id="97" f="6" l="60" c="2" n="__type1910" t="7" d="1"/>
<D id="98" f="6" l="70" c="2" n="__type1912" t="7" d="1"/>
<D id="99" f="6" l="35" c="2" n="__type631" t="7" d="1"/>
<D id="100" f="6" l="45" c="2" n="__type632" t="7" d="1"/>
<D id="101" f="5" l="64" c="2" n="__type468" t="7" d="1"/>
<D id="102" f="6" l="55" c="2" n="__type634" t="7" d="1"/>
<D id="103" f="5" l="74" c="2" n="__type539" t="7" d="1"/>
<D id="104" f="5" l="93" c="2" n="__type554" t="7" d="1"/>
<D id="105" f="6" l="65" c="2" n="__type1911" t="7" d="1"/>
<D id="106" f="6" l="75" c="2" n="__type1913" t="7" d="1"/>
<D id="107" f="5" l="85" c="2" n="__type541" t="7" d="1"/>
<D id="108" f="6" l="95" c="2" n="__type2599" t="7" d="1"/>
<D id="109" f="5" l="69" c="2" n="__type538" t="7" d="1"/>
<D id="110" f="5" l="79" c="2" n="__type540" t="7" d="1"/>
<D id="111" f="5" l="98" c="2" n="__type721" t="7" d="1"/>
<D id="112" f="5" l="89" c="2" n="__type552" t="7" d="1"/>
<D id="113" f="6" l="89" c="2" n="__type2592" t="7" d="1"/>
<D id="114" f="4" l="48" c="7" n="Rte_CDS_CDD_SnsrMeasStrt" t="6" d="1"/>
<D id="115" f="12" l="11320" c="23" n="random" t="4" d="1"/>
<D id="116" f="12" l="11336" c="21" n="HUGE_VAL" t="1" d="1"/>
<D id="117" f="12" l="11318" c="12" n="_polyspace_random_long_double" t="2" d="1"/>
<D id="118" f="12" l="11337" c="21" n="HUGE_VALF" t="1" d="1"/>
<D id="119" f="12" l="11338" c="21" n="HUGE_VALL" t="1" d="1"/>
<D id="120" f="12" l="12180" c="16" n="__polyspace_absolute_address" t="1" d="1"/>
<D id="121" f="5" l="50" c="10" n="bit07" t="9" d="1"/>
<D id="122" f="5" l="120" c="2" n="__type728" t="7" d="1"/>
<D id="123" f="6" l="30" c="11" n="IC0CKSEL02" t="9" d="1"/>
<D id="124" f="13" l="3" c="20" n="__PST__SINT8" t="7" d="1"/>
<D id="125" f="4" l="51" c="10" n="Pim_TqMsgTrigCnt" t="9" d="1"/>
<D id="126" f="13" l="5" c="19" n="__PST__SINT32" t="7" d="1"/>
<D id="127" f="6" l="111" c="2" n="__type2600" t="7" d="1"/>
<D id="128" f="6" l="40" c="11" n="IC0CKSEL12" t="9" d="1"/>
<D id="129" f="6" l="31" c="11" n="IC0CKSEL03" t="9" d="1"/>
<D id="130" f="5" l="43" c="10" n="bit00" t="9" d="1"/>
<D id="131" f="5" l="103" c="2" n="__type723" t="7" d="1"/>
<D id="132" f="6" l="41" c="11" n="IC0CKSEL13" t="9" d="1"/>
<D id="133" f="13" l="1" c="13" n="__PST__CHAR" t="7" d="1"/>
<D id="134" f="6" l="32" c="11" n="IC0TMSEL0" t="9" d="1"/>
<D id="135" f="5" l="131" c="2" n="__type1817" t="7" d="1"/>
<D id="136" f="3" l="141" c="2" n="Std_VersionInfoType" t="7" d="1"/>
<D id="137" f="5" l="44" c="10" n="bit01" t="9" d="1"/>
<D id="138" f="5" l="113" c="2" n="__type727" t="7" d="1"/>
<D id="139" f="6" l="42" c="11" n="IC0TMSEL1" t="9" d="1"/>
<D id="140" f="13" l="2" c="13" n="__PST__VOID" t="7" d="1"/>
<D id="141" f="13" l="4" c="21" n="__PST__SINT16" t="7" d="1"/>
<D id="142" f="5" l="141" c="2" n="__type1819" t="7" d="1"/>
<D id="143" f="5" l="45" c="10" n="bit02" t="9" d="1"/>
<D id="144" f="6" l="34" c="11" n="IC0TMEN0" t="9" d="1"/>
<D id="145" f="5" l="151" c="2" n="__type1831" t="7" d="1"/>
<D id="146" f="6" l="53" c="11" n="TOE" t="9" d="1"/>
<D id="147" f="5" l="46" c="10" n="bit03" t="9" d="1"/>
<D id="148" f="5" l="72" c="11" n="TS" t="9" d="1"/>
<D id="149" f="6" l="44" c="11" n="IC0TMEN1" t="9" d="1"/>
<D id="150" f="6" l="81" c="11" n="dummy294" t="9" d="1"/>
<D id="151" f="5" l="161" c="2" n="__type2000" t="7" d="1"/>
<D id="152" f="6" l="63" c="11" n="UINT16" t="9" d="1"/>
<D id="153" f="5" l="82" c="11" n="MD0" t="9" d="1"/>
<D id="154" f="5" l="47" c="10" n="bit04" t="9" d="1"/>
<D id="155" f="6" l="73" c="11" n="UINT8" t="9" d="1"/>
<D id="156" f="5" l="171" c="2" n="__type2006" t="7" d="1"/>
<D id="157" f="5" l="83" c="11" n="MD1" t="9" d="1"/>
<D id="158" f="5" l="48" c="10" n="bit05" t="9" d="1"/>
<D id="159" f="6" l="83" c="11" n="dummy295" t="9" d="1"/>
<D id="160" f="6" l="28" c="11" n="IC0CKSEL00" t="9" d="1"/>
<D id="161" f="6" l="82" c="21" n="TE" t="9" d="1"/>
<D id="162" f="5" l="126" c="2" n="__type1747" t="7" d="1"/>
<D id="163" f="6" l="93" c="11" n="dummy355" t="9" d="1"/>
<D id="164" f="13" l="7" c="22" n="__PST__UINT8" t="7" d="1"/>
<D id="165" f="5" l="49" c="10" n="bit06" t="9" d="1"/>
<D id="166" f="13" l="9" c="21" n="__PST__UINT32" t="7" d="1"/>
<D id="167" f="6" l="38" c="11" n="IC0CKSEL10" t="9" d="1"/>
<D id="168" f="6" l="29" c="11" n="IC0CKSEL01" t="9" d="1"/>
<D id="169" f="5" l="136" c="2" n="__type1818" t="7" d="1"/>
<D id="170" f="13" l="22" c="6" n="__PST__g__30" t="6" d="1"/>
<D id="171" f="6" l="48" c="11" n="TO" t="9" d="1"/>
<D id="172" f="6" l="85" c="11" n="dummy296" t="9" d="1"/>
<D id="173" f="6" l="39" c="11" n="IC0CKSEL11" t="9" d="1"/>
<D id="174" f="8" l="150" c="5" n="SnsrMeasStrtPer1" t="2" d="1"/>
<D id="175" f="5" l="146" c="2" n="__type1820" t="7" d="1"/>
<D id="176" f="6" l="58" c="11" n="UINT16" t="9" d="1"/>
<D id="177" f="1" l="45" c="14" n="__va_list" t="7" d="1"/>
<D id="178" f="5" l="77" c="11" n="TT" t="9" d="1"/>
<D id="179" f="8" l="123" c="5" n="SnsrMeasStrtInit1" t="2" d="1"/>
<D id="180" f="5" l="96" c="11" n="TIS" t="9" d="1"/>
<D id="181" f="6" l="68" c="11" n="UINT8" t="9" d="1"/>
<D id="182" f="16" l="42" c="5" n="main" t="2" d="1"/>
<D id="183" f="13" l="8" c="23" n="__PST__UINT16" t="7" d="1"/>
<D id="184" f="5" l="156" c="2" n="__type1833" t="7" d="1"/>
<D id="185" f="6" l="87" c="11" n="dummy297" t="9" d="1"/>
<D id="186" f="13" l="50" c="7" n="__PST__g__31" t="6" d="1"/>
<D id="187" f="5" l="88" c="11" n="TX" t="9" d="1"/>
<D id="188" f="5" l="166" c="2" n="__type2002" t="7" d="1"/>
<D id="189" f="6" l="64" c="14" n="BIT" t="9" d="1"/>
<D id="190" f="13" l="6" c="25" n="__PST__SINT64" t="7" d="1"/>
<D id="191" f="6" l="79" c="11" n="CMP" t="9" d="1"/>
<D id="192" f="13" l="34" c="6" n="__PST__g__24" t="6" d="1"/>
<D id="193" f="6" l="74" c="14" n="BIT" t="9" d="1"/>
<D id="194" f="1" l="50" c="18" n="__gnuc_va_list" t="7" d="1"/>
<D id="195" f="5" l="176" c="2" n="__type2007" t="7" d="1"/>
<D id="196" f="6" l="98" c="11" n="CMP" t="9" d="1"/>
<D id="197" f="11" l="46" c="5" n="SnsrMeasStrtIrq" t="2" d="1"/>
<D id="198" f="6" l="92" c="15" n="IC0CKSEL0" t="9" d="1"/>
<D id="199" f="13" l="63" c="6" n="__PST__g__46" t="6" d="1"/>
<D id="200" f="6" l="80" c="17" n="CNT" t="9" d="1"/>
<D id="201" f="5" l="62" c="17" n="PRERR" t="9" d="1"/>
<D id="202" f="6" l="84" c="15" n="TS" t="9" d="1"/>
<D id="203" f="6" l="94" c="15" n="IC0CKSEL1" t="9" d="1"/>
<D id="204" f="6" l="59" c="14" n="BIT" t="9" d="1"/>
<D id="205" f="13" l="74" c="6" n="__PST__g__51" t="6" d="1"/>
<D id="206" f="6" l="69" c="14" n="BIT" t="9" d="1"/>
<D id="207" f="13" l="27" c="7" n="__PST__g__23" t="6" d="1"/>
<D id="208" f="4" l="58" c="52" n="Rte_Inst_CDD_SnsrMeasStrt" t="1" d="0"/>
<D id="209" f="5" l="92" c="17" n="RX" t="9" d="1"/>
<D id="210" f="6" l="86" c="15" n="TT" t="9" d="1"/>
<D id="211" f="6" l="88" c="15" n="CTL" t="9" d="1"/>
<D id="212" f="5" l="67" c="17" n="TE" t="9" d="1"/>
<D id="213" f="4" l="63" c="47" n="Rte_Instance" t="7" d="1"/>
<D id="214" f="13" l="39" c="7" n="__PST__g__25" t="6" d="1"/>
<D id="215" f="13" l="68" c="6" n="__PST__g__48" t="6" d="1"/>
<D id="216" f="1" l="49" c="18" n="va_list" t="7" d="1"/>
<D id="217" f="13" l="97" c="6" n="__PST__g__35" t="6" d="1"/>
<D id="218" f="6" l="99" c="17" n="CNT" t="9" d="1"/>
<D id="219" f="13" l="79" c="7" n="__PST__g__33" t="6" d="1"/>
<D id="220" f="5" l="110" c="11" n="MAS" t="9" d="1"/>
<D id="221" f="5" l="101" c="11" n="CLOV" t="9" d="1"/>
<D id="222" f="3" l="140" c="10" n="sw_patch_version" t="9" d="1"/>
<D id="223" f="6" l="101" c="11" n="dummy356" t="9" d="1"/>
<D id="224" f="5" l="111" c="11" n="CCS" t="9" d="1"/>
<D id="225" f="5" l="130" c="20" n="BIT" t="9" d="1"/>
<D id="226" f="13" l="20" c="21" n="__PST__g__97" t="7" d="1"/>
<D id="227" f="5" l="112" c="11" n="CKS" t="9" d="1"/>
<D id="228" f="2" l="110" c="31" n="uint32" t="7" d="1"/>
<D id="229" f="6" l="103" c="11" n="dummy357" t="9" d="1"/>
<D id="230" f="13" l="12" c="21" n="__PST__g__11" t="7" d="1"/>
<D id="231" f="13" l="14" c="20" n="__PST__g__15" t="7" d="1"/>
<D id="232" f="13" l="21" c="22" n="__PST__g__98" t="7" d="1"/>
<D id="233" f="2" l="112" c="31" n="sint8_least" t="7" d="1"/>
<D id="234" f="2" l="103" c="31" n="boolean" t="7" d="1"/>
<D id="235" f="6" l="105" c="11" n="dummy358" t="9" d="1"/>
<D id="236" f="12" l="51" c="21" n="size_t" t="7" d="1"/>
<D id="237" f="5" l="124" c="11" n="UINT8" t="9" d="1"/>
<D id="238" f="6" l="104" c="21" n="TE" t="9" d="1"/>
<D id="239" f="13" l="11" c="14" n="__PST__FLOAT32" t="7" d="1"/>
<D id="240" f="2" l="113" c="31" n="uint8_least" t="7" d="1"/>
<D id="241" f="5" l="106" c="11" n="MD" t="9" d="1"/>
<D id="242" f="14" l="25" c="20" n="pst_random_int" t="3" d="1"/>
<D id="243" f="3" l="136" c="10" n="vendorID" t="9" d="1"/>
<D id="244" f="5" l="125" c="20" n="BIT" t="9" d="1"/>
<D id="245" f="5" l="134" c="11" n="UINT8" t="9" d="1"/>
<D id="246" f="15" l="25" c="20" n="pst_random_int" t="3" d="1"/>
<D id="247" f="13" l="61" c="21" n="__PST__g__99" t="7" d="1"/>
<D id="248" f="6" l="100" c="15" n="TO" t="9" d="1"/>
<D id="249" f="5" l="116" c="11" n="PRS0" t="9" d="1"/>
<D id="250" f="16" l="25" c="20" n="pst_random_int" t="3" d="1"/>
<D id="251" f="2" l="114" c="31" n="sint16_least" t="7" d="1"/>
<D id="252" f="2" l="105" c="31" n="sint8" t="7" d="1"/>
<D id="253" f="5" l="144" c="11" n="UINT8" t="9" d="1"/>
<D id="254" f="6" l="107" c="11" n="dummy359" t="9" d="1"/>
<D id="255" f="13" l="31" c="23" n="IC0CKSEL1" t="9" d="1"/>
<D id="256" f="3" l="137" c="10" n="moduleID" t="9" d="1"/>
<D id="257" f="6" l="110" c="15" n="CTL" t="9" d="1"/>
<D id="258" f="13" l="62" c="21" n="__PST__g__54" t="7" d="1"/>
<D id="259" f="12" l="53" c="12" n="ptrdiff_t" t="7" d="1"/>
<D id="260" f="14" l="65" c="19" n="_main_gen_init_g30" t="2" d="1"/>
<D id="261" f="5" l="117" c="11" n="PRS1" t="9" d="1"/>
<D id="262" f="2" l="115" c="31" n="uint16_least" t="7" d="1"/>
<D id="263" f="5" l="108" c="11" n="COS" t="9" d="1"/>
<D id="264" f="5" l="140" c="14" n="BIT" t="9" d="1"/>
<D id="265" f="5" l="154" c="11" n="UINT16" t="9" d="1"/>
<D id="266" f="15" l="80" c="12" n="HwTq0MeasTrigStrt_Oper" t="2" d="1"/>
<D id="267" f="2" l="106" c="31" n="uint8" t="7" d="1"/>
<D id="268" f="3" l="138" c="10" n="sw_major_version" t="9" d="1"/>
<D id="269" f="6" l="102" c="15" n="TOE" t="9" d="1"/>
<D id="270" f="3" l="132" c="14" n="Std_ReturnType" t="7" d="1"/>
<D id="271" f="5" l="118" c="11" n="PRS2" t="9" d="1"/>
<D id="272" f="5" l="150" c="14" n="BIT" t="9" d="1"/>
<D id="273" f="5" l="155" c="20" n="BIT" t="9" d="1"/>
<D id="274" f="5" l="164" c="11" n="UINT8" t="9" d="1"/>
<D id="275" f="14" l="28" c="29" n="pst_random_g_6" t="3" d="1"/>
<D id="276" f="2" l="116" c="31" n="sint32_least" t="7" d="1"/>
<D id="277" f="5" l="109" c="11" n="STS" t="9" d="1"/>
<D id="278" f="13" l="16" c="22" n="__PST__g__18" t="7" d="1"/>
<D id="279" f="14" l="91" c="30" n="x" t="4" d="1"/>
<D id="280" f="2" l="107" c="31" n="sint16" t="7" d="1"/>
<D id="281" f="3" l="125" c="22" n="StatusType" t="7" d="1"/>
<D id="282" f="6" l="109" c="11" n="dummy360" t="9" d="1"/>
<D id="283" f="13" l="73" c="21" n="__PST__g__100" t="7" d="1"/>
<D id="284" f="3" l="139" c="10" n="sw_minor_version" t="9" d="1"/>
<D id="285" f="13" l="13" c="15" n="__PST__FLOAT64" t="7" d="1"/>
<D id="286" f="14" l="27" c="30" n="pst_random_g_7" t="3" d="1"/>
<D id="287" f="5" l="160" c="14" n="BIT" t="9" d="1"/>
<D id="288" f="5" l="174" c="11" n="UINT16" t="9" d="1"/>
<D id="289" f="13" l="15" c="23" n="__PST__g__16" t="7" d="1"/>
<D id="290" f="5" l="119" c="11" n="PRS3" t="9" d="1"/>
<D id="291" f="15" l="53" c="31" n="real_random_for_return" t="4" d="1"/>
<D id="292" f="2" l="117" c="31" n="uint32_least" t="7" d="1"/>
<D id="293" f="2" l="108" c="31" n="uint16" t="7" d="1"/>
<D id="294" f="13" l="102" c="7" n="__PST__g__36" t="6" d="1"/>
<D id="295" f="13" l="19" c="30" n="__PST__g__20" t="7" d="1"/>
<D id="296" f="14" l="81" c="13" n="_main_gen_init_g6" t="2" d="1"/>
<D id="297" f="12" l="56" c="21" n="wchar_t" t="7" d="1"/>
<D id="298" f="5" l="170" c="14" n="BIT" t="9" d="1"/>
<D id="299" f="5" l="129" c="11" n="UINT8" t="9" d="1"/>
<D id="300" f="2" l="127" c="31" n="sint64" t="7" d="1"/>
<D id="301" f="13" l="130" c="7" n="__PST__g__47" t="6" d="1"/>
<D id="302" f="6" l="113" c="61" n="OSTM" t="1" d="0"/>
<D id="303" f="15" l="54" c="22" n="random_for_return" t="4" d="1"/>
<D id="304" f="13" l="10" c="27" n="__PST__UINT64" t="7" d="1"/>
<D id="305" f="13" l="18" c="22" n="__PST__g__21" t="7" d="1"/>
<D id="306" f="2" l="109" c="31" n="sint32" t="7" d="1"/>
<D id="307" f="13" l="30" c="17" n="__pst_unused_field_1" t="9" d="1"/>
<D id="308" f="5" l="139" c="11" n="UINT8" t="9" d="1"/>
<D id="309" f="13" l="17" c="32" n="__PST__g__19" t="7" d="1"/>
<D id="310" f="14" l="29" c="30" n="pst_random_g_8" t="3" d="1"/>
<D id="311" f="14" l="73" c="13" n="_main_gen_init_g22" t="2" d="1"/>
<D id="312" f="2" l="128" c="31" n="uint64" t="7" d="1"/>
<D id="313" f="13" l="91" c="23" n="TT" t="9" d="1"/>
<D id="314" f="14" l="97" c="19" n="_main_gen_init_g48" t="2" d="1"/>
<D id="315" f="5" l="135" c="14" n="BIT" t="9" d="1"/>
<D id="316" f="5" l="149" c="11" n="UINT16" t="9" d="1"/>
<D id="317" f="15" l="66" c="12" n="Dummyfunc" t="2" d="1"/>
<D id="318" f="13" l="113" c="7" n="__PST__g__40" t="6" d="1"/>
<D id="319" f="2" l="138" c="31" n="float32" t="7" d="1"/>
<D id="320" f="6" l="106" c="15" n="TS" t="9" d="1"/>
<D id="321" f="14" l="67" c="30" n="x" t="4" d="1"/>
<D id="322" f="15" l="94" c="12" n="HwTq1MeasTrigStrt_Oper" t="2" d="1"/>
<D id="323" f="13" l="49" c="21" n="__PST__g__29" t="7" d="1"/>
<D id="324" f="5" l="145" c="14" n="BIT" t="9" d="1"/>
<D id="325" f="5" l="159" c="11" n="UINT8" t="9" d="1"/>
<D id="326" f="13" l="141" c="7" n="__PST__g__52" t="6" d="1"/>
<D id="327" f="14" l="89" c="19" n="_main_gen_init_g46" t="2" d="1"/>
<D id="328" f="2" l="139" c="31" n="float64" t="7" d="1"/>
<D id="329" f="6" l="114" c="62" n="OSTM0" t="1" d="0"/>
<D id="330" f="5" l="169" c="11" n="UINT16" t="9" d="1"/>
<D id="331" f="15" l="107" c="5" n="__PST__MAIN__ENTRY__POINT__" t="2" d="1"/>
<D id="332" f="15" l="46" c="14" n="Rte_Prm_CDD_SnsrMeasStrt_SnsrMeasStrtTrigDly_Val" t="2" d="1"/>
<D id="333" f="13" l="93" c="23" n="CTL" t="9" d="1"/>
<D id="334" f="13" l="24" c="17" n="__pst_unused_field_0" t="9" d="1"/>
<D id="335" f="13" l="70" c="17" n="__pst_unused_field_0" t="9" d="1"/>
<D id="336" f="5" l="165" c="14" n="BIT" t="9" d="1"/>
<D id="337" f="6" l="108" c="15" n="TT" t="9" d="1"/>
<D id="338" f="6" l="115" c="62" n="OSTM1" t="1" d="0"/>
<D id="339" f="13" l="41" c="18" n="__pst_unused_field_0" t="9" d="1"/>
<D id="340" f="13" l="124" c="7" n="__PST__g__44" t="6" d="1"/>
<D id="341" f="5" l="175" c="14" n="BIT" t="9" d="1"/>
<D id="342" f="13" l="71" c="17" n="UINT8" t="9" d="1"/>
<D id="343" f="14" l="208" c="5" n="_extern_init" t="2" d="1"/>
<D id="344" f="14" l="57" c="14" n="_main_gen_init_g7" t="2" d="1"/>
<D id="345" f="12" l="427" c="4" n="errno" t="1" d="1"/>
<D id="346" f="13" l="42" c="18" n="__pst_unused_field_1" t="9" d="1"/>
<D id="347" f="13" l="108" c="6" n="__PST__g__39" t="6" d="1"/>
<D id="348" f="13" l="90" c="17" n="__pst_unused_field_9" t="9" d="1"/>
<D id="349" f="13" l="52" c="18" n="__pst_unused_field_0" t="9" d="1"/>
<D id="350" f="13" l="43" c="18" n="__pst_unused_field_2" t="9" d="1"/>
<D id="351" f="13" l="60" c="28" n="__PST__g__34" t="7" d="1"/>
<D id="352" f="13" l="118" c="6" n="__PST__g__42" t="6" d="1"/>
<D id="353" f="13" l="135" c="7" n="__PST__g__49" t="6" d="1"/>
<D id="354" f="14" l="23" c="28" n="pst_random_char" t="3" d="1"/>
<D id="355" f="13" l="25" c="18" n="UINT16" t="9" d="1"/>
<D id="356" f="13" l="33" c="37" n="__PST__g__22" t="7" d="1"/>
<D id="357" f="14" l="99" c="30" n="x" t="4" d="1"/>
<D id="358" f="15" l="23" c="28" n="pst_random_char" t="3" d="1"/>
<D id="359" f="13" l="36" c="17" n="__pst_unused_field_0" t="9" d="1"/>
<D id="360" f="13" l="82" c="17" n="CNT" t="9" d="1"/>
<D id="361" f="13" l="53" c="18" n="__pst_unused_field_1" t="9" d="1"/>
<D id="362" f="16" l="23" c="28" n="pst_random_char" t="3" d="1"/>
<D id="363" f="13" l="44" c="18" n="__pst_unused_field_3" t="9" d="1"/>
<D id="364" f="13" l="154" c="7" n="Rte_CDS_CDD_SnsrMeasStrt" t="6" d="1"/>
<D id="365" f="13" l="81" c="18" n="CMP" t="9" d="1"/>
<D id="366" f="13" l="83" c="17" n="__pst_unused_field_2" t="9" d="1"/>
<D id="367" f="13" l="54" c="18" n="__pst_unused_field_2" t="9" d="1"/>
<D id="368" f="13" l="45" c="18" n="__pst_unused_field_4" t="9" d="1"/>
<D id="369" f="13" l="65" c="17" n="__pst_unused_field_0" t="9" d="1"/>
<D id="370" f="14" l="83" c="17" n="x" t="4" d="1"/>
<D id="371" f="13" l="84" c="17" n="__pst_unused_field_3" t="9" d="1"/>
<D id="372" f="13" l="89" c="23" n="TS" t="9" d="1"/>
<D id="373" f="13" l="29" c="17" n="__pst_unused_field_0" t="9" d="1"/>
<D id="374" f="13" l="55" c="18" n="__pst_unused_field_3" t="9" d="1"/>
<D id="375" f="13" l="46" c="18" n="__pst_unused_field_pstnonamef1" t="9" d="1"/>
<D id="376" f="13" l="66" c="17" n="UINT8" t="9" d="1"/>
<D id="377" f="13" l="92" c="18" n="__pst_unused_field_11" t="9" d="1"/>
<D id="378" f="13" l="37" c="18" n="__pst_unused_field_1" t="9" d="1"/>
<D id="379" f="14" l="75" c="17" n="x" t="4" d="1"/>
<D id="380" f="13" l="94" c="17" n="__pst_unused_field___pstfiller" t="9" d="1"/>
<D id="381" f="13" l="85" c="17" n="__pst_unused_field_4" t="9" d="1"/>
<D id="382" f="13" l="56" c="18" n="__pst_unused_field_4" t="9" d="1"/>
<D id="383" f="13" l="76" c="17" n="__pst_unused_field_0" t="9" d="1"/>
<D id="384" f="13" l="47" c="18" n="__pst_unused_field_6" t="9" d="1"/>
<D id="385" f="13" l="86" c="17" n="__pst_unused_field_5" t="9" d="1"/>
<D id="386" f="13" l="57" c="18" n="__pst_unused_field_pstnonamef1" t="9" d="1"/>
<D id="387" f="13" l="77" c="17" n="UINT8" t="9" d="1"/>
<D id="388" f="15" l="66" c="36" n="P_0" t="4" d="1"/>
<D id="389" f="13" l="87" c="17" n="__pst_unused_field_6" t="9" d="1"/>
<D id="390" f="13" l="58" c="18" n="__pst_unused_field_6" t="9" d="1"/>
<D id="391" f="13" l="88" c="17" n="__pst_unused_field_7" t="9" d="1"/>
<D id="392" f="14" l="59" c="18" n="x" t="4" d="1"/>
<D id="393" f="13" l="96" c="37" n="__PST__g__32" t="7" d="1"/>
<D id="394" f="13" l="99" c="17" n="__pst_unused_field_0" t="9" d="1"/>
</Definitions>
<Uses>
<U id="1" f="14" l="110" c="11" d="9" a="0"/>
<U id="2" f="15" l="110" c="20" d="182" a="0"/>
<U id="3" f="14" l="102" c="11" d="357" a="0"/>
<U id="4" f="14" l="130" c="11" d="48" a="0"/>
<U id="5" f="13" l="123" c="20" d="352" a="0"/>
<U id="6" f="13" l="150" c="21" d="364" a="0"/>
<U id="7" f="14" l="101" c="14" d="296" a="0"/>
<U id="8" f="13" l="126" c="10" d="164" a="0"/>
<U id="9" f="14" l="125" c="11" d="327" a="0"/>
<U id="10" f="14" l="145" c="10" d="82" a="0"/>
<U id="11" f="14" l="141" c="13" d="4" a="1"/>
<U id="12" f="14" l="126" c="11" d="314" a="0"/>
<U id="13" f="14" l="143" c="12" d="34" a="1"/>
<U id="14" f="8" l="157" c="100" d="228" a="0"/>
<U id="15" f="14" l="145" c="29" d="242" a="0"/>
<U id="16" f="12" l="480" c="11" d="91" a="0"/>
<U id="17" f="14" l="143" c="49" d="10" a="0"/>
<U id="18" f="14" l="118" c="11" d="70" a="0"/>
<U id="19" f="14" l="155" c="11" d="356" a="0"/>
<U id="20" f="12" l="472" c="11" d="66" a="0"/>
<U id="21" f="14" l="165" c="11" d="393" a="0"/>
<U id="22" f="14" l="127" c="12" d="1" a="0"/>
<U id="23" f="13" l="152" c="14" d="7" a="0"/>
<U id="24" f="14" l="147" c="11" d="55" a="0"/>
<U id="25" f="12" l="464" c="11" d="62" a="0"/>
<U id="26" f="14" l="175" c="11" d="393" a="0"/>
<U id="27" f="14" l="192" c="12" d="166" a="0"/>
<U id="28" f="14" l="128" c="12" d="10" a="0"/>
<U id="29" f="12" l="456" c="11" d="78" a="0"/>
<U id="30" f="13" l="129" c="21" d="340" a="0"/>
<U id="31" f="14" l="185" c="11" d="69" a="0"/>
<U id="32" f="14" l="129" c="12" d="10" a="0"/>
<U id="33" f="12" l="448" c="11" d="84" a="0"/>
<U id="34" f="13" l="164" c="23" d="170" a="0"/>
<U id="35" f="14" l="193" c="40" d="80" a="0"/>
<U id="36" f="14" l="109" c="14" d="296" a="0"/>
<U id="37" f="14" l="145" c="51" d="34" a="1"/>
<U id="38" f="14" l="141" c="36" d="4" a="0"/>
<U id="39" f="13" l="161" c="17" d="164" a="0"/>
<U id="40" f="12" l="487" c="11" d="92" a="0"/>
<U id="41" f="13" l="171" c="17" d="166" a="0"/>
<U id="42" f="13" l="147" c="33" d="126" a="0"/>
<U id="43" f="13" l="176" c="23" d="199" a="0"/>
<U id="44" f="14" l="107" c="17" d="205" a="0"/>
<U id="45" f="14" l="197" c="12" d="77" a="1"/>
<U id="46" f="13" l="181" c="17" d="126" a="0"/>
<U id="47" f="14" l="195" c="32" d="80" a="0"/>
<U id="48" f="13" l="168" c="23" d="205" a="0"/>
<U id="49" f="14" l="197" c="40" d="242" a="0"/>
<U id="50" f="13" l="159" c="23" d="215" a="0"/>
<U id="51" f="14" l="191" c="26" d="364" a="0"/>
<U id="52" f="13" l="173" c="17" d="351" a="0"/>
<U id="53" f="14" l="139" c="15" d="166" a="0"/>
<U id="54" f="13" l="149" c="33" d="166" a="0"/>
<U id="55" f="14" l="135" c="18" d="364" a="0"/>
<U id="56" f="14" l="143" c="28" d="4" a="0"/>
<U id="57" f="13" l="183" c="17" d="124" a="0"/>
<U id="58" f="13" l="179" c="14" d="32" a="0"/>
<U id="59" f="14" l="159" c="15" d="311" a="0"/>
<U id="60" f="14" l="193" c="17" d="80" a="1"/>
<U id="61" f="13" l="166" c="17" d="183" a="0"/>
<U id="62" f="14" l="195" c="16" d="50" a="1"/>
<U id="63" f="14" l="195" c="53" d="19" a="0"/>
<U id="64" f="14" l="169" c="16" d="3" a="0"/>
<U id="65" f="14" l="179" c="16" d="3" a="0"/>
<U id="66" f="14" l="197" c="62" d="50" a="1"/>
<U id="67" f="14" l="193" c="221" d="80" a="1"/>
<U id="68" f="14" l="141" c="181" d="4" a="1"/>
<U id="69" f="4" l="72" c="0" d="293" a="0"/>
<U id="70" f="4" l="51" c="2" d="228" a="0"/>
<U id="71" f="6" l="30" c="4" d="293" a="0"/>
<U id="72" f="6" l="40" c="4" d="293" a="0"/>
<U id="73" f="6" l="31" c="4" d="293" a="0"/>
<U id="74" f="5" l="50" c="4" d="267" a="0"/>
<U id="75" f="6" l="41" c="4" d="293" a="0"/>
<U id="76" f="6" l="32" c="4" d="293" a="0"/>
<U id="77" f="6" l="42" c="4" d="293" a="0"/>
<U id="78" f="5" l="43" c="4" d="267" a="0"/>
<U id="79" f="6" l="34" c="4" d="293" a="0"/>
<U id="80" f="5" l="44" c="4" d="267" a="0"/>
<U id="81" f="6" l="53" c="4" d="267" a="0"/>
<U id="82" f="5" l="72" c="4" d="267" a="0"/>
<U id="83" f="6" l="44" c="4" d="293" a="0"/>
<U id="84" f="6" l="81" c="4" d="267" a="0"/>
<U id="85" f="6" l="63" c="4" d="293" a="0"/>
<U id="86" f="5" l="45" c="4" d="267" a="0"/>
<U id="87" f="5" l="82" c="4" d="267" a="0"/>
<U id="88" f="6" l="73" c="4" d="267" a="0"/>
<U id="89" f="1" l="50" c="8" d="177" a="0"/>
<U id="90" f="6" l="64" c="4" d="100" a="0"/>
<U id="91" f="5" l="46" c="4" d="267" a="0"/>
<U id="92" f="5" l="83" c="4" d="267" a="0"/>
<U id="93" f="6" l="92" c="4" d="97" a="0"/>
<U id="94" f="6" l="83" c="4" d="267" a="0"/>
<U id="95" f="6" l="74" c="4" d="102" a="0"/>
<U id="96" f="6" l="28" c="4" d="293" a="0"/>
<U id="97" f="5" l="47" c="4" d="267" a="0"/>
<U id="98" f="6" l="93" c="4" d="267" a="0"/>
<U id="99" f="6" l="84" c="4" d="169" a="0"/>
<U id="100" f="6" l="38" c="4" d="293" a="0"/>
<U id="101" f="6" l="29" c="4" d="293" a="0"/>
<U id="102" f="5" l="48" c="4" d="267" a="0"/>
<U id="103" f="6" l="94" c="4" d="105" a="0"/>
<U id="104" f="6" l="48" c="4" d="267" a="0"/>
<U id="105" f="6" l="85" c="4" d="267" a="0"/>
<U id="106" f="4" l="72" c="7" d="332" a="0"/>
<U id="107" f="6" l="39" c="4" d="293" a="0"/>
<U id="108" f="5" l="49" c="4" d="267" a="0"/>
<U id="109" f="6" l="58" c="4" d="293" a="0"/>
<U id="110" f="5" l="77" c="4" d="267" a="0"/>
<U id="111" f="6" l="86" c="4" d="142" a="0"/>
<U id="112" f="5" l="96" c="4" d="267" a="0"/>
<U id="113" f="6" l="68" c="4" d="267" a="0"/>
<U id="114" f="6" l="59" c="4" d="99" a="0"/>
<U id="115" f="6" l="87" c="4" d="267" a="0"/>
<U id="116" f="1" l="84" c="7" d="216" a="0"/>
<U id="117" f="6" l="69" c="4" d="95" a="0"/>
<U id="118" f="5" l="88" c="4" d="293" a="0"/>
<U id="119" f="6" l="88" c="4" d="175" a="0"/>
<U id="120" f="6" l="79" c="4" d="228" a="0"/>
<U id="121" f="6" l="98" c="4" d="228" a="0"/>
<U id="122" f="1" l="49" c="8" d="177" a="0"/>
<U id="123" f="12" l="11321" c="9" d="115" a="0"/>
<U id="124" f="8" l="130" c="1" d="338" a="1"/>
<U id="125" f="7" l="20" c="12" d="317" a="0"/>
<U id="126" f="8" l="131" c="1" d="302" a="1"/>
<U id="127" f="6" l="100" c="4" d="98" a="0"/>
<U id="128" f="6" l="80" c="10" d="228" a="0"/>
<U id="129" f="5" l="62" c="10" d="267" a="0"/>
<U id="130" f="5" l="110" c="4" d="293" a="0"/>
<U id="131" f="8" l="132" c="1" d="338" a="1"/>
<U id="132" f="15" l="80" c="0" d="140" a="0"/>
<U id="133" f="5" l="101" c="4" d="267" a="0"/>
<U id="134" f="6" l="110" c="4" d="175" a="0"/>
<U id="135" f="6" l="101" c="4" d="267" a="0"/>
<U id="136" f="3" l="140" c="3" d="267" a="0"/>
<U id="137" f="14" l="81" c="0" d="164" a="0"/>
<U id="138" f="13" l="30" c="4" d="226" a="0"/>
<U id="139" f="5" l="111" c="4" d="293" a="0"/>
<U id="140" f="8" l="133" c="1" d="317" a="0"/>
<U id="141" f="6" l="82" c="10" d="135" a="0"/>
<U id="142" f="6" l="102" c="4" d="106" a="0"/>
<U id="143" f="5" l="92" c="10" d="293" a="0"/>
<U id="144" f="14" l="73" c="0" d="356" a="0"/>
<U id="145" f="5" l="112" c="4" d="293" a="0"/>
<U id="146" f="5" l="140" c="4" d="110" a="0"/>
<U id="147" f="6" l="103" c="4" d="267" a="0"/>
<U id="148" f="9" l="24" c="12" d="266" a="0"/>
<U id="149" f="13" l="41" c="4" d="183" a="0"/>
<U id="150" f="15" l="46" c="0" d="183" a="0"/>
<U id="151" f="4" l="63" c="21" d="114" a="0"/>
<U id="152" f="5" l="150" c="4" d="112" a="0"/>
<U id="153" f="13" l="42" c="4" d="183" a="0"/>
<U id="154" f="5" l="67" c="10" d="267" a="0"/>
<U id="155" f="5" l="160" c="4" d="111" a="0"/>
<U id="156" f="1" l="84" c="39" d="216" a="0"/>
<U id="157" f="13" l="24" c="4" d="232" a="0"/>
<U id="158" f="13" l="70" c="4" d="247" a="0"/>
<U id="159" f="14" l="57" c="0" d="183" a="0"/>
<U id="160" f="6" l="105" c="4" d="267" a="0"/>
<U id="161" f="15" l="66" c="0" d="140" a="0"/>
<U id="162" f="13" l="52" c="4" d="183" a="0"/>
<U id="163" f="13" l="43" c="4" d="183" a="0"/>
<U id="164" f="14" l="61" c="4" d="392" a="1"/>
<U id="165" f="5" l="124" c="4" d="267" a="0"/>
<U id="166" f="5" l="170" c="4" d="138" a="0"/>
<U id="167" f="15" l="94" c="0" d="140" a="0"/>
<U id="168" f="4" l="58" c="20" d="114" a="0"/>
<U id="169" f="13" l="25" c="4" d="183" a="0"/>
<U id="170" f="13" l="71" c="4" d="164" a="0"/>
<U id="171" f="5" l="106" c="4" d="293" a="0"/>
<U id="172" f="6" l="106" c="4" d="169" a="0"/>
<U id="173" f="13" l="53" c="4" d="183" a="0"/>
<U id="174" f="5" l="134" c="4" d="267" a="0"/>
<U id="175" f="13" l="20" c="8" d="124" a="0"/>
<U id="176" f="13" l="44" c="4" d="183" a="0"/>
<U id="177" f="13" l="90" c="4" d="258" a="0"/>
<U id="178" f="3" l="136" c="3" d="293" a="0"/>
<U id="179" f="13" l="81" c="4" d="166" a="0"/>
<U id="180" f="5" l="116" c="4" d="293" a="0"/>
<U id="181" f="5" l="144" c="4" d="267" a="0"/>
<U id="182" f="6" l="107" c="4" d="267" a="0"/>
<U id="183" f="13" l="54" c="4" d="183" a="0"/>
<U id="184" f="5" l="135" c="4" d="103" a="0"/>
<U id="185" f="8" l="157" c="1" d="338" a="1"/>
<U id="186" f="13" l="21" c="8" d="141" a="0"/>
<U id="187" f="13" l="45" c="4" d="183" a="0"/>
<U id="188" f="3" l="137" c="3" d="293" a="0"/>
<U id="189" f="13" l="12" c="8" d="140" a="0"/>
<U id="190" f="13" l="36" c="4" d="232" a="0"/>
<U id="191" f="13" l="82" c="4" d="351" a="0"/>
<U id="192" f="5" l="117" c="4" d="293" a="0"/>
<U id="193" f="5" l="108" c="4" d="293" a="0"/>
<U id="194" f="5" l="154" c="4" d="293" a="0"/>
<U id="195" f="5" l="145" c="4" d="107" a="0"/>
<U id="196" f="6" l="99" c="10" d="228" a="0"/>
<U id="197" f="6" l="108" c="4" d="142" a="0"/>
<U id="198" f="13" l="55" c="4" d="183" a="0"/>
<U id="199" f="8" l="158" c="1" d="338" a="1"/>
<U id="200" f="13" l="46" c="4" d="183" a="0"/>
<U id="201" f="13" l="92" c="4" d="283" a="0"/>
<U id="202" f="3" l="138" c="3" d="267" a="0"/>
<U id="203" f="13" l="37" c="4" d="183" a="0"/>
<U id="204" f="13" l="83" c="4" d="247" a="0"/>
<U id="205" f="5" l="118" c="4" d="293" a="0"/>
<U id="206" f="5" l="164" c="4" d="267" a="0"/>
<U id="207" f="5" l="109" c="4" d="293" a="0"/>
<U id="208" f="13" l="65" c="4" d="247" a="0"/>
<U id="209" f="14" l="83" c="4" d="164" a="0"/>
<U id="210" f="6" l="109" c="4" d="267" a="0"/>
<U id="211" f="13" l="56" c="4" d="183" a="0"/>
<U id="212" f="11" l="54" c="6" d="208" a="0"/>
<U id="213" f="13" l="47" c="4" d="183" a="0"/>
<U id="214" f="3" l="132" c="8" d="267" a="0"/>
<U id="215" f="3" l="139" c="3" d="267" a="0"/>
<U id="216" f="5" l="174" c="4" d="293" a="0"/>
<U id="217" f="8" l="131" c="8" d="203" a="0"/>
<U id="218" f="13" l="14" c="8" d="140" a="0"/>
<U id="219" f="13" l="84" c="4" d="258" a="0"/>
<U id="220" f="11" l="48" c="4" d="338" a="1"/>
<U id="221" f="5" l="119" c="4" d="293" a="0"/>
<U id="222" f="5" l="165" c="4" d="131" a="0"/>
<U id="223" f="13" l="29" c="4" d="226" a="0"/>
<U id="224" f="14" l="93" c="4" d="279" a="1"/>
<U id="225" f="13" l="66" c="4" d="164" a="0"/>
<U id="226" f="13" l="57" c="4" d="183" a="0"/>
<U id="227" f="14" l="75" c="4" d="356" a="0"/>
<U id="228" f="13" l="94" c="4" d="258" a="0"/>
<U id="229" f="5" l="129" c="4" d="267" a="0"/>
<U id="230" f="5" l="175" c="4" d="122" a="0"/>
<U id="231" f="13" l="15" c="8" d="285" a="0"/>
<U id="232" f="13" l="61" c="8" d="124" a="0"/>
<U id="233" f="13" l="85" c="4" d="247" a="0"/>
<U id="234" f="13" l="76" c="4" d="247" a="0"/>
<U id="235" f="14" l="61" c="8" d="286" a="0"/>
<U id="236" f="14" l="85" c="4" d="370" a="1"/>
<U id="237" f="13" l="58" c="4" d="183" a="0"/>
<U id="238" f="5" l="139" c="4" d="267" a="0"/>
<U id="239" f="13" l="16" c="8" d="230" a="0"/>
<U id="240" f="13" l="62" c="8" d="124" a="0"/>
<U id="241" f="13" l="86" c="4" d="258" a="0"/>
<U id="242" f="13" l="77" c="4" d="164" a="0"/>
<U id="243" f="5" l="149" c="4" d="293" a="0"/>
<U id="244" f="14" l="65" c="6" d="170" a="0"/>
<U id="245" f="14" l="77" c="4" d="379" a="1"/>
<U id="246" f="13" l="87" c="4" d="247" a="0"/>
<U id="247" f="14" l="59" c="4" d="183" a="0"/>
<U id="248" f="14" l="93" c="6" d="376" a="0"/>
<U id="249" f="5" l="159" c="4" d="267" a="0"/>
<U id="250" f="13" l="73" c="8" d="124" a="0"/>
<U id="251" f="14" l="69" c="4" d="321" a="1"/>
<U id="252" f="15" l="54" c="8" d="183" a="0"/>
<U id="253" f="13" l="18" c="8" d="124" a="0"/>
<U id="254" f="13" l="88" c="4" d="258" a="0"/>
<U id="255" f="5" l="169" c="4" d="293" a="0"/>
<U id="256" f="14" l="77" c="6" d="255" a="0"/>
<U id="257" f="13" l="99" c="4" d="247" a="0"/>
<U id="258" f="14" l="69" c="6" d="355" a="0"/>
<U id="259" f="14" l="85" c="8" d="275" a="0"/>
<U id="260" f="14" l="97" c="6" d="215" a="0"/>
<U id="261" f="13" l="49" c="8" d="164" a="0"/>
<U id="262" f="14" l="89" c="6" d="199" a="0"/>
<U id="263" f="8" l="130" c="9" d="337" a="0"/>
<U id="264" f="14" l="121" c="0" d="393" a="0"/>
<U id="265" f="5" l="130" c="10" d="109" a="0"/>
<U id="266" f="11" l="50" c="10" d="266" a="0"/>
<U id="267" f="13" l="31" c="10" d="170" a="0"/>
<U id="268" f="14" l="113" c="0" d="166" a="0"/>
<U id="269" f="8" l="132" c="9" d="257" a="0"/>
<U id="270" f="11" l="51" c="10" d="322" a="0"/>
<U id="271" f="6" l="104" c="10" d="135" a="0"/>
<U id="272" f="13" l="100" c="4" d="164" a="0"/>
<U id="273" f="8" l="131" c="20" d="152" a="0"/>
<U id="274" f="13" l="110" c="4" d="247" a="0"/>
<U id="275" f="16" l="70" c="19" d="140" a="0"/>
<U id="276" f="14" l="101" c="4" d="357" a="1"/>
<U id="277" f="5" l="125" c="10" d="101" a="0"/>
<U id="278" f="13" l="120" c="4" d="247" a="0"/>
<U id="279" f="10" l="24" c="12" d="322" a="0"/>
<U id="280" f="13" l="111" c="4" d="164" a="0"/>
<U id="281" f="14" l="70" c="11" d="321" a="0"/>
<U id="282" f="16" l="62" c="19" d="140" a="0"/>
<U id="283" f="13" l="91" c="10" d="215" a="0"/>
<U id="284" f="13" l="121" c="4" d="164" a="0"/>
<U id="285" f="14" l="62" c="11" d="392" a="0"/>
<U id="286" f="16" l="54" c="19" d="140" a="0"/>
<U id="287" f="16" l="60" c="12" d="250" a="0"/>
<U id="288" f="5" l="155" c="10" d="104" a="0"/>
<U id="289" f="8" l="130" c="14" d="308" a="0"/>
<U id="290" f="13" l="104" c="4" d="164" a="0"/>
<U id="291" f="14" l="101" c="6" d="342" a="0"/>
<U id="292" f="13" l="93" c="10" d="205" a="0"/>
<U id="293" f="6" l="113" c="50" d="108" a="0"/>
<U id="294" f="16" l="52" c="12" d="250" a="0"/>
<U id="295" f="8" l="157" c="9" d="196" a="0"/>
<U id="296" f="13" l="132" c="4" d="164" a="0"/>
<U id="297" f="14" l="222" c="4" d="33" a="0"/>
<U id="298" f="16" l="70" c="31" d="197" a="0"/>
<U id="299" f="13" l="60" c="14" d="166" a="0"/>
<U id="300" f="14" l="213" c="4" d="13" a="0"/>
<U id="301" f="13" l="105" c="4" d="164" a="0"/>
<U id="302" f="14" l="123" c="4" d="393" a="0"/>
<U id="303" f="8" l="158" c="9" d="320" a="0"/>
<U id="304" f="16" l="46" c="11" d="250" a="0"/>
<U id="305" f="16" l="72" c="12" d="197" a="0"/>
<U id="306" f="13" l="133" c="4" d="164" a="0"/>
<U id="307" f="16" l="62" c="31" d="174" a="0"/>
<U id="308" f="13" l="115" c="4" d="164" a="0"/>
<U id="309" f="14" l="115" c="4" d="166" a="0"/>
<U id="310" f="6" l="114" c="51" d="127" a="0"/>
<U id="311" f="13" l="143" c="4" d="164" a="0"/>
<U id="312" f="16" l="64" c="12" d="174" a="0"/>
<U id="313" f="13" l="33" c="24" d="207" a="0"/>
<U id="314" f="14" l="94" c="11" d="279" a="0"/>
<U id="315" f="16" l="54" c="31" d="179" a="0"/>
<U id="316" f="15" l="110" c="8" d="140" a="0"/>
<U id="317" f="13" l="116" c="4" d="164" a="0"/>
<U id="318" f="11" l="48" c="12" d="337" a="0"/>
<U id="319" f="8" l="132" c="15" d="253" a="0"/>
<U id="320" f="14" l="125" c="4" d="48" a="1"/>
<U id="321" f="6" l="115" c="51" d="127" a="0"/>
<U id="322" f="13" l="144" c="4" d="164" a="0"/>
<U id="323" f="16" l="56" c="12" d="179" a="0"/>
<U id="324" f="14" l="86" c="11" d="370" a="0"/>
<U id="325" f="14" l="23" c="16" d="133" a="0"/>
<U id="326" f="14" l="216" c="4" d="18" a="0"/>
<U id="327" f="11" l="54" c="33" d="125" a="0"/>
<U id="328" f="8" l="157" c="39" d="228" a="0"/>
<U id="329" f="15" l="23" c="16" d="133" a="0"/>
<U id="330" f="14" l="105" c="6" d="205" a="0"/>
<U id="331" f="14" l="126" c="4" d="48" a="1"/>
<U id="332" f="14" l="117" c="4" d="70" a="1"/>
<U id="333" f="16" l="23" c="16" d="133" a="0"/>
<U id="334" f="13" l="145" c="4" d="164" a="0"/>
<U id="335" f="13" l="89" c="10" d="199" a="0"/>
<U id="336" f="14" l="78" c="11" d="379" a="0"/>
<U id="337" f="13" l="140" c="8" d="164" a="0"/>
<U id="338" f="13" l="127" c="4" d="164" a="0"/>
<U id="339" f="15" l="112" c="8" d="182" a="0"/>
<U id="340" f="15" l="54" c="42" d="291" a="0"/>
<U id="341" f="15" l="66" c="22" d="166" a="0"/>
<U id="342" f="14" l="140" c="8" d="166" a="0"/>
<U id="343" f="14" l="127" c="4" d="48" a="1"/>
<U id="344" f="14" l="109" c="4" d="9" a="1"/>
<U id="345" f="13" l="137" c="4" d="164" a="0"/>
<U id="346" f="14" l="125" c="6" d="372" a="0"/>
<U id="347" f="14" l="93" c="14" d="296" a="0"/>
<U id="348" f="16" l="68" c="12" d="250" a="0"/>
<U id="349" f="14" l="133" c="7" d="364" a="0"/>
<U id="350" f="14" l="128" c="4" d="48" a="1"/>
<U id="351" f="13" l="156" c="4" d="32" a="0"/>
<U id="352" f="15" l="55" c="15" d="303" a="0"/>
<U id="353" f="13" l="160" c="8" d="90" a="0"/>
<U id="354" f="13" l="151" c="8" d="63" a="0"/>
<U id="355" f="13" l="138" c="4" d="164" a="0"/>
<U id="356" f="14" l="126" c="6" d="313" a="0"/>
<U id="357" f="8" l="157" c="32" d="218" a="0"/>
<U id="358" f="14" l="219" c="4" d="27" a="0"/>
<U id="359" f="14" l="27" c="16" d="183" a="0"/>
<U id="360" f="14" l="129" c="4" d="48" a="1"/>
<U id="361" f="13" l="170" c="8" d="38" a="0"/>
<U id="362" f="15" l="53" c="17" d="183" a="0"/>
<U id="363" f="13" l="17" c="17" d="285" a="0"/>
<U id="364" f="14" l="127" c="6" d="333" a="0"/>
<U id="365" f="14" l="28" c="16" d="164" a="0"/>
<U id="366" f="8" l="158" c="14" d="245" a="0"/>
<U id="367" f="13" l="180" c="8" d="93" a="0"/>
<U id="368" f="14" l="109" c="6" d="387" a="0"/>
<U id="369" f="14" l="91" c="17" d="199" a="0"/>
<U id="370" f="8" l="157" c="24" d="329" a="1"/>
<U id="371" f="13" l="107" c="8" d="164" a="0"/>
<U id="372" f="13" l="162" c="8" d="5" a="0"/>
<U id="373" f="11" l="54" c="82" d="125" a="0"/>
<U id="374" f="8" l="157" c="15" d="228" a="0"/>
<U id="375" f="13" l="153" c="8" d="166" a="0"/>
<U id="376" f="14" l="128" c="6" d="365" a="0"/>
<U id="377" f="14" l="29" c="16" d="166" a="0"/>
<U id="378" f="11" l="54" c="55" d="208" a="0"/>
<U id="379" f="13" l="19" c="17" d="305" a="0"/>
<U id="380" f="13" l="96" c="24" d="219" a="0"/>
<U id="381" f="13" l="172" c="8" d="14" a="0"/>
<U id="382" f="13" l="163" c="8" d="356" a="0"/>
<U id="383" f="14" l="117" c="8" d="310" a="0"/>
<U id="384" f="11" l="48" c="17" d="308" a="0"/>
<U id="385" f="14" l="129" c="6" d="360" a="0"/>
<U id="386" f="13" l="182" c="8" d="124" a="0"/>
<U id="387" f="14" l="145" c="8" d="55" a="1"/>
<U id="388" f="14" l="69" c="15" d="344" a="0"/>
<U id="389" f="14" l="67" c="17" d="170" a="0"/>
<U id="390" f="13" l="174" c="8" d="20" a="0"/>
<U id="391" f="13" l="165" c="8" d="83" a="0"/>
<U id="392" f="13" l="147" c="8" d="140" a="0"/>
<U id="393" f="13" l="184" c="8" d="164" a="0"/>
<U id="394" f="13" l="175" c="8" d="49" a="0"/>
<U id="395" f="13" l="148" c="8" d="183" a="0"/>
<U id="396" f="13" l="185" c="8" d="126" a="0"/>
<U id="397" f="14" l="77" c="18" d="260" a="0"/>
<U id="398" f="13" l="167" c="8" d="45" a="0"/>
<U id="399" f="13" l="158" c="8" d="393" a="0"/>
<U id="400" f="13" l="149" c="8" d="140" a="0"/>
<U id="401" f="13" l="186" c="8" d="166" a="0"/>
<U id="402" f="13" l="177" c="8" d="88" a="0"/>
<U id="403" f="8" l="157" c="47" d="332" a="0"/>
<U id="404" f="14" l="99" c="17" d="215" a="0"/>
<U id="405" f="14" l="159" c="8" d="59" a="1"/>
<U id="406" f="13" l="178" c="8" d="231" a="0"/>
<U id="407" f="13" l="169" c="8" d="89" a="0"/>
<U id="408" f="14" l="169" c="8" d="67" a="1"/>
<U id="409" f="14" l="179" c="8" d="73" a="1"/>
</Uses>
<Blocks>
<B id="1" t="routine" f="11" l="46" c="5">
<BEGIN l="47" c="0"/>
<END l="55" c="0"/>
</B>
<B id="2" t="ppcif" f="9" l="19" c="0">
<BEGIN l="19" c="23"/>
<END l="27" c="0"/>
</B>
<B id="3" t="ppcif" f="10" l="19" c="0">
<BEGIN l="19" c="23"/>
<END l="27" c="0"/>
</B>
<B id="4" t="routine" f="8" l="123" c="5">
<BEGIN l="124" c="0"/>
<END l="137" c="0"/>
</B>
<B id="5" t="routine" f="8" l="150" c="5">
<BEGIN l="151" c="0"/>
<END l="163" c="0"/>
</B>
<B id="6" t="ppcif" f="17" l="15" c="0">
<BEGIN l="15" c="27"/>
<END l="330" c="0"/>
</B>
<B id="7" t="ppcif" f="17" l="25" c="0">
<BEGIN l="25" c="19"/>
<END l="155" c="0"/>
</B>
<B id="8" t="ppcrmif" f="17" l="46" c="0">
<BEGIN l="46" c="93"/>
<END l="91" c="0"/>
</B>
<B id="9" t="ppcrmif" f="17" l="94" c="0">
<BEGIN l="94" c="91"/>
<END l="153" c="0"/>
</B>
<B id="10" t="ppcrmelse" f="17" l="155" c="0">
<BEGIN l="155" c="35"/>
<END l="328" c="0"/>
</B>
<B id="11" t="ppcif" f="18" l="11" c="0">
<BEGIN l="11" c="27"/>
<END l="36" c="0"/>
</B>
<B id="12" t="ppcrmif" f="18" l="14" c="0">
<BEGIN l="14" c="19"/>
<END l="29" c="0"/>
</B>
<B id="13" t="ppcelse" f="18" l="29" c="0">
<BEGIN l="29" c="5"/>
<END l="33" c="0"/>
</B>
<B id="14" t="ppcif" f="1" l="22" c="0">
<BEGIN l="22" c="17"/>
<END l="109" c="0"/>
</B>
<B id="15" t="ppcrmif" f="1" l="39" c="0">
<BEGIN l="39" c="66"/>
<END l="43" c="0"/>
</B>
<B id="16" t="ppcelse" f="1" l="43" c="0">
<BEGIN l="43" c="60"/>
<END l="47" c="0"/>
</B>
<B id="17" t="ppcrmif" f="1" l="52" c="0">
<BEGIN l="52" c="18"/>
<END l="58" c="0"/>
</B>
<B id="18" t="ppcrmif" f="1" l="62" c="0">
<BEGIN l="62" c="33"/>
<END l="80" c="0"/>
</B>
<B id="19" t="ppcelse" f="1" l="80" c="0">
<BEGIN l="80" c="31"/>
<END l="93" c="0"/>
</B>
<B id="20" t="ppcrmif" f="1" l="96" c="0">
<BEGIN l="96" c="14"/>
<END l="106" c="0"/>
</B>
<B id="21" t="ppcif" f="19" l="3" c="0">
<BEGIN l="3" c="29"/>
<END l="348" c="0"/>
</B>
<B id="22" t="ppcif" f="19" l="61" c="0">
<BEGIN l="63" c="27"/>
<END l="66" c="0"/>
</B>
<B id="23" t="ppcrmif" f="19" l="165" c="0">
<BEGIN l="165" c="17"/>
<END l="206" c="0"/>
</B>
<B id="24" t="ppcrmif" f="19" l="209" c="0">
<BEGIN l="209" c="37"/>
<END l="211" c="0"/>
</B>
<B id="25" t="ppcrmif" f="19" l="213" c="0">
<BEGIN l="213" c="44"/>
<END l="321" c="0"/>
</B>
<B id="26" t="ppcif" f="19" l="323" c="0">
<BEGIN l="323" c="18"/>
<END l="346" c="0"/>
</B>
<B id="27" t="ppcrmif" f="19" l="326" c="0">
<BEGIN l="326" c="18"/>
<END l="328" c="0"/>
</B>
<B id="28" t="ppcrmif" f="19" l="329" c="0">
<BEGIN l="329" c="63"/>
<END l="331" c="0"/>
</B>
<B id="29" t="ppcrmif" f="19" l="332" c="0">
<BEGIN l="332" c="64"/>
<END l="334" c="0"/>
</B>
<B id="30" t="ppcrmif" f="19" l="335" c="0">
<BEGIN l="335" c="16"/>
<END l="340" c="0"/>
</B>
<B id="31" t="ppcif" f="19" l="343" c="0">
<BEGIN l="343" c="57"/>
<END l="345" c="0"/>
</B>
<B id="32" t="type" f="4" l="48" c="7">
<BEGIN l="48" c="30"/>
<END l="53" c="0"/>
</B>
<B id="33" t="ppcif" f="4" l="24" c="0">
<BEGIN l="24" c="31"/>
<END l="166" c="0"/>
</B>
<B id="34" t="ppcrmif" f="4" l="27" c="0">
<BEGIN l="27" c="35"/>
<END l="29" c="0"/>
</B>
<B id="35" t="ppcrmif" f="4" l="33" c="0">
<BEGIN l="33" c="19"/>
<END l="36" c="0"/>
</B>
<B id="36" t="ppcrmif" f="4" l="150" c="0">
<BEGIN l="150" c="19"/>
<END l="152" c="0"/>
</B>
<B id="37" t="ppcif" f="4" l="155" c="0">
<BEGIN l="155" c="26"/>
<END l="163" c="0"/>
</B>
<B id="38" t="ppcif" f="4" l="156" c="0">
<BEGIN l="156" c="25"/>
<END l="160" c="0"/>
</B>
<B id="39" t="ppcrmif" f="4" l="157" c="0">
<BEGIN l="157" c="37"/>
<END l="159" c="0"/>
</B>
<B id="40" t="ppcrmelse" f="4" l="160" c="0">
<BEGIN l="160" c="7"/>
<END l="162" c="0"/>
</B>
<B id="41" t="ppcif" f="20" l="24" c="0">
<BEGIN l="24" c="36"/>
<END l="55" c="0"/>
</B>
<B id="42" t="ppcrmif" f="20" l="27" c="0">
<BEGIN l="27" c="19"/>
<END l="30" c="0"/>
</B>
<B id="43" t="ppcrmif" f="20" l="39" c="0">
<BEGIN l="39" c="19"/>
<END l="41" c="0"/>
</B>
<B id="44" t="ppcif" f="20" l="44" c="0">
<BEGIN l="44" c="26"/>
<END l="52" c="0"/>
</B>
<B id="45" t="ppcif" f="20" l="45" c="0">
<BEGIN l="45" c="25"/>
<END l="49" c="0"/>
</B>
<B id="46" t="ppcrmif" f="20" l="46" c="0">
<BEGIN l="46" c="37"/>
<END l="48" c="0"/>
</B>
<B id="47" t="ppcrmelse" f="20" l="49" c="0">
<BEGIN l="49" c="7"/>
<END l="51" c="0"/>
</B>
<B id="48" t="ppcif" f="21" l="24" c="0">
<BEGIN l="24" c="19"/>
<END l="46" c="0"/>
</B>
<B id="49" t="ppcif" f="21" l="35" c="0">
<BEGIN l="35" c="26"/>
<END l="43" c="0"/>
</B>
<B id="50" t="ppcif" f="21" l="36" c="0">
<BEGIN l="36" c="25"/>
<END l="40" c="0"/>
</B>
<B id="51" t="ppcrmif" f="21" l="37" c="0">
<BEGIN l="37" c="37"/>
<END l="39" c="0"/>
</B>
<B id="52" t="ppcrmelse" f="21" l="40" c="0">
<BEGIN l="40" c="7"/>
<END l="42" c="0"/>
</B>
<B id="53" t="ppcif" f="22" l="25" c="0">
<BEGIN l="25" c="14"/>
<END l="95" c="0"/>
</B>
<B id="54" t="ppcrmif" f="22" l="41" c="0">
<BEGIN l="41" c="33"/>
<END l="43" c="0"/>
</B>
<B id="55" t="ppcrmif" f="22" l="45" c="0">
<BEGIN l="45" c="46"/>
<END l="47" c="0"/>
</B>
<B id="56" t="ppcrmif" f="22" l="49" c="0">
<BEGIN l="49" c="28"/>
<END l="51" c="0"/>
</B>
<B id="57" t="ppcif" f="22" l="84" c="0">
<BEGIN l="84" c="26"/>
<END l="92" c="0"/>
</B>
<B id="58" t="ppcrmif" f="22" l="85" c="0">
<BEGIN l="85" c="25"/>
<END l="89" c="0"/>
</B>
<B id="59" t="ppcelse" f="22" l="89" c="0">
<BEGIN l="89" c="7"/>
<END l="91" c="0"/>
</B>
<B id="60" t="type" f="3" l="135" c="0">
<BEGIN l="135" c="0"/>
<END l="141" c="0"/>
</B>
<B id="61" t="ppcif" f="3" l="56" c="0">
<BEGIN l="56" c="19"/>
<END l="154" c="0"/>
</B>
<B id="62" t="ppcif" f="3" l="122" c="0">
<BEGIN l="122" c="26"/>
<END l="126" c="0"/>
</B>
<B id="63" t="ppcif" f="2" l="43" c="0">
<BEGIN l="43" c="24"/>
<END l="150" c="0"/>
</B>
<B id="64" t="ppcif" f="2" l="81" c="0">
<BEGIN l="81" c="13"/>
<END l="83" c="0"/>
</B>
<B id="65" t="ppcif" f="2" l="85" c="0">
<BEGIN l="85" c="14"/>
<END l="87" c="0"/>
</B>
<B id="66" t="ppcrmif" f="2" l="119" c="0">
<BEGIN l="119" c="46"/>
<END l="125" c="0"/>
</B>
<B id="67" t="ppcelse" f="2" l="125" c="0">
<BEGIN l="125" c="6"/>
<END l="129" c="0"/>
</B>
<B id="68" t="ppcrmif" f="2" l="131" c="0">
<BEGIN l="131" c="46"/>
<END l="137" c="0"/>
</B>
<B id="69" t="ppcelse" f="2" l="137" c="0">
<BEGIN l="137" c="6"/>
<END l="140" c="0"/>
</B>
<B id="70" t="ppcif" f="23" l="43" c="0">
<BEGIN l="43" c="18"/>
<END l="202" c="0"/>
</B>
<B id="71" t="ppcif" f="23" l="88" c="0">
<BEGIN l="88" c="17"/>
<END l="90" c="0"/>
</B>
<B id="72" t="ppcif" f="24" l="19" c="0">
<BEGIN l="19" c="22"/>
<END l="23" c="0"/>
</B>
<B id="73" t="ppcif" f="25" l="19" c="0">
<BEGIN l="19" c="26"/>
<END l="23" c="0"/>
</B>
<B id="74" t="ppcif" f="26" l="24" c="0">
<BEGIN l="24" c="31"/>
<END l="39" c="0"/>
</B>
<B id="75" t="ppcif" f="26" l="28" c="0">
<BEGIN l="28" c="26"/>
<END l="36" c="0"/>
</B>
<B id="76" t="ppcif" f="26" l="29" c="0">
<BEGIN l="29" c="25"/>
<END l="33" c="0"/>
</B>
<B id="77" t="ppcrmif" f="26" l="30" c="0">
<BEGIN l="30" c="37"/>
<END l="32" c="0"/>
</B>
<B id="78" t="ppcrmelse" f="26" l="33" c="0">
<BEGIN l="33" c="7"/>
<END l="35" c="0"/>
</B>
<B id="79" t="ppcif" f="27" l="19" c="0">
<BEGIN l="19" c="16"/>
<END l="24" c="0"/>
</B>
<B id="80" t="ppcif" f="28" l="53" c="0">
<BEGIN l="53" c="38"/>
<END l="57" c="0"/>
</B>
<B id="81" t="ppcrmif" f="28" l="67" c="0">
<BEGIN l="67" c="51"/>
<END l="71" c="0"/>
</B>
<B id="82" t="ppcrmif" f="28" l="81" c="0">
<BEGIN l="81" c="56"/>
<END l="85" c="0"/>
</B>
<B id="83" t="ppcrmif" f="28" l="95" c="0">
<BEGIN l="95" c="54"/>
<END l="99" c="0"/>
</B>
<B id="84" t="ppcrmif" f="28" l="109" c="0">
<BEGIN l="109" c="59"/>
<END l="113" c="0"/>
</B>
<B id="85" t="ppcif" f="28" l="125" c="0">
<BEGIN l="125" c="37"/>
<END l="129" c="0"/>
</B>
<B id="86" t="ppcrmif" f="28" l="139" c="0">
<BEGIN l="139" c="50"/>
<END l="143" c="0"/>
</B>
<B id="87" t="ppcrmif" f="28" l="153" c="0">
<BEGIN l="153" c="55"/>
<END l="157" c="0"/>
</B>
<B id="88" t="ppcrmif" f="28" l="167" c="0">
<BEGIN l="167" c="53"/>
<END l="171" c="0"/>
</B>
<B id="89" t="ppcrmif" f="28" l="181" c="0">
<BEGIN l="181" c="58"/>
<END l="185" c="0"/>
</B>
<B id="90" t="ppcif" f="28" l="201" c="0">
<BEGIN l="201" c="25"/>
<END l="209" c="0"/>
</B>
<B id="91" t="ppcif" f="28" l="202" c="0">
<BEGIN l="202" c="24"/>
<END l="206" c="0"/>
</B>
<B id="92" t="ppcrmif" f="28" l="203" c="0">
<BEGIN l="203" c="36"/>
<END l="205" c="0"/>
</B>
<B id="93" t="ppcrmelse" f="28" l="206" c="0">
<BEGIN l="206" c="6"/>
<END l="208" c="0"/>
</B>
<B id="94" t="type" f="6" l="27" c="0">
<BEGIN l="27" c="0"/>
<END l="35" c="0"/>
</B>
<B id="95" t="type" f="6" l="37" c="0">
<BEGIN l="37" c="0"/>
<END l="45" c="0"/>
</B>
<B id="96" t="type" f="6" l="47" c="0">
<BEGIN l="47" c="0"/>
<END l="50" c="0"/>
</B>
<B id="97" t="type" f="6" l="52" c="0">
<BEGIN l="52" c="0"/>
<END l="55" c="0"/>
</B>
<B id="98" t="type" f="6" l="57" c="0">
<BEGIN l="57" c="0"/>
<END l="60" c="0"/>
</B>
<B id="99" t="type" f="6" l="62" c="0">
<BEGIN l="62" c="0"/>
<END l="65" c="0"/>
</B>
<B id="100" t="type" f="6" l="67" c="0">
<BEGIN l="67" c="0"/>
<END l="70" c="0"/>
</B>
<B id="101" t="type" f="6" l="72" c="0">
<BEGIN l="72" c="0"/>
<END l="75" c="0"/>
</B>
<B id="102" t="type" f="6" l="78" c="0">
<BEGIN l="78" c="0"/>
<END l="89" c="0"/>
</B>
<B id="103" t="type" f="6" l="91" c="0">
<BEGIN l="91" c="0"/>
<END l="95" c="0"/>
</B>
<B id="104" t="type" f="6" l="97" c="0">
<BEGIN l="97" c="0"/>
<END l="111" c="0"/>
</B>
<B id="105" t="ppcif" f="6" l="17" c="0">
<BEGIN l="17" c="19"/>
<END l="197" c="0"/>
</B>
<B id="106" t="type" f="5" l="42" c="0">
<BEGIN l="42" c="0"/>
<END l="51" c="0"/>
</B>
<B id="107" t="type" f="5" l="61" c="0">
<BEGIN l="61" c="0"/>
<END l="64" c="0"/>
</B>
<B id="108" t="type" f="5" l="66" c="0">
<BEGIN l="66" c="0"/>
<END l="69" c="0"/>
</B>
<B id="109" t="type" f="5" l="71" c="0">
<BEGIN l="71" c="0"/>
<END l="74" c="0"/>
</B>
<B id="110" t="type" f="5" l="76" c="0">
<BEGIN l="76" c="0"/>
<END l="79" c="0"/>
</B>
<B id="111" t="type" f="5" l="81" c="0">
<BEGIN l="81" c="0"/>
<END l="85" c="0"/>
</B>
<B id="112" t="type" f="5" l="87" c="0">
<BEGIN l="87" c="0"/>
<END l="89" c="0"/>
</B>
<B id="113" t="type" f="5" l="91" c="0">
<BEGIN l="91" c="0"/>
<END l="93" c="0"/>
</B>
<B id="114" t="type" f="5" l="95" c="0">
<BEGIN l="95" c="0"/>
<END l="98" c="0"/>
</B>
<B id="115" t="type" f="5" l="100" c="0">
<BEGIN l="100" c="0"/>
<END l="103" c="0"/>
</B>
<B id="116" t="type" f="5" l="105" c="0">
<BEGIN l="105" c="0"/>
<END l="113" c="0"/>
</B>
<B id="117" t="type" f="5" l="115" c="0">
<BEGIN l="115" c="0"/>
<END l="120" c="0"/>
</B>
<B id="118" t="type" f="5" l="123" c="0">
<BEGIN l="123" c="0"/>
<END l="126" c="0"/>
</B>
<B id="119" t="type" f="5" l="128" c="0">
<BEGIN l="128" c="0"/>
<END l="131" c="0"/>
</B>
<B id="120" t="type" f="5" l="133" c="0">
<BEGIN l="133" c="0"/>
<END l="136" c="0"/>
</B>
<B id="121" t="type" f="5" l="138" c="0">
<BEGIN l="138" c="0"/>
<END l="141" c="0"/>
</B>
<B id="122" t="type" f="5" l="143" c="0">
<BEGIN l="143" c="0"/>
<END l="146" c="0"/>
</B>
<B id="123" t="type" f="5" l="148" c="0">
<BEGIN l="148" c="0"/>
<END l="151" c="0"/>
</B>
<B id="124" t="type" f="5" l="153" c="0">
<BEGIN l="153" c="0"/>
<END l="156" c="0"/>
</B>
<B id="125" t="type" f="5" l="158" c="0">
<BEGIN l="158" c="0"/>
<END l="161" c="0"/>
</B>
<B id="126" t="type" f="5" l="163" c="0">
<BEGIN l="163" c="0"/>
<END l="166" c="0"/>
</B>
<B id="127" t="type" f="5" l="168" c="0">
<BEGIN l="168" c="0"/>
<END l="171" c="0"/>
</B>
<B id="128" t="type" f="5" l="173" c="0">
<BEGIN l="173" c="0"/>
<END l="176" c="0"/>
</B>
<B id="129" t="ppcif" f="5" l="21" c="0">
<BEGIN l="21" c="20"/>
<END l="177" c="0"/>
</B>
<B id="130" t="ppcif" f="5" l="29" c="0">
<BEGIN l="29" c="31"/>
<END l="39" c="0"/>
</B>
</Blocks>
</Navig>
