<?xml version="1.0" encoding="UTF-8"?>

<MISRA-C-Report version="1.3">


<CodeStruct Name="" File="C:\Component\SF028A_AssiHiFrq_Impl\src\AssiHiFrq.c" Line="0" Column="0">

<Rule Name="19.1" Mode="advisory" Report="warning" Id="1">
<Loc File="C:\Component\SF028A_AssiHiFrq_Impl\src\AssiHiFrq.c" Line="350" Column="0">
</Loc>
<Message>
#include statements in a file shall only be preceded by other preprocessor directives or comments.
</Message>
</Rule>

</CodeStruct>

<CodeStruct Name="AssiHiFrqPer1" File="C:\Component\SF028A_AssiHiFrq_Impl\src\AssiHiFrq.c" Line="257" Column="5">

<Rule Name="5.1" Mode="required" Report="warning" Id="2">
<Loc File="C:\Component\SF028A_AssiHiFrq_Impl\src\AssiHiFrq.c" Line="279" Column="16">
</Loc>
<Message>
Identifiers "GainWhlImbRejctnZero_MotNwtMtrPerHwNwtMtr_T_f32" (AssiHiFrq.c line 275 column 16) and "GainWhlImbRejctnZero_MotNwtMtrPerHwNwtMtr_T_u3p13" (AssiHiFrq.c line 279 column 16) have the same first 44 characters.
</Message>
</Rule>

<Rule Name="5.1" Mode="required" Report="warning" Id="3">
<Loc File="C:\Component\SF028A_AssiHiFrq_Impl\src\AssiHiFrq.c" Line="280" Column="16">
</Loc>
<Message>
Identifiers "GainWhlImbRejctnMax_MotNwtMtrPerHwNwtMtr_T_f32" (AssiHiFrq.c line 276 column 16) and "GainWhlImbRejctnMax_MotNwtMtrPerHwNwtMtr_T_u3p13" (AssiHiFrq.c line 280 column 16) have the same first 43 characters.
</Message>
</Rule>

<Rule Name="9.1" Mode="required" Report="warning" Id="4">
<Loc File="C:\Component\SF028A_AssiHiFrq_Impl\src\AssiHiFrq.c" Line="287" Column="50">
</Loc>
<Message>
All automatic variables shall have been assigned a value before being used.
</Message>
</Rule>

<Rule Name="9.1" Mode="required" Report="warning" Id="5">
<Loc File="C:\Component\SF028A_AssiHiFrq_Impl\src\AssiHiFrq.c" Line="290" Column="49">
</Loc>
<Message>
All automatic variables shall have been assigned a value before being used.
</Message>
</Rule>

<Rule Name="11.5" Mode="required" Report="warning" Id="6">
<Loc File="C:\Component\SF028A_AssiHiFrq_Impl\src\AssiHiFrq.c" Line="291" Column="64">
</Loc>
<Message>
A cast shall not be performed that removes any const or volatile qualification
from the type addressed by a pointer.
</Message>
</Rule>

<Rule Name="11.5" Mode="required" Report="warning" Id="7">
<Loc File="C:\Component\SF028A_AssiHiFrq_Impl\src\AssiHiFrq.c" Line="292" Column="122">
</Loc>
<Message>
A cast shall not be performed that removes any const or volatile qualification
from the type addressed by a pointer.
</Message>
</Rule>

<Rule Name="12.3" Mode="required" Report="warning" Id="8">
<Loc File="C:\Component\SF028A_AssiHiFrq_Impl\src\AssiHiFrq.c" Line="293" Column="129">
</Loc>
<Message>
The sizeof operator should not be used on expressions that contain side effects.
</Message>
</Rule>

<Rule Name="11.5" Mode="required" Report="warning" Id="9">
<Loc File="C:\Component\SF028A_AssiHiFrq_Impl\src\AssiHiFrq.c" Line="293" Column="138">
</Loc>
<Message>
A cast shall not be performed that removes any const or volatile qualification
from the type addressed by a pointer.
</Message>
</Rule>

<Rule Name="12.3" Mode="required" Report="warning" Id="10">
<Loc File="C:\Component\SF028A_AssiHiFrq_Impl\src\AssiHiFrq.c" Line="293" Column="215">
</Loc>
<Message>
The sizeof operator should not be used on expressions that contain side effects.
</Message>
</Rule>

<Rule Name="11.5" Mode="required" Report="warning" Id="11">
<Loc File="C:\Component\SF028A_AssiHiFrq_Impl\src\AssiHiFrq.c" Line="293" Column="225">
</Loc>
<Message>
A cast shall not be performed that removes any const or volatile qualification
from the type addressed by a pointer.
</Message>
</Rule>

<Rule Name="21.1" Mode="required" Report="warning" Id="12">
<Loc File="C:\Component\SF028A_AssiHiFrq_Impl\src\AssiHiFrq.c" Line="298" Column="71">
</Loc>
<Message>
Minimisation of run-time failures.
</Message>
</Rule>

<Rule Name="9.1" Mode="required" Report="warning" Id="13">
<Loc File="C:\Component\SF028A_AssiHiFrq_Impl\src\AssiHiFrq.c" Line="302" Column="65">
</Loc>
<Message>
All automatic variables shall have been assigned a value before being used.
</Message>
</Rule>

<Rule Name="11.5" Mode="required" Report="warning" Id="14">
<Loc File="C:\Component\SF028A_AssiHiFrq_Impl\src\AssiHiFrq.c" Line="305" Column="98">
</Loc>
<Message>
A cast shall not be performed that removes any const or volatile qualification
from the type addressed by a pointer.
</Message>
</Rule>

<Rule Name="12.3" Mode="required" Report="warning" Id="15">
<Loc File="C:\Component\SF028A_AssiHiFrq_Impl\src\AssiHiFrq.c" Line="306" Column="105">
</Loc>
<Message>
The sizeof operator should not be used on expressions that contain side effects.
</Message>
</Rule>

<Rule Name="11.5" Mode="required" Report="warning" Id="16">
<Loc File="C:\Component\SF028A_AssiHiFrq_Impl\src\AssiHiFrq.c" Line="306" Column="114">
</Loc>
<Message>
A cast shall not be performed that removes any const or volatile qualification
from the type addressed by a pointer.
</Message>
</Rule>

<Rule Name="12.3" Mode="required" Report="warning" Id="17">
<Loc File="C:\Component\SF028A_AssiHiFrq_Impl\src\AssiHiFrq.c" Line="306" Column="191">
</Loc>
<Message>
The sizeof operator should not be used on expressions that contain side effects.
</Message>
</Rule>

<Rule Name="11.5" Mode="required" Report="warning" Id="18">
<Loc File="C:\Component\SF028A_AssiHiFrq_Impl\src\AssiHiFrq.c" Line="306" Column="201">
</Loc>
<Message>
A cast shall not be performed that removes any const or volatile qualification
from the type addressed by a pointer.
</Message>
</Rule>

<Rule Name="12.3" Mode="required" Report="warning" Id="19">
<Loc File="C:\Component\SF028A_AssiHiFrq_Impl\src\AssiHiFrq.c" Line="309" Column="105">
</Loc>
<Message>
The sizeof operator should not be used on expressions that contain side effects.
</Message>
</Rule>

<Rule Name="11.5" Mode="required" Report="warning" Id="20">
<Loc File="C:\Component\SF028A_AssiHiFrq_Impl\src\AssiHiFrq.c" Line="309" Column="114">
</Loc>
<Message>
A cast shall not be performed that removes any const or volatile qualification
from the type addressed by a pointer.
</Message>
</Rule>

<Rule Name="12.3" Mode="required" Report="warning" Id="21">
<Loc File="C:\Component\SF028A_AssiHiFrq_Impl\src\AssiHiFrq.c" Line="309" Column="199">
</Loc>
<Message>
The sizeof operator should not be used on expressions that contain side effects.
</Message>
</Rule>

<Rule Name="11.5" Mode="required" Report="warning" Id="22">
<Loc File="C:\Component\SF028A_AssiHiFrq_Impl\src\AssiHiFrq.c" Line="309" Column="209">
</Loc>
<Message>
A cast shall not be performed that removes any const or volatile qualification
from the type addressed by a pointer.
</Message>
</Rule>

<Rule Name="21.1" Mode="required" Report="warning" Id="23">
<Loc File="C:\Component\SF028A_AssiHiFrq_Impl\src\AssiHiFrq.c" Line="311" Column="8">
</Loc>
<Message>
Minimisation of run-time failures.
</Message>
</Rule>

<Rule Name="11.5" Mode="required" Report="warning" Id="24">
<Loc File="C:\Component\SF028A_AssiHiFrq_Impl\src\AssiHiFrq.c" Line="316" Column="178">
</Loc>
<Message>
A cast shall not be performed that removes any const or volatile qualification
from the type addressed by a pointer.
</Message>
</Rule>

<Rule Name="12.3" Mode="required" Report="warning" Id="25">
<Loc File="C:\Component\SF028A_AssiHiFrq_Impl\src\AssiHiFrq.c" Line="317" Column="185">
</Loc>
<Message>
The sizeof operator should not be used on expressions that contain side effects.
</Message>
</Rule>

<Rule Name="11.5" Mode="required" Report="warning" Id="26">
<Loc File="C:\Component\SF028A_AssiHiFrq_Impl\src\AssiHiFrq.c" Line="317" Column="194">
</Loc>
<Message>
A cast shall not be performed that removes any const or volatile qualification
from the type addressed by a pointer.
</Message>
</Rule>

<Rule Name="12.3" Mode="required" Report="warning" Id="27">
<Loc File="C:\Component\SF028A_AssiHiFrq_Impl\src\AssiHiFrq.c" Line="317" Column="271">
</Loc>
<Message>
The sizeof operator should not be used on expressions that contain side effects.
</Message>
</Rule>

<Rule Name="11.5" Mode="required" Report="warning" Id="28">
<Loc File="C:\Component\SF028A_AssiHiFrq_Impl\src\AssiHiFrq.c" Line="317" Column="281">
</Loc>
<Message>
A cast shall not be performed that removes any const or volatile qualification
from the type addressed by a pointer.
</Message>
</Rule>

<Rule Name="12.3" Mode="required" Report="warning" Id="29">
<Loc File="C:\Component\SF028A_AssiHiFrq_Impl\src\AssiHiFrq.c" Line="320" Column="185">
</Loc>
<Message>
The sizeof operator should not be used on expressions that contain side effects.
</Message>
</Rule>

<Rule Name="11.5" Mode="required" Report="warning" Id="30">
<Loc File="C:\Component\SF028A_AssiHiFrq_Impl\src\AssiHiFrq.c" Line="320" Column="194">
</Loc>
<Message>
A cast shall not be performed that removes any const or volatile qualification
from the type addressed by a pointer.
</Message>
</Rule>

<Rule Name="12.3" Mode="required" Report="warning" Id="31">
<Loc File="C:\Component\SF028A_AssiHiFrq_Impl\src\AssiHiFrq.c" Line="320" Column="266">
</Loc>
<Message>
The sizeof operator should not be used on expressions that contain side effects.
</Message>
</Rule>

<Rule Name="11.5" Mode="required" Report="warning" Id="32">
<Loc File="C:\Component\SF028A_AssiHiFrq_Impl\src\AssiHiFrq.c" Line="320" Column="276">
</Loc>
<Message>
A cast shall not be performed that removes any const or volatile qualification
from the type addressed by a pointer.
</Message>
</Rule>

<Rule Name="21.1" Mode="required" Report="warning" Id="33">
<Loc File="C:\Component\SF028A_AssiHiFrq_Impl\src\AssiHiFrq.c" Line="322" Column="8">
</Loc>
<Message>
Minimisation of run-time failures.
</Message>
</Rule>

<Rule Name="11.5" Mode="required" Report="warning" Id="34">
<Loc File="C:\Component\SF028A_AssiHiFrq_Impl\src\AssiHiFrq.c" Line="326" Column="178">
</Loc>
<Message>
A cast shall not be performed that removes any const or volatile qualification
from the type addressed by a pointer.
</Message>
</Rule>

<Rule Name="12.3" Mode="required" Report="warning" Id="35">
<Loc File="C:\Component\SF028A_AssiHiFrq_Impl\src\AssiHiFrq.c" Line="327" Column="185">
</Loc>
<Message>
The sizeof operator should not be used on expressions that contain side effects.
</Message>
</Rule>

<Rule Name="11.5" Mode="required" Report="warning" Id="36">
<Loc File="C:\Component\SF028A_AssiHiFrq_Impl\src\AssiHiFrq.c" Line="327" Column="194">
</Loc>
<Message>
A cast shall not be performed that removes any const or volatile qualification
from the type addressed by a pointer.
</Message>
</Rule>

<Rule Name="12.3" Mode="required" Report="warning" Id="37">
<Loc File="C:\Component\SF028A_AssiHiFrq_Impl\src\AssiHiFrq.c" Line="327" Column="271">
</Loc>
<Message>
The sizeof operator should not be used on expressions that contain side effects.
</Message>
</Rule>

<Rule Name="11.5" Mode="required" Report="warning" Id="38">
<Loc File="C:\Component\SF028A_AssiHiFrq_Impl\src\AssiHiFrq.c" Line="327" Column="281">
</Loc>
<Message>
A cast shall not be performed that removes any const or volatile qualification
from the type addressed by a pointer.
</Message>
</Rule>

<Rule Name="12.3" Mode="required" Report="warning" Id="39">
<Loc File="C:\Component\SF028A_AssiHiFrq_Impl\src\AssiHiFrq.c" Line="330" Column="185">
</Loc>
<Message>
The sizeof operator should not be used on expressions that contain side effects.
</Message>
</Rule>

<Rule Name="11.5" Mode="required" Report="warning" Id="40">
<Loc File="C:\Component\SF028A_AssiHiFrq_Impl\src\AssiHiFrq.c" Line="330" Column="194">
</Loc>
<Message>
A cast shall not be performed that removes any const or volatile qualification
from the type addressed by a pointer.
</Message>
</Rule>

<Rule Name="12.3" Mode="required" Report="warning" Id="41">
<Loc File="C:\Component\SF028A_AssiHiFrq_Impl\src\AssiHiFrq.c" Line="330" Column="280">
</Loc>
<Message>
The sizeof operator should not be used on expressions that contain side effects.
</Message>
</Rule>

<Rule Name="11.5" Mode="required" Report="warning" Id="42">
<Loc File="C:\Component\SF028A_AssiHiFrq_Impl\src\AssiHiFrq.c" Line="330" Column="290">
</Loc>
<Message>
A cast shall not be performed that removes any const or volatile qualification
from the type addressed by a pointer.
</Message>
</Rule>

<Rule Name="21.1" Mode="required" Report="warning" Id="43">
<Loc File="C:\Component\SF028A_AssiHiFrq_Impl\src\AssiHiFrq.c" Line="334" Column="8">
</Loc>
<Message>
Minimisation of run-time failures.
</Message>
</Rule>

</CodeStruct>

</MISRA-C-Report>
