<?xml version="1.0" encoding="UTF-8"?>
<Navig version="1.0">
<Files>
<F id="1" n="C:\Program Files\MATLAB\R2013b\polyspace\verifier\cxx\cinclude\stdarg.h"/>
<F id="2" n="C:\component\AR201A_ArCplrSuprt_Impl\include\ASR4.0.3\Platform_Types.h"/>
<F id="3" n="C:\component\AR200A_ArSuprt_Impl\include\ASR4.0.3\Std_Types.h"/>
<F id="4" n="C:\component\ES248B_MotAgArbn_Impl\tools\contract\Rte_CDD_MotAgArbn.h"/>
<F id="5" n="C:\component\ES248B_MotAgArbn_Impl\src\CDD_MotAgArbn.c"/>
<F id="6" n="C:\component\ES248B_MotAgArbn_Impl\tools\contract\CDD_MotCtrlMgr_Data.h"/>
<F id="7" n="C:\component\ES248B_MotAgArbn_Impl\src\CDD_MotAgArbn_MotCtrl.c"/>
<F id="8" n="C-STUBS\__polyspace__stdstubs.c"/>
<F id="9" n="C:\component\ES248B_MotAgArbn_Impl\tools\Polyspace\Result_1\C-ALL\C-STUBS\pst_stub_types.h"/>
<F id="10" n="C-STUBS\pst_stubs_1.c"/>
<F id="11" n="C-STUBS\pst_stubs_0.c"/>
<F id="12" n="C-STUBS\__polyspace_main.c"/>
<F id="13" n="C:\component\ES248B_MotAgArbn_Impl\include\CDD_MotAgArbn.h"/>
<F id="14" n="C:\component\ES248B_MotAgArbn_Impl\include\CDD_MotAgArbn_MotCtrl_MemMap.h"/>
<F id="15" n="C:\Program Files\MATLAB\R2013b\polyspace\verifier\cxx\cinclude\__polyspace__std_decls.h"/>
<F id="16" n="C:\Program Files\MATLAB\R2013b\polyspace\verifier\cxx\cinclude\assert.h"/>
<F id="17" n="C:\Program Files\MATLAB\R2013b\polyspace\verifier\cxx\cinclude\__polyspace__libc_defs.h"/>
<F id="18" n="C:\component\ES248B_MotAgArbn_Impl\tools\contract\Rte_CDD_MotAgArbn_Type.h"/>
<F id="19" n="C:\component\ES248B_MotAgArbn_Impl\tools\contract\Rte_Type.h"/>
<F id="20" n="C:\component\ES248B_MotAgArbn_Impl\tools\contract\Rte.h"/>
<F id="21" n="C:\component\AR201A_ArCplrSuprt_Impl\include\ASR4.0.3\Compiler.h"/>
<F id="22" n="C:\component\AR201A_ArCplrSuprt_Impl\tools\contract\Compiler_Cfg.h"/>
<F id="23" n="C:\component\ES248B_MotAgArbn_Impl\tools\contract\Rte_DataHandleType.h"/>
<F id="24" n="C:\component\AR200A_ArSuprt_Impl\tools\contract\MemMap.h"/>
<F id="25" n="C:\component\ES248B_MotAgArbn_Impl\tools\contract\CDD_MotAgArbn_MemMap.h"/>
</Files>
<Definitions>
<D id="1" f="10" l="100" c="24" n="Rte_Inst_CDD_MotAgArbn" t="1" d="0"/>
<D id="2" f="10" l="117" c="12" n="_main_gen_init_sym_MOTCTRLMGR_MotCtrlMotAgMeclCorrlnSts" t="5" d="1"/>
<D id="3" f="10" l="127" c="12" n="_main_gen_init_sym_MOTCTRLMGR_MotCtrlMotAgAMeclRollgCntr" t="5" d="1"/>
<D id="4" f="10" l="137" c="12" n="_main_gen_init_sym_MOTCTRLMGR_MotCtrlMotAgAMecl" t="5" d="1"/>
<D id="5" f="10" l="147" c="12" n="_main_gen_init_sym_MOTCTRLMGR_MotCtrlMotAgAMeclQlfr" t="5" d="1"/>
<D id="6" f="10" l="119" c="24" n="MOTCTRLMGR_MotCtrlMotAgMeclCorrlnSts" t="1" d="0"/>
<D id="7" f="10" l="107" c="26" n="_i_main_gen_tmp_1" t="4" d="1"/>
<D id="8" f="10" l="129" c="24" n="MOTCTRLMGR_MotCtrlMotAgAMeclRollgCntr" t="1" d="0"/>
<D id="9" f="10" l="149" c="24" n="MOTCTRLMGR_MotCtrlMotAgAMeclQlfr" t="1" d="0"/>
<D id="10" f="10" l="139" c="25" n="MOTCTRLMGR_MotCtrlMotAgAMecl" t="1" d="0"/>
<D id="11" f="10" l="106" c="48" n="_main_gen_tmp_0" t="4" d="1"/>
<D id="12" f="8" l="6847" c="14" n="_polyspace_compare_function_type" t="7" d="1"/>
<D id="13" f="8" l="11307" c="21" n="HUGE_VAL" t="1" d="1"/>
<D id="14" f="8" l="11308" c="21" n="HUGE_VALF" t="1" d="1"/>
<D id="15" f="8" l="11309" c="21" n="HUGE_VALL" t="1" d="1"/>
<D id="16" f="8" l="12151" c="16" n="__polyspace_absolute_address" t="1" d="1"/>
<D id="17" f="8" l="11291" c="23" n="random" t="4" d="1"/>
<D id="18" f="8" l="11289" c="12" n="_polyspace_random_long_double" t="2" d="1"/>
<D id="19" f="9" l="3" c="20" n="__PST__SINT8" t="7" d="1"/>
<D id="20" f="9" l="5" c="19" n="__PST__SINT32" t="7" d="1"/>
<D id="21" f="9" l="1" c="13" n="__PST__CHAR" t="7" d="1"/>
<D id="22" f="9" l="4" c="21" n="__PST__SINT16" t="7" d="1"/>
<D id="23" f="9" l="2" c="13" n="__PST__VOID" t="7" d="1"/>
<D id="24" f="9" l="7" c="22" n="__PST__UINT8" t="7" d="1"/>
<D id="25" f="9" l="9" c="21" n="__PST__UINT32" t="7" d="1"/>
<D id="26" f="7" l="51" c="5" n="MotAgArbnPer1" t="2" d="1"/>
<D id="27" f="9" l="8" c="23" n="__PST__UINT16" t="7" d="1"/>
<D id="28" f="9" l="6" c="25" n="__PST__SINT64" t="7" d="1"/>
<D id="29" f="5" l="83" c="5" n="CDD_MotAgArbn_Init1" t="2" d="1"/>
<D id="30" f="9" l="26" c="7" n="Rte_CDS_CDD_MotAgArbn" t="6" d="1"/>
<D id="31" f="4" l="48" c="7" n="Rte_CDS_CDD_MotAgArbn" t="6" d="1"/>
<D id="32" f="4" l="51" c="9" n="Pim_MotAgARollgCntPrev" t="9" d="1"/>
<D id="33" f="4" l="52" c="9" n="Pim_MotAgAStallCntPrev" t="9" d="1"/>
<D id="34" f="9" l="20" c="20" n="__PST__g__22" t="7" d="1"/>
<D id="35" f="4" l="53" c="10" n="Pim_MotAgMeclPrev" t="9" d="1"/>
<D id="36" f="9" l="12" c="21" n="__PST__g__11" t="7" d="1"/>
<D id="37" f="3" l="141" c="2" n="Std_VersionInfoType" t="7" d="1"/>
<D id="38" f="9" l="14" c="20" n="__PST__g__15" t="7" d="1"/>
<D id="39" f="9" l="40" c="21" n="__PST__g__42" t="7" d="1"/>
<D id="40" f="8" l="22" c="21" n="size_t" t="7" d="1"/>
<D id="41" f="9" l="41" c="30" n="__PST__g__43" t="7" d="1"/>
<D id="42" f="9" l="32" c="21" n="__PST__g__29" t="7" d="1"/>
<D id="43" f="4" l="60" c="49" n="Rte_Inst_CDD_MotAgArbn" t="1" d="0"/>
<D id="44" f="9" l="42" c="21" n="__PST__g__44" t="7" d="1"/>
<D id="45" f="9" l="22" c="22" n="__PST__g__24" t="7" d="1"/>
<D id="46" f="9" l="11" c="14" n="__PST__FLOAT32" t="7" d="1"/>
<D id="47" f="8" l="24" c="12" n="ptrdiff_t" t="7" d="1"/>
<D id="48" f="9" l="43" c="30" n="__PST__g__45" t="7" d="1"/>
<D id="49" f="6" l="40" c="14" n="MOTCTRLMGR_MotCtrlMotAgAMecl" t="1" d="0"/>
<D id="50" f="9" l="33" c="22" n="__PST__g__30" t="7" d="1"/>
<D id="51" f="9" l="24" c="22" n="__PST__g__27" t="7" d="1"/>
<D id="52" f="8" l="27" c="21" n="wchar_t" t="7" d="1"/>
<D id="53" f="12" l="42" c="5" n="main" t="2" d="1"/>
<D id="54" f="9" l="16" c="22" n="__PST__g__18" t="7" d="1"/>
<D id="55" f="9" l="44" c="22" n="__PST__g__46" t="7" d="1"/>
<D id="56" f="9" l="21" c="43" n="__PST__g__25" t="7" d="1"/>
<D id="57" f="9" l="35" c="22" n="__PST__g__32" t="7" d="1"/>
<D id="58" f="9" l="13" c="15" n="__PST__FLOAT64" t="7" d="1"/>
<D id="59" f="9" l="15" c="23" n="__PST__g__16" t="7" d="1"/>
<D id="60" f="9" l="19" c="30" n="__PST__g__20" t="7" d="1"/>
<D id="61" f="9" l="45" c="22" n="__PST__g__47" t="7" d="1"/>
<D id="62" f="1" l="45" c="14" n="__va_list" t="7" d="1"/>
<D id="63" f="9" l="25" c="23" n="__PST__g__28" t="7" d="1"/>
<D id="64" f="6" l="44" c="14" n="MOTCTRLMGR_MotCtrlMotAgMecl" t="1" d="0"/>
<D id="65" f="9" l="18" c="22" n="__PST__g__21" t="7" d="1"/>
<D id="66" f="9" l="46" c="31" n="__PST__g__48" t="7" d="1"/>
<D id="67" f="6" l="41" c="16" n="MOTCTRLMGR_MotCtrlMotAgAMeclQlfr" t="1" d="0"/>
<D id="68" f="9" l="17" c="32" n="__PST__g__19" t="7" d="1"/>
<D id="69" f="9" l="37" c="22" n="__PST__g__34" t="7" d="1"/>
<D id="70" f="9" l="10" c="27" n="__PST__UINT64" t="7" d="1"/>
<D id="71" f="9" l="30" c="17" n="Pim_MotAgMeclPrev" t="9" d="1"/>
<D id="72" f="6" l="38" c="13" n="MOTCTRLMGR_MotCtrlMotAgMeclCorrlnSts" t="1" d="0"/>
<D id="73" f="7" l="53" c="24" n="MotCtrlMotAgAMecl_MotRev_T_u0p16" t="4" d="1"/>
<D id="74" f="11" l="45" c="5" n="__PST__MAIN__ENTRY__POINT__" t="2" d="1"/>
<D id="75" f="9" l="38" c="22" n="__PST__g__35" t="7" d="1"/>
<D id="76" f="6" l="39" c="13" n="MOTCTRLMGR_MotCtrlMotAgAMeclRollgCntr" t="1" d="0"/>
<D id="77" f="7" l="54" c="24" n="MotCtrlMotAgMecl_MotRev_T_u16" t="4" d="1"/>
<D id="78" f="1" l="50" c="18" n="__gnuc_va_list" t="7" d="1"/>
<D id="79" f="9" l="39" c="31" n="__PST__g__36" t="7" d="1"/>
<D id="80" f="6" l="23" c="17" n="SigQlfr1" t="7" d="1"/>
<D id="81" f="7" l="55" c="24" n="MotCtrlMotAgAMeclRollgCntr_Cnt_T_u08" t="4" d="1"/>
<D id="82" f="7" l="56" c="24" n="MotCtrlMotAgMeclCorrlnSts_Cnt_T_u08" t="4" d="1"/>
<D id="83" f="9" l="23" c="27" n="__PST__g__23" t="7" d="1"/>
<D id="84" f="7" l="57" c="24" n="MotCtrlMotAgAMeclQlfr_Cnt_T_enum" t="4" d="1"/>
<D id="85" f="7" l="58" c="24" n="MotAgASigAvl_Cnt_T_lgc" t="4" d="1"/>
<D id="86" f="4" l="65" c="44" n="Rte_Instance" t="7" d="1"/>
<D id="87" f="9" l="34" c="27" n="__PST__g__31" t="7" d="1"/>
<D id="88" f="7" l="96" c="15" n="SigAvlChkRev" t="5" d="1"/>
<D id="89" f="9" l="28" c="17" n="Pim_MotAgARollgCntPrev" t="9" d="1"/>
<D id="90" f="9" l="36" c="27" n="__PST__g__33" t="7" d="1"/>
<D id="91" f="7" l="96" c="34" n="SigCorrChk_Cnt_T_u08" t="4" d="1"/>
<D id="92" f="9" l="29" c="17" n="Pim_MotAgAStallCntPrev" t="9" d="1"/>
<D id="93" f="1" l="49" c="18" n="va_list" t="7" d="1"/>
<D id="94" f="8" l="398" c="4" n="errno" t="1" d="1"/>
<D id="95" f="7" l="97" c="97" n="SigRollgCnt_Cnt_T_u08" t="4" d="1"/>
<D id="96" f="7" l="99" c="98" n="LstRollgCnt_Cnt_T_u08" t="4" d="1"/>
<D id="97" f="3" l="140" c="10" n="sw_patch_version" t="9" d="1"/>
<D id="98" f="2" l="110" c="31" n="sint8" t="7" d="1"/>
<D id="99" f="2" l="120" c="31" n="uint16_least" t="7" d="1"/>
<D id="100" f="2" l="111" c="31" n="uint8" t="7" d="1"/>
<D id="101" f="10" l="25" c="20" n="pst_random_int" t="3" d="1"/>
<D id="102" f="2" l="121" c="31" n="sint32_least" t="7" d="1"/>
<D id="103" f="11" l="25" c="20" n="pst_random_int" t="3" d="1"/>
<D id="104" f="2" l="112" c="31" n="sint16" t="7" d="1"/>
<D id="105" f="12" l="25" c="20" n="pst_random_int" t="3" d="1"/>
<D id="106" f="10" l="60" c="40" n="x" t="4" d="1"/>
<D id="107" f="2" l="131" c="31" n="float32" t="7" d="1"/>
<D id="108" f="2" l="122" c="31" n="uint32_least" t="7" d="1"/>
<D id="109" f="2" l="113" c="31" n="uint16" t="7" d="1"/>
<D id="110" f="10" l="27" c="29" n="pst_random_g_6" t="3" d="1"/>
<D id="111" f="3" l="136" c="10" n="vendorID" t="9" d="1"/>
<D id="112" f="10" l="42" c="13" n="_main_gen_init_g6" t="2" d="1"/>
<D id="113" f="2" l="132" c="31" n="float64" t="7" d="1"/>
<D id="114" f="10" l="50" c="14" n="_main_gen_init_g7" t="2" d="1"/>
<D id="115" f="2" l="114" c="31" n="sint32" t="7" d="1"/>
<D id="116" f="3" l="137" c="10" n="moduleID" t="9" d="1"/>
<D id="117" f="2" l="115" c="31" n="uint32" t="7" d="1"/>
<D id="118" f="10" l="84" c="29" n="_main_gen_tmp_6" t="4" d="1"/>
<D id="119" f="3" l="138" c="10" n="sw_major_version" t="9" d="1"/>
<D id="120" f="3" l="132" c="14" n="Std_ReturnType" t="7" d="1"/>
<D id="121" f="10" l="28" c="30" n="pst_random_g_7" t="3" d="1"/>
<D id="122" f="3" l="125" c="22" n="StatusType" t="7" d="1"/>
<D id="123" f="3" l="139" c="10" n="sw_minor_version" t="9" d="1"/>
<D id="124" f="10" l="58" c="29" n="_main_gen_init_g26" t="2" d="1"/>
<D id="125" f="8" l="432" c="13" n="_polyspace_random_int" t="5" d="1"/>
<D id="126" f="2" l="117" c="31" n="sint8_least" t="7" d="1"/>
<D id="127" f="7" l="98" c="100" n="SigQlfr_Cnt_T_enum" t="4" d="1"/>
<D id="128" f="2" l="108" c="31" n="boolean" t="7" d="1"/>
<D id="129" f="8" l="440" c="14" n="_polyspace_random_long" t="5" d="1"/>
<D id="130" f="7" l="102" c="16" n="SigAvl_Cnt_T_lgc" t="4" d="1"/>
<D id="131" f="10" l="65" c="22" n="_i_main_gen_tmp_3" t="4" d="1"/>
<D id="132" f="2" l="118" c="31" n="uint8_least" t="7" d="1"/>
<D id="133" f="8" l="3502" c="4" n="__polyspace_nb_varargs" t="1" d="1"/>
<D id="134" f="10" l="75" c="22" n="_i_main_gen_tmp_5" t="4" d="1"/>
<D id="135" f="2" l="119" c="31" n="sint16_least" t="7" d="1"/>
<D id="136" f="10" l="85" c="22" n="_i_main_gen_tmp_7" t="4" d="1"/>
<D id="137" f="8" l="424" c="23" n="_polyspace_random_uchar" t="5" d="1"/>
<D id="138" f="10" l="163" c="5" n="_extern_init" t="2" d="1"/>
<D id="139" f="8" l="416" c="14" n="_polyspace_random_char" t="5" d="1"/>
<D id="140" f="8" l="450" c="34" n="random" t="4" d="1"/>
<D id="141" f="8" l="3501" c="7" n="__polyspace_vararg" t="1" d="1"/>
<D id="142" f="10" l="44" c="17" n="x" t="4" d="1"/>
<D id="143" f="10" l="98" c="12" n="_main_gen_init_sym_Rte_Inst_CDD_MotAgArbn" t="5" d="1"/>
<D id="144" f="8" l="434" c="24" n="random" t="4" d="1"/>
<D id="145" f="10" l="23" c="28" n="pst_random_char" t="3" d="1"/>
<D id="146" f="10" l="52" c="18" n="x" t="4" d="1"/>
<D id="147" f="8" l="442" c="25" n="random" t="4" d="1"/>
<D id="148" f="11" l="23" c="28" n="pst_random_char" t="3" d="1"/>
<D id="149" f="12" l="23" c="28" n="pst_random_char" t="3" d="1"/>
<D id="150" f="8" l="426" c="34" n="random" t="4" d="1"/>
<D id="151" f="8" l="448" c="23" n="_polyspace_random_ulong" t="5" d="1"/>
<D id="152" f="8" l="418" c="25" n="random" t="4" d="1"/>
<D id="153" f="8" l="455" c="16" n="_polyspace_random_double" t="5" d="1"/>
<D id="154" f="10" l="64" c="28" n="_main_gen_tmp_2" t="4" d="1"/>
<D id="155" f="10" l="74" c="28" n="_main_gen_tmp_4" t="4" d="1"/>
<D id="156" f="7" l="100" c="98" n="StallCnt_Cnt_T_u08" t="4" d="1"/>
<D id="157" f="8" l="457" c="27" n="random" t="4" d="1"/>
</Definitions>
<Uses>
<U id="1" f="10" l="100" c="11" d="83" a="0"/>
<U id="2" f="10" l="112" c="12" d="1" a="1"/>
<U id="3" f="10" l="110" c="32" d="7" a="0"/>
<U id="4" f="10" l="112" c="59" d="11" a="1"/>
<U id="5" f="10" l="143" c="39" d="114" a="0"/>
<U id="6" f="10" l="110" c="16" d="11" a="1"/>
<U id="7" f="10" l="107" c="12" d="25" a="0"/>
<U id="8" f="10" l="110" c="53" d="124" a="0"/>
<U id="9" f="10" l="119" c="11" d="24" a="0"/>
<U id="10" f="10" l="108" c="40" d="7" a="0"/>
<U id="11" f="10" l="129" c="11" d="24" a="0"/>
<U id="12" f="10" l="139" c="11" d="27" a="0"/>
<U id="13" f="10" l="149" c="11" d="24" a="0"/>
<U id="14" f="10" l="153" c="43" d="112" a="0"/>
<U id="15" f="10" l="112" c="37" d="101" a="0"/>
<U id="16" f="10" l="106" c="26" d="30" a="0"/>
<U id="17" f="10" l="66" c="179" d="131" a="1"/>
<U id="18" f="10" l="76" c="179" d="134" a="1"/>
<U id="19" f="10" l="108" c="17" d="7" a="1"/>
<U id="20" f="10" l="123" c="47" d="112" a="0"/>
<U id="21" f="10" l="133" c="48" d="112" a="0"/>
<U id="22" f="10" l="86" c="181" d="136" a="1"/>
<U id="23" f="8" l="11292" c="9" d="17" a="0"/>
<U id="24" f="10" l="108" c="215" d="7" a="1"/>
<U id="25" f="4" l="51" c="2" d="100" a="0"/>
<U id="26" f="4" l="52" c="2" d="100" a="0"/>
<U id="27" f="9" l="30" c="4" d="63" a="0"/>
<U id="28" f="4" l="53" c="2" d="109" a="0"/>
<U id="29" f="6" l="40" c="7" d="109" a="0"/>
<U id="30" f="9" l="20" c="8" d="23" a="0"/>
<U id="31" f="6" l="41" c="7" d="80" a="0"/>
<U id="32" f="1" l="50" c="8" d="62" a="0"/>
<U id="33" f="9" l="12" c="8" d="23" a="0"/>
<U id="34" f="9" l="40" c="8" d="19" a="0"/>
<U id="35" f="9" l="28" c="4" d="51" a="0"/>
<U id="36" f="9" l="22" c="8" d="56" a="0"/>
<U id="37" f="7" l="60" c="8" d="73" a="1"/>
<U id="38" f="9" l="32" c="8" d="24" a="0"/>
<U id="39" f="9" l="29" c="4" d="51" a="0"/>
<U id="40" f="9" l="14" c="8" d="23" a="0"/>
<U id="41" f="6" l="44" c="7" d="109" a="0"/>
<U id="42" f="9" l="42" c="8" d="24" a="0"/>
<U id="43" f="7" l="61" c="8" d="81" a="1"/>
<U id="44" f="9" l="33" c="8" d="42" a="0"/>
<U id="45" f="9" l="24" c="8" d="24" a="0"/>
<U id="46" f="9" l="15" c="8" d="58" a="0"/>
<U id="47" f="7" l="62" c="8" d="82" a="1"/>
<U id="48" f="7" l="53" c="8" d="109" a="0"/>
<U id="49" f="9" l="25" c="8" d="27" a="0"/>
<U id="50" f="1" l="84" c="7" d="93" a="0"/>
<U id="51" f="9" l="16" c="8" d="36" a="0"/>
<U id="52" f="9" l="44" c="8" d="20" a="0"/>
<U id="53" f="7" l="63" c="8" d="84" a="1"/>
<U id="54" f="9" l="35" c="8" d="87" a="0"/>
<U id="55" f="7" l="54" c="8" d="109" a="0"/>
<U id="56" f="7" l="82" c="8" d="64" a="1"/>
<U id="57" f="9" l="45" c="8" d="25" a="0"/>
<U id="58" f="6" l="38" c="7" d="100" a="0"/>
<U id="59" f="7" l="55" c="8" d="100" a="0"/>
<U id="60" f="9" l="18" c="8" d="19" a="0"/>
<U id="61" f="6" l="39" c="7" d="100" a="0"/>
<U id="62" f="7" l="65" c="8" d="85" a="1"/>
<U id="63" f="9" l="37" c="8" d="90" a="0"/>
<U id="64" f="7" l="56" c="8" d="100" a="0"/>
<U id="65" f="1" l="49" c="8" d="62" a="0"/>
<U id="66" f="9" l="38" c="8" d="34" a="0"/>
<U id="67" f="7" l="57" c="8" d="80" a="0"/>
<U id="68" f="7" l="96" c="7" d="128" a="0"/>
<U id="69" f="7" l="58" c="8" d="128" a="0"/>
<U id="70" f="10" l="50" c="0" d="27" a="0"/>
<U id="71" f="10" l="42" c="0" d="24" a="0"/>
<U id="72" f="4" l="60" c="20" d="31" a="0"/>
<U id="73" f="6" l="23" c="11" d="100" a="0"/>
<U id="74" f="9" l="21" c="21" d="30" a="0"/>
<U id="75" f="7" l="81" c="10" d="43" a="0"/>
<U id="76" f="3" l="140" c="3" d="100" a="0"/>
<U id="77" f="9" l="20" c="33" d="20" a="0"/>
<U id="78" f="10" l="52" c="4" d="27" a="0"/>
<U id="79" f="7" l="72" c="12" d="85" a="0"/>
<U id="80" f="1" l="84" c="39" d="93" a="0"/>
<U id="81" f="7" l="61" c="50" d="76" a="0"/>
<U id="82" f="9" l="23" c="14" d="45" a="0"/>
<U id="83" f="10" l="44" c="4" d="24" a="0"/>
<U id="84" f="4" l="65" c="21" d="31" a="0"/>
<U id="85" f="10" l="54" c="4" d="146" a="1"/>
<U id="86" f="3" l="136" c="3" d="109" a="0"/>
<U id="87" f="9" l="34" c="14" d="51" a="0"/>
<U id="88" f="10" l="46" c="4" d="142" a="1"/>
<U id="89" f="9" l="32" c="34" d="24" a="0"/>
<U id="90" f="3" l="137" c="3" d="109" a="0"/>
<U id="91" f="7" l="102" c="8" d="128" a="0"/>
<U id="92" f="11" l="50" c="8" d="53" a="0"/>
<U id="93" f="9" l="32" c="62" d="24" a="0"/>
<U id="94" f="9" l="36" c="14" d="63" a="0"/>
<U id="95" f="3" l="138" c="3" d="100" a="0"/>
<U id="96" f="9" l="32" c="90" d="51" a="0"/>
<U id="97" f="9" l="41" c="17" d="19" a="0"/>
<U id="98" f="10" l="70" c="8" d="106" a="1"/>
<U id="99" f="7" l="81" c="34" d="35" a="0"/>
<U id="100" f="3" l="132" c="8" d="100" a="0"/>
<U id="101" f="3" l="139" c="3" d="100" a="0"/>
<U id="102" f="7" l="65" c="33" d="88" a="0"/>
<U id="103" f="10" l="80" c="8" d="106" a="1"/>
<U id="104" f="9" l="43" c="17" d="24" a="0"/>
<U id="105" f="10" l="90" c="8" d="106" a="1"/>
<U id="106" f="7" l="78" c="50" d="43" a="0"/>
<U id="107" f="7" l="74" c="16" d="77" a="1"/>
<U id="108" f="10" l="54" c="8" d="121" a="0"/>
<U id="109" f="9" l="17" c="17" d="58" a="0"/>
<U id="110" f="7" l="35" c="91" d="100" a="0"/>
<U id="111" f="10" l="46" c="8" d="110" a="0"/>
<U id="112" f="9" l="46" c="17" d="25" a="0"/>
<U id="113" f="7" l="34" c="28" d="100" a="0"/>
<U id="114" f="7" l="81" c="55" d="77" a="0"/>
<U id="115" f="7" l="36" c="91" d="80" a="0"/>
<U id="116" f="10" l="65" c="8" d="25" a="0"/>
<U id="117" f="9" l="19" c="17" d="65" a="0"/>
<U id="118" f="7" l="37" c="91" d="100" a="0"/>
<U id="119" f="9" l="32" c="48" d="24" a="0"/>
<U id="120" f="10" l="58" c="7" d="30" a="0"/>
<U id="121" f="10" l="75" c="8" d="25" a="0"/>
<U id="122" f="7" l="78" c="16" d="77" a="1"/>
<U id="123" f="9" l="39" c="17" d="20" a="0"/>
<U id="124" f="7" l="38" c="91" d="100" a="0"/>
<U id="125" f="9" l="32" c="76" d="51" a="0"/>
<U id="126" f="10" l="85" c="8" d="25" a="0"/>
<U id="127" f="11" l="48" c="8" d="23" a="0"/>
<U id="128" f="7" l="60" c="58" d="49" a="0"/>
<U id="129" f="7" l="66" c="82" d="81" a="0"/>
<U id="130" f="7" l="65" c="46" d="82" a="0"/>
<U id="131" f="7" l="82" c="38" d="77" a="0"/>
<U id="132" f="7" l="67" c="82" d="84" a="0"/>
<U id="133" f="7" l="62" c="58" d="72" a="0"/>
<U id="134" f="7" l="97" c="91" d="100" a="0"/>
<U id="135" f="7" l="63" c="58" d="67" a="0"/>
<U id="136" f="7" l="74" c="48" d="73" a="0"/>
<U id="137" f="7" l="96" c="28" d="100" a="0"/>
<U id="138" f="7" l="68" c="83" d="43" a="0"/>
<U id="139" f="7" l="98" c="91" d="80" a="0"/>
<U id="140" f="7" l="69" c="83" d="43" a="0"/>
<U id="141" f="7" l="78" c="74" d="35" a="0"/>
<U id="142" f="7" l="99" c="91" d="100" a="0"/>
<U id="143" f="10" l="70" c="10" d="89" a="0"/>
<U id="144" f="10" l="80" c="10" d="92" a="0"/>
<U id="145" f="10" l="90" c="10" d="71" a="0"/>
<U id="146" f="12" l="62" c="19" d="23" a="0"/>
<U id="147" f="7" l="116" c="9" d="96" a="0"/>
<U id="148" f="12" l="54" c="19" d="23" a="0"/>
<U id="149" f="12" l="60" c="12" d="105" a="0"/>
<U id="150" f="7" l="104" c="12" d="95" a="0"/>
<U id="151" f="12" l="52" c="12" d="105" a="0"/>
<U id="152" f="10" l="90" c="30" d="101" a="0"/>
<U id="153" f="10" l="55" c="11" d="146" a="0"/>
<U id="154" f="10" l="92" c="11" d="106" a="0"/>
<U id="155" f="8" l="451" c="11" d="140" a="0"/>
<U id="156" f="7" l="124" c="21" d="127" a="0"/>
<U id="157" f="7" l="106" c="21" d="156" a="0"/>
<U id="158" f="12" l="46" c="11" d="105" a="0"/>
<U id="159" f="10" l="47" c="11" d="142" a="0"/>
<U id="160" f="12" l="62" c="31" d="26" a="0"/>
<U id="161" f="8" l="443" c="11" d="147" a="0"/>
<U id="162" f="7" l="130" c="24" d="130" a="1"/>
<U id="163" f="12" l="64" c="12" d="26" a="0"/>
<U id="164" f="11" l="48" c="20" d="53" a="0"/>
<U id="165" f="12" l="54" c="31" d="29" a="0"/>
<U id="166" f="8" l="435" c="11" d="144" a="0"/>
<U id="167" f="10" l="180" c="4" d="5" a="0"/>
<U id="168" f="7" l="120" c="16" d="130" a="1"/>
<U id="169" f="10" l="171" c="4" d="2" a="0"/>
<U id="170" f="12" l="56" c="12" d="29" a="0"/>
<U id="171" f="10" l="23" c="16" d="21" a="0"/>
<U id="172" f="8" l="427" c="11" d="150" a="0"/>
<U id="173" f="11" l="23" c="16" d="21" a="0"/>
<U id="174" f="12" l="23" c="16" d="21" a="0"/>
<U id="175" f="7" l="100" c="91" d="100" a="0"/>
<U id="176" f="10" l="66" c="13" d="131" a="1"/>
<U id="177" f="8" l="419" c="11" d="152" a="0"/>
<U id="178" f="7" l="133" c="15" d="130" a="0"/>
<U id="179" f="7" l="118" c="13" d="156" a="0"/>
<U id="180" f="10" l="90" c="52" d="118" a="1"/>
<U id="181" f="10" l="68" c="12" d="154" a="1"/>
<U id="182" f="10" l="70" c="35" d="101" a="0"/>
<U id="183" f="10" l="76" c="13" d="134" a="1"/>
<U id="184" f="7" l="116" c="33" d="95" a="0"/>
<U id="185" f="7" l="124" c="52" d="91" a="0"/>
<U id="186" f="10" l="64" c="15" d="24" a="0"/>
<U id="187" f="10" l="68" c="49" d="112" a="0"/>
<U id="188" f="10" l="78" c="12" d="155" a="1"/>
<U id="189" f="10" l="80" c="35" d="101" a="0"/>
<U id="190" f="10" l="174" c="4" d="3" a="0"/>
<U id="191" f="10" l="86" c="13" d="136" a="1"/>
<U id="192" f="7" l="113" c="17" d="156" a="0"/>
<U id="193" f="10" l="123" c="8" d="6" a="1"/>
<U id="194" f="10" l="60" c="18" d="30" a="0"/>
<U id="195" f="10" l="74" c="15" d="24" a="0"/>
<U id="196" f="10" l="78" c="49" d="112" a="0"/>
<U id="197" f="10" l="88" c="12" d="118" a="1"/>
<U id="198" f="7" l="126" c="24" d="130" a="1"/>
<U id="199" f="8" l="458" c="11" d="157" a="0"/>
<U id="200" f="10" l="27" c="16" d="24" a="0"/>
<U id="201" f="10" l="133" c="8" d="8" a="1"/>
<U id="202" f="10" l="84" c="15" d="27" a="0"/>
<U id="203" f="10" l="88" c="49" d="114" a="0"/>
<U id="204" f="10" l="28" c="16" d="27" a="0"/>
<U id="205" f="10" l="143" c="8" d="10" a="1"/>
<U id="206" f="7" l="108" c="25" d="156" a="0"/>
<U id="207" f="10" l="153" c="8" d="9" a="1"/>
<U id="208" f="10" l="177" c="4" d="4" a="0"/>
<U id="209" f="10" l="168" c="4" d="143" a="0"/>
<U id="210" f="7" l="104" c="38" d="96" a="0"/>
<U id="211" f="10" l="70" c="57" d="154" a="1"/>
<U id="212" f="7" l="68" c="107" d="32" a="0"/>
<U id="213" f="10" l="80" c="57" d="155" a="1"/>
<U id="214" f="10" l="66" c="36" d="131" a="0"/>
<U id="215" f="7" l="69" c="107" d="33" a="0"/>
<U id="216" f="10" l="76" c="36" d="134" a="0"/>
<U id="217" f="10" l="86" c="36" d="136" a="0"/>
<U id="218" f="7" l="108" c="47" d="156" a="0"/>
<U id="219" f="10" l="68" c="28" d="131" a="0"/>
<U id="220" f="10" l="78" c="28" d="134" a="0"/>
<U id="221" f="10" l="88" c="28" d="136" a="0"/>
</Uses>
<Blocks>
<B id="1" t="else" f="7" l="76" c="8">
<BEGIN l="77" c="8"/>
<END l="79" c="8"/>
</B>
<B id="2" t="if" f="7" l="72" c="8">
<BEGIN l="73" c="8"/>
<END l="75" c="8"/>
<ELSE d="1"/>
</B>
<B id="3" t="routine" f="7" l="51" c="5">
<BEGIN l="52" c="0"/>
<END l="83" c="0"/>
<SUB d="2"/>
</B>
<B id="4" t="else" f="7" l="128" c="16">
<BEGIN l="129" c="16"/>
<END l="131" c="16"/>
</B>
<B id="5" t="if" f="7" l="124" c="16">
<BEGIN l="125" c="16"/>
<END l="127" c="16"/>
<ELSE d="4"/>
</B>
<B id="6" t="else" f="7" l="122" c="8">
<BEGIN l="123" c="8"/>
<END l="132" c="8"/>
<SUB d="5"/>
</B>
<B id="7" t="if" f="7" l="118" c="8">
<BEGIN l="119" c="8"/>
<END l="121" c="8"/>
<ELSE d="6"/>
</B>
<B id="8" t="if" f="7" l="106" c="16">
<BEGIN l="107" c="16"/>
<END l="109" c="16"/>
</B>
<B id="9" t="else" f="7" l="111" c="8">
<BEGIN l="112" c="8"/>
<END l="114" c="8"/>
</B>
<B id="10" t="if" f="7" l="104" c="8">
<BEGIN l="105" c="8"/>
<END l="110" c="8"/>
<SUB d="8"/>
<ELSE d="9"/>
</B>
<B id="11" t="routine" f="7" l="96" c="15">
<BEGIN l="101" c="0"/>
<END l="134" c="0"/>
<SUB d="7"/>
<SUB d="10"/>
</B>
<B id="12" t="ppcif" f="13" l="20" c="0">
<BEGIN l="20" c="19"/>
<END l="33" c="0"/>
</B>
<B id="13" t="ppcif" f="6" l="19" c="0">
<BEGIN l="19" c="29"/>
<END l="47" c="0"/>
</B>
<B id="14" t="ppcif" f="6" l="22" c="0">
<BEGIN l="22" c="28"/>
<END l="24" c="0"/>
</B>
<B id="15" t="ppcif" f="6" l="26" c="0">
<BEGIN l="26" c="22"/>
<END l="28" c="0"/>
</B>
<B id="16" t="ppcif" f="6" l="30" c="0">
<BEGIN l="30" c="22"/>
<END l="32" c="0"/>
</B>
<B id="17" t="ppcif" f="6" l="34" c="0">
<BEGIN l="34" c="22"/>
<END l="36" c="0"/>
</B>
<B id="18" t="ppcif" f="14" l="24" c="0">
<BEGIN l="24" c="39"/>
<END l="28" c="0"/>
</B>
<B id="19" t="ppcif" f="14" l="30" c="0">
<BEGIN l="30" c="38"/>
<END l="34" c="0"/>
</B>
<B id="20" t="routine" f="5" l="83" c="5">
<BEGIN l="84" c="0"/>
<END l="94" c="0"/>
</B>
<B id="21" t="ppcif" f="15" l="15" c="0">
<BEGIN l="15" c="27"/>
<END l="330" c="0"/>
</B>
<B id="22" t="ppcif" f="15" l="25" c="0">
<BEGIN l="25" c="19"/>
<END l="155" c="0"/>
</B>
<B id="23" t="ppcrmif" f="15" l="46" c="0">
<BEGIN l="46" c="93"/>
<END l="91" c="0"/>
</B>
<B id="24" t="ppcrmif" f="15" l="94" c="0">
<BEGIN l="94" c="91"/>
<END l="153" c="0"/>
</B>
<B id="25" t="ppcrmelse" f="15" l="155" c="0">
<BEGIN l="155" c="35"/>
<END l="328" c="0"/>
</B>
<B id="26" t="ppcif" f="16" l="11" c="0">
<BEGIN l="11" c="27"/>
<END l="36" c="0"/>
</B>
<B id="27" t="ppcrmif" f="16" l="14" c="0">
<BEGIN l="14" c="19"/>
<END l="29" c="0"/>
</B>
<B id="28" t="ppcelse" f="16" l="29" c="0">
<BEGIN l="29" c="5"/>
<END l="33" c="0"/>
</B>
<B id="29" t="ppcif" f="1" l="22" c="0">
<BEGIN l="22" c="17"/>
<END l="109" c="0"/>
</B>
<B id="30" t="ppcrmif" f="1" l="39" c="0">
<BEGIN l="39" c="66"/>
<END l="43" c="0"/>
</B>
<B id="31" t="ppcelse" f="1" l="43" c="0">
<BEGIN l="43" c="60"/>
<END l="47" c="0"/>
</B>
<B id="32" t="ppcrmif" f="1" l="52" c="0">
<BEGIN l="52" c="18"/>
<END l="58" c="0"/>
</B>
<B id="33" t="ppcrmif" f="1" l="62" c="0">
<BEGIN l="62" c="33"/>
<END l="80" c="0"/>
</B>
<B id="34" t="ppcelse" f="1" l="80" c="0">
<BEGIN l="80" c="31"/>
<END l="93" c="0"/>
</B>
<B id="35" t="ppcrmif" f="1" l="96" c="0">
<BEGIN l="96" c="14"/>
<END l="106" c="0"/>
</B>
<B id="36" t="ppcif" f="17" l="3" c="0">
<BEGIN l="3" c="29"/>
<END l="348" c="0"/>
</B>
<B id="37" t="ppcif" f="17" l="61" c="0">
<BEGIN l="63" c="27"/>
<END l="66" c="0"/>
</B>
<B id="38" t="ppcrmif" f="17" l="165" c="0">
<BEGIN l="165" c="17"/>
<END l="206" c="0"/>
</B>
<B id="39" t="ppcrmif" f="17" l="209" c="0">
<BEGIN l="209" c="37"/>
<END l="211" c="0"/>
</B>
<B id="40" t="ppcrmif" f="17" l="213" c="0">
<BEGIN l="213" c="44"/>
<END l="321" c="0"/>
</B>
<B id="41" t="ppcif" f="17" l="323" c="0">
<BEGIN l="323" c="18"/>
<END l="346" c="0"/>
</B>
<B id="42" t="ppcrmif" f="17" l="326" c="0">
<BEGIN l="326" c="18"/>
<END l="328" c="0"/>
</B>
<B id="43" t="ppcrmif" f="17" l="329" c="0">
<BEGIN l="329" c="63"/>
<END l="331" c="0"/>
</B>
<B id="44" t="ppcrmif" f="17" l="332" c="0">
<BEGIN l="332" c="64"/>
<END l="334" c="0"/>
</B>
<B id="45" t="ppcrmif" f="17" l="335" c="0">
<BEGIN l="335" c="16"/>
<END l="340" c="0"/>
</B>
<B id="46" t="ppcif" f="17" l="343" c="0">
<BEGIN l="343" c="57"/>
<END l="345" c="0"/>
</B>
<B id="47" t="type" f="4" l="48" c="7">
<BEGIN l="48" c="27"/>
<END l="55" c="0"/>
</B>
<B id="48" t="ppcif" f="4" l="24" c="0">
<BEGIN l="24" c="28"/>
<END l="136" c="0"/>
</B>
<B id="49" t="ppcrmif" f="4" l="27" c="0">
<BEGIN l="27" c="35"/>
<END l="29" c="0"/>
</B>
<B id="50" t="ppcrmif" f="4" l="33" c="0">
<BEGIN l="33" c="19"/>
<END l="36" c="0"/>
</B>
<B id="51" t="ppcrmif" f="4" l="120" c="0">
<BEGIN l="120" c="19"/>
<END l="122" c="0"/>
</B>
<B id="52" t="ppcif" f="4" l="125" c="0">
<BEGIN l="125" c="26"/>
<END l="133" c="0"/>
</B>
<B id="53" t="ppcif" f="4" l="126" c="0">
<BEGIN l="126" c="25"/>
<END l="130" c="0"/>
</B>
<B id="54" t="ppcrmif" f="4" l="127" c="0">
<BEGIN l="127" c="37"/>
<END l="129" c="0"/>
</B>
<B id="55" t="ppcrmelse" f="4" l="130" c="0">
<BEGIN l="130" c="7"/>
<END l="132" c="0"/>
</B>
<B id="56" t="ppcif" f="18" l="24" c="0">
<BEGIN l="24" c="33"/>
<END l="55" c="0"/>
</B>
<B id="57" t="ppcrmif" f="18" l="27" c="0">
<BEGIN l="27" c="19"/>
<END l="30" c="0"/>
</B>
<B id="58" t="ppcrmif" f="18" l="39" c="0">
<BEGIN l="39" c="19"/>
<END l="41" c="0"/>
</B>
<B id="59" t="ppcif" f="18" l="44" c="0">
<BEGIN l="44" c="26"/>
<END l="52" c="0"/>
</B>
<B id="60" t="ppcif" f="18" l="45" c="0">
<BEGIN l="45" c="25"/>
<END l="49" c="0"/>
</B>
<B id="61" t="ppcrmif" f="18" l="46" c="0">
<BEGIN l="46" c="37"/>
<END l="48" c="0"/>
</B>
<B id="62" t="ppcrmelse" f="18" l="49" c="0">
<BEGIN l="49" c="7"/>
<END l="51" c="0"/>
</B>
<B id="63" t="ppcif" f="19" l="24" c="0">
<BEGIN l="24" c="19"/>
<END l="46" c="0"/>
</B>
<B id="64" t="ppcif" f="19" l="35" c="0">
<BEGIN l="35" c="26"/>
<END l="43" c="0"/>
</B>
<B id="65" t="ppcif" f="19" l="36" c="0">
<BEGIN l="36" c="25"/>
<END l="40" c="0"/>
</B>
<B id="66" t="ppcrmif" f="19" l="37" c="0">
<BEGIN l="37" c="37"/>
<END l="39" c="0"/>
</B>
<B id="67" t="ppcrmelse" f="19" l="40" c="0">
<BEGIN l="40" c="7"/>
<END l="42" c="0"/>
</B>
<B id="68" t="ppcif" f="20" l="25" c="0">
<BEGIN l="25" c="14"/>
<END l="95" c="0"/>
</B>
<B id="69" t="ppcrmif" f="20" l="41" c="0">
<BEGIN l="41" c="33"/>
<END l="43" c="0"/>
</B>
<B id="70" t="ppcrmif" f="20" l="45" c="0">
<BEGIN l="45" c="46"/>
<END l="47" c="0"/>
</B>
<B id="71" t="ppcrmif" f="20" l="49" c="0">
<BEGIN l="49" c="28"/>
<END l="51" c="0"/>
</B>
<B id="72" t="ppcif" f="20" l="84" c="0">
<BEGIN l="84" c="26"/>
<END l="92" c="0"/>
</B>
<B id="73" t="ppcrmif" f="20" l="85" c="0">
<BEGIN l="85" c="25"/>
<END l="89" c="0"/>
</B>
<B id="74" t="ppcelse" f="20" l="89" c="0">
<BEGIN l="89" c="7"/>
<END l="91" c="0"/>
</B>
<B id="75" t="type" f="3" l="135" c="0">
<BEGIN l="135" c="0"/>
<END l="141" c="0"/>
</B>
<B id="76" t="ppcif" f="3" l="56" c="0">
<BEGIN l="56" c="19"/>
<END l="154" c="0"/>
</B>
<B id="77" t="ppcif" f="3" l="122" c="0">
<BEGIN l="122" c="26"/>
<END l="126" c="0"/>
</B>
<B id="78" t="ppcif" f="2" l="45" c="0">
<BEGIN l="45" c="24"/>
<END l="146" c="0"/>
</B>
<B id="79" t="ppcif" f="2" l="84" c="0">
<BEGIN l="84" c="13"/>
<END l="86" c="0"/>
</B>
<B id="80" t="ppcif" f="2" l="88" c="0">
<BEGIN l="88" c="14"/>
<END l="90" c="0"/>
</B>
<B id="81" t="ppcrmif" f="2" l="124" c="0">
<BEGIN l="124" c="26"/>
<END l="130" c="0"/>
</B>
<B id="82" t="ppcelse" f="2" l="130" c="0">
<BEGIN l="130" c="6"/>
<END l="133" c="0"/>
</B>
<B id="83" t="ppcif" f="21" l="47" c="0">
<BEGIN l="47" c="18"/>
<END l="219" c="0"/>
</B>
<B id="84" t="ppcif" f="21" l="95" c="0">
<BEGIN l="95" c="17"/>
<END l="97" c="0"/>
</B>
<B id="85" t="ppcif" f="22" l="19" c="0">
<BEGIN l="19" c="22"/>
<END l="23" c="0"/>
</B>
<B id="86" t="ppcif" f="23" l="24" c="0">
<BEGIN l="24" c="31"/>
<END l="39" c="0"/>
</B>
<B id="87" t="ppcif" f="23" l="28" c="0">
<BEGIN l="28" c="26"/>
<END l="36" c="0"/>
</B>
<B id="88" t="ppcif" f="23" l="29" c="0">
<BEGIN l="29" c="25"/>
<END l="33" c="0"/>
</B>
<B id="89" t="ppcrmif" f="23" l="30" c="0">
<BEGIN l="30" c="37"/>
<END l="32" c="0"/>
</B>
<B id="90" t="ppcrmelse" f="23" l="33" c="0">
<BEGIN l="33" c="7"/>
<END l="35" c="0"/>
</B>
<B id="91" t="ppcif" f="24" l="19" c="0">
<BEGIN l="19" c="16"/>
<END l="24" c="0"/>
</B>
<B id="92" t="ppcif" f="25" l="53" c="0">
<BEGIN l="53" c="35"/>
<END l="57" c="0"/>
</B>
<B id="93" t="ppcrmif" f="25" l="67" c="0">
<BEGIN l="67" c="48"/>
<END l="71" c="0"/>
</B>
<B id="94" t="ppcrmif" f="25" l="81" c="0">
<BEGIN l="81" c="53"/>
<END l="85" c="0"/>
</B>
<B id="95" t="ppcrmif" f="25" l="95" c="0">
<BEGIN l="95" c="51"/>
<END l="99" c="0"/>
</B>
<B id="96" t="ppcrmif" f="25" l="109" c="0">
<BEGIN l="109" c="56"/>
<END l="113" c="0"/>
</B>
<B id="97" t="ppcif" f="25" l="125" c="0">
<BEGIN l="125" c="34"/>
<END l="129" c="0"/>
</B>
<B id="98" t="ppcrmif" f="25" l="139" c="0">
<BEGIN l="139" c="47"/>
<END l="143" c="0"/>
</B>
<B id="99" t="ppcrmif" f="25" l="153" c="0">
<BEGIN l="153" c="52"/>
<END l="157" c="0"/>
</B>
<B id="100" t="ppcrmif" f="25" l="167" c="0">
<BEGIN l="167" c="50"/>
<END l="171" c="0"/>
</B>
<B id="101" t="ppcrmif" f="25" l="181" c="0">
<BEGIN l="181" c="55"/>
<END l="185" c="0"/>
</B>
<B id="102" t="ppcif" f="25" l="201" c="0">
<BEGIN l="201" c="25"/>
<END l="209" c="0"/>
</B>
<B id="103" t="ppcif" f="25" l="202" c="0">
<BEGIN l="202" c="24"/>
<END l="206" c="0"/>
</B>
<B id="104" t="ppcrmif" f="25" l="203" c="0">
<BEGIN l="203" c="36"/>
<END l="205" c="0"/>
</B>
<B id="105" t="ppcrmelse" f="25" l="206" c="0">
<BEGIN l="206" c="6"/>
<END l="208" c="0"/>
</B>
</Blocks>
</Navig>
