<?xml version="1.0" encoding="UTF-8"?>
<MISRA-C-Report-Summary>
<File Mode="advisory" Error="0" Warning="1" Total="1">
<Name>
C:\Component\ES011A_DualEcuIdn_Impl\src\DualEcuIdn.c</Name>
</File>
<File Mode="required" Error="0" Warning="13" Total="13">
<Name>
C:\Component\ES011A_DualEcuIdn_Impl\src\DualEcuIdn.c</Name>
</File>
<Rule Name="21.1" Count="7" Mode="required" Severity="warning">
<Message>
Minimisation of run-time failures.</Message>
</Rule>
<Rule Name="9.1" Count="6" Mode="required" Severity="warning">
<Message>
All automatic variables shall have been assigned a value before being used.</Message>
</Rule>
<Rule Name="19.1" Count="1" Mode="advisory" Severity="warning">
<Message>
#include statements in a file shall only be preceded by other preprocessor directives or comments.</Message>
</Rule>
</MISRA-C-Report-Summary>
