<?xml version="1.0" encoding="UTF-8"?>

<MISRA-C-Report version="1.3">


<CodeStruct Name="" File="C:\Component\ES011A_DualEcuIdn_Impl\src\DualEcuIdn.c" Line="0" Column="0">

<Rule Name="19.1" Mode="advisory" Report="warning" Id="1">
<Loc File="C:\Component\ES011A_DualEcuIdn_Impl\src\DualEcuIdn.c" Line="827" Column="0">
</Loc>
<Message>
#include statements in a file shall only be preceded by other preprocessor directives or comments.
</Message>
</Rule>

</CodeStruct>

<CodeStruct Name="DualEcuIdnInit1" File="C:\Component\ES011A_DualEcuIdn_Impl\src\DualEcuIdn.c" Line="681" Column="5">

<Rule Name="9.1" Mode="required" Report="warning" Id="2">
<Loc File="C:\Component\ES011A_DualEcuIdn_Impl\src\DualEcuIdn.c" Line="695" Column="12">
</Loc>
<Message>
All automatic variables shall have been assigned a value before being used.
</Message>
</Rule>

<Rule Name="9.1" Mode="required" Report="warning" Id="3">
<Loc File="C:\Component\ES011A_DualEcuIdn_Impl\src\DualEcuIdn.c" Line="695" Column="44">
</Loc>
<Message>
All automatic variables shall have been assigned a value before being used.
</Message>
</Rule>

<Rule Name="9.1" Mode="required" Report="warning" Id="4">
<Loc File="C:\Component\ES011A_DualEcuIdn_Impl\src\DualEcuIdn.c" Line="699" Column="49">
</Loc>
<Message>
All automatic variables shall have been assigned a value before being used.
</Message>
</Rule>

<Rule Name="21.1" Mode="required" Report="warning" Id="5">
<Loc File="C:\Component\ES011A_DualEcuIdn_Impl\src\DualEcuIdn.c" Line="709" Column="8">
</Loc>
<Message>
Minimisation of run-time failures.
</Message>
</Rule>

<Rule Name="21.1" Mode="required" Report="warning" Id="6">
<Loc File="C:\Component\ES011A_DualEcuIdn_Impl\src\DualEcuIdn.c" Line="709" Column="29">
</Loc>
<Message>
Minimisation of run-time failures.
</Message>
</Rule>

</CodeStruct>

<CodeStruct Name="DualEcuIdnPer1" File="C:\Component\ES011A_DualEcuIdn_Impl\src\DualEcuIdn.c" Line="746" Column="5">

<Rule Name="21.1" Mode="required" Report="warning" Id="7">
<Loc File="C:\Component\ES011A_DualEcuIdn_Impl\src\DualEcuIdn.c" Line="758" Column="11">
</Loc>
<Message>
Minimisation of run-time failures.
</Message>
</Rule>

<Rule Name="21.1" Mode="required" Report="warning" Id="8">
<Loc File="C:\Component\ES011A_DualEcuIdn_Impl\src\DualEcuIdn.c" Line="758" Column="32">
</Loc>
<Message>
Minimisation of run-time failures.
</Message>
</Rule>

<Rule Name="9.1" Mode="required" Report="warning" Id="9">
<Loc File="C:\Component\ES011A_DualEcuIdn_Impl\src\DualEcuIdn.c" Line="763" Column="20">
</Loc>
<Message>
All automatic variables shall have been assigned a value before being used.
</Message>
</Rule>

<Rule Name="21.1" Mode="required" Report="warning" Id="10">
<Loc File="C:\Component\ES011A_DualEcuIdn_Impl\src\DualEcuIdn.c" Line="766" Column="27">
</Loc>
<Message>
Minimisation of run-time failures.
</Message>
</Rule>

<Rule Name="9.1" Mode="required" Report="warning" Id="11">
<Loc File="C:\Component\ES011A_DualEcuIdn_Impl\src\DualEcuIdn.c" Line="766" Column="67">
</Loc>
<Message>
All automatic variables shall have been assigned a value before being used.
</Message>
</Rule>

<Rule Name="21.1" Mode="required" Report="warning" Id="12">
<Loc File="C:\Component\ES011A_DualEcuIdn_Impl\src\DualEcuIdn.c" Line="793" Column="24">
</Loc>
<Message>
Minimisation of run-time failures.
</Message>
</Rule>

<Rule Name="21.1" Mode="required" Report="warning" Id="13">
<Loc File="C:\Component\ES011A_DualEcuIdn_Impl\src\DualEcuIdn.c" Line="794" Column="27">
</Loc>
<Message>
Minimisation of run-time failures.
</Message>
</Rule>

<Rule Name="9.1" Mode="required" Report="warning" Id="14">
<Loc File="C:\Component\ES011A_DualEcuIdn_Impl\src\DualEcuIdn.c" Line="800" Column="25">
</Loc>
<Message>
All automatic variables shall have been assigned a value before being used.
</Message>
</Rule>

</CodeStruct>

</MISRA-C-Report>
