{
 "baseUrl":"support/slwebview_files",
 "homeHid":1,
 "initialElement":"",
 "sections":[
  {
   "hid":1,
   "sid":"CM200C_DmaCfgAndUse",
   "name":"CM200C_DmaCfgAndUse",
   "fullname":"CM200C_DmaCfgAndUse",
   "parent":"root",
   "descendants":[
    2,
    3,
    4,
    5,
    6,
    7,
    8,
    9,
    10,
    11,
    12,
    13,
    14,
    15,
    16,
    17,
    18,
    19,
    20,
    21,
    22,
    23,
    24,
    25,
    26,
    27,
    28,
    29,
    30,
    31,
    32,
    33,
    34,
    35,
    36,
    37,
    38,
    39,
    40,
    41,
    42,
    43,
    44,
    45,
    46,
    47,
    48,
    49,
    50,
    51,
    52,
    53,
    54,
    55,
    56,
    57,
    58,
    59,
    60,
    61,
    62,
    63
   ],
   "hierarchyUrl":"support/slwebview_files/CM200C_DmaCfgAndUse_h_1.json",
   "backingUrl":"support/slwebview_files/CM200C_DmaCfgAndUse_m.json"
  }
 ],
 "optViews":[
 ],
 "display":{
  "informer":0
 },
 "iconsUrl":"support/slwebview_files/CM200C_DmaCfgAndUse_icons.css"
}