<?xml version="1.0" encoding="UTF-8"?>

<MISRA-C-Report version="1.3">


<CodeStruct Name="" File="C:\Component\SF109A_ElecPwrCns_Impl\src\ElecPwrCns.c" Line="0" Column="0">

<Rule Name="19.1" Mode="advisory" Report="warning" Id="1">
<Loc File="C:\Component\SF109A_ElecPwrCns_Impl\src\ElecPwrCns.c" Line="229" Column="0">
</Loc>
<Message>
#include statements in a file shall only be preceded by other preprocessor directives or comments.
</Message>
</Rule>

</CodeStruct>

<CodeStruct Name="ElecPwrCnsPer1" File="C:\Component\SF109A_ElecPwrCns_Impl\src\ElecPwrCns.c" Line="121" Column="5">

<Rule Name="9.1" Mode="required" Report="warning" Id="2">
<Loc File="C:\Component\SF109A_ElecPwrCns_Impl\src\ElecPwrCns.c" Line="169" Column="19">
</Loc>
<Message>
All automatic variables shall have been assigned a value before being used.
</Message>
</Rule>

<Rule Name="9.1" Mode="required" Report="warning" Id="3">
<Loc File="C:\Component\SF109A_ElecPwrCns_Impl\src\ElecPwrCns.c" Line="169" Column="61">
</Loc>
<Message>
All automatic variables shall have been assigned a value before being used.
</Message>
</Rule>

<Rule Name="9.1" Mode="required" Report="warning" Id="4">
<Loc File="C:\Component\SF109A_ElecPwrCns_Impl\src\ElecPwrCns.c" Line="171" Column="52">
</Loc>
<Message>
All automatic variables shall have been assigned a value before being used.
</Message>
</Rule>

<Rule Name="9.1" Mode="required" Report="warning" Id="5">
<Loc File="C:\Component\SF109A_ElecPwrCns_Impl\src\ElecPwrCns.c" Line="172" Column="52">
</Loc>
<Message>
All automatic variables shall have been assigned a value before being used.
</Message>
</Rule>

<Rule Name="9.1" Mode="required" Report="warning" Id="6">
<Loc File="C:\Component\SF109A_ElecPwrCns_Impl\src\ElecPwrCns.c" Line="176" Column="52">
</Loc>
<Message>
All automatic variables shall have been assigned a value before being used.
</Message>
</Rule>

<Rule Name="9.1" Mode="required" Report="warning" Id="7">
<Loc File="C:\Component\SF109A_ElecPwrCns_Impl\src\ElecPwrCns.c" Line="177" Column="52">
</Loc>
<Message>
All automatic variables shall have been assigned a value before being used.
</Message>
</Rule>

<Rule Name="21.1" Mode="required" Report="warning" Id="8">
<Loc File="C:\Component\SF109A_ElecPwrCns_Impl\src\ElecPwrCns.c" Line="179" Column="8">
</Loc>
<Message>
Minimisation of run-time failures.
</Message>
</Rule>

<Rule Name="21.1" Mode="required" Report="warning" Id="9">
<Loc File="C:\Component\SF109A_ElecPwrCns_Impl\src\ElecPwrCns.c" Line="179" Column="29">
</Loc>
<Message>
Minimisation of run-time failures.
</Message>
</Rule>

<Rule Name="21.1" Mode="required" Report="warning" Id="10">
<Loc File="C:\Component\SF109A_ElecPwrCns_Impl\src\ElecPwrCns.c" Line="180" Column="8">
</Loc>
<Message>
Minimisation of run-time failures.
</Message>
</Rule>

<Rule Name="9.1" Mode="required" Report="warning" Id="11">
<Loc File="C:\Component\SF109A_ElecPwrCns_Impl\src\ElecPwrCns.c" Line="186" Column="52">
</Loc>
<Message>
All automatic variables shall have been assigned a value before being used.
</Message>
</Rule>

<Rule Name="9.1" Mode="required" Report="warning" Id="12">
<Loc File="C:\Component\SF109A_ElecPwrCns_Impl\src\ElecPwrCns.c" Line="187" Column="48">
</Loc>
<Message>
All automatic variables shall have been assigned a value before being used.
</Message>
</Rule>

<Rule Name="21.1" Mode="required" Report="warning" Id="13">
<Loc File="C:\Component\SF109A_ElecPwrCns_Impl\src\ElecPwrCns.c" Line="188" Column="8">
</Loc>
<Message>
Minimisation of run-time failures.
</Message>
</Rule>

<Rule Name="21.1" Mode="required" Report="warning" Id="14">
<Loc File="C:\Component\SF109A_ElecPwrCns_Impl\src\ElecPwrCns.c" Line="194" Column="72">
</Loc>
<Message>
Minimisation of run-time failures.
</Message>
</Rule>

<Rule Name="9.1" Mode="required" Report="warning" Id="15">
<Loc File="C:\Component\SF109A_ElecPwrCns_Impl\src\ElecPwrCns.c" Line="194" Column="74">
</Loc>
<Message>
All automatic variables shall have been assigned a value before being used.
</Message>
</Rule>

<Rule Name="21.1" Mode="required" Report="warning" Id="16">
<Loc File="C:\Component\SF109A_ElecPwrCns_Impl\src\ElecPwrCns.c" Line="196" Column="8">
</Loc>
<Message>
Minimisation of run-time failures.
</Message>
</Rule>

</CodeStruct>

</MISRA-C-Report>
