<?xml version="1.0" encoding="UTF-8"?>
<MISRA-C-Report-Summary>
<File Mode="advisory" Error="0" Warning="4" Total="4">
<Name>
C:\Component\AR350A_ImcArbn_Impl\src\ImcArbn.c</Name>
</File>
<File Mode="required" Error="0" Warning="37" Total="37">
<Name>
C:\Component\AR350A_ImcArbn_Impl\src\ImcArbn.c</Name>
</File>
<Rule Name="8.10" Count="26" Mode="required" Severity="warning">
<Message>
</Message>
</Rule>
<Rule Name="12.4" Count="9" Mode="required" Severity="warning">
<Message>
The right hand operand of a logical &amp;&amp; or || operator shall not contain side effects.</Message>
</Rule>
<Rule Name="11.4" Count="2" Mode="advisory" Severity="warning">
<Message>
A cast should not be performed between a pointer to object type and a different</Message>
</Rule>
<Rule Name="12.12" Count="2" Mode="required" Severity="warning">
<Message>
The underlying bit representations of floating-point values shall not be used.</Message>
</Rule>
<Rule Name="19.1" Count="2" Mode="advisory" Severity="warning">
<Message>
#include statements in a file shall only be preceded by other preprocessor directives or comments.</Message>
</Rule>
</MISRA-C-Report-Summary>
