<?xml version="1.0" encoding="UTF-8"?>

<MISRA-C-Report version="1.3">


<CodeStruct Name="" File="C:\Component\AR100A_NxtrMath_Impl\include\NxtrMath.h" Line="0" Column="0">

<Rule Name="19.7" Mode="advisory" Report="warning" Id="1">
<Loc File="C:\Component\AR100A_NxtrMath_Impl\include\NxtrMath.h" Line="37" Column="8">
</Loc>
<Message>
A function should be used in preference to a function like-macro.
</Message>
</Rule>

<Rule Name="1.1" Mode="required" Report="warning" Id="2">
<Loc File="C:\Component\AR100A_NxtrMath_Impl\include\NxtrMath.h" Line="177" Column="17">
</Loc>
<Message>
All code shall conform to ISO 9899:1990 Programming languages  C,
amended and corrected by ISO/IEC 9899/COR1:1995, ISO/IEC 9899/AMD1:1995,
and ISO/IEC 9899/COR2:1996.
Keyword 'inline' should not be used.
</Message>
</Rule>

<Rule Name="8.5" Mode="required" Report="warning" Id="3">
<Loc File="C:\Component\AR100A_NxtrMath_Impl\include\NxtrMath.h" Line="177" Column="17">
</Loc>
<Message>
Function 'Blnd_f32' should not be defined in a header file.
</Message>
</Rule>

<Rule Name="1.1" Mode="required" Report="warning" Id="4">
<Loc File="C:\Component\AR100A_NxtrMath_Impl\include\NxtrMath.h" Line="191" Column="15">
</Loc>
<Message>
All code shall conform to ISO 9899:1990 Programming languages  C,
amended and corrected by ISO/IEC 9899/COR1:1995, ISO/IEC 9899/AMD1:1995,
and ISO/IEC 9899/COR2:1996.
Keyword 'inline' should not be used.
</Message>
</Rule>

<Rule Name="8.5" Mode="required" Report="warning" Id="5">
<Loc File="C:\Component\AR100A_NxtrMath_Impl\include\NxtrMath.h" Line="191" Column="15">
</Loc>
<Message>
Function 'Abslt_u08_s08' should not be defined in a header file.
</Message>
</Rule>

<Rule Name="1.1" Mode="required" Report="warning" Id="6">
<Loc File="C:\Component\AR100A_NxtrMath_Impl\include\NxtrMath.h" Line="204" Column="16">
</Loc>
<Message>
All code shall conform to ISO 9899:1990 Programming languages  C,
amended and corrected by ISO/IEC 9899/COR1:1995, ISO/IEC 9899/AMD1:1995,
and ISO/IEC 9899/COR2:1996.
Keyword 'inline' should not be used.
</Message>
</Rule>

<Rule Name="8.5" Mode="required" Report="warning" Id="7">
<Loc File="C:\Component\AR100A_NxtrMath_Impl\include\NxtrMath.h" Line="204" Column="16">
</Loc>
<Message>
Function 'Abslt_u16_s16' should not be defined in a header file.
</Message>
</Rule>

<Rule Name="1.1" Mode="required" Report="warning" Id="8">
<Loc File="C:\Component\AR100A_NxtrMath_Impl\include\NxtrMath.h" Line="217" Column="16">
</Loc>
<Message>
All code shall conform to ISO 9899:1990 Programming languages  C,
amended and corrected by ISO/IEC 9899/COR1:1995, ISO/IEC 9899/AMD1:1995,
and ISO/IEC 9899/COR2:1996.
Keyword 'inline' should not be used.
</Message>
</Rule>

<Rule Name="8.5" Mode="required" Report="warning" Id="9">
<Loc File="C:\Component\AR100A_NxtrMath_Impl\include\NxtrMath.h" Line="217" Column="16">
</Loc>
<Message>
Function 'Abslt_u32_s32' should not be defined in a header file.
</Message>
</Rule>

<Rule Name="1.1" Mode="required" Report="warning" Id="10">
<Loc File="C:\Component\AR100A_NxtrMath_Impl\include\NxtrMath.h" Line="230" Column="17">
</Loc>
<Message>
All code shall conform to ISO 9899:1990 Programming languages  C,
amended and corrected by ISO/IEC 9899/COR1:1995, ISO/IEC 9899/AMD1:1995,
and ISO/IEC 9899/COR2:1996.
Keyword 'inline' should not be used.
</Message>
</Rule>

<Rule Name="8.5" Mode="required" Report="warning" Id="11">
<Loc File="C:\Component\AR100A_NxtrMath_Impl\include\NxtrMath.h" Line="230" Column="17">
</Loc>
<Message>
Function 'Abslt_f32_f32' should not be defined in a header file.
</Message>
</Rule>

<Rule Name="1.1" Mode="required" Report="warning" Id="12">
<Loc File="C:\Component\AR100A_NxtrMath_Impl\include\NxtrMath.h" Line="242" Column="15">
</Loc>
<Message>
All code shall conform to ISO 9899:1990 Programming languages  C,
amended and corrected by ISO/IEC 9899/COR1:1995, ISO/IEC 9899/AMD1:1995,
and ISO/IEC 9899/COR2:1996.
Keyword 'inline' should not be used.
</Message>
</Rule>

<Rule Name="8.5" Mode="required" Report="warning" Id="13">
<Loc File="C:\Component\AR100A_NxtrMath_Impl\include\NxtrMath.h" Line="242" Column="15">
</Loc>
<Message>
Function 'Sign_s08_s08' should not be defined in a header file.
</Message>
</Rule>

<Rule Name="1.1" Mode="required" Report="warning" Id="14">
<Loc File="C:\Component\AR100A_NxtrMath_Impl\include\NxtrMath.h" Line="254" Column="15">
</Loc>
<Message>
All code shall conform to ISO 9899:1990 Programming languages  C,
amended and corrected by ISO/IEC 9899/COR1:1995, ISO/IEC 9899/AMD1:1995,
and ISO/IEC 9899/COR2:1996.
Keyword 'inline' should not be used.
</Message>
</Rule>

<Rule Name="8.5" Mode="required" Report="warning" Id="15">
<Loc File="C:\Component\AR100A_NxtrMath_Impl\include\NxtrMath.h" Line="254" Column="15">
</Loc>
<Message>
Function 'Sign_s08_s16' should not be defined in a header file.
</Message>
</Rule>

<Rule Name="1.1" Mode="required" Report="warning" Id="16">
<Loc File="C:\Component\AR100A_NxtrMath_Impl\include\NxtrMath.h" Line="266" Column="15">
</Loc>
<Message>
All code shall conform to ISO 9899:1990 Programming languages  C,
amended and corrected by ISO/IEC 9899/COR1:1995, ISO/IEC 9899/AMD1:1995,
and ISO/IEC 9899/COR2:1996.
Keyword 'inline' should not be used.
</Message>
</Rule>

<Rule Name="8.5" Mode="required" Report="warning" Id="17">
<Loc File="C:\Component\AR100A_NxtrMath_Impl\include\NxtrMath.h" Line="266" Column="15">
</Loc>
<Message>
Function 'Sign_s08_s32' should not be defined in a header file.
</Message>
</Rule>

<Rule Name="1.1" Mode="required" Report="warning" Id="18">
<Loc File="C:\Component\AR100A_NxtrMath_Impl\include\NxtrMath.h" Line="278" Column="15">
</Loc>
<Message>
All code shall conform to ISO 9899:1990 Programming languages  C,
amended and corrected by ISO/IEC 9899/COR1:1995, ISO/IEC 9899/AMD1:1995,
and ISO/IEC 9899/COR2:1996.
Keyword 'inline' should not be used.
</Message>
</Rule>

<Rule Name="8.5" Mode="required" Report="warning" Id="19">
<Loc File="C:\Component\AR100A_NxtrMath_Impl\include\NxtrMath.h" Line="278" Column="15">
</Loc>
<Message>
Function 'Sign_s08_f32' should not be defined in a header file.
</Message>
</Rule>

<Rule Name="1.1" Mode="required" Report="warning" Id="20">
<Loc File="C:\Component\AR100A_NxtrMath_Impl\include\NxtrMath.h" Line="290" Column="15">
</Loc>
<Message>
All code shall conform to ISO 9899:1990 Programming languages  C,
amended and corrected by ISO/IEC 9899/COR1:1995, ISO/IEC 9899/AMD1:1995,
and ISO/IEC 9899/COR2:1996.
Keyword 'inline' should not be used.
</Message>
</Rule>

<Rule Name="8.5" Mode="required" Report="warning" Id="21">
<Loc File="C:\Component\AR100A_NxtrMath_Impl\include\NxtrMath.h" Line="290" Column="15">
</Loc>
<Message>
Function 'Min_s08' should not be defined in a header file.
</Message>
</Rule>

<Rule Name="1.1" Mode="required" Report="warning" Id="22">
<Loc File="C:\Component\AR100A_NxtrMath_Impl\include\NxtrMath.h" Line="303" Column="15">
</Loc>
<Message>
All code shall conform to ISO 9899:1990 Programming languages  C,
amended and corrected by ISO/IEC 9899/COR1:1995, ISO/IEC 9899/AMD1:1995,
and ISO/IEC 9899/COR2:1996.
Keyword 'inline' should not be used.
</Message>
</Rule>

<Rule Name="8.5" Mode="required" Report="warning" Id="23">
<Loc File="C:\Component\AR100A_NxtrMath_Impl\include\NxtrMath.h" Line="303" Column="15">
</Loc>
<Message>
Function 'Min_u08' should not be defined in a header file.
</Message>
</Rule>

<Rule Name="1.1" Mode="required" Report="warning" Id="24">
<Loc File="C:\Component\AR100A_NxtrMath_Impl\include\NxtrMath.h" Line="316" Column="16">
</Loc>
<Message>
All code shall conform to ISO 9899:1990 Programming languages  C,
amended and corrected by ISO/IEC 9899/COR1:1995, ISO/IEC 9899/AMD1:1995,
and ISO/IEC 9899/COR2:1996.
Keyword 'inline' should not be used.
</Message>
</Rule>

<Rule Name="8.5" Mode="required" Report="warning" Id="25">
<Loc File="C:\Component\AR100A_NxtrMath_Impl\include\NxtrMath.h" Line="316" Column="16">
</Loc>
<Message>
Function 'Min_s16' should not be defined in a header file.
</Message>
</Rule>

<Rule Name="1.1" Mode="required" Report="warning" Id="26">
<Loc File="C:\Component\AR100A_NxtrMath_Impl\include\NxtrMath.h" Line="329" Column="16">
</Loc>
<Message>
All code shall conform to ISO 9899:1990 Programming languages  C,
amended and corrected by ISO/IEC 9899/COR1:1995, ISO/IEC 9899/AMD1:1995,
and ISO/IEC 9899/COR2:1996.
Keyword 'inline' should not be used.
</Message>
</Rule>

<Rule Name="8.5" Mode="required" Report="warning" Id="27">
<Loc File="C:\Component\AR100A_NxtrMath_Impl\include\NxtrMath.h" Line="329" Column="16">
</Loc>
<Message>
Function 'Min_u16' should not be defined in a header file.
</Message>
</Rule>

<Rule Name="1.1" Mode="required" Report="warning" Id="28">
<Loc File="C:\Component\AR100A_NxtrMath_Impl\include\NxtrMath.h" Line="342" Column="16">
</Loc>
<Message>
All code shall conform to ISO 9899:1990 Programming languages  C,
amended and corrected by ISO/IEC 9899/COR1:1995, ISO/IEC 9899/AMD1:1995,
and ISO/IEC 9899/COR2:1996.
Keyword 'inline' should not be used.
</Message>
</Rule>

<Rule Name="8.5" Mode="required" Report="warning" Id="29">
<Loc File="C:\Component\AR100A_NxtrMath_Impl\include\NxtrMath.h" Line="342" Column="16">
</Loc>
<Message>
Function 'Min_s32' should not be defined in a header file.
</Message>
</Rule>

<Rule Name="1.1" Mode="required" Report="warning" Id="30">
<Loc File="C:\Component\AR100A_NxtrMath_Impl\include\NxtrMath.h" Line="355" Column="16">
</Loc>
<Message>
All code shall conform to ISO 9899:1990 Programming languages  C,
amended and corrected by ISO/IEC 9899/COR1:1995, ISO/IEC 9899/AMD1:1995,
and ISO/IEC 9899/COR2:1996.
Keyword 'inline' should not be used.
</Message>
</Rule>

<Rule Name="8.5" Mode="required" Report="warning" Id="31">
<Loc File="C:\Component\AR100A_NxtrMath_Impl\include\NxtrMath.h" Line="355" Column="16">
</Loc>
<Message>
Function 'Min_u32' should not be defined in a header file.
</Message>
</Rule>

<Rule Name="1.1" Mode="required" Report="warning" Id="32">
<Loc File="C:\Component\AR100A_NxtrMath_Impl\include\NxtrMath.h" Line="368" Column="17">
</Loc>
<Message>
All code shall conform to ISO 9899:1990 Programming languages  C,
amended and corrected by ISO/IEC 9899/COR1:1995, ISO/IEC 9899/AMD1:1995,
and ISO/IEC 9899/COR2:1996.
Keyword 'inline' should not be used.
</Message>
</Rule>

<Rule Name="8.5" Mode="required" Report="warning" Id="33">
<Loc File="C:\Component\AR100A_NxtrMath_Impl\include\NxtrMath.h" Line="368" Column="17">
</Loc>
<Message>
Function 'Min_f32' should not be defined in a header file.
</Message>
</Rule>

<Rule Name="1.1" Mode="required" Report="warning" Id="34">
<Loc File="C:\Component\AR100A_NxtrMath_Impl\include\NxtrMath.h" Line="381" Column="15">
</Loc>
<Message>
All code shall conform to ISO 9899:1990 Programming languages  C,
amended and corrected by ISO/IEC 9899/COR1:1995, ISO/IEC 9899/AMD1:1995,
and ISO/IEC 9899/COR2:1996.
Keyword 'inline' should not be used.
</Message>
</Rule>

<Rule Name="8.5" Mode="required" Report="warning" Id="35">
<Loc File="C:\Component\AR100A_NxtrMath_Impl\include\NxtrMath.h" Line="381" Column="15">
</Loc>
<Message>
Function 'Max_s08' should not be defined in a header file.
</Message>
</Rule>

<Rule Name="1.1" Mode="required" Report="warning" Id="36">
<Loc File="C:\Component\AR100A_NxtrMath_Impl\include\NxtrMath.h" Line="394" Column="15">
</Loc>
<Message>
All code shall conform to ISO 9899:1990 Programming languages  C,
amended and corrected by ISO/IEC 9899/COR1:1995, ISO/IEC 9899/AMD1:1995,
and ISO/IEC 9899/COR2:1996.
Keyword 'inline' should not be used.
</Message>
</Rule>

<Rule Name="8.5" Mode="required" Report="warning" Id="37">
<Loc File="C:\Component\AR100A_NxtrMath_Impl\include\NxtrMath.h" Line="394" Column="15">
</Loc>
<Message>
Function 'Max_u08' should not be defined in a header file.
</Message>
</Rule>

<Rule Name="1.1" Mode="required" Report="warning" Id="38">
<Loc File="C:\Component\AR100A_NxtrMath_Impl\include\NxtrMath.h" Line="407" Column="16">
</Loc>
<Message>
All code shall conform to ISO 9899:1990 Programming languages  C,
amended and corrected by ISO/IEC 9899/COR1:1995, ISO/IEC 9899/AMD1:1995,
and ISO/IEC 9899/COR2:1996.
Keyword 'inline' should not be used.
</Message>
</Rule>

<Rule Name="8.5" Mode="required" Report="warning" Id="39">
<Loc File="C:\Component\AR100A_NxtrMath_Impl\include\NxtrMath.h" Line="407" Column="16">
</Loc>
<Message>
Function 'Max_s16' should not be defined in a header file.
</Message>
</Rule>

<Rule Name="1.1" Mode="required" Report="warning" Id="40">
<Loc File="C:\Component\AR100A_NxtrMath_Impl\include\NxtrMath.h" Line="420" Column="16">
</Loc>
<Message>
All code shall conform to ISO 9899:1990 Programming languages  C,
amended and corrected by ISO/IEC 9899/COR1:1995, ISO/IEC 9899/AMD1:1995,
and ISO/IEC 9899/COR2:1996.
Keyword 'inline' should not be used.
</Message>
</Rule>

<Rule Name="8.5" Mode="required" Report="warning" Id="41">
<Loc File="C:\Component\AR100A_NxtrMath_Impl\include\NxtrMath.h" Line="420" Column="16">
</Loc>
<Message>
Function 'Max_u16' should not be defined in a header file.
</Message>
</Rule>

<Rule Name="1.1" Mode="required" Report="warning" Id="42">
<Loc File="C:\Component\AR100A_NxtrMath_Impl\include\NxtrMath.h" Line="433" Column="16">
</Loc>
<Message>
All code shall conform to ISO 9899:1990 Programming languages  C,
amended and corrected by ISO/IEC 9899/COR1:1995, ISO/IEC 9899/AMD1:1995,
and ISO/IEC 9899/COR2:1996.
Keyword 'inline' should not be used.
</Message>
</Rule>

<Rule Name="8.5" Mode="required" Report="warning" Id="43">
<Loc File="C:\Component\AR100A_NxtrMath_Impl\include\NxtrMath.h" Line="433" Column="16">
</Loc>
<Message>
Function 'Max_s32' should not be defined in a header file.
</Message>
</Rule>

<Rule Name="1.1" Mode="required" Report="warning" Id="44">
<Loc File="C:\Component\AR100A_NxtrMath_Impl\include\NxtrMath.h" Line="446" Column="16">
</Loc>
<Message>
All code shall conform to ISO 9899:1990 Programming languages  C,
amended and corrected by ISO/IEC 9899/COR1:1995, ISO/IEC 9899/AMD1:1995,
and ISO/IEC 9899/COR2:1996.
Keyword 'inline' should not be used.
</Message>
</Rule>

<Rule Name="8.5" Mode="required" Report="warning" Id="45">
<Loc File="C:\Component\AR100A_NxtrMath_Impl\include\NxtrMath.h" Line="446" Column="16">
</Loc>
<Message>
Function 'Max_u32' should not be defined in a header file.
</Message>
</Rule>

<Rule Name="1.1" Mode="required" Report="warning" Id="46">
<Loc File="C:\Component\AR100A_NxtrMath_Impl\include\NxtrMath.h" Line="459" Column="17">
</Loc>
<Message>
All code shall conform to ISO 9899:1990 Programming languages  C,
amended and corrected by ISO/IEC 9899/COR1:1995, ISO/IEC 9899/AMD1:1995,
and ISO/IEC 9899/COR2:1996.
Keyword 'inline' should not be used.
</Message>
</Rule>

<Rule Name="8.5" Mode="required" Report="warning" Id="47">
<Loc File="C:\Component\AR100A_NxtrMath_Impl\include\NxtrMath.h" Line="459" Column="17">
</Loc>
<Message>
Function 'Max_f32' should not be defined in a header file.
</Message>
</Rule>

<Rule Name="1.1" Mode="required" Report="warning" Id="48">
<Loc File="C:\Component\AR100A_NxtrMath_Impl\include\NxtrMath.h" Line="473" Column="15">
</Loc>
<Message>
All code shall conform to ISO 9899:1990 Programming languages  C,
amended and corrected by ISO/IEC 9899/COR1:1995, ISO/IEC 9899/AMD1:1995,
and ISO/IEC 9899/COR2:1996.
Keyword 'inline' should not be used.
</Message>
</Rule>

<Rule Name="8.5" Mode="required" Report="warning" Id="49">
<Loc File="C:\Component\AR100A_NxtrMath_Impl\include\NxtrMath.h" Line="473" Column="15">
</Loc>
<Message>
Function 'Lim_s08' should not be defined in a header file.
</Message>
</Rule>

<Rule Name="1.1" Mode="required" Report="warning" Id="50">
<Loc File="C:\Component\AR100A_NxtrMath_Impl\include\NxtrMath.h" Line="487" Column="15">
</Loc>
<Message>
All code shall conform to ISO 9899:1990 Programming languages  C,
amended and corrected by ISO/IEC 9899/COR1:1995, ISO/IEC 9899/AMD1:1995,
and ISO/IEC 9899/COR2:1996.
Keyword 'inline' should not be used.
</Message>
</Rule>

<Rule Name="8.5" Mode="required" Report="warning" Id="51">
<Loc File="C:\Component\AR100A_NxtrMath_Impl\include\NxtrMath.h" Line="487" Column="15">
</Loc>
<Message>
Function 'Lim_u08' should not be defined in a header file.
</Message>
</Rule>

<Rule Name="1.1" Mode="required" Report="warning" Id="52">
<Loc File="C:\Component\AR100A_NxtrMath_Impl\include\NxtrMath.h" Line="501" Column="16">
</Loc>
<Message>
All code shall conform to ISO 9899:1990 Programming languages  C,
amended and corrected by ISO/IEC 9899/COR1:1995, ISO/IEC 9899/AMD1:1995,
and ISO/IEC 9899/COR2:1996.
Keyword 'inline' should not be used.
</Message>
</Rule>

<Rule Name="8.5" Mode="required" Report="warning" Id="53">
<Loc File="C:\Component\AR100A_NxtrMath_Impl\include\NxtrMath.h" Line="501" Column="16">
</Loc>
<Message>
Function 'Lim_s16' should not be defined in a header file.
</Message>
</Rule>

<Rule Name="1.1" Mode="required" Report="warning" Id="54">
<Loc File="C:\Component\AR100A_NxtrMath_Impl\include\NxtrMath.h" Line="515" Column="16">
</Loc>
<Message>
All code shall conform to ISO 9899:1990 Programming languages  C,
amended and corrected by ISO/IEC 9899/COR1:1995, ISO/IEC 9899/AMD1:1995,
and ISO/IEC 9899/COR2:1996.
Keyword 'inline' should not be used.
</Message>
</Rule>

<Rule Name="8.5" Mode="required" Report="warning" Id="55">
<Loc File="C:\Component\AR100A_NxtrMath_Impl\include\NxtrMath.h" Line="515" Column="16">
</Loc>
<Message>
Function 'Lim_u16' should not be defined in a header file.
</Message>
</Rule>

<Rule Name="1.1" Mode="required" Report="warning" Id="56">
<Loc File="C:\Component\AR100A_NxtrMath_Impl\include\NxtrMath.h" Line="529" Column="16">
</Loc>
<Message>
All code shall conform to ISO 9899:1990 Programming languages  C,
amended and corrected by ISO/IEC 9899/COR1:1995, ISO/IEC 9899/AMD1:1995,
and ISO/IEC 9899/COR2:1996.
Keyword 'inline' should not be used.
</Message>
</Rule>

<Rule Name="8.5" Mode="required" Report="warning" Id="57">
<Loc File="C:\Component\AR100A_NxtrMath_Impl\include\NxtrMath.h" Line="529" Column="16">
</Loc>
<Message>
Function 'Lim_s32' should not be defined in a header file.
</Message>
</Rule>

<Rule Name="1.1" Mode="required" Report="warning" Id="58">
<Loc File="C:\Component\AR100A_NxtrMath_Impl\include\NxtrMath.h" Line="543" Column="16">
</Loc>
<Message>
All code shall conform to ISO 9899:1990 Programming languages  C,
amended and corrected by ISO/IEC 9899/COR1:1995, ISO/IEC 9899/AMD1:1995,
and ISO/IEC 9899/COR2:1996.
Keyword 'inline' should not be used.
</Message>
</Rule>

<Rule Name="8.5" Mode="required" Report="warning" Id="59">
<Loc File="C:\Component\AR100A_NxtrMath_Impl\include\NxtrMath.h" Line="543" Column="16">
</Loc>
<Message>
Function 'Lim_u32' should not be defined in a header file.
</Message>
</Rule>

<Rule Name="1.1" Mode="required" Report="warning" Id="60">
<Loc File="C:\Component\AR100A_NxtrMath_Impl\include\NxtrMath.h" Line="557" Column="17">
</Loc>
<Message>
All code shall conform to ISO 9899:1990 Programming languages  C,
amended and corrected by ISO/IEC 9899/COR1:1995, ISO/IEC 9899/AMD1:1995,
and ISO/IEC 9899/COR2:1996.
Keyword 'inline' should not be used.
</Message>
</Rule>

<Rule Name="8.5" Mode="required" Report="warning" Id="61">
<Loc File="C:\Component\AR100A_NxtrMath_Impl\include\NxtrMath.h" Line="557" Column="17">
</Loc>
<Message>
Function 'Lim_f32' should not be defined in a header file.
</Message>
</Rule>

<Rule Name="1.1" Mode="required" Report="warning" Id="62">
<Loc File="C:\Component\AR100A_NxtrMath_Impl\include\NxtrMath.h" Line="572" Column="17">
</Loc>
<Message>
All code shall conform to ISO 9899:1990 Programming languages  C,
amended and corrected by ISO/IEC 9899/COR1:1995, ISO/IEC 9899/AMD1:1995,
and ISO/IEC 9899/COR2:1996.
Keyword 'inline' should not be used.
</Message>
</Rule>

<Rule Name="8.5" Mode="required" Report="warning" Id="63">
<Loc File="C:\Component\AR100A_NxtrMath_Impl\include\NxtrMath.h" Line="572" Column="17">
</Loc>
<Message>
Function 'Arctan2_f32' should not be defined in a header file.
</Message>
</Rule>

<Rule Name="1.1" Mode="required" Report="warning" Id="64">
<Loc File="C:\Component\AR100A_NxtrMath_Impl\include\NxtrMath.h" Line="585" Column="17">
</Loc>
<Message>
All code shall conform to ISO 9899:1990 Programming languages  C,
amended and corrected by ISO/IEC 9899/COR1:1995, ISO/IEC 9899/AMD1:1995,
and ISO/IEC 9899/COR2:1996.
Keyword 'inline' should not be used.
</Message>
</Rule>

<Rule Name="8.5" Mode="required" Report="warning" Id="65">
<Loc File="C:\Component\AR100A_NxtrMath_Impl\include\NxtrMath.h" Line="585" Column="17">
</Loc>
<Message>
Function 'Sin_f32' should not be defined in a header file.
</Message>
</Rule>

<Rule Name="1.1" Mode="required" Report="warning" Id="66">
<Loc File="C:\Component\AR100A_NxtrMath_Impl\include\NxtrMath.h" Line="597" Column="17">
</Loc>
<Message>
All code shall conform to ISO 9899:1990 Programming languages  C,
amended and corrected by ISO/IEC 9899/COR1:1995, ISO/IEC 9899/AMD1:1995,
and ISO/IEC 9899/COR2:1996.
Keyword 'inline' should not be used.
</Message>
</Rule>

<Rule Name="8.5" Mode="required" Report="warning" Id="67">
<Loc File="C:\Component\AR100A_NxtrMath_Impl\include\NxtrMath.h" Line="597" Column="17">
</Loc>
<Message>
Function 'Cos_f32' should not be defined in a header file.
</Message>
</Rule>

<Rule Name="1.1" Mode="required" Report="warning" Id="68">
<Loc File="C:\Component\AR100A_NxtrMath_Impl\include\NxtrMath.h" Line="609" Column="17">
</Loc>
<Message>
All code shall conform to ISO 9899:1990 Programming languages  C,
amended and corrected by ISO/IEC 9899/COR1:1995, ISO/IEC 9899/AMD1:1995,
and ISO/IEC 9899/COR2:1996.
Keyword 'inline' should not be used.
</Message>
</Rule>

<Rule Name="8.5" Mode="required" Report="warning" Id="69">
<Loc File="C:\Component\AR100A_NxtrMath_Impl\include\NxtrMath.h" Line="609" Column="17">
</Loc>
<Message>
Function 'Exp_f32' should not be defined in a header file.
</Message>
</Rule>

<Rule Name="1.1" Mode="required" Report="warning" Id="70">
<Loc File="C:\Component\AR100A_NxtrMath_Impl\include\NxtrMath.h" Line="621" Column="17">
</Loc>
<Message>
All code shall conform to ISO 9899:1990 Programming languages  C,
amended and corrected by ISO/IEC 9899/COR1:1995, ISO/IEC 9899/AMD1:1995,
and ISO/IEC 9899/COR2:1996.
Keyword 'inline' should not be used.
</Message>
</Rule>

<Rule Name="8.5" Mode="required" Report="warning" Id="71">
<Loc File="C:\Component\AR100A_NxtrMath_Impl\include\NxtrMath.h" Line="621" Column="17">
</Loc>
<Message>
Function 'Sqrt_f32' should not be defined in a header file.
</Message>
</Rule>

<Rule Name="1.1" Mode="required" Report="warning" Id="72">
<Loc File="C:\Component\AR100A_NxtrMath_Impl\include\NxtrMath.h" Line="633" Column="17">
</Loc>
<Message>
All code shall conform to ISO 9899:1990 Programming languages  C,
amended and corrected by ISO/IEC 9899/COR1:1995, ISO/IEC 9899/AMD1:1995,
and ISO/IEC 9899/COR2:1996.
Keyword 'inline' should not be used.
</Message>
</Rule>

<Rule Name="8.5" Mode="required" Report="warning" Id="73">
<Loc File="C:\Component\AR100A_NxtrMath_Impl\include\NxtrMath.h" Line="633" Column="17">
</Loc>
<Message>
Function 'Mod_f32' should not be defined in a header file.
</Message>
</Rule>

<Rule Name="1.1" Mode="required" Report="warning" Id="74">
<Loc File="C:\Component\AR100A_NxtrMath_Impl\include\NxtrMath.h" Line="650" Column="14">
</Loc>
<Message>
All code shall conform to ISO 9899:1990 Programming languages  C,
amended and corrected by ISO/IEC 9899/COR1:1995, ISO/IEC 9899/AMD1:1995,
and ISO/IEC 9899/COR2:1996.
Keyword 'inline' should not be used.
</Message>
</Rule>

<Rule Name="8.5" Mode="required" Report="warning" Id="75">
<Loc File="C:\Component\AR100A_NxtrMath_Impl\include\NxtrMath.h" Line="650" Column="14">
</Loc>
<Message>
Function 'SinCos_f32' should not be defined in a header file.
</Message>
</Rule>

<Rule Name="1.1" Mode="required" Report="warning" Id="76">
<Loc File="C:\Component\AR100A_NxtrMath_Impl\include\NxtrMath.h" Line="774" Column="18">
</Loc>
<Message>
All code shall conform to ISO 9899:1990 Programming languages  C,
amended and corrected by ISO/IEC 9899/COR1:1995, ISO/IEC 9899/AMD1:1995,
and ISO/IEC 9899/COR2:1996.
Keyword 'inline' should not be used.
</Message>
</Rule>

<Rule Name="8.5" Mode="required" Report="warning" Id="77">
<Loc File="C:\Component\AR100A_NxtrMath_Impl\include\NxtrMath.h" Line="774" Column="18">
</Loc>
<Message>
Function 'SinLookup' should not be defined in a header file.
</Message>
</Rule>

</CodeStruct>

</MISRA-C-Report>
