<?xml version="1.0" encoding="UTF-8"?>
<Navig version="1.0">
<Files>
<F id="1" n="C:\Program Files\MATLAB\R2013b\polyspace\verifier\cxx\cinclude\stdarg.h"/>
<F id="2" n="C:\component\AR201A_ArCplrSuprt_Impl\include\ASR4.0.3\Platform_Types.h"/>
<F id="3" n="C:\component\AR200A_ArSuprt_Impl\include\ASR4.0.3\Std_Types.h"/>
<F id="4" n="C:\component\CM410B_SnsrMeasStrt_Impl\tools\contract\Rte_CDD_SnsrMeasStrt.h"/>
<F id="5" n="C:\component\AR202A_MicroCtrlrSuprt_Impl\include\P1M\R7F701311\reg_common.h"/>
<F id="6" n="C:\component\AR202A_MicroCtrlrSuprt_Impl\include\P1M\R7F701311\ostm_regs.h"/>
<F id="7" n="C:\component\CM410B_SnsrMeasStrt_Impl\tools\contract\osekext.h"/>
<F id="8" n="C:\component\CM410B_SnsrMeasStrt_Impl\src\CDD_SnsrMeasStrt.c"/>
<F id="9" n="C:\component\CM410B_SnsrMeasStrt_Impl\tools\contract\CDD_HwTq0Meas.h"/>
<F id="10" n="C:\component\CM410B_SnsrMeasStrt_Impl\tools\contract\CDD_HwTq1Meas.h"/>
<F id="11" n="C:\component\CM410B_SnsrMeasStrt_Impl\src\CDD_SnsrMeasStrt_Irq.c"/>
<F id="12" n="C-STUBS\__polyspace__stdstubs.c"/>
<F id="13" n="C:\Program Files\MATLAB\R2013b\polyspace\verifier\cxx\cinclude\__polyspace__std_decls.h"/>
<F id="14" n="C:\Program Files\MATLAB\R2013b\polyspace\verifier\cxx\cinclude\assert.h"/>
<F id="15" n="C:\Program Files\MATLAB\R2013b\polyspace\verifier\cxx\cinclude\__polyspace__libc_defs.h"/>
<F id="16" n="C:\component\CM410B_SnsrMeasStrt_Impl\tools\contract\Rte_CDD_SnsrMeasStrt_Type.h"/>
<F id="17" n="C:\component\CM410B_SnsrMeasStrt_Impl\tools\contract\Rte_Type.h"/>
<F id="18" n="C:\component\CM410B_SnsrMeasStrt_Impl\tools\contract\Rte.h"/>
<F id="19" n="C:\component\AR201A_ArCplrSuprt_Impl\include\ASR4.0.3\Compiler.h"/>
<F id="20" n="C:\component\AR201A_ArCplrSuprt_Impl\tools\contract\Compiler_Cfg.h"/>
<F id="21" n="C:\component\AR201A_ArCplrSuprt_Impl\tools\contract\Renesas_Compiler.h"/>
<F id="22" n="C:\component\CM410B_SnsrMeasStrt_Impl\tools\contract\Rte_DataHandleType.h"/>
<F id="23" n="C:\component\AR200A_ArSuprt_Impl\tools\contract\MemMap.h"/>
<F id="24" n="C:\component\CM410B_SnsrMeasStrt_Impl\tools\contract\CDD_SnsrMeasStrt_MemMap.h"/>
<F id="25" n="C:\component\CM410B_SnsrMeasStrt_Impl\tools\contract\Os.h"/>
</Files>
<Definitions>
<D id="1" f="12" l="461" c="13" n="_polyspace_random_int" t="5" d="1"/>
<D id="2" f="12" l="3531" c="4" n="__polyspace_nb_varargs" t="1" d="1"/>
<D id="3" f="12" l="453" c="23" n="_polyspace_random_uchar" t="5" d="1"/>
<D id="4" f="12" l="445" c="14" n="_polyspace_random_char" t="5" d="1"/>
<D id="5" f="12" l="3530" c="7" n="__polyspace_vararg" t="1" d="1"/>
<D id="6" f="12" l="463" c="24" n="random" t="4" d="1"/>
<D id="7" f="12" l="471" c="25" n="random" t="4" d="1"/>
<D id="8" f="12" l="455" c="34" n="random" t="4" d="1"/>
<D id="9" f="12" l="477" c="23" n="_polyspace_random_ulong" t="5" d="1"/>
<D id="10" f="12" l="447" c="25" n="random" t="4" d="1"/>
<D id="11" f="12" l="484" c="16" n="_polyspace_random_double" t="5" d="1"/>
<D id="12" f="12" l="469" c="14" n="_polyspace_random_long" t="5" d="1"/>
<D id="13" f="12" l="479" c="34" n="random" t="4" d="1"/>
<D id="14" f="12" l="486" c="27" n="random" t="4" d="1"/>
<D id="15" f="12" l="6876" c="14" n="_polyspace_compare_function_type" t="7" d="1"/>
<D id="16" f="6" l="50" c="2" n="__type633" t="7" d="1"/>
<D id="17" f="5" l="51" c="2" n="__bitf_T" t="7" d="1"/>
<D id="18" f="6" l="60" c="2" n="__type1910" t="7" d="1"/>
<D id="19" f="6" l="70" c="2" n="__type1912" t="7" d="1"/>
<D id="20" f="6" l="35" c="2" n="__type631" t="7" d="1"/>
<D id="21" f="6" l="45" c="2" n="__type632" t="7" d="1"/>
<D id="22" f="5" l="64" c="2" n="__type468" t="7" d="1"/>
<D id="23" f="6" l="55" c="2" n="__type634" t="7" d="1"/>
<D id="24" f="5" l="74" c="2" n="__type539" t="7" d="1"/>
<D id="25" f="5" l="93" c="2" n="__type554" t="7" d="1"/>
<D id="26" f="6" l="65" c="2" n="__type1911" t="7" d="1"/>
<D id="27" f="6" l="75" c="2" n="__type1913" t="7" d="1"/>
<D id="28" f="5" l="85" c="2" n="__type541" t="7" d="1"/>
<D id="29" f="6" l="95" c="2" n="__type2599" t="7" d="1"/>
<D id="30" f="5" l="69" c="2" n="__type538" t="7" d="1"/>
<D id="31" f="5" l="79" c="2" n="__type540" t="7" d="1"/>
<D id="32" f="4" l="72" c="7" n="Rte_Prm_CDD_SnsrMeasStrt_SnsrMeasStrtTrigDly_Val" t="2" d="0"/>
<D id="33" f="5" l="98" c="2" n="__type721" t="7" d="1"/>
<D id="34" f="5" l="89" c="2" n="__type552" t="7" d="1"/>
<D id="35" f="6" l="89" c="2" n="__type2592" t="7" d="1"/>
<D id="36" f="4" l="48" c="7" n="Rte_CDS_CDD_SnsrMeasStrt" t="6" d="1"/>
<D id="37" f="12" l="11320" c="23" n="random" t="4" d="1"/>
<D id="38" f="12" l="11336" c="21" n="HUGE_VAL" t="1" d="1"/>
<D id="39" f="12" l="11318" c="12" n="_polyspace_random_long_double" t="2" d="1"/>
<D id="40" f="12" l="11337" c="21" n="HUGE_VALF" t="1" d="1"/>
<D id="41" f="12" l="11338" c="21" n="HUGE_VALL" t="1" d="1"/>
<D id="42" f="12" l="12180" c="16" n="__polyspace_absolute_address" t="1" d="1"/>
<D id="43" f="5" l="50" c="10" n="bit07" t="9" d="1"/>
<D id="44" f="5" l="120" c="2" n="__type728" t="7" d="1"/>
<D id="45" f="6" l="30" c="11" n="IC0CKSEL02" t="9" d="1"/>
<D id="46" f="4" l="51" c="10" n="Pim_TqMsgTrigCnt" t="9" d="1"/>
<D id="47" f="6" l="111" c="2" n="__type2600" t="7" d="1"/>
<D id="48" f="6" l="40" c="11" n="IC0CKSEL12" t="9" d="1"/>
<D id="49" f="6" l="31" c="11" n="IC0CKSEL03" t="9" d="1"/>
<D id="50" f="7" l="20" c="12" n="Dummyfunc" t="2" d="0"/>
<D id="51" f="5" l="43" c="10" n="bit00" t="9" d="1"/>
<D id="52" f="5" l="103" c="2" n="__type723" t="7" d="1"/>
<D id="53" f="6" l="41" c="11" n="IC0CKSEL13" t="9" d="1"/>
<D id="54" f="6" l="32" c="11" n="IC0TMSEL0" t="9" d="1"/>
<D id="55" f="5" l="131" c="2" n="__type1817" t="7" d="1"/>
<D id="56" f="3" l="141" c="2" n="Std_VersionInfoType" t="7" d="1"/>
<D id="57" f="5" l="44" c="10" n="bit01" t="9" d="1"/>
<D id="58" f="5" l="113" c="2" n="__type727" t="7" d="1"/>
<D id="59" f="6" l="42" c="11" n="IC0TMSEL1" t="9" d="1"/>
<D id="60" f="5" l="141" c="2" n="__type1819" t="7" d="1"/>
<D id="61" f="5" l="45" c="10" n="bit02" t="9" d="1"/>
<D id="62" f="6" l="34" c="11" n="IC0TMEN0" t="9" d="1"/>
<D id="63" f="5" l="151" c="2" n="__type1831" t="7" d="1"/>
<D id="64" f="6" l="53" c="11" n="TOE" t="9" d="1"/>
<D id="65" f="5" l="46" c="10" n="bit03" t="9" d="1"/>
<D id="66" f="5" l="72" c="11" n="TS" t="9" d="1"/>
<D id="67" f="6" l="44" c="11" n="IC0TMEN1" t="9" d="1"/>
<D id="68" f="6" l="81" c="11" n="dummy294" t="9" d="1"/>
<D id="69" f="5" l="161" c="2" n="__type2000" t="7" d="1"/>
<D id="70" f="6" l="63" c="11" n="UINT16" t="9" d="1"/>
<D id="71" f="5" l="82" c="11" n="MD0" t="9" d="1"/>
<D id="72" f="9" l="24" c="12" n="HwTq0MeasTrigStrt_Oper" t="2" d="0"/>
<D id="73" f="5" l="47" c="10" n="bit04" t="9" d="1"/>
<D id="74" f="6" l="73" c="11" n="UINT8" t="9" d="1"/>
<D id="75" f="5" l="171" c="2" n="__type2006" t="7" d="1"/>
<D id="76" f="5" l="83" c="11" n="MD1" t="9" d="1"/>
<D id="77" f="5" l="48" c="10" n="bit05" t="9" d="1"/>
<D id="78" f="6" l="83" c="11" n="dummy295" t="9" d="1"/>
<D id="79" f="6" l="28" c="11" n="IC0CKSEL00" t="9" d="1"/>
<D id="80" f="6" l="82" c="21" n="TE" t="9" d="1"/>
<D id="81" f="5" l="126" c="2" n="__type1747" t="7" d="1"/>
<D id="82" f="6" l="93" c="11" n="dummy355" t="9" d="1"/>
<D id="83" f="5" l="49" c="10" n="bit06" t="9" d="1"/>
<D id="84" f="6" l="38" c="11" n="IC0CKSEL10" t="9" d="1"/>
<D id="85" f="6" l="29" c="11" n="IC0CKSEL01" t="9" d="1"/>
<D id="86" f="5" l="136" c="2" n="__type1818" t="7" d="1"/>
<D id="87" f="6" l="48" c="11" n="TO" t="9" d="1"/>
<D id="88" f="6" l="85" c="11" n="dummy296" t="9" d="1"/>
<D id="89" f="6" l="39" c="11" n="IC0CKSEL11" t="9" d="1"/>
<D id="90" f="8" l="150" c="5" n="SnsrMeasStrtPer1" t="2" d="1"/>
<D id="91" f="5" l="146" c="2" n="__type1820" t="7" d="1"/>
<D id="92" f="6" l="58" c="11" n="UINT16" t="9" d="1"/>
<D id="93" f="1" l="45" c="14" n="__va_list" t="7" d="1"/>
<D id="94" f="5" l="77" c="11" n="TT" t="9" d="1"/>
<D id="95" f="8" l="123" c="5" n="SnsrMeasStrtInit1" t="2" d="1"/>
<D id="96" f="5" l="96" c="11" n="TIS" t="9" d="1"/>
<D id="97" f="6" l="68" c="11" n="UINT8" t="9" d="1"/>
<D id="98" f="5" l="156" c="2" n="__type1833" t="7" d="1"/>
<D id="99" f="6" l="87" c="11" n="dummy297" t="9" d="1"/>
<D id="100" f="5" l="88" c="11" n="TX" t="9" d="1"/>
<D id="101" f="5" l="166" c="2" n="__type2002" t="7" d="1"/>
<D id="102" f="6" l="64" c="14" n="BIT" t="9" d="1"/>
<D id="103" f="6" l="79" c="11" n="CMP" t="9" d="1"/>
<D id="104" f="6" l="74" c="14" n="BIT" t="9" d="1"/>
<D id="105" f="1" l="50" c="18" n="__gnuc_va_list" t="7" d="1"/>
<D id="106" f="5" l="176" c="2" n="__type2007" t="7" d="1"/>
<D id="107" f="6" l="98" c="11" n="CMP" t="9" d="1"/>
<D id="108" f="11" l="46" c="5" n="SnsrMeasStrtIrq" t="2" d="1"/>
<D id="109" f="6" l="92" c="15" n="IC0CKSEL0" t="9" d="1"/>
<D id="110" f="6" l="80" c="17" n="CNT" t="9" d="1"/>
<D id="111" f="5" l="62" c="17" n="PRERR" t="9" d="1"/>
<D id="112" f="6" l="84" c="15" n="TS" t="9" d="1"/>
<D id="113" f="6" l="94" c="15" n="IC0CKSEL1" t="9" d="1"/>
<D id="114" f="6" l="59" c="14" n="BIT" t="9" d="1"/>
<D id="115" f="6" l="69" c="14" n="BIT" t="9" d="1"/>
<D id="116" f="4" l="58" c="52" n="Rte_Inst_CDD_SnsrMeasStrt" t="1" d="0"/>
<D id="117" f="5" l="92" c="17" n="RX" t="9" d="1"/>
<D id="118" f="6" l="86" c="15" n="TT" t="9" d="1"/>
<D id="119" f="6" l="88" c="15" n="CTL" t="9" d="1"/>
<D id="120" f="5" l="67" c="17" n="TE" t="9" d="1"/>
<D id="121" f="4" l="63" c="47" n="Rte_Instance" t="7" d="1"/>
<D id="122" f="1" l="49" c="18" n="va_list" t="7" d="1"/>
<D id="123" f="6" l="99" c="17" n="CNT" t="9" d="1"/>
<D id="124" f="5" l="110" c="11" n="MAS" t="9" d="1"/>
<D id="125" f="5" l="101" c="11" n="CLOV" t="9" d="1"/>
<D id="126" f="3" l="140" c="10" n="sw_patch_version" t="9" d="1"/>
<D id="127" f="6" l="101" c="11" n="dummy356" t="9" d="1"/>
<D id="128" f="5" l="111" c="11" n="CCS" t="9" d="1"/>
<D id="129" f="5" l="130" c="20" n="BIT" t="9" d="1"/>
<D id="130" f="5" l="112" c="11" n="CKS" t="9" d="1"/>
<D id="131" f="2" l="110" c="31" n="uint32" t="7" d="1"/>
<D id="132" f="6" l="103" c="11" n="dummy357" t="9" d="1"/>
<D id="133" f="2" l="112" c="31" n="sint8_least" t="7" d="1"/>
<D id="134" f="2" l="103" c="31" n="boolean" t="7" d="1"/>
<D id="135" f="6" l="105" c="11" n="dummy358" t="9" d="1"/>
<D id="136" f="12" l="51" c="21" n="size_t" t="7" d="1"/>
<D id="137" f="10" l="24" c="12" n="HwTq1MeasTrigStrt_Oper" t="2" d="0"/>
<D id="138" f="5" l="124" c="11" n="UINT8" t="9" d="1"/>
<D id="139" f="6" l="104" c="21" n="TE" t="9" d="1"/>
<D id="140" f="2" l="113" c="31" n="uint8_least" t="7" d="1"/>
<D id="141" f="5" l="106" c="11" n="MD" t="9" d="1"/>
<D id="142" f="3" l="136" c="10" n="vendorID" t="9" d="1"/>
<D id="143" f="5" l="125" c="20" n="BIT" t="9" d="1"/>
<D id="144" f="5" l="134" c="11" n="UINT8" t="9" d="1"/>
<D id="145" f="6" l="100" c="15" n="TO" t="9" d="1"/>
<D id="146" f="5" l="116" c="11" n="PRS0" t="9" d="1"/>
<D id="147" f="2" l="114" c="31" n="sint16_least" t="7" d="1"/>
<D id="148" f="2" l="105" c="31" n="sint8" t="7" d="1"/>
<D id="149" f="5" l="144" c="11" n="UINT8" t="9" d="1"/>
<D id="150" f="6" l="107" c="11" n="dummy359" t="9" d="1"/>
<D id="151" f="3" l="137" c="10" n="moduleID" t="9" d="1"/>
<D id="152" f="6" l="110" c="15" n="CTL" t="9" d="1"/>
<D id="153" f="12" l="53" c="12" n="ptrdiff_t" t="7" d="1"/>
<D id="154" f="5" l="117" c="11" n="PRS1" t="9" d="1"/>
<D id="155" f="2" l="115" c="31" n="uint16_least" t="7" d="1"/>
<D id="156" f="5" l="108" c="11" n="COS" t="9" d="1"/>
<D id="157" f="5" l="140" c="14" n="BIT" t="9" d="1"/>
<D id="158" f="5" l="154" c="11" n="UINT16" t="9" d="1"/>
<D id="159" f="2" l="106" c="31" n="uint8" t="7" d="1"/>
<D id="160" f="3" l="138" c="10" n="sw_major_version" t="9" d="1"/>
<D id="161" f="6" l="102" c="15" n="TOE" t="9" d="1"/>
<D id="162" f="3" l="132" c="14" n="Std_ReturnType" t="7" d="1"/>
<D id="163" f="5" l="118" c="11" n="PRS2" t="9" d="1"/>
<D id="164" f="5" l="150" c="14" n="BIT" t="9" d="1"/>
<D id="165" f="5" l="155" c="20" n="BIT" t="9" d="1"/>
<D id="166" f="5" l="164" c="11" n="UINT8" t="9" d="1"/>
<D id="167" f="2" l="116" c="31" n="sint32_least" t="7" d="1"/>
<D id="168" f="5" l="109" c="11" n="STS" t="9" d="1"/>
<D id="169" f="2" l="107" c="31" n="sint16" t="7" d="1"/>
<D id="170" f="3" l="125" c="22" n="StatusType" t="7" d="1"/>
<D id="171" f="6" l="109" c="11" n="dummy360" t="9" d="1"/>
<D id="172" f="3" l="139" c="10" n="sw_minor_version" t="9" d="1"/>
<D id="173" f="5" l="160" c="14" n="BIT" t="9" d="1"/>
<D id="174" f="5" l="174" c="11" n="UINT16" t="9" d="1"/>
<D id="175" f="5" l="119" c="11" n="PRS3" t="9" d="1"/>
<D id="176" f="2" l="117" c="31" n="uint32_least" t="7" d="1"/>
<D id="177" f="2" l="108" c="31" n="uint16" t="7" d="1"/>
<D id="178" f="12" l="56" c="21" n="wchar_t" t="7" d="1"/>
<D id="179" f="5" l="170" c="14" n="BIT" t="9" d="1"/>
<D id="180" f="5" l="129" c="11" n="UINT8" t="9" d="1"/>
<D id="181" f="2" l="127" c="31" n="sint64" t="7" d="1"/>
<D id="182" f="6" l="113" c="61" n="OSTM" t="1" d="0"/>
<D id="183" f="2" l="109" c="31" n="sint32" t="7" d="1"/>
<D id="184" f="5" l="139" c="11" n="UINT8" t="9" d="1"/>
<D id="185" f="2" l="128" c="31" n="uint64" t="7" d="1"/>
<D id="186" f="5" l="135" c="14" n="BIT" t="9" d="1"/>
<D id="187" f="5" l="149" c="11" n="UINT16" t="9" d="1"/>
<D id="188" f="2" l="138" c="31" n="float32" t="7" d="1"/>
<D id="189" f="6" l="106" c="15" n="TS" t="9" d="1"/>
<D id="190" f="5" l="145" c="14" n="BIT" t="9" d="1"/>
<D id="191" f="5" l="159" c="11" n="UINT8" t="9" d="1"/>
<D id="192" f="2" l="139" c="31" n="float64" t="7" d="1"/>
<D id="193" f="6" l="114" c="62" n="OSTM0" t="1" d="0"/>
<D id="194" f="5" l="169" c="11" n="UINT16" t="9" d="1"/>
<D id="195" f="5" l="165" c="14" n="BIT" t="9" d="1"/>
<D id="196" f="6" l="108" c="15" n="TT" t="9" d="1"/>
<D id="197" f="6" l="115" c="62" n="OSTM1" t="1" d="0"/>
<D id="198" f="5" l="175" c="14" n="BIT" t="9" d="1"/>
<D id="199" f="12" l="427" c="4" n="errno" t="1" d="1"/>
</Definitions>
<Uses>
<U id="1" f="8" l="157" c="100" d="131" a="0"/>
<U id="2" f="12" l="480" c="11" d="13" a="0"/>
<U id="3" f="12" l="472" c="11" d="7" a="0"/>
<U id="4" f="12" l="464" c="11" d="6" a="0"/>
<U id="5" f="12" l="456" c="11" d="8" a="0"/>
<U id="6" f="12" l="448" c="11" d="10" a="0"/>
<U id="7" f="12" l="487" c="11" d="14" a="0"/>
<U id="8" f="4" l="72" c="0" d="177" a="0"/>
<U id="9" f="4" l="51" c="2" d="131" a="0"/>
<U id="10" f="6" l="30" c="4" d="177" a="0"/>
<U id="11" f="6" l="40" c="4" d="177" a="0"/>
<U id="12" f="6" l="31" c="4" d="177" a="0"/>
<U id="13" f="5" l="50" c="4" d="159" a="0"/>
<U id="14" f="6" l="41" c="4" d="177" a="0"/>
<U id="15" f="6" l="32" c="4" d="177" a="0"/>
<U id="16" f="6" l="42" c="4" d="177" a="0"/>
<U id="17" f="5" l="43" c="4" d="159" a="0"/>
<U id="18" f="6" l="34" c="4" d="177" a="0"/>
<U id="19" f="5" l="44" c="4" d="159" a="0"/>
<U id="20" f="6" l="53" c="4" d="159" a="0"/>
<U id="21" f="5" l="72" c="4" d="159" a="0"/>
<U id="22" f="6" l="44" c="4" d="177" a="0"/>
<U id="23" f="6" l="81" c="4" d="159" a="0"/>
<U id="24" f="6" l="63" c="4" d="177" a="0"/>
<U id="25" f="5" l="45" c="4" d="159" a="0"/>
<U id="26" f="5" l="82" c="4" d="159" a="0"/>
<U id="27" f="6" l="73" c="4" d="159" a="0"/>
<U id="28" f="1" l="50" c="8" d="93" a="0"/>
<U id="29" f="6" l="64" c="4" d="21" a="0"/>
<U id="30" f="5" l="46" c="4" d="159" a="0"/>
<U id="31" f="5" l="83" c="4" d="159" a="0"/>
<U id="32" f="6" l="92" c="4" d="18" a="0"/>
<U id="33" f="6" l="83" c="4" d="159" a="0"/>
<U id="34" f="6" l="74" c="4" d="23" a="0"/>
<U id="35" f="6" l="28" c="4" d="177" a="0"/>
<U id="36" f="5" l="47" c="4" d="159" a="0"/>
<U id="37" f="6" l="93" c="4" d="159" a="0"/>
<U id="38" f="6" l="84" c="4" d="86" a="0"/>
<U id="39" f="6" l="38" c="4" d="177" a="0"/>
<U id="40" f="6" l="29" c="4" d="177" a="0"/>
<U id="41" f="5" l="48" c="4" d="159" a="0"/>
<U id="42" f="6" l="94" c="4" d="26" a="0"/>
<U id="43" f="6" l="48" c="4" d="159" a="0"/>
<U id="44" f="6" l="85" c="4" d="159" a="0"/>
<U id="45" f="6" l="39" c="4" d="177" a="0"/>
<U id="46" f="5" l="49" c="4" d="159" a="0"/>
<U id="47" f="6" l="58" c="4" d="177" a="0"/>
<U id="48" f="5" l="77" c="4" d="159" a="0"/>
<U id="49" f="6" l="86" c="4" d="60" a="0"/>
<U id="50" f="5" l="96" c="4" d="159" a="0"/>
<U id="51" f="6" l="68" c="4" d="159" a="0"/>
<U id="52" f="6" l="59" c="4" d="20" a="0"/>
<U id="53" f="6" l="87" c="4" d="159" a="0"/>
<U id="54" f="1" l="84" c="7" d="122" a="0"/>
<U id="55" f="6" l="69" c="4" d="16" a="0"/>
<U id="56" f="5" l="88" c="4" d="177" a="0"/>
<U id="57" f="6" l="88" c="4" d="91" a="0"/>
<U id="58" f="6" l="79" c="4" d="131" a="0"/>
<U id="59" f="6" l="98" c="4" d="131" a="0"/>
<U id="60" f="1" l="49" c="8" d="93" a="0"/>
<U id="61" f="12" l="11321" c="9" d="37" a="0"/>
<U id="62" f="8" l="130" c="1" d="197" a="1"/>
<U id="63" f="8" l="131" c="1" d="182" a="1"/>
<U id="64" f="6" l="100" c="4" d="19" a="0"/>
<U id="65" f="6" l="80" c="10" d="131" a="0"/>
<U id="66" f="5" l="62" c="10" d="159" a="0"/>
<U id="67" f="5" l="110" c="4" d="177" a="0"/>
<U id="68" f="8" l="132" c="1" d="197" a="1"/>
<U id="69" f="5" l="101" c="4" d="159" a="0"/>
<U id="70" f="6" l="110" c="4" d="91" a="0"/>
<U id="71" f="6" l="101" c="4" d="159" a="0"/>
<U id="72" f="3" l="140" c="3" d="159" a="0"/>
<U id="73" f="5" l="111" c="4" d="177" a="0"/>
<U id="74" f="8" l="133" c="1" d="50" a="0"/>
<U id="75" f="6" l="82" c="10" d="55" a="0"/>
<U id="76" f="6" l="102" c="4" d="27" a="0"/>
<U id="77" f="5" l="92" c="10" d="177" a="0"/>
<U id="78" f="5" l="112" c="4" d="177" a="0"/>
<U id="79" f="5" l="140" c="4" d="31" a="0"/>
<U id="80" f="6" l="103" c="4" d="159" a="0"/>
<U id="81" f="4" l="63" c="21" d="36" a="0"/>
<U id="82" f="5" l="150" c="4" d="34" a="0"/>
<U id="83" f="5" l="67" c="10" d="159" a="0"/>
<U id="84" f="5" l="160" c="4" d="33" a="0"/>
<U id="85" f="1" l="84" c="39" d="122" a="0"/>
<U id="86" f="6" l="105" c="4" d="159" a="0"/>
<U id="87" f="5" l="124" c="4" d="159" a="0"/>
<U id="88" f="5" l="170" c="4" d="58" a="0"/>
<U id="89" f="4" l="58" c="20" d="36" a="0"/>
<U id="90" f="5" l="106" c="4" d="177" a="0"/>
<U id="91" f="6" l="106" c="4" d="86" a="0"/>
<U id="92" f="5" l="134" c="4" d="159" a="0"/>
<U id="93" f="3" l="136" c="3" d="177" a="0"/>
<U id="94" f="5" l="116" c="4" d="177" a="0"/>
<U id="95" f="5" l="144" c="4" d="159" a="0"/>
<U id="96" f="6" l="107" c="4" d="159" a="0"/>
<U id="97" f="5" l="135" c="4" d="24" a="0"/>
<U id="98" f="8" l="157" c="1" d="197" a="1"/>
<U id="99" f="3" l="137" c="3" d="177" a="0"/>
<U id="100" f="5" l="117" c="4" d="177" a="0"/>
<U id="101" f="5" l="108" c="4" d="177" a="0"/>
<U id="102" f="5" l="154" c="4" d="177" a="0"/>
<U id="103" f="5" l="145" c="4" d="28" a="0"/>
<U id="104" f="6" l="99" c="10" d="131" a="0"/>
<U id="105" f="6" l="108" c="4" d="60" a="0"/>
<U id="106" f="8" l="158" c="1" d="197" a="1"/>
<U id="107" f="3" l="138" c="3" d="159" a="0"/>
<U id="108" f="5" l="118" c="4" d="177" a="0"/>
<U id="109" f="5" l="164" c="4" d="159" a="0"/>
<U id="110" f="5" l="109" c="4" d="177" a="0"/>
<U id="111" f="6" l="109" c="4" d="159" a="0"/>
<U id="112" f="11" l="54" c="6" d="116" a="0"/>
<U id="113" f="3" l="132" c="8" d="159" a="0"/>
<U id="114" f="3" l="139" c="3" d="159" a="0"/>
<U id="115" f="5" l="174" c="4" d="177" a="0"/>
<U id="116" f="8" l="131" c="8" d="113" a="0"/>
<U id="117" f="11" l="48" c="4" d="197" a="1"/>
<U id="118" f="5" l="119" c="4" d="177" a="0"/>
<U id="119" f="5" l="165" c="4" d="52" a="0"/>
<U id="120" f="5" l="129" c="4" d="159" a="0"/>
<U id="121" f="5" l="175" c="4" d="44" a="0"/>
<U id="122" f="5" l="139" c="4" d="159" a="0"/>
<U id="123" f="5" l="149" c="4" d="177" a="0"/>
<U id="124" f="5" l="159" c="4" d="159" a="0"/>
<U id="125" f="5" l="169" c="4" d="177" a="0"/>
<U id="126" f="8" l="130" c="9" d="196" a="0"/>
<U id="127" f="5" l="130" c="10" d="30" a="0"/>
<U id="128" f="11" l="50" c="10" d="72" a="0"/>
<U id="129" f="8" l="132" c="9" d="152" a="0"/>
<U id="130" f="11" l="51" c="10" d="137" a="0"/>
<U id="131" f="6" l="104" c="10" d="55" a="0"/>
<U id="132" f="8" l="131" c="20" d="70" a="0"/>
<U id="133" f="5" l="125" c="10" d="22" a="0"/>
<U id="134" f="5" l="155" c="10" d="25" a="0"/>
<U id="135" f="8" l="130" c="14" d="184" a="0"/>
<U id="136" f="6" l="113" c="50" d="29" a="0"/>
<U id="137" f="8" l="157" c="9" d="107" a="0"/>
<U id="138" f="8" l="158" c="9" d="189" a="0"/>
<U id="139" f="6" l="114" c="51" d="47" a="0"/>
<U id="140" f="11" l="48" c="12" d="196" a="0"/>
<U id="141" f="8" l="132" c="15" d="149" a="0"/>
<U id="142" f="6" l="115" c="51" d="47" a="0"/>
<U id="143" f="11" l="54" c="33" d="46" a="0"/>
<U id="144" f="8" l="157" c="39" d="131" a="0"/>
<U id="145" f="8" l="157" c="32" d="123" a="0"/>
<U id="146" f="8" l="158" c="14" d="144" a="0"/>
<U id="147" f="8" l="157" c="24" d="193" a="1"/>
<U id="148" f="11" l="54" c="82" d="46" a="0"/>
<U id="149" f="8" l="157" c="15" d="131" a="0"/>
<U id="150" f="11" l="54" c="55" d="116" a="0"/>
<U id="151" f="11" l="48" c="17" d="184" a="0"/>
<U id="152" f="8" l="157" c="47" d="32" a="0"/>
</Uses>
<Blocks>
<B id="1" t="routine" f="11" l="46" c="5">
<BEGIN l="47" c="0"/>
<END l="55" c="0"/>
</B>
<B id="2" t="ppcif" f="9" l="19" c="0">
<BEGIN l="19" c="23"/>
<END l="27" c="0"/>
</B>
<B id="3" t="ppcif" f="10" l="19" c="0">
<BEGIN l="19" c="23"/>
<END l="27" c="0"/>
</B>
<B id="4" t="routine" f="8" l="123" c="5">
<BEGIN l="124" c="0"/>
<END l="137" c="0"/>
</B>
<B id="5" t="routine" f="8" l="150" c="5">
<BEGIN l="151" c="0"/>
<END l="163" c="0"/>
</B>
<B id="6" t="ppcif" f="13" l="15" c="0">
<BEGIN l="15" c="27"/>
<END l="330" c="0"/>
</B>
<B id="7" t="ppcif" f="13" l="25" c="0">
<BEGIN l="25" c="19"/>
<END l="155" c="0"/>
</B>
<B id="8" t="ppcrmif" f="13" l="46" c="0">
<BEGIN l="46" c="93"/>
<END l="91" c="0"/>
</B>
<B id="9" t="ppcrmif" f="13" l="94" c="0">
<BEGIN l="94" c="91"/>
<END l="153" c="0"/>
</B>
<B id="10" t="ppcrmelse" f="13" l="155" c="0">
<BEGIN l="155" c="35"/>
<END l="328" c="0"/>
</B>
<B id="11" t="ppcif" f="14" l="11" c="0">
<BEGIN l="11" c="27"/>
<END l="36" c="0"/>
</B>
<B id="12" t="ppcrmif" f="14" l="14" c="0">
<BEGIN l="14" c="19"/>
<END l="29" c="0"/>
</B>
<B id="13" t="ppcelse" f="14" l="29" c="0">
<BEGIN l="29" c="5"/>
<END l="33" c="0"/>
</B>
<B id="14" t="ppcif" f="1" l="22" c="0">
<BEGIN l="22" c="17"/>
<END l="109" c="0"/>
</B>
<B id="15" t="ppcrmif" f="1" l="39" c="0">
<BEGIN l="39" c="66"/>
<END l="43" c="0"/>
</B>
<B id="16" t="ppcelse" f="1" l="43" c="0">
<BEGIN l="43" c="60"/>
<END l="47" c="0"/>
</B>
<B id="17" t="ppcrmif" f="1" l="52" c="0">
<BEGIN l="52" c="18"/>
<END l="58" c="0"/>
</B>
<B id="18" t="ppcrmif" f="1" l="62" c="0">
<BEGIN l="62" c="33"/>
<END l="80" c="0"/>
</B>
<B id="19" t="ppcelse" f="1" l="80" c="0">
<BEGIN l="80" c="31"/>
<END l="93" c="0"/>
</B>
<B id="20" t="ppcrmif" f="1" l="96" c="0">
<BEGIN l="96" c="14"/>
<END l="106" c="0"/>
</B>
<B id="21" t="ppcif" f="15" l="3" c="0">
<BEGIN l="3" c="29"/>
<END l="348" c="0"/>
</B>
<B id="22" t="ppcif" f="15" l="61" c="0">
<BEGIN l="63" c="27"/>
<END l="66" c="0"/>
</B>
<B id="23" t="ppcrmif" f="15" l="165" c="0">
<BEGIN l="165" c="17"/>
<END l="206" c="0"/>
</B>
<B id="24" t="ppcrmif" f="15" l="209" c="0">
<BEGIN l="209" c="37"/>
<END l="211" c="0"/>
</B>
<B id="25" t="ppcrmif" f="15" l="213" c="0">
<BEGIN l="213" c="44"/>
<END l="321" c="0"/>
</B>
<B id="26" t="ppcif" f="15" l="323" c="0">
<BEGIN l="323" c="18"/>
<END l="346" c="0"/>
</B>
<B id="27" t="ppcrmif" f="15" l="326" c="0">
<BEGIN l="326" c="18"/>
<END l="328" c="0"/>
</B>
<B id="28" t="ppcrmif" f="15" l="329" c="0">
<BEGIN l="329" c="63"/>
<END l="331" c="0"/>
</B>
<B id="29" t="ppcrmif" f="15" l="332" c="0">
<BEGIN l="332" c="64"/>
<END l="334" c="0"/>
</B>
<B id="30" t="ppcrmif" f="15" l="335" c="0">
<BEGIN l="335" c="16"/>
<END l="340" c="0"/>
</B>
<B id="31" t="ppcif" f="15" l="343" c="0">
<BEGIN l="343" c="57"/>
<END l="345" c="0"/>
</B>
<B id="32" t="type" f="4" l="48" c="7">
<BEGIN l="48" c="30"/>
<END l="53" c="0"/>
</B>
<B id="33" t="ppcif" f="4" l="24" c="0">
<BEGIN l="24" c="31"/>
<END l="166" c="0"/>
</B>
<B id="34" t="ppcrmif" f="4" l="27" c="0">
<BEGIN l="27" c="35"/>
<END l="29" c="0"/>
</B>
<B id="35" t="ppcrmif" f="4" l="33" c="0">
<BEGIN l="33" c="19"/>
<END l="36" c="0"/>
</B>
<B id="36" t="ppcrmif" f="4" l="150" c="0">
<BEGIN l="150" c="19"/>
<END l="152" c="0"/>
</B>
<B id="37" t="ppcif" f="4" l="155" c="0">
<BEGIN l="155" c="26"/>
<END l="163" c="0"/>
</B>
<B id="38" t="ppcif" f="4" l="156" c="0">
<BEGIN l="156" c="25"/>
<END l="160" c="0"/>
</B>
<B id="39" t="ppcrmif" f="4" l="157" c="0">
<BEGIN l="157" c="37"/>
<END l="159" c="0"/>
</B>
<B id="40" t="ppcrmelse" f="4" l="160" c="0">
<BEGIN l="160" c="7"/>
<END l="162" c="0"/>
</B>
<B id="41" t="ppcif" f="16" l="24" c="0">
<BEGIN l="24" c="36"/>
<END l="55" c="0"/>
</B>
<B id="42" t="ppcrmif" f="16" l="27" c="0">
<BEGIN l="27" c="19"/>
<END l="30" c="0"/>
</B>
<B id="43" t="ppcrmif" f="16" l="39" c="0">
<BEGIN l="39" c="19"/>
<END l="41" c="0"/>
</B>
<B id="44" t="ppcif" f="16" l="44" c="0">
<BEGIN l="44" c="26"/>
<END l="52" c="0"/>
</B>
<B id="45" t="ppcif" f="16" l="45" c="0">
<BEGIN l="45" c="25"/>
<END l="49" c="0"/>
</B>
<B id="46" t="ppcrmif" f="16" l="46" c="0">
<BEGIN l="46" c="37"/>
<END l="48" c="0"/>
</B>
<B id="47" t="ppcrmelse" f="16" l="49" c="0">
<BEGIN l="49" c="7"/>
<END l="51" c="0"/>
</B>
<B id="48" t="ppcif" f="17" l="24" c="0">
<BEGIN l="24" c="19"/>
<END l="46" c="0"/>
</B>
<B id="49" t="ppcif" f="17" l="35" c="0">
<BEGIN l="35" c="26"/>
<END l="43" c="0"/>
</B>
<B id="50" t="ppcif" f="17" l="36" c="0">
<BEGIN l="36" c="25"/>
<END l="40" c="0"/>
</B>
<B id="51" t="ppcrmif" f="17" l="37" c="0">
<BEGIN l="37" c="37"/>
<END l="39" c="0"/>
</B>
<B id="52" t="ppcrmelse" f="17" l="40" c="0">
<BEGIN l="40" c="7"/>
<END l="42" c="0"/>
</B>
<B id="53" t="ppcif" f="18" l="25" c="0">
<BEGIN l="25" c="14"/>
<END l="95" c="0"/>
</B>
<B id="54" t="ppcrmif" f="18" l="41" c="0">
<BEGIN l="41" c="33"/>
<END l="43" c="0"/>
</B>
<B id="55" t="ppcrmif" f="18" l="45" c="0">
<BEGIN l="45" c="46"/>
<END l="47" c="0"/>
</B>
<B id="56" t="ppcrmif" f="18" l="49" c="0">
<BEGIN l="49" c="28"/>
<END l="51" c="0"/>
</B>
<B id="57" t="ppcif" f="18" l="84" c="0">
<BEGIN l="84" c="26"/>
<END l="92" c="0"/>
</B>
<B id="58" t="ppcrmif" f="18" l="85" c="0">
<BEGIN l="85" c="25"/>
<END l="89" c="0"/>
</B>
<B id="59" t="ppcelse" f="18" l="89" c="0">
<BEGIN l="89" c="7"/>
<END l="91" c="0"/>
</B>
<B id="60" t="type" f="3" l="135" c="0">
<BEGIN l="135" c="0"/>
<END l="141" c="0"/>
</B>
<B id="61" t="ppcif" f="3" l="56" c="0">
<BEGIN l="56" c="19"/>
<END l="154" c="0"/>
</B>
<B id="62" t="ppcif" f="3" l="122" c="0">
<BEGIN l="122" c="26"/>
<END l="126" c="0"/>
</B>
<B id="63" t="ppcif" f="2" l="43" c="0">
<BEGIN l="43" c="24"/>
<END l="150" c="0"/>
</B>
<B id="64" t="ppcif" f="2" l="81" c="0">
<BEGIN l="81" c="13"/>
<END l="83" c="0"/>
</B>
<B id="65" t="ppcif" f="2" l="85" c="0">
<BEGIN l="85" c="14"/>
<END l="87" c="0"/>
</B>
<B id="66" t="ppcrmif" f="2" l="119" c="0">
<BEGIN l="119" c="46"/>
<END l="125" c="0"/>
</B>
<B id="67" t="ppcelse" f="2" l="125" c="0">
<BEGIN l="125" c="6"/>
<END l="129" c="0"/>
</B>
<B id="68" t="ppcrmif" f="2" l="131" c="0">
<BEGIN l="131" c="46"/>
<END l="137" c="0"/>
</B>
<B id="69" t="ppcelse" f="2" l="137" c="0">
<BEGIN l="137" c="6"/>
<END l="140" c="0"/>
</B>
<B id="70" t="ppcif" f="19" l="43" c="0">
<BEGIN l="43" c="18"/>
<END l="202" c="0"/>
</B>
<B id="71" t="ppcif" f="19" l="88" c="0">
<BEGIN l="88" c="17"/>
<END l="90" c="0"/>
</B>
<B id="72" t="ppcif" f="20" l="19" c="0">
<BEGIN l="19" c="22"/>
<END l="23" c="0"/>
</B>
<B id="73" t="ppcif" f="21" l="19" c="0">
<BEGIN l="19" c="26"/>
<END l="23" c="0"/>
</B>
<B id="74" t="ppcif" f="22" l="24" c="0">
<BEGIN l="24" c="31"/>
<END l="39" c="0"/>
</B>
<B id="75" t="ppcif" f="22" l="28" c="0">
<BEGIN l="28" c="26"/>
<END l="36" c="0"/>
</B>
<B id="76" t="ppcif" f="22" l="29" c="0">
<BEGIN l="29" c="25"/>
<END l="33" c="0"/>
</B>
<B id="77" t="ppcrmif" f="22" l="30" c="0">
<BEGIN l="30" c="37"/>
<END l="32" c="0"/>
</B>
<B id="78" t="ppcrmelse" f="22" l="33" c="0">
<BEGIN l="33" c="7"/>
<END l="35" c="0"/>
</B>
<B id="79" t="ppcif" f="23" l="19" c="0">
<BEGIN l="19" c="16"/>
<END l="24" c="0"/>
</B>
<B id="80" t="ppcif" f="24" l="53" c="0">
<BEGIN l="53" c="38"/>
<END l="57" c="0"/>
</B>
<B id="81" t="ppcrmif" f="24" l="67" c="0">
<BEGIN l="67" c="51"/>
<END l="71" c="0"/>
</B>
<B id="82" t="ppcrmif" f="24" l="81" c="0">
<BEGIN l="81" c="56"/>
<END l="85" c="0"/>
</B>
<B id="83" t="ppcrmif" f="24" l="95" c="0">
<BEGIN l="95" c="54"/>
<END l="99" c="0"/>
</B>
<B id="84" t="ppcrmif" f="24" l="109" c="0">
<BEGIN l="109" c="59"/>
<END l="113" c="0"/>
</B>
<B id="85" t="ppcif" f="24" l="125" c="0">
<BEGIN l="125" c="37"/>
<END l="129" c="0"/>
</B>
<B id="86" t="ppcrmif" f="24" l="139" c="0">
<BEGIN l="139" c="50"/>
<END l="143" c="0"/>
</B>
<B id="87" t="ppcrmif" f="24" l="153" c="0">
<BEGIN l="153" c="55"/>
<END l="157" c="0"/>
</B>
<B id="88" t="ppcrmif" f="24" l="167" c="0">
<BEGIN l="167" c="53"/>
<END l="171" c="0"/>
</B>
<B id="89" t="ppcrmif" f="24" l="181" c="0">
<BEGIN l="181" c="58"/>
<END l="185" c="0"/>
</B>
<B id="90" t="ppcif" f="24" l="201" c="0">
<BEGIN l="201" c="25"/>
<END l="209" c="0"/>
</B>
<B id="91" t="ppcif" f="24" l="202" c="0">
<BEGIN l="202" c="24"/>
<END l="206" c="0"/>
</B>
<B id="92" t="ppcrmif" f="24" l="203" c="0">
<BEGIN l="203" c="36"/>
<END l="205" c="0"/>
</B>
<B id="93" t="ppcrmelse" f="24" l="206" c="0">
<BEGIN l="206" c="6"/>
<END l="208" c="0"/>
</B>
<B id="94" t="type" f="6" l="27" c="0">
<BEGIN l="27" c="0"/>
<END l="35" c="0"/>
</B>
<B id="95" t="type" f="6" l="37" c="0">
<BEGIN l="37" c="0"/>
<END l="45" c="0"/>
</B>
<B id="96" t="type" f="6" l="47" c="0">
<BEGIN l="47" c="0"/>
<END l="50" c="0"/>
</B>
<B id="97" t="type" f="6" l="52" c="0">
<BEGIN l="52" c="0"/>
<END l="55" c="0"/>
</B>
<B id="98" t="type" f="6" l="57" c="0">
<BEGIN l="57" c="0"/>
<END l="60" c="0"/>
</B>
<B id="99" t="type" f="6" l="62" c="0">
<BEGIN l="62" c="0"/>
<END l="65" c="0"/>
</B>
<B id="100" t="type" f="6" l="67" c="0">
<BEGIN l="67" c="0"/>
<END l="70" c="0"/>
</B>
<B id="101" t="type" f="6" l="72" c="0">
<BEGIN l="72" c="0"/>
<END l="75" c="0"/>
</B>
<B id="102" t="type" f="6" l="78" c="0">
<BEGIN l="78" c="0"/>
<END l="89" c="0"/>
</B>
<B id="103" t="type" f="6" l="91" c="0">
<BEGIN l="91" c="0"/>
<END l="95" c="0"/>
</B>
<B id="104" t="type" f="6" l="97" c="0">
<BEGIN l="97" c="0"/>
<END l="111" c="0"/>
</B>
<B id="105" t="ppcif" f="6" l="17" c="0">
<BEGIN l="17" c="19"/>
<END l="197" c="0"/>
</B>
<B id="106" t="type" f="5" l="42" c="0">
<BEGIN l="42" c="0"/>
<END l="51" c="0"/>
</B>
<B id="107" t="type" f="5" l="61" c="0">
<BEGIN l="61" c="0"/>
<END l="64" c="0"/>
</B>
<B id="108" t="type" f="5" l="66" c="0">
<BEGIN l="66" c="0"/>
<END l="69" c="0"/>
</B>
<B id="109" t="type" f="5" l="71" c="0">
<BEGIN l="71" c="0"/>
<END l="74" c="0"/>
</B>
<B id="110" t="type" f="5" l="76" c="0">
<BEGIN l="76" c="0"/>
<END l="79" c="0"/>
</B>
<B id="111" t="type" f="5" l="81" c="0">
<BEGIN l="81" c="0"/>
<END l="85" c="0"/>
</B>
<B id="112" t="type" f="5" l="87" c="0">
<BEGIN l="87" c="0"/>
<END l="89" c="0"/>
</B>
<B id="113" t="type" f="5" l="91" c="0">
<BEGIN l="91" c="0"/>
<END l="93" c="0"/>
</B>
<B id="114" t="type" f="5" l="95" c="0">
<BEGIN l="95" c="0"/>
<END l="98" c="0"/>
</B>
<B id="115" t="type" f="5" l="100" c="0">
<BEGIN l="100" c="0"/>
<END l="103" c="0"/>
</B>
<B id="116" t="type" f="5" l="105" c="0">
<BEGIN l="105" c="0"/>
<END l="113" c="0"/>
</B>
<B id="117" t="type" f="5" l="115" c="0">
<BEGIN l="115" c="0"/>
<END l="120" c="0"/>
</B>
<B id="118" t="type" f="5" l="123" c="0">
<BEGIN l="123" c="0"/>
<END l="126" c="0"/>
</B>
<B id="119" t="type" f="5" l="128" c="0">
<BEGIN l="128" c="0"/>
<END l="131" c="0"/>
</B>
<B id="120" t="type" f="5" l="133" c="0">
<BEGIN l="133" c="0"/>
<END l="136" c="0"/>
</B>
<B id="121" t="type" f="5" l="138" c="0">
<BEGIN l="138" c="0"/>
<END l="141" c="0"/>
</B>
<B id="122" t="type" f="5" l="143" c="0">
<BEGIN l="143" c="0"/>
<END l="146" c="0"/>
</B>
<B id="123" t="type" f="5" l="148" c="0">
<BEGIN l="148" c="0"/>
<END l="151" c="0"/>
</B>
<B id="124" t="type" f="5" l="153" c="0">
<BEGIN l="153" c="0"/>
<END l="156" c="0"/>
</B>
<B id="125" t="type" f="5" l="158" c="0">
<BEGIN l="158" c="0"/>
<END l="161" c="0"/>
</B>
<B id="126" t="type" f="5" l="163" c="0">
<BEGIN l="163" c="0"/>
<END l="166" c="0"/>
</B>
<B id="127" t="type" f="5" l="168" c="0">
<BEGIN l="168" c="0"/>
<END l="171" c="0"/>
</B>
<B id="128" t="type" f="5" l="173" c="0">
<BEGIN l="173" c="0"/>
<END l="176" c="0"/>
</B>
<B id="129" t="ppcif" f="5" l="21" c="0">
<BEGIN l="21" c="20"/>
<END l="177" c="0"/>
</B>
<B id="130" t="ppcif" f="5" l="29" c="0">
<BEGIN l="29" c="31"/>
<END l="39" c="0"/>
</B>
</Blocks>
</Navig>
