<?xml version="1.0" encoding="UTF-8"?>

<MISRA-C-Report version="1.3">


<CodeStruct Name="ApaActvExitCdnsChk" File="C:\Component\CF009A_GmOvrlStMgr_Impl\src\GmOvrlStMgr.c" Line="1878" Column="12">

<Rule Name="12.4" Mode="required" Report="warning" Id="11">
<Loc File="C:\Component\CF009A_GmOvrlStMgr_Impl\src\GmOvrlStMgr.c" Line="1889" Column="33">
</Loc>
<Message>
The right hand operand of a logical &amp;&amp; or || operator shall not contain side effects.
</Message>
</Rule>

</CodeStruct>

<CodeStruct Name="" File="C:\Component\CF009A_GmOvrlStMgr_Impl\src\GmOvrlStMgr.c" Line="0" Column="0">

<Rule Name="19.1" Mode="advisory" Report="warning" Id="1">
<Loc File="C:\Component\CF009A_GmOvrlStMgr_Impl\src\GmOvrlStMgr.c" Line="944" Column="0">
</Loc>
<Message>
#include statements in a file shall only be preceded by other preprocessor directives or comments.
</Message>
</Rule>

<Rule Name="19.1" Mode="advisory" Report="warning" Id="2">
<Loc File="C:\Component\CF009A_GmOvrlStMgr_Impl\src\GmOvrlStMgr.c" Line="1572" Column="0">
</Loc>
<Message>
#include statements in a file shall only be preceded by other preprocessor directives or comments.
</Message>
</Rule>

<Rule Name="5.1" Mode="required" Report="warning" Id="3">
<Loc File="C:\Component\CF009A_GmOvrlStMgr_Impl\src\GmOvrlStMgr.c" Line="1919" Column="122">
</Loc>
<Message>
Identifiers "VehStandStillTiExcdd_Cnt_T_logl" (GmOvrlStMgr.c line 1919 column 122) and "VehStandStillTiExcdd_Cnt_T_logl" (GmOvrlStMgr.c line 216 column 122) have the same first 31 characters.
</Message>
</Rule>

<Rule Name="5.1" Mode="required" Report="warning" Id="4">
<Loc File="C:\Component\CF009A_GmOvrlStMgr_Impl\src\GmOvrlStMgr.c" Line="1923" Column="66">
</Loc>
<Message>
Identifiers "HaptcStTranActvToWaitFlg_Cnt_T_logl" (GmOvrlStMgr.c line 1923 column 66) and "HaptcStTranActvToWaitFlg_Cnt_T_logl" (GmOvrlStMgr.c line 220 column 66) have the same first 35 characters.
</Message>
</Rule>

<Rule Name="5.1" Mode="required" Report="warning" Id="5">
<Loc File="C:\Component\CF009A_GmOvrlStMgr_Impl\src\GmOvrlStMgr.c" Line="1924" Column="66">
</Loc>
<Message>
Identifiers "TranHaptcWaitToApaStActvFlg_Cnt_T_logl" (GmOvrlStMgr.c line 1924 column 66) and "TranHaptcWaitToApaStActvFlg_Cnt_T_logl" (GmOvrlStMgr.c line 221 column 66) have the same first 38 characters.
</Message>
</Rule>

<Rule Name="5.1" Mode="required" Report="warning" Id="6">
<Loc File="C:\Component\CF009A_GmOvrlStMgr_Impl\src\GmOvrlStMgr.c" Line="2521" Column="62">
</Loc>
<Message>
Identifiers "LoaStLimdOrSwBasdMtgtn_Cnt_T_logl" (GmOvrlStMgr.c line 2521 column 62) and "LoaStLimdOrSwBasdMtgtn_Cnt_T_logl" (GmOvrlStMgr.c line 275 column 62) have the same first 33 characters.
</Message>
</Rule>

<Rule Name="5.1" Mode="required" Report="warning" Id="7">
<Loc File="C:\Component\CF009A_GmOvrlStMgr_Impl\src\GmOvrlStMgr.c" Line="2606" Column="36">
</Loc>
<Message>
Identifiers "Msg337BusChassisExpInvld_Cnt_T_logl" (GmOvrlStMgr.c line 2606 column 36) and "Msg337BusChassisExpInvld_Cnt_T_logl" (GmOvrlStMgr.c line 280 column 36) have the same first 35 characters.
</Message>
</Rule>

<Rule Name="5.1" Mode="required" Report="warning" Id="8">
<Loc File="C:\Component\CF009A_GmOvrlStMgr_Impl\src\GmOvrlStMgr.c" Line="2607" Column="60">
</Loc>
<Message>
Identifiers "Msg337BusChassisExpMiss_Cnt_T_logl" (GmOvrlStMgr.c line 2607 column 60) and "Msg337BusChassisExpMiss_Cnt_T_logl" (GmOvrlStMgr.c line 281 column 60) have the same first 34 characters.
</Message>
</Rule>

<Rule Name="5.1" Mode="required" Report="warning" Id="9">
<Loc File="C:\Component\CF009A_GmOvrlStMgr_Impl\src\GmOvrlStMgr.c" Line="2626" Column="30">
</Loc>
<Message>
Identifiers "Msg180BusChassisExpInvld_Cnt_T_logl" (GmOvrlStMgr.c line 2626 column 30) and "Msg180BusChassisExpInvld_Cnt_T_logl" (GmOvrlStMgr.c line 283 column 30) have the same first 35 characters.
</Message>
</Rule>

<Rule Name="5.1" Mode="required" Report="warning" Id="10">
<Loc File="C:\Component\CF009A_GmOvrlStMgr_Impl\src\GmOvrlStMgr.c" Line="2627" Column="54">
</Loc>
<Message>
Identifiers "Msg180BusChassisExpMiss_Cnt_T_logl" (GmOvrlStMgr.c line 2627 column 54) and "Msg180BusChassisExpMiss_Cnt_T_logl" (GmOvrlStMgr.c line 284 column 54) have the same first 34 characters.
</Message>
</Rule>

</CodeStruct>

<CodeStruct Name="LKAIntv" File="C:\Component\CF009A_GmOvrlStMgr_Impl\src\GmOvrlStMgr.c" Line="2369" Column="15">

<Rule Name="12.4" Mode="required" Report="warning" Id="14">
<Loc File="C:\Component\CF009A_GmOvrlStMgr_Impl\src\GmOvrlStMgr.c" Line="2386" Column="41">
</Loc>
<Message>
The right hand operand of a logical &amp;&amp; or || operator shall not contain side effects.
</Message>
</Rule>

<Rule Name="21.1" Mode="required" Report="warning" Id="15">
<Loc File="C:\Component\CF009A_GmOvrlStMgr_Impl\src\GmOvrlStMgr.c" Line="2388" Column="69">
</Loc>
<Message>
Minimisation of run-time failures.
</Message>
</Rule>

<Rule Name="9.1" Mode="required" Report="warning" Id="16">
<Loc File="C:\Component\CF009A_GmOvrlStMgr_Impl\src\GmOvrlStMgr.c" Line="2390" Column="14">
</Loc>
<Message>
All automatic variables shall have been assigned a value before being used.
</Message>
</Rule>

<Rule Name="21.1" Mode="required" Report="warning" Id="17">
<Loc File="C:\Component\CF009A_GmOvrlStMgr_Impl\src\GmOvrlStMgr.c" Line="2396" Column="36">
</Loc>
<Message>
Minimisation of run-time failures.
</Message>
</Rule>

<Rule Name="21.1" Mode="required" Report="warning" Id="18">
<Loc File="C:\Component\CF009A_GmOvrlStMgr_Impl\src\GmOvrlStMgr.c" Line="2403" Column="70">
</Loc>
<Message>
Minimisation of run-time failures.
</Message>
</Rule>

<Rule Name="9.1" Mode="required" Report="warning" Id="19">
<Loc File="C:\Component\CF009A_GmOvrlStMgr_Impl\src\GmOvrlStMgr.c" Line="2405" Column="15">
</Loc>
<Message>
All automatic variables shall have been assigned a value before being used.
</Message>
</Rule>

<Rule Name="21.1" Mode="required" Report="warning" Id="20">
<Loc File="C:\Component\CF009A_GmOvrlStMgr_Impl\src\GmOvrlStMgr.c" Line="2411" Column="36">
</Loc>
<Message>
Minimisation of run-time failures.
</Message>
</Rule>

<Rule Name="21.1" Mode="required" Report="warning" Id="21">
<Loc File="C:\Component\CF009A_GmOvrlStMgr_Impl\src\GmOvrlStMgr.c" Line="2424" Column="4">
</Loc>
<Message>
Minimisation of run-time failures.
</Message>
</Rule>

</CodeStruct>

<CodeStruct Name="EscStTran" File="C:\Component\CF009A_GmOvrlStMgr_Impl\src\GmOvrlStMgr.c" Line="2145" Column="12">

<Rule Name="21.1" Mode="required" Report="warning" Id="12">
<Loc File="C:\Component\CF009A_GmOvrlStMgr_Impl\src\GmOvrlStMgr.c" Line="2160" Column="35">
</Loc>
<Message>
Minimisation of run-time failures.
</Message>
</Rule>

<Rule Name="21.1" Mode="required" Report="warning" Id="13">
<Loc File="C:\Component\CF009A_GmOvrlStMgr_Impl\src\GmOvrlStMgr.c" Line="2240" Column="8">
</Loc>
<Message>
Minimisation of run-time failures.
</Message>
</Rule>

</CodeStruct>

<CodeStruct Name="HaptcStTranActvToWaitFlg" File="C:\Component\CF009A_GmOvrlStMgr_Impl\src\GmOvrlStMgr.c" Line="2435" Column="15">

<Rule Name="5.1" Mode="required" Report="warning" Id="22">
<Loc File="C:\Component\CF009A_GmOvrlStMgr_Impl\src\GmOvrlStMgr.c" Line="2438" Column="12">
</Loc>
<Message>
Identifiers "HaptcStTranActvToWaitFlg_Cnt_T_logl" (GmOvrlStMgr.c line 1923 column 66) and "HaptcStTranActvToWaitFlg_Cnt_T_logl" (GmOvrlStMgr.c line 2438 column 12) have the same first 35 characters.
Identifiers "HaptcStTranActvToWaitFlg_Cnt_T_logl" (GmOvrlStMgr.c line 1221 column 12) and "HaptcStTranActvToWaitFlg_Cnt_T_logl" (GmOvrlStMgr.c line 2438 column 12) have the same first 35 characters.
Identifiers "HaptcStTranActvToWaitFlg_Cnt_T_logl" (GmOvrlStMgr.c line 220 column 66) and "HaptcStTranActvToWaitFlg_Cnt_T_logl" (GmOvrlStMgr.c line 2438 column 12) have the same first 35 characters.
</Message>
</Rule>

<Rule Name="21.1" Mode="required" Report="warning" Id="23">
<Loc File="C:\Component\CF009A_GmOvrlStMgr_Impl\src\GmOvrlStMgr.c" Line="2440" Column="8">
</Loc>
<Message>
Minimisation of run-time failures.
</Message>
</Rule>

<Rule Name="21.1" Mode="required" Report="warning" Id="24">
<Loc File="C:\Component\CF009A_GmOvrlStMgr_Impl\src\GmOvrlStMgr.c" Line="2440" Column="60">
</Loc>
<Message>
Minimisation of run-time failures.
</Message>
</Rule>

<Rule Name="21.1" Mode="required" Report="warning" Id="25">
<Loc File="C:\Component\CF009A_GmOvrlStMgr_Impl\src\GmOvrlStMgr.c" Line="2442" Column="66">
</Loc>
<Message>
Minimisation of run-time failures.
</Message>
</Rule>

<Rule Name="9.1" Mode="required" Report="warning" Id="26">
<Loc File="C:\Component\CF009A_GmOvrlStMgr_Impl\src\GmOvrlStMgr.c" Line="2444" Column="11">
</Loc>
<Message>
All automatic variables shall have been assigned a value before being used.
</Message>
</Rule>

</CodeStruct>

<CodeStruct Name="LkaCheck" File="C:\Component\CF009A_GmOvrlStMgr_Impl\src\GmOvrlStMgr.c" Line="2647" Column="12">

<Rule Name="21.1" Mode="required" Report="warning" Id="32">
<Loc File="C:\Component\CF009A_GmOvrlStMgr_Impl\src\GmOvrlStMgr.c" Line="2653" Column="62">
</Loc>
<Message>
Minimisation of run-time failures.
</Message>
</Rule>

<Rule Name="9.1" Mode="required" Report="warning" Id="33">
<Loc File="C:\Component\CF009A_GmOvrlStMgr_Impl\src\GmOvrlStMgr.c" Line="2655" Column="7">
</Loc>
<Message>
All automatic variables shall have been assigned a value before being used.
</Message>
</Rule>

</CodeStruct>

<CodeStruct Name="LkaStTran" File="C:\Component\CF009A_GmOvrlStMgr_Impl\src\GmOvrlStMgr.c" Line="2043" Column="12">

<Rule Name="21.1" Mode="required" Report="warning" Id="27">
<Loc File="C:\Component\CF009A_GmOvrlStMgr_Impl\src\GmOvrlStMgr.c" Line="2062" Column="35">
</Loc>
<Message>
Minimisation of run-time failures.
</Message>
</Rule>

<Rule Name="12.4" Mode="required" Report="warning" Id="28">
<Loc File="C:\Component\CF009A_GmOvrlStMgr_Impl\src\GmOvrlStMgr.c" Line="2083" Column="50">
</Loc>
<Message>
The right hand operand of a logical &amp;&amp; or || operator shall not contain side effects.
</Message>
</Rule>

<Rule Name="12.4" Mode="required" Report="warning" Id="29">
<Loc File="C:\Component\CF009A_GmOvrlStMgr_Impl\src\GmOvrlStMgr.c" Line="2084" Column="50">
</Loc>
<Message>
The right hand operand of a logical &amp;&amp; or || operator shall not contain side effects.
</Message>
</Rule>

<Rule Name="12.4" Mode="required" Report="warning" Id="30">
<Loc File="C:\Component\CF009A_GmOvrlStMgr_Impl\src\GmOvrlStMgr.c" Line="2097" Column="61">
</Loc>
<Message>
The right hand operand of a logical &amp;&amp; or || operator shall not contain side effects.
</Message>
</Rule>

<Rule Name="21.1" Mode="required" Report="warning" Id="31">
<Loc File="C:\Component\CF009A_GmOvrlStMgr_Impl\src\GmOvrlStMgr.c" Line="2134" Column="8">
</Loc>
<Message>
Minimisation of run-time failures.
</Message>
</Rule>

</CodeStruct>

<CodeStruct Name="LkaPrmntFlt" File="C:\Component\CF009A_GmOvrlStMgr_Impl\src\GmOvrlStMgr.c" Line="2337" Column="15">

<Rule Name="21.1" Mode="required" Report="warning" Id="36">
<Loc File="C:\Component\CF009A_GmOvrlStMgr_Impl\src\GmOvrlStMgr.c" Line="2341" Column="37">
</Loc>
<Message>
Minimisation of run-time failures.
</Message>
</Rule>

<Rule Name="21.1" Mode="required" Report="warning" Id="37">
<Loc File="C:\Component\CF009A_GmOvrlStMgr_Impl\src\GmOvrlStMgr.c" Line="2343" Column="14">
</Loc>
<Message>
Minimisation of run-time failures.
</Message>
</Rule>

<Rule Name="21.1" Mode="required" Report="warning" Id="38">
<Loc File="C:\Component\CF009A_GmOvrlStMgr_Impl\src\GmOvrlStMgr.c" Line="2353" Column="7">
</Loc>
<Message>
Minimisation of run-time failures.
</Message>
</Rule>

<Rule Name="21.1" Mode="required" Report="warning" Id="39">
<Loc File="C:\Component\CF009A_GmOvrlStMgr_Impl\src\GmOvrlStMgr.c" Line="2358" Column="4">
</Loc>
<Message>
Minimisation of run-time failures.
</Message>
</Rule>

</CodeStruct>

<CodeStruct Name="SetGmLoaIgnCntr_Oper" File="C:\Component\CF009A_GmOvrlStMgr_Impl\src\GmOvrlStMgr.c" Line="1557" Column="5">

<Rule Name="21.1" Mode="required" Report="warning" Id="34">
<Loc File="C:\Component\CF009A_GmOvrlStMgr_Impl\src\GmOvrlStMgr.c" Line="1563" Column="4">
</Loc>
<Message>
Minimisation of run-time failures.
</Message>
</Rule>

<Rule Name="21.1" Mode="required" Report="warning" Id="35">
<Loc File="C:\Component\CF009A_GmOvrlStMgr_Impl\src\GmOvrlStMgr.c" Line="1563" Column="26">
</Loc>
<Message>
Minimisation of run-time failures.
</Message>
</Rule>

</CodeStruct>

<CodeStruct Name="GmOvrlStMgrInit1" File="C:\Component\CF009A_GmOvrlStMgr_Impl\src\GmOvrlStMgr.c" Line="1014" Column="5">

<Rule Name="21.1" Mode="required" Report="warning" Id="40">
<Loc File="C:\Component\CF009A_GmOvrlStMgr_Impl\src\GmOvrlStMgr.c" Line="1024" Column="107">
</Loc>
<Message>
Minimisation of run-time failures.
</Message>
</Rule>

<Rule Name="21.1" Mode="required" Report="warning" Id="41">
<Loc File="C:\Component\CF009A_GmOvrlStMgr_Impl\src\GmOvrlStMgr.c" Line="1037" Column="4">
</Loc>
<Message>
Minimisation of run-time failures.
</Message>
</Rule>

<Rule Name="21.1" Mode="required" Report="warning" Id="42">
<Loc File="C:\Component\CF009A_GmOvrlStMgr_Impl\src\GmOvrlStMgr.c" Line="1038" Column="4">
</Loc>
<Message>
Minimisation of run-time failures.
</Message>
</Rule>

<Rule Name="9.1" Mode="required" Report="warning" Id="43">
<Loc File="C:\Component\CF009A_GmOvrlStMgr_Impl\src\GmOvrlStMgr.c" Line="1043" Column="7">
</Loc>
<Message>
All automatic variables shall have been assigned a value before being used.
</Message>
</Rule>

<Rule Name="21.1" Mode="required" Report="warning" Id="44">
<Loc File="C:\Component\CF009A_GmOvrlStMgr_Impl\src\GmOvrlStMgr.c" Line="1045" Column="8">
</Loc>
<Message>
Minimisation of run-time failures.
</Message>
</Rule>

<Rule Name="21.1" Mode="required" Report="warning" Id="45">
<Loc File="C:\Component\CF009A_GmOvrlStMgr_Impl\src\GmOvrlStMgr.c" Line="1048" Column="24">
</Loc>
<Message>
Minimisation of run-time failures.
</Message>
</Rule>

</CodeStruct>

<CodeStruct Name="ApaCtrlAvlExitCdnsChk" File="C:\Component\CF009A_GmOvrlStMgr_Impl\src\GmOvrlStMgr.c" Line="1916" Column="12">

<Rule Name="12.4" Mode="required" Report="warning" Id="46">
<Loc File="C:\Component\CF009A_GmOvrlStMgr_Impl\src\GmOvrlStMgr.c" Line="1930" Column="33">
</Loc>
<Message>
The right hand operand of a logical &amp;&amp; or || operator shall not contain side effects.
</Message>
</Rule>

<Rule Name="21.1" Mode="required" Report="warning" Id="47">
<Loc File="C:\Component\CF009A_GmOvrlStMgr_Impl\src\GmOvrlStMgr.c" Line="1952" Column="37">
</Loc>
<Message>
Minimisation of run-time failures.
</Message>
</Rule>

<Rule Name="21.1" Mode="required" Report="warning" Id="48">
<Loc File="C:\Component\CF009A_GmOvrlStMgr_Impl\src\GmOvrlStMgr.c" Line="2031" Column="8">
</Loc>
<Message>
Minimisation of run-time failures.
</Message>
</Rule>

</CodeStruct>

<CodeStruct Name="HwTqFildChk" File="C:\Component\CF009A_GmOvrlStMgr_Impl\src\GmOvrlStMgr.c" Line="2310" Column="15">

<Rule Name="12.4" Mode="required" Report="warning" Id="49">
<Loc File="C:\Component\CF009A_GmOvrlStMgr_Impl\src\GmOvrlStMgr.c" Line="2318" Column="37">
</Loc>
<Message>
The right hand operand of a logical &amp;&amp; or || operator shall not contain side effects.
</Message>
</Rule>

</CodeStruct>

<CodeStruct Name="VehStandStillTmrElpdChk" File="C:\Component\CF009A_GmOvrlStMgr_Impl\src\GmOvrlStMgr.c" Line="1585" Column="15">

<Rule Name="5.1" Mode="required" Report="warning" Id="50">
<Loc File="C:\Component\CF009A_GmOvrlStMgr_Impl\src\GmOvrlStMgr.c" Line="1589" Column="16">
</Loc>
<Message>
Identifiers "VehStandStillTiExcdd_Cnt_T_logl" (GmOvrlStMgr.c line 1209 column 16) and "VehStandStillTiExcdd_Cnt_T_logl" (GmOvrlStMgr.c line 1589 column 16) have the same first 31 characters.
Identifiers "VehStandStillTiExcdd_Cnt_T_logl" (GmOvrlStMgr.c line 216 column 122) and "VehStandStillTiExcdd_Cnt_T_logl" (GmOvrlStMgr.c line 1589 column 16) have the same first 31 characters.
</Message>
</Rule>

<Rule Name="21.1" Mode="required" Report="warning" Id="51">
<Loc File="C:\Component\CF009A_GmOvrlStMgr_Impl\src\GmOvrlStMgr.c" Line="1600" Column="51">
</Loc>
<Message>
Minimisation of run-time failures.
</Message>
</Rule>

<Rule Name="21.1" Mode="required" Report="warning" Id="52">
<Loc File="C:\Component\CF009A_GmOvrlStMgr_Impl\src\GmOvrlStMgr.c" Line="1600" Column="73">
</Loc>
<Message>
Minimisation of run-time failures.
</Message>
</Rule>

<Rule Name="21.1" Mode="required" Report="warning" Id="53">
<Loc File="C:\Component\CF009A_GmOvrlStMgr_Impl\src\GmOvrlStMgr.c" Line="1602" Column="95">
</Loc>
<Message>
Minimisation of run-time failures.
</Message>
</Rule>

<Rule Name="21.1" Mode="required" Report="warning" Id="54">
<Loc File="C:\Component\CF009A_GmOvrlStMgr_Impl\src\GmOvrlStMgr.c" Line="1606" Column="74">
</Loc>
<Message>
Minimisation of run-time failures.
</Message>
</Rule>

<Rule Name="21.1" Mode="required" Report="warning" Id="55">
<Loc File="C:\Component\CF009A_GmOvrlStMgr_Impl\src\GmOvrlStMgr.c" Line="1606" Column="96">
</Loc>
<Message>
Minimisation of run-time failures.
</Message>
</Rule>

<Rule Name="21.1" Mode="required" Report="warning" Id="56">
<Loc File="C:\Component\CF009A_GmOvrlStMgr_Impl\src\GmOvrlStMgr.c" Line="1617" Column="8">
</Loc>
<Message>
Minimisation of run-time failures.
</Message>
</Rule>

<Rule Name="21.1" Mode="required" Report="warning" Id="57">
<Loc File="C:\Component\CF009A_GmOvrlStMgr_Impl\src\GmOvrlStMgr.c" Line="1617" Column="30">
</Loc>
<Message>
Minimisation of run-time failures.
</Message>
</Rule>

<Rule Name="5.1" Mode="required" Report="warning" Id="58">
<Loc File="C:\Component\CF009A_GmOvrlStMgr_Impl\src\GmOvrlStMgr.c" Line="1919" Column="122">
</Loc>
<Message>
Identifiers "VehStandStillTiExcdd_Cnt_T_logl" (GmOvrlStMgr.c line 1919 column 122) and "VehStandStillTiExcdd_Cnt_T_logl" (GmOvrlStMgr.c line 1589 column 16) have the same first 31 characters.
</Message>
</Rule>

</CodeStruct>

<CodeStruct Name="InctIgnCntrOnce" File="C:\Component\CF009A_GmOvrlStMgr_Impl\src\GmOvrlStMgr.c" Line="2294" Column="12">

<Rule Name="21.1" Mode="required" Report="warning" Id="59">
<Loc File="C:\Component\CF009A_GmOvrlStMgr_Impl\src\GmOvrlStMgr.c" Line="2296" Column="7">
</Loc>
<Message>
Minimisation of run-time failures.
</Message>
</Rule>

<Rule Name="21.1" Mode="required" Report="warning" Id="60">
<Loc File="C:\Component\CF009A_GmOvrlStMgr_Impl\src\GmOvrlStMgr.c" Line="2298" Column="8">
</Loc>
<Message>
Minimisation of run-time failures.
</Message>
</Rule>

</CodeStruct>

<CodeStruct Name="HaptcEnaDurnElpdChk" File="C:\Component\CF009A_GmOvrlStMgr_Impl\src\GmOvrlStMgr.c" Line="1714" Column="15">

<Rule Name="21.1" Mode="required" Report="warning" Id="65">
<Loc File="C:\Component\CF009A_GmOvrlStMgr_Impl\src\GmOvrlStMgr.c" Line="1719" Column="45">
</Loc>
<Message>
Minimisation of run-time failures.
</Message>
</Rule>

<Rule Name="21.1" Mode="required" Report="warning" Id="66">
<Loc File="C:\Component\CF009A_GmOvrlStMgr_Impl\src\GmOvrlStMgr.c" Line="1725" Column="74">
</Loc>
<Message>
Minimisation of run-time failures.
</Message>
</Rule>

<Rule Name="21.1" Mode="required" Report="warning" Id="67">
<Loc File="C:\Component\CF009A_GmOvrlStMgr_Impl\src\GmOvrlStMgr.c" Line="1736" Column="8">
</Loc>
<Message>
Minimisation of run-time failures.
</Message>
</Rule>

</CodeStruct>

<CodeStruct Name="ApaIntv" File="C:\Component\CF009A_GmOvrlStMgr_Impl\src\GmOvrlStMgr.c" Line="1661" Column="15">

<Rule Name="21.1" Mode="required" Report="warning" Id="61">
<Loc File="C:\Component\CF009A_GmOvrlStMgr_Impl\src\GmOvrlStMgr.c" Line="1671" Column="13">
</Loc>
<Message>
Minimisation of run-time failures.
</Message>
</Rule>

<Rule Name="21.1" Mode="required" Report="warning" Id="62">
<Loc File="C:\Component\CF009A_GmOvrlStMgr_Impl\src\GmOvrlStMgr.c" Line="1685" Column="45">
</Loc>
<Message>
Minimisation of run-time failures.
</Message>
</Rule>

<Rule Name="21.1" Mode="required" Report="warning" Id="63">
<Loc File="C:\Component\CF009A_GmOvrlStMgr_Impl\src\GmOvrlStMgr.c" Line="1691" Column="74">
</Loc>
<Message>
Minimisation of run-time failures.
</Message>
</Rule>

<Rule Name="21.1" Mode="required" Report="warning" Id="64">
<Loc File="C:\Component\CF009A_GmOvrlStMgr_Impl\src\GmOvrlStMgr.c" Line="1702" Column="8">
</Loc>
<Message>
Minimisation of run-time failures.
</Message>
</Rule>

</CodeStruct>

<CodeStruct Name="EnHaptcFb" File="C:\Component\CF009A_GmOvrlStMgr_Impl\src\GmOvrlStMgr.c" Line="2491" Column="12">

<Rule Name="21.1" Mode="required" Report="warning" Id="68">
<Loc File="C:\Component\CF009A_GmOvrlStMgr_Impl\src\GmOvrlStMgr.c" Line="2497" Column="62">
</Loc>
<Message>
Minimisation of run-time failures.
</Message>
</Rule>

<Rule Name="9.1" Mode="required" Report="warning" Id="69">
<Loc File="C:\Component\CF009A_GmOvrlStMgr_Impl\src\GmOvrlStMgr.c" Line="2499" Column="7">
</Loc>
<Message>
All automatic variables shall have been assigned a value before being used.
</Message>
</Rule>

<Rule Name="21.1" Mode="required" Report="warning" Id="70">
<Loc File="C:\Component\CF009A_GmOvrlStMgr_Impl\src\GmOvrlStMgr.c" Line="2501" Column="8">
</Loc>
<Message>
Minimisation of run-time failures.
</Message>
</Rule>

</CodeStruct>

<CodeStruct Name="GmOvrlStMgrPer1" File="C:\Component\CF009A_GmOvrlStMgr_Impl\src\GmOvrlStMgr.c" Line="1166" Column="5">

<Rule Name="5.1" Mode="required" Report="warning" Id="71">
<Loc File="C:\Component\CF009A_GmOvrlStMgr_Impl\src\GmOvrlStMgr.c" Line="1189" Column="16">
</Loc>
<Message>
Identifiers "Msg180BusChassisExpInvld_Cnt_T_logl" (GmOvrlStMgr.c line 283 column 30) and "Msg180BusChassisExpInvld_Cnt_T_logl" (GmOvrlStMgr.c line 1189 column 16) have the same first 35 characters.
</Message>
</Rule>

<Rule Name="5.1" Mode="required" Report="warning" Id="72">
<Loc File="C:\Component\CF009A_GmOvrlStMgr_Impl\src\GmOvrlStMgr.c" Line="1190" Column="16">
</Loc>
<Message>
Identifiers "Msg180BusChassisExpMiss_Cnt_T_logl" (GmOvrlStMgr.c line 284 column 54) and "Msg180BusChassisExpMiss_Cnt_T_logl" (GmOvrlStMgr.c line 1190 column 16) have the same first 34 characters.
</Message>
</Rule>

<Rule Name="5.1" Mode="required" Report="warning" Id="73">
<Loc File="C:\Component\CF009A_GmOvrlStMgr_Impl\src\GmOvrlStMgr.c" Line="1198" Column="16">
</Loc>
<Message>
Identifiers "Msg337BusChassisExpInvld_Cnt_T_logl" (GmOvrlStMgr.c line 280 column 36) and "Msg337BusChassisExpInvld_Cnt_T_logl" (GmOvrlStMgr.c line 1198 column 16) have the same first 35 characters.
</Message>
</Rule>

<Rule Name="5.1" Mode="required" Report="warning" Id="74">
<Loc File="C:\Component\CF009A_GmOvrlStMgr_Impl\src\GmOvrlStMgr.c" Line="1199" Column="16">
</Loc>
<Message>
Identifiers "Msg337BusChassisExpMiss_Cnt_T_logl" (GmOvrlStMgr.c line 281 column 60) and "Msg337BusChassisExpMiss_Cnt_T_logl" (GmOvrlStMgr.c line 1199 column 16) have the same first 34 characters.
</Message>
</Rule>

<Rule Name="5.1" Mode="required" Report="warning" Id="75">
<Loc File="C:\Component\CF009A_GmOvrlStMgr_Impl\src\GmOvrlStMgr.c" Line="1209" Column="16">
</Loc>
<Message>
Identifiers "VehStandStillTiExcdd_Cnt_T_logl" (GmOvrlStMgr.c line 216 column 122) and "VehStandStillTiExcdd_Cnt_T_logl" (GmOvrlStMgr.c line 1209 column 16) have the same first 31 characters.
</Message>
</Rule>

<Rule Name="5.1" Mode="required" Report="warning" Id="76">
<Loc File="C:\Component\CF009A_GmOvrlStMgr_Impl\src\GmOvrlStMgr.c" Line="1221" Column="12">
</Loc>
<Message>
Identifiers "HaptcStTranActvToWaitFlg_Cnt_T_logl" (GmOvrlStMgr.c line 220 column 66) and "HaptcStTranActvToWaitFlg_Cnt_T_logl" (GmOvrlStMgr.c line 1221 column 12) have the same first 35 characters.
</Message>
</Rule>

<Rule Name="5.1" Mode="required" Report="warning" Id="77">
<Loc File="C:\Component\CF009A_GmOvrlStMgr_Impl\src\GmOvrlStMgr.c" Line="1222" Column="12">
</Loc>
<Message>
Identifiers "TranHaptcWaitToApaStActvFlg_Cnt_T_logl" (GmOvrlStMgr.c line 221 column 66) and "TranHaptcWaitToApaStActvFlg_Cnt_T_logl" (GmOvrlStMgr.c line 1222 column 12) have the same first 38 characters.
</Message>
</Rule>

<Rule Name="5.1" Mode="required" Report="warning" Id="78">
<Loc File="C:\Component\CF009A_GmOvrlStMgr_Impl\src\GmOvrlStMgr.c" Line="1223" Column="12">
</Loc>
<Message>
Identifiers "LoaStLimdOrSwBasdMtgtn_Cnt_T_logl" (GmOvrlStMgr.c line 275 column 62) and "LoaStLimdOrSwBasdMtgtn_Cnt_T_logl" (GmOvrlStMgr.c line 1223 column 12) have the same first 33 characters.
</Message>
</Rule>

<Rule Name="9.1" Mode="required" Report="warning" Id="79">
<Loc File="C:\Component\CF009A_GmOvrlStMgr_Impl\src\GmOvrlStMgr.c" Line="1277" Column="66">
</Loc>
<Message>
All automatic variables shall have been assigned a value before being used.
</Message>
</Rule>

<Rule Name="21.1" Mode="required" Report="warning" Id="80">
<Loc File="C:\Component\CF009A_GmOvrlStMgr_Impl\src\GmOvrlStMgr.c" Line="1279" Column="8">
</Loc>
<Message>
Minimisation of run-time failures.
</Message>
</Rule>

<Rule Name="9.1" Mode="required" Report="warning" Id="81">
<Loc File="C:\Component\CF009A_GmOvrlStMgr_Impl\src\GmOvrlStMgr.c" Line="1282" Column="62">
</Loc>
<Message>
All automatic variables shall have been assigned a value before being used.
</Message>
</Rule>

<Rule Name="21.1" Mode="required" Report="warning" Id="82">
<Loc File="C:\Component\CF009A_GmOvrlStMgr_Impl\src\GmOvrlStMgr.c" Line="1284" Column="8">
</Loc>
<Message>
Minimisation of run-time failures.
</Message>
</Rule>

<Rule Name="9.1" Mode="required" Report="warning" Id="83">
<Loc File="C:\Component\CF009A_GmOvrlStMgr_Impl\src\GmOvrlStMgr.c" Line="1287" Column="37">
</Loc>
<Message>
All automatic variables shall have been assigned a value before being used.
</Message>
</Rule>

<Rule Name="9.1" Mode="required" Report="warning" Id="84">
<Loc File="C:\Component\CF009A_GmOvrlStMgr_Impl\src\GmOvrlStMgr.c" Line="1290" Column="42">
</Loc>
<Message>
All automatic variables shall have been assigned a value before being used.
</Message>
</Rule>

<Rule Name="9.1" Mode="required" Report="warning" Id="85">
<Loc File="C:\Component\CF009A_GmOvrlStMgr_Impl\src\GmOvrlStMgr.c" Line="1291" Column="74">
</Loc>
<Message>
All automatic variables shall have been assigned a value before being used.
</Message>
</Rule>

<Rule Name="9.1" Mode="required" Report="warning" Id="86">
<Loc File="C:\Component\CF009A_GmOvrlStMgr_Impl\src\GmOvrlStMgr.c" Line="1292" Column="74">
</Loc>
<Message>
All automatic variables shall have been assigned a value before being used.
</Message>
</Rule>

<Rule Name="9.1" Mode="required" Report="warning" Id="87">
<Loc File="C:\Component\CF009A_GmOvrlStMgr_Impl\src\GmOvrlStMgr.c" Line="1293" Column="74">
</Loc>
<Message>
All automatic variables shall have been assigned a value before being used.
</Message>
</Rule>

<Rule Name="9.1" Mode="required" Report="warning" Id="88">
<Loc File="C:\Component\CF009A_GmOvrlStMgr_Impl\src\GmOvrlStMgr.c" Line="1294" Column="74">
</Loc>
<Message>
All automatic variables shall have been assigned a value before being used.
</Message>
</Rule>

<Rule Name="9.1" Mode="required" Report="warning" Id="89">
<Loc File="C:\Component\CF009A_GmOvrlStMgr_Impl\src\GmOvrlStMgr.c" Line="1295" Column="74">
</Loc>
<Message>
All automatic variables shall have been assigned a value before being used.
</Message>
</Rule>

<Rule Name="9.1" Mode="required" Report="warning" Id="90">
<Loc File="C:\Component\CF009A_GmOvrlStMgr_Impl\src\GmOvrlStMgr.c" Line="1296" Column="74">
</Loc>
<Message>
All automatic variables shall have been assigned a value before being used.
</Message>
</Rule>

<Rule Name="9.1" Mode="required" Report="warning" Id="91">
<Loc File="C:\Component\CF009A_GmOvrlStMgr_Impl\src\GmOvrlStMgr.c" Line="1297" Column="74">
</Loc>
<Message>
All automatic variables shall have been assigned a value before being used.
</Message>
</Rule>

<Rule Name="9.1" Mode="required" Report="warning" Id="92">
<Loc File="C:\Component\CF009A_GmOvrlStMgr_Impl\src\GmOvrlStMgr.c" Line="1300" Column="40">
</Loc>
<Message>
All automatic variables shall have been assigned a value before being used.
</Message>
</Rule>

<Rule Name="9.1" Mode="required" Report="warning" Id="93">
<Loc File="C:\Component\CF009A_GmOvrlStMgr_Impl\src\GmOvrlStMgr.c" Line="1301" Column="68">
</Loc>
<Message>
All automatic variables shall have been assigned a value before being used.
</Message>
</Rule>

<Rule Name="9.1" Mode="required" Report="warning" Id="94">
<Loc File="C:\Component\CF009A_GmOvrlStMgr_Impl\src\GmOvrlStMgr.c" Line="1302" Column="68">
</Loc>
<Message>
All automatic variables shall have been assigned a value before being used.
</Message>
</Rule>

<Rule Name="9.1" Mode="required" Report="warning" Id="95">
<Loc File="C:\Component\CF009A_GmOvrlStMgr_Impl\src\GmOvrlStMgr.c" Line="1303" Column="68">
</Loc>
<Message>
All automatic variables shall have been assigned a value before being used.
</Message>
</Rule>

<Rule Name="21.1" Mode="required" Report="warning" Id="96">
<Loc File="C:\Component\CF009A_GmOvrlStMgr_Impl\src\GmOvrlStMgr.c" Line="1308" Column="4">
</Loc>
<Message>
Minimisation of run-time failures.
</Message>
</Rule>

<Rule Name="9.1" Mode="required" Report="warning" Id="97">
<Loc File="C:\Component\CF009A_GmOvrlStMgr_Impl\src\GmOvrlStMgr.c" Line="1315" Column="48">
</Loc>
<Message>
All automatic variables shall have been assigned a value before being used.
</Message>
</Rule>

<Rule Name="9.1" Mode="required" Report="warning" Id="98">
<Loc File="C:\Component\CF009A_GmOvrlStMgr_Impl\src\GmOvrlStMgr.c" Line="1320" Column="43">
</Loc>
<Message>
All automatic variables shall have been assigned a value before being used.
</Message>
</Rule>

<Rule Name="9.1" Mode="required" Report="warning" Id="99">
<Loc File="C:\Component\CF009A_GmOvrlStMgr_Impl\src\GmOvrlStMgr.c" Line="1320" Column="80">
</Loc>
<Message>
All automatic variables shall have been assigned a value before being used.
</Message>
</Rule>

<Rule Name="9.1" Mode="required" Report="warning" Id="100">
<Loc File="C:\Component\CF009A_GmOvrlStMgr_Impl\src\GmOvrlStMgr.c" Line="1323" Column="31">
</Loc>
<Message>
All automatic variables shall have been assigned a value before being used.
</Message>
</Rule>

<Rule Name="9.1" Mode="required" Report="warning" Id="101">
<Loc File="C:\Component\CF009A_GmOvrlStMgr_Impl\src\GmOvrlStMgr.c" Line="1323" Column="68">
</Loc>
<Message>
All automatic variables shall have been assigned a value before being used.
</Message>
</Rule>

<Rule Name="9.1" Mode="required" Report="warning" Id="102">
<Loc File="C:\Component\CF009A_GmOvrlStMgr_Impl\src\GmOvrlStMgr.c" Line="1326" Column="61">
</Loc>
<Message>
All automatic variables shall have been assigned a value before being used.
</Message>
</Rule>

<Rule Name="9.1" Mode="required" Report="warning" Id="103">
<Loc File="C:\Component\CF009A_GmOvrlStMgr_Impl\src\GmOvrlStMgr.c" Line="1329" Column="8">
</Loc>
<Message>
All automatic variables shall have been assigned a value before being used.
</Message>
</Rule>

<Rule Name="9.1" Mode="required" Report="warning" Id="104">
<Loc File="C:\Component\CF009A_GmOvrlStMgr_Impl\src\GmOvrlStMgr.c" Line="1348" Column="54">
</Loc>
<Message>
All automatic variables shall have been assigned a value before being used.
</Message>
</Rule>

<Rule Name="21.1" Mode="required" Report="warning" Id="105">
<Loc File="C:\Component\CF009A_GmOvrlStMgr_Impl\src\GmOvrlStMgr.c" Line="1363" Column="34">
</Loc>
<Message>
Minimisation of run-time failures.
</Message>
</Rule>

<Rule Name="9.1" Mode="required" Report="warning" Id="106">
<Loc File="C:\Component\CF009A_GmOvrlStMgr_Impl\src\GmOvrlStMgr.c" Line="1377" Column="74">
</Loc>
<Message>
All automatic variables shall have been assigned a value before being used.
</Message>
</Rule>

<Rule Name="9.1" Mode="required" Report="warning" Id="107">
<Loc File="C:\Component\CF009A_GmOvrlStMgr_Impl\src\GmOvrlStMgr.c" Line="1380" Column="38">
</Loc>
<Message>
All automatic variables shall have been assigned a value before being used.
</Message>
</Rule>

<Rule Name="9.1" Mode="required" Report="warning" Id="108">
<Loc File="C:\Component\CF009A_GmOvrlStMgr_Impl\src\GmOvrlStMgr.c" Line="1392" Column="74">
</Loc>
<Message>
All automatic variables shall have been assigned a value before being used.
</Message>
</Rule>

<Rule Name="9.1" Mode="required" Report="warning" Id="109">
<Loc File="C:\Component\CF009A_GmOvrlStMgr_Impl\src\GmOvrlStMgr.c" Line="1396" Column="38">
</Loc>
<Message>
All automatic variables shall have been assigned a value before being used.
</Message>
</Rule>

<Rule Name="9.1" Mode="required" Report="warning" Id="110">
<Loc File="C:\Component\CF009A_GmOvrlStMgr_Impl\src\GmOvrlStMgr.c" Line="1407" Column="67">
</Loc>
<Message>
All automatic variables shall have been assigned a value before being used.
</Message>
</Rule>

<Rule Name="9.1" Mode="required" Report="warning" Id="111">
<Loc File="C:\Component\CF009A_GmOvrlStMgr_Impl\src\GmOvrlStMgr.c" Line="1411" Column="35">
</Loc>
<Message>
All automatic variables shall have been assigned a value before being used.
</Message>
</Rule>

<Rule Name="21.1" Mode="required" Report="warning" Id="112">
<Loc File="C:\Component\CF009A_GmOvrlStMgr_Impl\src\GmOvrlStMgr.c" Line="1420" Column="8">
</Loc>
<Message>
Minimisation of run-time failures.
</Message>
</Rule>

<Rule Name="9.1" Mode="required" Report="warning" Id="113">
<Loc File="C:\Component\CF009A_GmOvrlStMgr_Impl\src\GmOvrlStMgr.c" Line="1428" Column="26">
</Loc>
<Message>
All automatic variables shall have been assigned a value before being used.
</Message>
</Rule>

<Rule Name="9.1" Mode="required" Report="warning" Id="114">
<Loc File="C:\Component\CF009A_GmOvrlStMgr_Impl\src\GmOvrlStMgr.c" Line="1429" Column="26">
</Loc>
<Message>
All automatic variables shall have been assigned a value before being used.
</Message>
</Rule>

<Rule Name="9.1" Mode="required" Report="warning" Id="115">
<Loc File="C:\Component\CF009A_GmOvrlStMgr_Impl\src\GmOvrlStMgr.c" Line="1430" Column="14">
</Loc>
<Message>
All automatic variables shall have been assigned a value before being used.
</Message>
</Rule>

<Rule Name="9.1" Mode="required" Report="warning" Id="116">
<Loc File="C:\Component\CF009A_GmOvrlStMgr_Impl\src\GmOvrlStMgr.c" Line="1441" Column="26">
</Loc>
<Message>
All automatic variables shall have been assigned a value before being used.
</Message>
</Rule>

<Rule Name="9.1" Mode="required" Report="warning" Id="117">
<Loc File="C:\Component\CF009A_GmOvrlStMgr_Impl\src\GmOvrlStMgr.c" Line="1442" Column="26">
</Loc>
<Message>
All automatic variables shall have been assigned a value before being used.
</Message>
</Rule>

<Rule Name="21.1" Mode="required" Report="warning" Id="118">
<Loc File="C:\Component\CF009A_GmOvrlStMgr_Impl\src\GmOvrlStMgr.c" Line="1452" Column="11">
</Loc>
<Message>
Minimisation of run-time failures.
</Message>
</Rule>

<Rule Name="9.1" Mode="required" Report="warning" Id="119">
<Loc File="C:\Component\CF009A_GmOvrlStMgr_Impl\src\GmOvrlStMgr.c" Line="1474" Column="97">
</Loc>
<Message>
All automatic variables shall have been assigned a value before being used.
</Message>
</Rule>

<Rule Name="9.1" Mode="required" Report="warning" Id="120">
<Loc File="C:\Component\CF009A_GmOvrlStMgr_Impl\src\GmOvrlStMgr.c" Line="1488" Column="42">
</Loc>
<Message>
All automatic variables shall have been assigned a value before being used.
</Message>
</Rule>

<Rule Name="9.1" Mode="required" Report="warning" Id="121">
<Loc File="C:\Component\CF009A_GmOvrlStMgr_Impl\src\GmOvrlStMgr.c" Line="1489" Column="43">
</Loc>
<Message>
All automatic variables shall have been assigned a value before being used.
</Message>
</Rule>

<Rule Name="9.1" Mode="required" Report="warning" Id="122">
<Loc File="C:\Component\CF009A_GmOvrlStMgr_Impl\src\GmOvrlStMgr.c" Line="1490" Column="75">
</Loc>
<Message>
All automatic variables shall have been assigned a value before being used.
</Message>
</Rule>

<Rule Name="9.1" Mode="required" Report="warning" Id="123">
<Loc File="C:\Component\CF009A_GmOvrlStMgr_Impl\src\GmOvrlStMgr.c" Line="1493" Column="44">
</Loc>
<Message>
All automatic variables shall have been assigned a value before being used.
</Message>
</Rule>

<Rule Name="9.1" Mode="required" Report="warning" Id="124">
<Loc File="C:\Component\CF009A_GmOvrlStMgr_Impl\src\GmOvrlStMgr.c" Line="1495" Column="76">
</Loc>
<Message>
All automatic variables shall have been assigned a value before being used.
</Message>
</Rule>

<Rule Name="5.1" Mode="required" Report="warning" Id="125">
<Loc File="C:\Component\CF009A_GmOvrlStMgr_Impl\src\GmOvrlStMgr.c" Line="1919" Column="122">
</Loc>
<Message>
Identifiers "VehStandStillTiExcdd_Cnt_T_logl" (GmOvrlStMgr.c line 1919 column 122) and "VehStandStillTiExcdd_Cnt_T_logl" (GmOvrlStMgr.c line 1209 column 16) have the same first 31 characters.
</Message>
</Rule>

<Rule Name="5.1" Mode="required" Report="warning" Id="126">
<Loc File="C:\Component\CF009A_GmOvrlStMgr_Impl\src\GmOvrlStMgr.c" Line="1923" Column="66">
</Loc>
<Message>
Identifiers "HaptcStTranActvToWaitFlg_Cnt_T_logl" (GmOvrlStMgr.c line 1923 column 66) and "HaptcStTranActvToWaitFlg_Cnt_T_logl" (GmOvrlStMgr.c line 1221 column 12) have the same first 35 characters.
</Message>
</Rule>

<Rule Name="5.1" Mode="required" Report="warning" Id="127">
<Loc File="C:\Component\CF009A_GmOvrlStMgr_Impl\src\GmOvrlStMgr.c" Line="1924" Column="66">
</Loc>
<Message>
Identifiers "TranHaptcWaitToApaStActvFlg_Cnt_T_logl" (GmOvrlStMgr.c line 1924 column 66) and "TranHaptcWaitToApaStActvFlg_Cnt_T_logl" (GmOvrlStMgr.c line 1222 column 12) have the same first 38 characters.
</Message>
</Rule>

<Rule Name="5.1" Mode="required" Report="warning" Id="128">
<Loc File="C:\Component\CF009A_GmOvrlStMgr_Impl\src\GmOvrlStMgr.c" Line="2521" Column="62">
</Loc>
<Message>
Identifiers "LoaStLimdOrSwBasdMtgtn_Cnt_T_logl" (GmOvrlStMgr.c line 2521 column 62) and "LoaStLimdOrSwBasdMtgtn_Cnt_T_logl" (GmOvrlStMgr.c line 1223 column 12) have the same first 33 characters.
</Message>
</Rule>

<Rule Name="5.1" Mode="required" Report="warning" Id="129">
<Loc File="C:\Component\CF009A_GmOvrlStMgr_Impl\src\GmOvrlStMgr.c" Line="2606" Column="36">
</Loc>
<Message>
Identifiers "Msg337BusChassisExpInvld_Cnt_T_logl" (GmOvrlStMgr.c line 2606 column 36) and "Msg337BusChassisExpInvld_Cnt_T_logl" (GmOvrlStMgr.c line 1198 column 16) have the same first 35 characters.
</Message>
</Rule>

<Rule Name="5.1" Mode="required" Report="warning" Id="130">
<Loc File="C:\Component\CF009A_GmOvrlStMgr_Impl\src\GmOvrlStMgr.c" Line="2607" Column="60">
</Loc>
<Message>
Identifiers "Msg337BusChassisExpMiss_Cnt_T_logl" (GmOvrlStMgr.c line 2607 column 60) and "Msg337BusChassisExpMiss_Cnt_T_logl" (GmOvrlStMgr.c line 1199 column 16) have the same first 34 characters.
</Message>
</Rule>

<Rule Name="5.1" Mode="required" Report="warning" Id="131">
<Loc File="C:\Component\CF009A_GmOvrlStMgr_Impl\src\GmOvrlStMgr.c" Line="2626" Column="30">
</Loc>
<Message>
Identifiers "Msg180BusChassisExpInvld_Cnt_T_logl" (GmOvrlStMgr.c line 2626 column 30) and "Msg180BusChassisExpInvld_Cnt_T_logl" (GmOvrlStMgr.c line 1189 column 16) have the same first 35 characters.
</Message>
</Rule>

<Rule Name="5.1" Mode="required" Report="warning" Id="132">
<Loc File="C:\Component\CF009A_GmOvrlStMgr_Impl\src\GmOvrlStMgr.c" Line="2627" Column="54">
</Loc>
<Message>
Identifiers "Msg180BusChassisExpMiss_Cnt_T_logl" (GmOvrlStMgr.c line 2627 column 54) and "Msg180BusChassisExpMiss_Cnt_T_logl" (GmOvrlStMgr.c line 1190 column 16) have the same first 34 characters.
</Message>
</Rule>

</CodeStruct>

<CodeStruct Name="HaptcFbPostStrtUp" File="C:\Component\CF009A_GmOvrlStMgr_Impl\src\GmOvrlStMgr.c" Line="2516" Column="12">

<Rule Name="12.4" Mode="required" Report="warning" Id="138">
<Loc File="C:\Component\CF009A_GmOvrlStMgr_Impl\src\GmOvrlStMgr.c" Line="2544" Column="29">
</Loc>
<Message>
The right hand operand of a logical &amp;&amp; or || operator shall not contain side effects.
</Message>
</Rule>

<Rule Name="21.1" Mode="required" Report="warning" Id="139">
<Loc File="C:\Component\CF009A_GmOvrlStMgr_Impl\src\GmOvrlStMgr.c" Line="2553" Column="70">
</Loc>
<Message>
Minimisation of run-time failures.
</Message>
</Rule>

<Rule Name="9.1" Mode="required" Report="warning" Id="140">
<Loc File="C:\Component\CF009A_GmOvrlStMgr_Impl\src\GmOvrlStMgr.c" Line="2555" Column="83">
</Loc>
<Message>
All automatic variables shall have been assigned a value before being used.
</Message>
</Rule>

<Rule Name="11.5" Mode="required" Report="warning" Id="141">
<Loc File="C:\Component\CF009A_GmOvrlStMgr_Impl\src\GmOvrlStMgr.c" Line="2578" Column="75">
</Loc>
<Message>
A cast shall not be performed that removes any const or volatile qualification
from the type addressed by a pointer.
</Message>
</Rule>

<Rule Name="11.5" Mode="required" Report="warning" Id="142">
<Loc File="C:\Component\CF009A_GmOvrlStMgr_Impl\src\GmOvrlStMgr.c" Line="2579" Column="75">
</Loc>
<Message>
A cast shall not be performed that removes any const or volatile qualification
from the type addressed by a pointer.
</Message>
</Rule>

<Rule Name="12.3" Mode="required" Report="warning" Id="143">
<Loc File="C:\Component\CF009A_GmOvrlStMgr_Impl\src\GmOvrlStMgr.c" Line="2580" Column="82">
</Loc>
<Message>
The sizeof operator should not be used on expressions that contain side effects.
</Message>
</Rule>

<Rule Name="11.5" Mode="required" Report="warning" Id="144">
<Loc File="C:\Component\CF009A_GmOvrlStMgr_Impl\src\GmOvrlStMgr.c" Line="2580" Column="91">
</Loc>
<Message>
A cast shall not be performed that removes any const or volatile qualification
from the type addressed by a pointer.
</Message>
</Rule>

<Rule Name="12.3" Mode="required" Report="warning" Id="145">
<Loc File="C:\Component\CF009A_GmOvrlStMgr_Impl\src\GmOvrlStMgr.c" Line="2580" Column="173">
</Loc>
<Message>
The sizeof operator should not be used on expressions that contain side effects.
</Message>
</Rule>

<Rule Name="11.5" Mode="required" Report="warning" Id="146">
<Loc File="C:\Component\CF009A_GmOvrlStMgr_Impl\src\GmOvrlStMgr.c" Line="2580" Column="183">
</Loc>
<Message>
A cast shall not be performed that removes any const or volatile qualification
from the type addressed by a pointer.
</Message>
</Rule>

</CodeStruct>

<CodeStruct Name="TranHaptcWaitToApaStActvFlg" File="C:\Component\CF009A_GmOvrlStMgr_Impl\src\GmOvrlStMgr.c" Line="2463" Column="15">

<Rule Name="5.1" Mode="required" Report="warning" Id="133">
<Loc File="C:\Component\CF009A_GmOvrlStMgr_Impl\src\GmOvrlStMgr.c" Line="2466" Column="12">
</Loc>
<Message>
Identifiers "TranHaptcWaitToApaStActvFlg_Cnt_T_logl" (GmOvrlStMgr.c line 221 column 66) and "TranHaptcWaitToApaStActvFlg_Cnt_T_logl" (GmOvrlStMgr.c line 2466 column 12) have the same first 38 characters.
Identifiers "TranHaptcWaitToApaStActvFlg_Cnt_T_logl" (GmOvrlStMgr.c line 1924 column 66) and "TranHaptcWaitToApaStActvFlg_Cnt_T_logl" (GmOvrlStMgr.c line 2466 column 12) have the same first 38 characters.
Identifiers "TranHaptcWaitToApaStActvFlg_Cnt_T_logl" (GmOvrlStMgr.c line 1222 column 12) and "TranHaptcWaitToApaStActvFlg_Cnt_T_logl" (GmOvrlStMgr.c line 2466 column 12) have the same first 38 characters.
</Message>
</Rule>

<Rule Name="21.1" Mode="required" Report="warning" Id="134">
<Loc File="C:\Component\CF009A_GmOvrlStMgr_Impl\src\GmOvrlStMgr.c" Line="2468" Column="8">
</Loc>
<Message>
Minimisation of run-time failures.
</Message>
</Rule>

<Rule Name="21.1" Mode="required" Report="warning" Id="135">
<Loc File="C:\Component\CF009A_GmOvrlStMgr_Impl\src\GmOvrlStMgr.c" Line="2468" Column="60">
</Loc>
<Message>
Minimisation of run-time failures.
</Message>
</Rule>

<Rule Name="21.1" Mode="required" Report="warning" Id="136">
<Loc File="C:\Component\CF009A_GmOvrlStMgr_Impl\src\GmOvrlStMgr.c" Line="2470" Column="66">
</Loc>
<Message>
Minimisation of run-time failures.
</Message>
</Rule>

<Rule Name="9.1" Mode="required" Report="warning" Id="137">
<Loc File="C:\Component\CF009A_GmOvrlStMgr_Impl\src\GmOvrlStMgr.c" Line="2472" Column="11">
</Loc>
<Message>
All automatic variables shall have been assigned a value before being used.
</Message>
</Rule>

</CodeStruct>

<CodeStruct Name="GetGmLoaIgnCntr_Oper" File="C:\Component\CF009A_GmOvrlStMgr_Impl\src\GmOvrlStMgr.c" Line="963" Column="5">

<Rule Name="21.1" Mode="required" Report="warning" Id="147">
<Loc File="C:\Component\CF009A_GmOvrlStMgr_Impl\src\GmOvrlStMgr.c" Line="969" Column="4">
</Loc>
<Message>
Minimisation of run-time failures.
</Message>
</Rule>

<Rule Name="21.1" Mode="required" Report="warning" Id="148">
<Loc File="C:\Component\CF009A_GmOvrlStMgr_Impl\src\GmOvrlStMgr.c" Line="969" Column="24">
</Loc>
<Message>
Minimisation of run-time failures.
</Message>
</Rule>

<Rule Name="21.1" Mode="required" Report="warning" Id="149">
<Loc File="C:\Component\CF009A_GmOvrlStMgr_Impl\src\GmOvrlStMgr.c" Line="969" Column="46">
</Loc>
<Message>
Minimisation of run-time failures.
</Message>
</Rule>

</CodeStruct>

<CodeStruct Name="ShiftLvrRvsTmrElpdChk" File="C:\Component\CF009A_GmOvrlStMgr_Impl\src\GmOvrlStMgr.c" Line="1628" Column="15">

<Rule Name="21.1" Mode="required" Report="warning" Id="150">
<Loc File="C:\Component\CF009A_GmOvrlStMgr_Impl\src\GmOvrlStMgr.c" Line="1633" Column="46">
</Loc>
<Message>
Minimisation of run-time failures.
</Message>
</Rule>

<Rule Name="21.1" Mode="required" Report="warning" Id="151">
<Loc File="C:\Component\CF009A_GmOvrlStMgr_Impl\src\GmOvrlStMgr.c" Line="1639" Column="74">
</Loc>
<Message>
Minimisation of run-time failures.
</Message>
</Rule>

<Rule Name="21.1" Mode="required" Report="warning" Id="152">
<Loc File="C:\Component\CF009A_GmOvrlStMgr_Impl\src\GmOvrlStMgr.c" Line="1650" Column="8">
</Loc>
<Message>
Minimisation of run-time failures.
</Message>
</Rule>

</CodeStruct>

</MISRA-C-Report>
