<?xml version="1.0" encoding="UTF-8"?>

<MISRA-C-Report version="1.3">


<CodeStruct Name="" File="C:\Component\CM620C_MotAg0Meas_Impl\include\CDD_MotAg0Meas_MotCtrl_MemMap.h" Line="0" Column="0">

<Rule Name="19.15" Mode="required" Report="warning" Id="6">
<Loc File="C:\Component\CM620C_MotAg0Meas_Impl\include\CDD_MotAg0Meas_MotCtrl_MemMap.h" Line="1" Column="0">
</Loc>
<Message>
Precautions shall be taken in order to prevent the contents of a header file being included twice.
</Message>
</Rule>

<Rule Name="19.6" Mode="required" Report="warning" Id="7">
<Loc File="C:\Component\CM620C_MotAg0Meas_Impl\include\CDD_MotAg0Meas_MotCtrl_MemMap.h" Line="25" Column="0">
</Loc>
<Message>
#undef shall not be used.
</Message>
</Rule>

<Rule Name="19.6" Mode="required" Report="warning" Id="8">
<Loc File="C:\Component\CM620C_MotAg0Meas_Impl\include\CDD_MotAg0Meas_MotCtrl_MemMap.h" Line="31" Column="0">
</Loc>
<Message>
#undef shall not be used.
</Message>
</Rule>

</CodeStruct>

<CodeStruct Name="" File="C:\Component\CM620C_MotAg0Meas_Impl\src\CDD_MotAg0Meas.c" Line="0" Column="0">

<Rule Name="19.1" Mode="advisory" Report="warning" Id="2">
<Loc File="C:\Component\CM620C_MotAg0Meas_Impl\src\CDD_MotAg0Meas.c" Line="754" Column="0">
</Loc>
<Message>
#include statements in a file shall only be preceded by other preprocessor directives or comments.
</Message>
</Rule>

<Rule Name="19.1" Mode="advisory" Report="warning" Id="3">
<Loc File="C:\Component\CM620C_MotAg0Meas_Impl\src\CDD_MotAg0Meas.c" Line="1313" Column="0">
</Loc>
<Message>
#include statements in a file shall only be preceded by other preprocessor directives or comments.
</Message>
</Rule>

<Rule Name="19.1" Mode="advisory" Report="warning" Id="4">
<Loc File="C:\Component\CM620C_MotAg0Meas_Impl\src\CDD_MotAg0Meas.c" Line="1322" Column="0">
</Loc>
<Message>
#include statements in a file shall only be preceded by other preprocessor directives or comments.
</Message>
</Rule>

<Rule Name="19.1" Mode="advisory" Report="warning" Id="5">
<Loc File="C:\Component\CM620C_MotAg0Meas_Impl\src\CDD_MotAg0Meas.c" Line="1511" Column="0">
</Loc>
<Message>
#include statements in a file shall only be preceded by other preprocessor directives or comments.
</Message>
</Rule>

</CodeStruct>

<CodeStruct Name="" File="C:\Component\CM620C_MotAg0Meas_Impl\src\CDD_MotAg0Meas_MotCtrl.c" Line="0" Column="0">

<Rule Name="19.1" Mode="advisory" Report="warning" Id="1">
<Loc File="C:\Component\CM620C_MotAg0Meas_Impl\src\CDD_MotAg0Meas_MotCtrl.c" Line="92" Column="0">
</Loc>
<Message>
#include statements in a file shall only be preceded by other preprocessor directives or comments.
</Message>
</Rule>

</CodeStruct>

<CodeStruct Name="MotAg0MeasInit1" File="C:\Component\CM620C_MotAg0Meas_Impl\src\CDD_MotAg0Meas.c" Line="869" Column="5">

<Rule Name="9.1" Mode="required" Report="warning" Id="9">
<Loc File="C:\Component\CM620C_MotAg0Meas_Impl\src\CDD_MotAg0Meas.c" Line="997" Column="12">
</Loc>
<Message>
All automatic variables shall have been assigned a value before being used.
</Message>
</Rule>

</CodeStruct>

<CodeStruct Name="MotAg0MeasPer1" File="C:\Component\CM620C_MotAg0Meas_Impl\src\CDD_MotAg0Meas_MotCtrl.c" Line="48" Column="5">

<Rule Name="21.1" Mode="required" Report="warning" Id="10">
<Loc File="C:\Component\CM620C_MotAg0Meas_Impl\src\CDD_MotAg0Meas_MotCtrl.c" Line="65" Column="8">
</Loc>
<Message>
Minimisation of run-time failures.
</Message>
</Rule>

<Rule Name="21.1" Mode="required" Report="warning" Id="11">
<Loc File="C:\Component\CM620C_MotAg0Meas_Impl\src\CDD_MotAg0Meas_MotCtrl.c" Line="65" Column="33">
</Loc>
<Message>
Minimisation of run-time failures.
</Message>
</Rule>

<Rule Name="9.1" Mode="required" Report="warning" Id="12">
<Loc File="C:\Component\CM620C_MotAg0Meas_Impl\src\CDD_MotAg0Meas_MotCtrl.c" Line="65" Column="71">
</Loc>
<Message>
All automatic variables shall have been assigned a value before being used.
</Message>
</Rule>

<Rule Name="21.1" Mode="required" Report="warning" Id="13">
<Loc File="C:\Component\CM620C_MotAg0Meas_Impl\src\CDD_MotAg0Meas_MotCtrl.c" Line="75" Column="41">
</Loc>
<Message>
Minimisation of run-time failures.
</Message>
</Rule>

<Rule Name="21.1" Mode="required" Report="warning" Id="14">
<Loc File="C:\Component\CM620C_MotAg0Meas_Impl\src\CDD_MotAg0Meas_MotCtrl.c" Line="87" Column="8">
</Loc>
<Message>
Minimisation of run-time failures.
</Message>
</Rule>

</CodeStruct>

<CodeStruct Name="MotAg0CoeffTblWr_Oper" File="C:\Component\CM620C_MotAg0Meas_Impl\src\CDD_MotAg0Meas.c" Line="824" Column="5">

<Rule Name="12.12" Mode="required" Report="warning" Id="15">
<Loc File="C:\Component\CM620C_MotAg0Meas_Impl\src\CDD_MotAg0Meas.c" Line="836" Column="85">
</Loc>
<Message>
The underlying bit representations of floating-point values shall not be used.
</Message>
</Rule>

<Rule Name="12.12" Mode="required" Report="warning" Id="16">
<Loc File="C:\Component\CM620C_MotAg0Meas_Impl\src\CDD_MotAg0Meas.c" Line="836" Column="165">
</Loc>
<Message>
The underlying bit representations of floating-point values shall not be used.
</Message>
</Rule>

<Rule Name="21.1" Mode="required" Report="warning" Id="17">
<Loc File="C:\Component\CM620C_MotAg0Meas_Impl\src\CDD_MotAg0Meas.c" Line="838" Column="18">
</Loc>
<Message>
Minimisation of run-time failures.
</Message>
</Rule>

<Rule Name="12.12" Mode="required" Report="warning" Id="18">
<Loc File="C:\Component\CM620C_MotAg0Meas_Impl\src\CDD_MotAg0Meas.c" Line="838" Column="38">
</Loc>
<Message>
The underlying bit representations of floating-point values shall not be used.
</Message>
</Rule>

<Rule Name="21.1" Mode="required" Report="warning" Id="19">
<Loc File="C:\Component\CM620C_MotAg0Meas_Impl\src\CDD_MotAg0Meas.c" Line="838" Column="62">
</Loc>
<Message>
Minimisation of run-time failures.
</Message>
</Rule>

<Rule Name="21.1" Mode="required" Report="warning" Id="20">
<Loc File="C:\Component\CM620C_MotAg0Meas_Impl\src\CDD_MotAg0Meas.c" Line="838" Column="124">
</Loc>
<Message>
Minimisation of run-time failures.
</Message>
</Rule>

</CodeStruct>

<CodeStruct Name="CalcCorrnTbl" File="C:\Component\CM620C_MotAg0Meas_Impl\src\CDD_MotAg0Meas.c" Line="1332" Column="12">

<Rule Name="21.1" Mode="required" Report="warning" Id="38">
<Loc File="C:\Component\CM620C_MotAg0Meas_Impl\src\CDD_MotAg0Meas.c" Line="1365" Column="72">
</Loc>
<Message>
Minimisation of run-time failures.
</Message>
</Rule>

<Rule Name="12.12" Mode="required" Report="warning" Id="39">
<Loc File="C:\Component\CM620C_MotAg0Meas_Impl\src\CDD_MotAg0Meas.c" Line="1365" Column="92">
</Loc>
<Message>
The underlying bit representations of floating-point values shall not be used.
</Message>
</Rule>

<Rule Name="21.1" Mode="required" Report="warning" Id="40">
<Loc File="C:\Component\CM620C_MotAg0Meas_Impl\src\CDD_MotAg0Meas.c" Line="1365" Column="116">
</Loc>
<Message>
Minimisation of run-time failures.
</Message>
</Rule>

<Rule Name="12.12" Mode="required" Report="warning" Id="41">
<Loc File="C:\Component\CM620C_MotAg0Meas_Impl\src\CDD_MotAg0Meas.c" Line="1366" Column="138">
</Loc>
<Message>
The underlying bit representations of floating-point values shall not be used.
</Message>
</Rule>

<Rule Name="9.1" Mode="required" Report="warning" Id="42">
<Loc File="C:\Component\CM620C_MotAg0Meas_Impl\src\CDD_MotAg0Meas.c" Line="1372" Column="105">
</Loc>
<Message>
All automatic variables shall have been assigned a value before being used.
</Message>
</Rule>

<Rule Name="21.1" Mode="required" Report="warning" Id="43">
<Loc File="C:\Component\CM620C_MotAg0Meas_Impl\src\CDD_MotAg0Meas.c" Line="1373" Column="118">
</Loc>
<Message>
Minimisation of run-time failures.
</Message>
</Rule>

<Rule Name="12.12" Mode="required" Report="warning" Id="44">
<Loc File="C:\Component\CM620C_MotAg0Meas_Impl\src\CDD_MotAg0Meas.c" Line="1373" Column="138">
</Loc>
<Message>
The underlying bit representations of floating-point values shall not be used.
</Message>
</Rule>

<Rule Name="21.1" Mode="required" Report="warning" Id="45">
<Loc File="C:\Component\CM620C_MotAg0Meas_Impl\src\CDD_MotAg0Meas.c" Line="1374" Column="118">
</Loc>
<Message>
Minimisation of run-time failures.
</Message>
</Rule>

<Rule Name="12.12" Mode="required" Report="warning" Id="46">
<Loc File="C:\Component\CM620C_MotAg0Meas_Impl\src\CDD_MotAg0Meas.c" Line="1374" Column="138">
</Loc>
<Message>
The underlying bit representations of floating-point values shall not be used.
</Message>
</Rule>

<Rule Name="9.1" Mode="required" Report="warning" Id="47">
<Loc File="C:\Component\CM620C_MotAg0Meas_Impl\src\CDD_MotAg0Meas.c" Line="1391" Column="50">
</Loc>
<Message>
All automatic variables shall have been assigned a value before being used.
</Message>
</Rule>

<Rule Name="9.1" Mode="required" Report="warning" Id="48">
<Loc File="C:\Component\CM620C_MotAg0Meas_Impl\src\CDD_MotAg0Meas.c" Line="1409" Column="89">
</Loc>
<Message>
All automatic variables shall have been assigned a value before being used.
</Message>
</Rule>

<Rule Name="9.1" Mode="required" Report="warning" Id="49">
<Loc File="C:\Component\CM620C_MotAg0Meas_Impl\src\CDD_MotAg0Meas.c" Line="1410" Column="89">
</Loc>
<Message>
All automatic variables shall have been assigned a value before being used.
</Message>
</Rule>

<Rule Name="21.1" Mode="required" Report="warning" Id="50">
<Loc File="C:\Component\CM620C_MotAg0Meas_Impl\src\CDD_MotAg0Meas.c" Line="1422" Column="115">
</Loc>
<Message>
Minimisation of run-time failures.
</Message>
</Rule>

<Rule Name="21.1" Mode="required" Report="warning" Id="51">
<Loc File="C:\Component\CM620C_MotAg0Meas_Impl\src\CDD_MotAg0Meas.c" Line="1439" Column="26">
</Loc>
<Message>
Minimisation of run-time failures.
</Message>
</Rule>

<Rule Name="9.1" Mode="required" Report="warning" Id="52">
<Loc File="C:\Component\CM620C_MotAg0Meas_Impl\src\CDD_MotAg0Meas.c" Line="1439" Column="147">
</Loc>
<Message>
All automatic variables shall have been assigned a value before being used.
</Message>
</Rule>

<Rule Name="9.1" Mode="required" Report="warning" Id="53">
<Loc File="C:\Component\CM620C_MotAg0Meas_Impl\src\CDD_MotAg0Meas.c" Line="1445" Column="74">
</Loc>
<Message>
All automatic variables shall have been assigned a value before being used.
</Message>
</Rule>

<Rule Name="21.1" Mode="required" Report="warning" Id="54">
<Loc File="C:\Component\CM620C_MotAg0Meas_Impl\src\CDD_MotAg0Meas.c" Line="1450" Column="155">
</Loc>
<Message>
Minimisation of run-time failures.
</Message>
</Rule>

<Rule Name="21.1" Mode="required" Report="warning" Id="55">
<Loc File="C:\Component\CM620C_MotAg0Meas_Impl\src\CDD_MotAg0Meas.c" Line="1459" Column="26">
</Loc>
<Message>
Minimisation of run-time failures.
</Message>
</Rule>

</CodeStruct>

<CodeStruct Name="MotAg0MeasPer2" File="C:\Component\CM620C_MotAg0Meas_Impl\src\CDD_MotAg0Meas.c" Line="1060" Column="5">

<Rule Name="21.1" Mode="required" Report="warning" Id="21">
<Loc File="C:\Component\CM620C_MotAg0Meas_Impl\src\CDD_MotAg0Meas.c" Line="1105" Column="26">
</Loc>
<Message>
Minimisation of run-time failures.
</Message>
</Rule>

<Rule Name="21.1" Mode="required" Report="warning" Id="22">
<Loc File="C:\Component\CM620C_MotAg0Meas_Impl\src\CDD_MotAg0Meas.c" Line="1105" Column="70">
</Loc>
<Message>
Minimisation of run-time failures.
</Message>
</Rule>

<Rule Name="21.1" Mode="required" Report="warning" Id="23">
<Loc File="C:\Component\CM620C_MotAg0Meas_Impl\src\CDD_MotAg0Meas.c" Line="1111" Column="16">
</Loc>
<Message>
Minimisation of run-time failures.
</Message>
</Rule>

<Rule Name="21.1" Mode="required" Report="warning" Id="24">
<Loc File="C:\Component\CM620C_MotAg0Meas_Impl\src\CDD_MotAg0Meas.c" Line="1114" Column="16">
</Loc>
<Message>
Minimisation of run-time failures.
</Message>
</Rule>

<Rule Name="9.1" Mode="required" Report="warning" Id="25">
<Loc File="C:\Component\CM620C_MotAg0Meas_Impl\src\CDD_MotAg0Meas.c" Line="1118" Column="19">
</Loc>
<Message>
All automatic variables shall have been assigned a value before being used.
</Message>
</Rule>

<Rule Name="21.1" Mode="required" Report="warning" Id="26">
<Loc File="C:\Component\CM620C_MotAg0Meas_Impl\src\CDD_MotAg0Meas.c" Line="1127" Column="16">
</Loc>
<Message>
Minimisation of run-time failures.
</Message>
</Rule>

<Rule Name="21.1" Mode="required" Report="warning" Id="27">
<Loc File="C:\Component\CM620C_MotAg0Meas_Impl\src\CDD_MotAg0Meas.c" Line="1130" Column="19">
</Loc>
<Message>
Minimisation of run-time failures.
</Message>
</Rule>

<Rule Name="21.1" Mode="required" Report="warning" Id="28">
<Loc File="C:\Component\CM620C_MotAg0Meas_Impl\src\CDD_MotAg0Meas.c" Line="1134" Column="24">
</Loc>
<Message>
Minimisation of run-time failures.
</Message>
</Rule>

<Rule Name="21.1" Mode="required" Report="warning" Id="29">
<Loc File="C:\Component\CM620C_MotAg0Meas_Impl\src\CDD_MotAg0Meas.c" Line="1139" Column="47">
</Loc>
<Message>
Minimisation of run-time failures.
</Message>
</Rule>

<Rule Name="21.1" Mode="required" Report="warning" Id="30">
<Loc File="C:\Component\CM620C_MotAg0Meas_Impl\src\CDD_MotAg0Meas.c" Line="1140" Column="24">
</Loc>
<Message>
Minimisation of run-time failures.
</Message>
</Rule>

<Rule Name="21.1" Mode="required" Report="warning" Id="31">
<Loc File="C:\Component\CM620C_MotAg0Meas_Impl\src\CDD_MotAg0Meas.c" Line="1153" Column="17">
</Loc>
<Message>
Minimisation of run-time failures.
</Message>
</Rule>

<Rule Name="21.1" Mode="required" Report="warning" Id="32">
<Loc File="C:\Component\CM620C_MotAg0Meas_Impl\src\CDD_MotAg0Meas.c" Line="1168" Column="16">
</Loc>
<Message>
Minimisation of run-time failures.
</Message>
</Rule>

<Rule Name="21.1" Mode="required" Report="warning" Id="33">
<Loc File="C:\Component\CM620C_MotAg0Meas_Impl\src\CDD_MotAg0Meas.c" Line="1179" Column="16">
</Loc>
<Message>
Minimisation of run-time failures.
</Message>
</Rule>

<Rule Name="21.1" Mode="required" Report="warning" Id="34">
<Loc File="C:\Component\CM620C_MotAg0Meas_Impl\src\CDD_MotAg0Meas.c" Line="1185" Column="16">
</Loc>
<Message>
Minimisation of run-time failures.
</Message>
</Rule>

<Rule Name="21.1" Mode="required" Report="warning" Id="35">
<Loc File="C:\Component\CM620C_MotAg0Meas_Impl\src\CDD_MotAg0Meas.c" Line="1194" Column="24">
</Loc>
<Message>
Minimisation of run-time failures.
</Message>
</Rule>

<Rule Name="9.1" Mode="required" Report="warning" Id="36">
<Loc File="C:\Component\CM620C_MotAg0Meas_Impl\src\CDD_MotAg0Meas.c" Line="1213" Column="68">
</Loc>
<Message>
All automatic variables shall have been assigned a value before being used.
</Message>
</Rule>

<Rule Name="21.1" Mode="required" Report="warning" Id="37">
<Loc File="C:\Component\CM620C_MotAg0Meas_Impl\src\CDD_MotAg0Meas.c" Line="1214" Column="72">
</Loc>
<Message>
Minimisation of run-time failures.
</Message>
</Rule>

</CodeStruct>

<CodeStruct Name="MotAg0CoeffTblRead_Oper" File="C:\Component\CM620C_MotAg0Meas_Impl\src\CDD_MotAg0Meas.c" Line="774" Column="5">

<Rule Name="12.12" Mode="required" Report="warning" Id="56">
<Loc File="C:\Component\CM620C_MotAg0Meas_Impl\src\CDD_MotAg0Meas.c" Line="786" Column="85">
</Loc>
<Message>
The underlying bit representations of floating-point values shall not be used.
</Message>
</Rule>

<Rule Name="12.12" Mode="required" Report="warning" Id="57">
<Loc File="C:\Component\CM620C_MotAg0Meas_Impl\src\CDD_MotAg0Meas.c" Line="786" Column="165">
</Loc>
<Message>
The underlying bit representations of floating-point values shall not be used.
</Message>
</Rule>

<Rule Name="21.1" Mode="required" Report="warning" Id="58">
<Loc File="C:\Component\CM620C_MotAg0Meas_Impl\src\CDD_MotAg0Meas.c" Line="788" Column="33">
</Loc>
<Message>
Minimisation of run-time failures.
</Message>
</Rule>

<Rule Name="21.1" Mode="required" Report="warning" Id="59">
<Loc File="C:\Component\CM620C_MotAg0Meas_Impl\src\CDD_MotAg0Meas.c" Line="788" Column="56">
</Loc>
<Message>
Minimisation of run-time failures.
</Message>
</Rule>

<Rule Name="12.12" Mode="required" Report="warning" Id="60">
<Loc File="C:\Component\CM620C_MotAg0Meas_Impl\src\CDD_MotAg0Meas.c" Line="788" Column="76">
</Loc>
<Message>
The underlying bit representations of floating-point values shall not be used.
</Message>
</Rule>

<Rule Name="21.1" Mode="required" Report="warning" Id="61">
<Loc File="C:\Component\CM620C_MotAg0Meas_Impl\src\CDD_MotAg0Meas.c" Line="788" Column="100">
</Loc>
<Message>
Minimisation of run-time failures.
</Message>
</Rule>

</CodeStruct>

<CodeStruct Name="MotAg0MeasPer3" File="C:\Component\CM620C_MotAg0Meas_Impl\src\CDD_MotAg0Meas.c" Line="1268" Column="5">

<Rule Name="21.1" Mode="required" Report="warning" Id="62">
<Loc File="C:\Component\CM620C_MotAg0Meas_Impl\src\CDD_MotAg0Meas.c" Line="1280" Column="16">
</Loc>
<Message>
Minimisation of run-time failures.
</Message>
</Rule>

<Rule Name="21.1" Mode="required" Report="warning" Id="63">
<Loc File="C:\Component\CM620C_MotAg0Meas_Impl\src\CDD_MotAg0Meas.c" Line="1280" Column="41">
</Loc>
<Message>
Minimisation of run-time failures.
</Message>
</Rule>

<Rule Name="9.1" Mode="required" Report="warning" Id="64">
<Loc File="C:\Component\CM620C_MotAg0Meas_Impl\src\CDD_MotAg0Meas.c" Line="1288" Column="84">
</Loc>
<Message>
All automatic variables shall have been assigned a value before being used.
</Message>
</Rule>

<Rule Name="21.1" Mode="required" Report="warning" Id="65">
<Loc File="C:\Component\CM620C_MotAg0Meas_Impl\src\CDD_MotAg0Meas.c" Line="1297" Column="73">
</Loc>
<Message>
Minimisation of run-time failures.
</Message>
</Rule>

<Rule Name="9.1" Mode="required" Report="warning" Id="66">
<Loc File="C:\Component\CM620C_MotAg0Meas_Impl\src\CDD_MotAg0Meas.c" Line="1298" Column="70">
</Loc>
<Message>
All automatic variables shall have been assigned a value before being used.
</Message>
</Rule>

</CodeStruct>

</MISRA-C-Report>
