<?xml version="1.0" encoding="UTF-8"?>

<project name="Polyspace" files="2" includes="23" ap_cg_cycle="0" ap_cg_direct_cycle="0" pshv="0" unpshv="0">
<file name="C:\Component\CM475A_TSG31CfgAndUse_Impl\src\CDD_TSG31CfgAndUse_MotCtrl.c" total_lines="108" lines_without_cmt="61" comf="26" fco="13">
<function name="TSG31CfgAndUsePer1" path="5" goto="0" vg="5" calling="0" calls="4" param="0" stmt="32" level="4" return="0" vocf="5.5" flin="60" fxln="33" ncalls="13">
</function>
<function name="CnvNanoSecToTmrCnt" path="1" goto="0" vg="1" calling="1" calls="0" param="1" stmt="4" level="1" return="1" vocf="2.8" flin="0" fxln="0" ncalls="0">
</function>
</file>
<file name="C:\Component\CM475A_TSG31CfgAndUse_Impl\src\CDD_TSG31CfgAndUse.c" total_lines="743" lines_without_cmt="266" comf="100" fco="1">
</file>
</project>
