<?xml version="1.0" encoding="UTF-8"?>
<MISRA-C-Report-Summary>
<File Mode="required" Error="0" Warning="3" Total="3">
<Name>
C:\Component\CM475A_TSG31CfgAndUse_Impl\include\CDD_TSG31CfgAndUse_MotCtrl_MemMap.h</Name>
</File>
<File Mode="required" Error="0" Warning="2" Total="2">
<Name>
C:\Component\CM475A_TSG31CfgAndUse_Impl\include\CDD_TSG31CfgAndUse_private.h</Name>
</File>
<File Mode="advisory" Error="0" Warning="2" Total="2">
<Name>
C:\Component\CM475A_TSG31CfgAndUse_Impl\src\CDD_TSG31CfgAndUse.c</Name>
</File>
<File Mode="advisory" Error="0" Warning="1" Total="1">
<Name>
C:\Component\CM475A_TSG31CfgAndUse_Impl\src\CDD_TSG31CfgAndUse_MotCtrl.c</Name>
</File>
<File Mode="required" Error="0" Warning="1" Total="1">
<Name>
C:\Component\CM475A_TSG31CfgAndUse_Impl\src\CDD_TSG31CfgAndUse_MotCtrl.c</Name>
</File>
<Rule Name="19.1" Count="3" Mode="advisory" Severity="warning">
<Message>
#include statements in a file shall only be preceded by other preprocessor directives or comments.</Message>
</Rule>
<Rule Name="19.6" Count="2" Mode="required" Severity="warning">
<Message>
#undef shall not be used.</Message>
</Rule>
<Rule Name="1.1" Count="1" Mode="required" Severity="warning">
<Message>
All code shall conform to ISO 9899:1990 Programming languages  C,</Message>
</Rule>
<Rule Name="19.15" Count="1" Mode="required" Severity="warning">
<Message>
Precautions shall be taken in order to prevent the contents of a header file being included twice.</Message>
</Rule>
<Rule Name="8.10" Count="1" Mode="required" Severity="warning">
<Message>
Function 'TSG31CfgAndUsePer1' should have internal linkage.</Message>
</Rule>
<Rule Name="8.5" Count="1" Mode="required" Severity="warning">
<Message>
Function 'CnvNanoSecToTmrCnt' should not be defined in a header file.</Message>
</Rule>
</MISRA-C-Report-Summary>
