<?xml version="1.0" encoding="UTF-8"?>

<project name="Polyspace" files="1" includes="22" ap_cg_cycle="0" ap_cg_direct_cycle="0" pshv="0" unpshv="0">
<file name="C:\component\ES005A_TmplMonr_Impl\src\TmplMonr.c" total_lines="1332" lines_without_cmt="288" comf="63" fco="51">
<function name="TMFInitTestCase52" path="12" goto="0" vg="6" calling="1" calls="7" param="0" stmt="24" level="3" return="0" vocf="6.7" flin="65" fxln="28" ncalls="9">
</function>
<function name="TMFInitTestCase18" path="3" goto="0" vg="3" calling="1" calls="4" param="0" stmt="22" level="2" return="0" vocf="6.3" flin="61" fxln="24" ncalls="10">
</function>
<function name="TMFInitTestCase17" path="2" goto="0" vg="2" calling="1" calls="4" param="0" stmt="8" level="1" return="0" vocf="3.1" flin="20" fxln="8" ncalls="4">
</function>
<function name="TMFInitTestCase12" path="2" goto="0" vg="2" calling="1" calls="3" param="0" stmt="6" level="1" return="0" vocf="2.8" flin="15" fxln="6" ncalls="3">
</function>
<function name="TMFInitTestCase9To10Case14To16" path="4" goto="0" vg="4" calling="1" calls="3" param="0" stmt="9" level="3" return="0" vocf="3.6" flin="28" fxln="10" ncalls="3">
</function>
<function name="TMFInitTest" path="13" goto="0" vg="13" calling="1" calls="10" param="0" stmt="38" level="2" return="0" vocf="4.8" flin="114" fxln="53" ncalls="16">
</function>
<function name="TmplMonrPer2" path="1" goto="0" vg="1" calling="0" calls="1" param="0" stmt="1" level="1" return="0" vocf="1.7" flin="18" fxln="1" ncalls="1">
</function>
<function name="TmplMonrPer1" path="6" goto="0" vg="6" calling="0" calls="8" param="0" stmt="19" level="4" return="0" vocf="5.4" flin="112" fxln="23" ncalls="10">
</function>
<function name="TmplMonrInit1" path="1" goto="0" vg="1" calling="0" calls="3" param="0" stmt="9" level="1" return="0" vocf="3.9" flin="25" fxln="9" ncalls="3">
</function>
</file>
</project>
