<?xml version="1.0" encoding="UTF-8"?>
<!--EDRS Version 1.0-->
<global>
   <file name="C:\\ExcpnHndlg\\AR202A_MicroCtrlrSuprt_Impl\\include\\P1M\\NxtrMcuSuprtLib.h" comment="">
      <function name="NxtrSwRstFromExcpn" comment="" line="1250" main_generator_called="MAIN_GENERATOR" attributes="static">
         <scalar name="arg1" comment="" line="1250" base_type="uint32" attributes="static" complete_type="uint32" init_mode="MAIN_GENERATOR" init_modes_allowed="10" init_range="min..max" global_assert="unsupported" assert_range="unsupported"/>
         <scalar name="arg2" comment="" line="1250" base_type="uint32" attributes="static" complete_type="uint32" init_mode="MAIN_GENERATOR" init_modes_allowed="10" init_range="min..max" global_assert="unsupported" assert_range="unsupported"/>
      </function>
      <function name="WrProtdRegEcm_u32" comment="" line="1106" main_generator_called="MAIN_GENERATOR" attributes="static">
         <scalar name="arg1" comment="" line="1106" base_type="uint32" attributes="static" complete_type="uint32" init_mode="MAIN_GENERATOR" init_modes_allowed="10" init_range="min..max" global_assert="unsupported" assert_range="unsupported"/>
         <pointer name="arg2" comment="" line="1106" attributes="static" complete_type="volatile uint32 *" init_mode="MAIN_GENERATOR" init_modes_allowed="10" initialize_pointer="May-be NULL" number_allocated="max" init_pointed="unsupported">
            <scalar comment="" line="1106" base_type="uint32" attributes="volatile static" complete_type="uint32" init_mode="unsupported" init_range="unsupported" global_assert="unsupported" assert_range="unsupported"/>
         </pointer>
      </function>
   </file>
   <file name="C:\\ExcpnHndlg\\AR202A_MicroCtrlrSuprt_Impl\\include\\P1M\\R7F701311\\dma_regs.h" comment="">
      <struct name="DMASS" comment="" line="2713" attributes="volatile extern">
         <struct name="DMACER" comment="" line="2713" attributes="volatile extern const">
            <scalar name="UINT32" comment="" line="2713" base_type="uint32" attributes="volatile extern const" complete_type="uint32" init_mode="PERMANENT" init_modes_allowed="4" init_range="min..max" global_assert="disabled" assert_range="disabled"/>
         </struct>
      </struct>
   </file>
   <file name="C:\\ExcpnHndlg\\AR202A_MicroCtrlrSuprt_Impl\\include\\P1M\\R7F701311\\ecc_regs.h" comment="">
      <struct name="ECCCPU1" comment="" line="641" attributes="volatile extern">
         <struct name="LR1STEADR0_PE1" comment="" line="641" attributes="volatile extern const">
            <scalar name="UINT32" comment="" line="641" base_type="uint32" attributes="volatile extern const" complete_type="uint32" init_mode="PERMANENT" init_modes_allowed="4" init_range="min..max" global_assert="disabled" assert_range="disabled"/>
         </struct>
         <struct name="LR1STEADR1_PE1" comment="" line="641" attributes="volatile extern const">
            <scalar name="UINT32" comment="" line="641" base_type="uint32" attributes="volatile extern const" complete_type="uint32" init_mode="PERMANENT" init_modes_allowed="4" init_range="min..max" global_assert="disabled" assert_range="disabled"/>
         </struct>
         <struct name="LR1STEADR2_PE1" comment="" line="641" attributes="volatile extern const">
            <scalar name="UINT32" comment="" line="641" base_type="uint32" attributes="volatile extern const" complete_type="uint32" init_mode="PERMANENT" init_modes_allowed="4" init_range="min..max" global_assert="disabled" assert_range="disabled"/>
         </struct>
         <struct name="LR1STEADR3_PE1" comment="" line="641" attributes="volatile extern const">
            <scalar name="UINT32" comment="" line="641" base_type="uint32" attributes="volatile extern const" complete_type="uint32" init_mode="PERMANENT" init_modes_allowed="4" init_range="min..max" global_assert="disabled" assert_range="disabled"/>
         </struct>
         <struct name="LR1STERSTR_PE1" comment="" line="641" attributes="volatile extern const">
            <struct name="BIT" comment="" line="641" attributes="volatile extern const">
               <scalar name="DEDF0" comment="" line="641" base_type="uint1" attributes="volatile extern const" complete_type="uint1" init_mode="PERMANENT" init_modes_allowed="4" init_range="min..max" global_assert="disabled" assert_range="disabled"/>
               <scalar name="DEDF1" comment="" line="641" base_type="uint1" attributes="volatile extern const" complete_type="uint1" init_mode="PERMANENT" init_modes_allowed="4" init_range="min..max" global_assert="disabled" assert_range="disabled"/>
               <scalar name="DEDF2" comment="" line="641" base_type="uint1" attributes="volatile extern const" complete_type="uint1" init_mode="PERMANENT" init_modes_allowed="4" init_range="min..max" global_assert="disabled" assert_range="disabled"/>
            </struct>
         </struct>
      </struct>
      <struct name="ECCCSIH0" comment="" line="642" attributes="volatile extern">
         <struct name="CTL" comment="" line="642" attributes="volatile extern">
            <struct name="BIT" comment="" line="642" attributes="volatile extern">
               <scalar name="ECDEDF0" comment="" line="642" base_type="uint1" attributes="volatile extern const" complete_type="uint1" init_mode="PERMANENT" init_modes_allowed="4" init_range="min..max" global_assert="disabled" assert_range="disabled"/>
            </struct>
         </struct>
         <struct name="EAD0" comment="" line="642" attributes="volatile extern const">
            <scalar name="UINT32" comment="" line="642" base_type="uint32" attributes="volatile extern const" complete_type="uint32" init_mode="PERMANENT" init_modes_allowed="4" init_range="min..max" global_assert="disabled" assert_range="disabled"/>
         </struct>
      </struct>
      <struct name="ECCCSIH1" comment="" line="643" attributes="volatile extern">
         <struct name="CTL" comment="" line="643" attributes="volatile extern">
            <struct name="BIT" comment="" line="643" attributes="volatile extern">
               <scalar name="ECDEDF0" comment="" line="643" base_type="uint1" attributes="volatile extern const" complete_type="uint1" init_mode="PERMANENT" init_modes_allowed="4" init_range="min..max" global_assert="disabled" assert_range="disabled"/>
            </struct>
         </struct>
         <struct name="EAD0" comment="" line="643" attributes="volatile extern const">
            <scalar name="UINT32" comment="" line="643" base_type="uint32" attributes="volatile extern const" complete_type="uint32" init_mode="PERMANENT" init_modes_allowed="4" init_range="min..max" global_assert="disabled" assert_range="disabled"/>
         </struct>
      </struct>
      <struct name="ECCCSIH2" comment="" line="644" attributes="volatile extern">
         <struct name="CTL" comment="" line="644" attributes="volatile extern">
            <struct name="BIT" comment="" line="644" attributes="volatile extern">
               <scalar name="ECDEDF0" comment="" line="644" base_type="uint1" attributes="volatile extern const" complete_type="uint1" init_mode="PERMANENT" init_modes_allowed="4" init_range="min..max" global_assert="disabled" assert_range="disabled"/>
            </struct>
         </struct>
         <struct name="EAD0" comment="" line="644" attributes="volatile extern const">
            <scalar name="UINT32" comment="" line="644" base_type="uint32" attributes="volatile extern const" complete_type="uint32" init_mode="PERMANENT" init_modes_allowed="4" init_range="min..max" global_assert="disabled" assert_range="disabled"/>
         </struct>
      </struct>
      <struct name="ECCCSIH3" comment="" line="645" attributes="volatile extern">
         <struct name="CTL" comment="" line="645" attributes="volatile extern">
            <struct name="BIT" comment="" line="645" attributes="volatile extern">
               <scalar name="ECDEDF0" comment="" line="645" base_type="uint1" attributes="volatile extern const" complete_type="uint1" init_mode="PERMANENT" init_modes_allowed="4" init_range="min..max" global_assert="disabled" assert_range="disabled"/>
            </struct>
         </struct>
         <struct name="EAD0" comment="" line="645" attributes="volatile extern const">
            <scalar name="UINT32" comment="" line="645" base_type="uint32" attributes="volatile extern const" complete_type="uint32" init_mode="PERMANENT" init_modes_allowed="4" init_range="min..max" global_assert="disabled" assert_range="disabled"/>
         </struct>
      </struct>
      <struct name="ECCFLI" comment="" line="639" attributes="volatile extern">
         <struct name="CF1STEADR0_PE1" comment="" line="639" attributes="volatile extern const">
            <scalar name="UINT32" comment="" line="639" base_type="uint32" attributes="volatile extern const" complete_type="uint32" init_mode="PERMANENT" init_modes_allowed="4" init_range="min..max" global_assert="disabled" assert_range="disabled"/>
         </struct>
         <struct name="CF1STERSTR_PE1" comment="" line="639" attributes="volatile extern const">
            <scalar name="UINT32" comment="" line="639" base_type="uint32" attributes="volatile extern const" complete_type="uint32" init_mode="PERMANENT" init_modes_allowed="4" init_range="min..max" global_assert="disabled" assert_range="disabled"/>
         </struct>
      </struct>
   </file>
   <file name="C:\\ExcpnHndlg\\AR202A_MicroCtrlrSuprt_Impl\\include\\P1M\\R7F701311\\ecm_regs.h" comment="">
      <struct name="ECM" comment="" line="687" attributes="volatile extern">
         <struct name="ESSTC0" comment="" line="687" attributes="volatile extern">
            <scalar name="UINT32" comment="" line="687" base_type="uint32" attributes="volatile extern" complete_type="uint32" init_mode="PERMANENT" init_modes_allowed="4" init_range="min..max" global_assert="disabled" assert_range="disabled"/>
         </struct>
         <struct name="ESSTC1" comment="" line="687" attributes="volatile extern">
            <scalar name="UINT32" comment="" line="687" base_type="uint32" attributes="volatile extern" complete_type="uint32" init_mode="PERMANENT" init_modes_allowed="4" init_range="min..max" global_assert="disabled" assert_range="disabled"/>
         </struct>
         <struct name="PCMD1" comment="" line="687" attributes="volatile extern">
            <scalar name="UINT32" comment="" line="687" base_type="uint32" attributes="volatile extern" complete_type="uint32" init_mode="PERMANENT" init_modes_allowed="4" init_range="min..max" global_assert="disabled" assert_range="disabled"/>
         </struct>
         <struct name="PS" comment="" line="687" attributes="volatile extern const">
            <scalar name="UINT8" comment="" line="687" base_type="uint8" attributes="volatile extern const" complete_type="uint8" init_mode="PERMANENT" init_modes_allowed="4" init_range="min..max" global_assert="disabled" assert_range="disabled"/>
         </struct>
      </struct>
      <struct name="ECMC" comment="" line="686" attributes="volatile extern">
         <struct name="ESSTR0" comment="" line="686" attributes="volatile extern const">
            <struct name="BIT" comment="" line="686" attributes="volatile extern const">
               <scalar name="SSE001" comment="" line="686" base_type="uint1" attributes="volatile extern const" complete_type="uint1" init_mode="PERMANENT" init_modes_allowed="4" init_range="min..max" global_assert="disabled" assert_range="disabled"/>
            </struct>
         </struct>
      </struct>
      <struct name="ECMM" comment="" line="685" attributes="volatile extern">
         <struct name="ESSTR0" comment="" line="685" attributes="volatile extern const">
            <struct name="BIT" comment="" line="685" attributes="volatile extern const">
               <scalar name="SSE001" comment="" line="685" base_type="uint1" attributes="volatile extern const" complete_type="uint1" init_mode="PERMANENT" init_modes_allowed="4" init_range="min..max" global_assert="disabled" assert_range="disabled"/>
            </struct>
         </struct>
      </struct>
   </file>
   <file name="C:\\ExcpnHndlg\\AR202A_MicroCtrlrSuprt_Impl\\include\\P1M\\R7F701311\\ram_regs.h" comment="">
      <struct name="BRAM" comment="" line="72" attributes="volatile extern">
         <struct name="DAT0" comment="" line="72" attributes="volatile extern">
            <scalar name="UINT32" comment="" line="72" base_type="uint32" attributes="volatile extern" complete_type="uint32" init_mode="PERMANENT" init_modes_allowed="4" init_range="min..max" global_assert="disabled" assert_range="disabled"/>
         </struct>
         <struct name="DAT1" comment="" line="72" attributes="volatile extern">
            <scalar name="UINT32" comment="" line="72" base_type="uint32" attributes="volatile extern" complete_type="uint32" init_mode="PERMANENT" init_modes_allowed="4" init_range="min..max" global_assert="disabled" assert_range="disabled"/>
         </struct>
      </struct>
   </file>
   <file name="C:\\ExcpnHndlg\\AR202A_MicroCtrlrSuprt_Impl\\include\\P1M\\R7F701311\\seg_regs.h" comment="">
      <struct name="SEG" comment="" line="77" attributes="volatile extern">
         <struct name="FLAG" comment="" line="77" attributes="volatile extern">
            <scalar name="UINT16" comment="" line="77" base_type="uint16" attributes="volatile extern" complete_type="uint16" init_mode="PERMANENT" init_modes_allowed="4" init_range="min..max" global_assert="disabled" assert_range="disabled"/>
         </struct>
      </struct>
   </file>
   <file name="C:\\ExcpnHndlg\\AR202A_MicroCtrlrSuprt_Impl\\include\\P1M\\R7F701311\\sys_regs.h" comment="">
      <struct name="SYS" comment="" line="791" attributes="volatile extern">
         <struct name="BSEQ0ST" comment="" line="791" attributes="volatile extern const">
            <struct name="BIT" comment="" line="791" attributes="volatile extern const">
               <scalar name="DEBUGMODE" comment="" line="791" base_type="uint1" attributes="volatile extern const" complete_type="uint1" init_mode="PERMANENT" init_modes_allowed="4" init_range="min..max" global_assert="disabled" assert_range="disabled"/>
            </struct>
         </struct>
         <struct name="BSEQ0STB" comment="" line="791" attributes="volatile extern const">
            <struct name="BIT" comment="" line="791" attributes="volatile extern const">
               <scalar name="DEBUGMODEB" comment="" line="791" base_type="uint1" attributes="volatile extern const" complete_type="uint1" init_mode="PERMANENT" init_modes_allowed="4" init_range="min..max" global_assert="disabled" assert_range="disabled"/>
            </struct>
         </struct>
         <struct name="RESFC" comment="" line="791" attributes="volatile extern">
            <scalar name="UINT32" comment="" line="791" base_type="uint32" attributes="volatile extern" complete_type="uint32" init_mode="PERMANENT" init_modes_allowed="4" init_range="min..max" global_assert="disabled" assert_range="disabled"/>
         </struct>
      </struct>
   </file>
   <file name="C:\\ExcpnHndlg\\CM101A_ExcpnHndlg_Impl\\src\\CDD_ExcpnHndlg.c" comment="">
      <function name="ExcpnHndlgInit2" comment="" line="756" main_generator_called="MAIN_GENERATOR" attributes="unused"/>
      <scalar name="ExcpnHndlgOsErrCod_C" comment="" line="191" base_type="uint16" complete_type="uint16" init_mode="MAIN_GENERATOR" init_modes_allowed="15" init_range="min..max" global_assert="NO" assert_range=""/>
      <function name="ExcpnHndlgPer1" comment="" line="866" main_generator_called="MAIN_GENERATOR" attributes="unused"/>
      <function name="ProcEcmRst" comment="" line="900" main_generator_called="MAIN_GENERATOR" attributes="static"/>
      <function name="ProcPinRst" comment="" line="1133" main_generator_called="MAIN_GENERATOR" attributes="static"/>
      <function name="ProcStrtUpOrSwRst" comment="" line="923" main_generator_called="MAIN_GENERATOR" attributes="static"/>
   </file>
   <file name="C:\\ExcpnHndlg\\CM101A_ExcpnHndlg_Impl\\src\\CDD_ExcpnHndlgIrq.c" comment="">
      <function name="AlgnErrIrq" comment="" line="220" main_generator_called="MAIN_GENERATOR" attributes="unused"/>
      <function name="FpuErrIrq" comment="" line="179" main_generator_called="MAIN_GENERATOR" attributes="unused"/>
      <function name="ResdOperIrq" comment="" line="253" main_generator_called="MAIN_GENERATOR" attributes="unused"/>
      <function name="SysErrIrq" comment="" line="91" main_generator_called="MAIN_GENERATOR" attributes="unused"/>
   </file>
   <file name="C:\\ExcpnHndlg\\CM101A_ExcpnHndlg_Impl\\src\\CDD_ExcpnHndlgNonRte.c" comment="">
      <function name="ExcpnHndlgInit1" comment="" line="50" main_generator_called="MAIN_GENERATOR" attributes="unused"/>
      <function name="FeNmiDmaRegAcsProtnErr" comment="" line="126" main_generator_called="MAIN_GENERATOR" attributes="unused"/>
      <function name="FeNmiDmaTrf" comment="" line="114" main_generator_called="MAIN_GENERATOR" attributes="unused"/>
      <function name="FeNmiDtsDblBit" comment="" line="204" main_generator_called="MAIN_GENERATOR" attributes="unused"/>
      <function name="FeNmiEcmMstChkrCmp" comment="" line="138" main_generator_called="MAIN_GENERATOR" attributes="unused"/>
      <function name="FeNmiPeg" comment="" line="64" main_generator_called="MAIN_GENERATOR" attributes="unused"/>
      <function name="FeNmiSpiDblBit" comment="" line="77" main_generator_called="MAIN_GENERATOR" attributes="unused"/>
      <function name="FeNmiWdg" comment="" line="150" main_generator_called="MAIN_GENERATOR" attributes="unused"/>
      <function name="GetMcuDiagcIdnData" comment="" line="247" main_generator_called="MAIN_GENERATOR" attributes="unused">
         <pointer name="arg1" comment="" line="247" complete_type="uint32 *" init_mode="MAIN_GENERATOR" init_modes_allowed="10" initialize_pointer="May-be NULL" number_allocated="max" init_pointed="MAIN_GENERATOR">
            <scalar comment="" line="247" base_type="uint32" complete_type="uint32" init_mode="MAIN_GENERATOR" init_modes_allowed="10" init_range="min..max" global_assert="unsupported" assert_range="unsupported"/>
         </pointer>
      </function>
      <function name="ProcMpuExcpnErr" comment="" line="273" main_generator_called="MAIN_GENERATOR" attributes="unused">
         <scalar name="arg1" comment="" line="273" base_type="uint32" complete_type="uint32" init_mode="MAIN_GENERATOR" init_modes_allowed="10" init_range="min..max" global_assert="unsupported" assert_range="unsupported"/>
      </function>
      <function name="ProcNonCritOsErr" comment="" line="312" main_generator_called="MAIN_GENERATOR" attributes="unused">
         <scalar name="arg1" comment="" line="312" base_type="uint32" complete_type="uint32" init_mode="MAIN_GENERATOR" init_modes_allowed="10" init_range="min..max" global_assert="unsupported" assert_range="unsupported"/>
      </function>
      <function name="ProcPrmntOsErr" comment="" line="299" main_generator_called="MAIN_GENERATOR" attributes="unused">
         <scalar name="arg1" comment="" line="299" base_type="uint32" complete_type="uint32" init_mode="MAIN_GENERATOR" init_modes_allowed="10" init_range="min..max" global_assert="unsupported" assert_range="unsupported"/>
      </function>
      <function name="ProcPrvlgdInstrExcpnErr" comment="" line="286" main_generator_called="MAIN_GENERATOR" attributes="unused">
         <scalar name="arg1" comment="" line="286" base_type="uint32" complete_type="uint32" init_mode="MAIN_GENERATOR" init_modes_allowed="10" init_range="min..max" global_assert="unsupported" assert_range="unsupported"/>
      </function>
      <function name="ProcUkwnExcpnErr" comment="" line="260" main_generator_called="MAIN_GENERATOR" attributes="unused">
         <scalar name="arg1" comment="" line="260" base_type="uint32" complete_type="uint32" init_mode="MAIN_GENERATOR" init_modes_allowed="10" init_range="min..max" global_assert="unsupported" assert_range="unsupported"/>
      </function>
      <function name="SetMcuDiagcIdnData" comment="" line="222" main_generator_called="MAIN_GENERATOR">
         <scalar name="arg1" comment="" line="222" base_type="uint32" complete_type="uint32" init_mode="MAIN_GENERATOR" init_modes_allowed="10" init_range="min..max" global_assert="unsupported" assert_range="unsupported"/>
         <scalar name="arg2" comment="" line="222" base_type="uint32" complete_type="uint32" init_mode="MAIN_GENERATOR" init_modes_allowed="10" init_range="min..max" global_assert="unsupported" assert_range="unsupported"/>
      </function>
   </file>
   <file name="C:\\ExcpnHndlg\\CM101A_ExcpnHndlg_Impl\\tools\\contract\\Rte_CDD_ExcpnHndlg.h" comment="">
      <function name="Rte_Call_CDD_ExcpnHndlg_SetNtcSts_Oper" comment="" line="71" main_generator_called="disabled" attributes="extern">
         <scalar name="arg1" comment="" line="71" base_type="uint16" complete_type="uint16" init_mode="disabled" init_range="disabled" global_assert="unsupported" assert_range="unsupported"/>
         <scalar name="arg2" comment="" line="71" base_type="uint8" complete_type="uint8" init_mode="disabled" init_range="disabled" global_assert="unsupported" assert_range="unsupported"/>
         <scalar name="arg3" comment="" line="71" base_type="uint8" complete_type="uint8" init_mode="disabled" init_range="disabled" global_assert="unsupported" assert_range="unsupported"/>
         <scalar name="arg4" comment="" line="71" base_type="uint16" complete_type="uint16" init_mode="disabled" init_range="disabled" global_assert="unsupported" assert_range="unsupported"/>
         <scalar name="return" comment="" line="71" base_type="uint8" complete_type="uint8" init_mode="PERMANENT" init_modes_allowed="4" init_range="min..max" global_assert="unsupported" assert_range="unsupported"/>
      </function>
   </file>
   <file name="C:\\ExcpnHndlg\\CM101A_ExcpnHndlg_Impl\\tools\\contract\\WdgM_PBcfg.h" comment="">
      <struct name="WdgMConfig_Mode0" comment="" line="7" attributes="extern const">
         <scalar name="NrOfSupervisedEntities" comment="" line="7" base_type="uint8" attributes="extern const" complete_type="uint8" init_mode="INIT" init_modes_allowed="6" init_range="min..max" global_assert="NO" assert_range=""/>
         <pointer name="WdgMSupervisedEntityRef" comment="" line="7" attributes="extern const" complete_type="const struct  *" init_mode="INIT" init_modes_allowed="2" initialize_pointer="May-be NULL" number_allocated="max" init_pointed="MULTI">
            <struct comment="" line="7" attributes="extern const">
               <pointer name="EntityStatusGRef" comment="" line="7" attributes="extern const" complete_type="struct  *" init_mode="INIT" init_modes_allowed="2" initialize_pointer="May-be NULL" number_allocated="max" init_pointed="MULTI">
                  <struct comment="" line="7" attributes="extern">
                     <scalar name="DeadlineViolationCnt" comment="" line="7" base_type="uint16" attributes="extern" complete_type="uint16" init_mode="INIT" init_modes_allowed="2" init_range="min..max" global_assert="unsupported" assert_range="unsupported"/>
                     <scalar name="FailedSupervisionRefCycles" comment="" line="7" base_type="uint16" attributes="extern" complete_type="uint16" init_mode="INIT" init_modes_allowed="2" init_range="min..max" global_assert="unsupported" assert_range="unsupported"/>
                     <scalar name="ProgramFlowViolationCnt" comment="" line="7" base_type="uint16" attributes="extern" complete_type="uint16" init_mode="INIT" init_modes_allowed="2" init_range="min..max" global_assert="unsupported" assert_range="unsupported"/>
                  </struct>
               </pointer>
            </struct>
         </pointer>
      </struct>
   </file>
   <file name="C:\\ExcpnHndlg\\TL103A_CplrSuprt\\include\\2015.1.5\\v800\\v800_ghs.h" comment="">
      <function name="__LDSR" comment="" line="111" main_generator_called="disabled" attributes="extern">
         <scalar name="arg1" comment="" line="111" base_type="int32" complete_type="int32" init_mode="disabled" init_range="disabled" global_assert="unsupported" assert_range="unsupported"/>
         <scalar name="arg2" comment="" line="111" base_type="int32" complete_type="int32" init_mode="disabled" init_range="disabled" global_assert="unsupported" assert_range="unsupported"/>
         <scalar name="arg3" comment="" line="111" base_type="uint32" complete_type="uint32" init_mode="disabled" init_range="disabled" global_assert="unsupported" assert_range="unsupported"/>
      </function>
      <function name="__STSR" comment="" line="112" main_generator_called="disabled" attributes="extern">
         <scalar name="arg1" comment="" line="112" base_type="int32" complete_type="int32" init_mode="disabled" init_range="disabled" global_assert="unsupported" assert_range="unsupported"/>
         <scalar name="arg2" comment="" line="112" base_type="int32" complete_type="int32" init_mode="disabled" init_range="disabled" global_assert="unsupported" assert_range="unsupported"/>
         <scalar name="return" comment="" line="112" base_type="uint32" complete_type="uint32" init_mode="PERMANENT" init_modes_allowed="4" init_range="min..max" global_assert="unsupported" assert_range="unsupported"/>
      </function>
   </file>
</global>
