<?xml version="1.0" encoding="UTF-8"?>
<!--EDRS Version 1.0-->
<global>
   <file name="C:\\component\\ES312A_GateDrv1Ctrl_Impl\\src\\GateDrv1Ctrl.c" comment="">
      <function name="CfgSt" comment="" line="1189" main_generator_called="MAIN_GENERATOR" attributes="static"/>
      <function name="GateDrv1CtrlInit1" comment="" line="744" main_generator_called="MAIN_GENERATOR" attributes="unused"/>
      <function name="GateDrv1CtrlPer1" comment="" line="797" main_generator_called="MAIN_GENERATOR" attributes="unused"/>
      <function name="GateDrv1CtrlPer2" comment="" line="906" main_generator_called="MAIN_GENERATOR" attributes="unused"/>
      <function name="GateDrvDetermineGenericFlt" comment="" line="1584" main_generator_called="MAIN_GENERATOR" attributes="static">
         <scalar name="return" comment="" line="1584" base_type="uint8" attributes="static" complete_type="uint8" init_mode="disabled" init_range="disabled" global_assert="unsupported" assert_range="unsupported"/>
      </function>
      <function name="GateDrvDetermineOnStSngFETFlt" comment="" line="1469" main_generator_called="MAIN_GENERATOR" attributes="static">
         <scalar name="return" comment="" line="1469" base_type="uint8" attributes="static" complete_type="uint8" init_mode="disabled" init_range="disabled" global_assert="unsupported" assert_range="unsupported"/>
      </function>
      <function name="GateDrvDetermineVltgFlt" comment="" line="1513" main_generator_called="MAIN_GENERATOR" attributes="static">
         <scalar name="return" comment="" line="1513" base_type="uint8" attributes="static" complete_type="uint8" init_mode="disabled" init_range="disabled" global_assert="unsupported" assert_range="unsupported"/>
      </function>
      <function name="OffStVrfyData" comment="" line="1108" main_generator_called="MAIN_GENERATOR" attributes="static">
         <scalar name="return" comment="" line="1108" base_type="uint8" attributes="static" complete_type="uint8" init_mode="disabled" init_range="disabled" global_assert="unsupported" assert_range="unsupported"/>
      </function>
      <function name="OffStVrfySt" comment="" line="1026" main_generator_called="MAIN_GENERATOR" attributes="static"/>
      <function name="OperFltMonrSt" comment="" line="1391" main_generator_called="MAIN_GENERATOR" attributes="static"/>
      <function name="ReadBackRegs" comment="" line="1272" main_generator_called="MAIN_GENERATOR" attributes="static"/>
      <function name="SpiAsyncTx" comment="" line="1003" main_generator_called="MAIN_GENERATOR" attributes="static">
         <scalar name="arg1" comment="" line="1003" base_type="uint8" attributes="static" complete_type="uint8" init_mode="MAIN_GENERATOR" init_modes_allowed="10" init_range="min..max" global_assert="unsupported" assert_range="unsupported"/>
         <scalar name="arg2" comment="" line="1003" base_type="uint16" attributes="static" complete_type="uint16" init_mode="MAIN_GENERATOR" init_modes_allowed="10" init_range="min..max" global_assert="unsupported" assert_range="unsupported"/>
         <scalar name="arg3" comment="" line="1003" base_type="uint8" attributes="static" complete_type="uint8" init_mode="MAIN_GENERATOR" init_modes_allowed="10" init_range="min..max" global_assert="unsupported" assert_range="unsupported"/>
      </function>
   </file>
   <file name="C:\\component\\ES312A_GateDrv1Ctrl_Impl\\tools\\contract\\ElecGlbPrm.h" comment="">
      <array name="ELECGLBPRM_GATEDRVOFFSTCHKDATA_CNT_U16" comment="" line="21" complete_type="const uint16 ([20])[8]" attributes="extern">
         <array comment="" line="21" complete_type="const uint16 [8]" attributes="extern">
            <scalar comment="" line="21" base_type="uint16" attributes="extern const" complete_type="uint16" init_mode="INIT" init_modes_allowed="6" init_range="min..max" global_assert="NO" assert_range=""/>
         </array>
      </array>
   </file>
   <file name="C:\\component\\ES312A_GateDrv1Ctrl_Impl\\tools\\contract\\Os.h" comment="">
      <function name="Call_Spi_AsyncTransmit" comment="" line="11" main_generator_called="disabled" attributes="extern">
         <scalar name="arg1" comment="" line="11" base_type="uint8" complete_type="uint8" init_mode="disabled" init_range="disabled" global_assert="unsupported" assert_range="unsupported"/>
         <scalar name="return" comment="" line="11" base_type="uint8" complete_type="uint8" init_mode="PERMANENT" init_modes_allowed="4" init_range="min..max" global_assert="unsupported" assert_range="unsupported"/>
      </function>
   </file>
   <file name="C:\\component\\ES312A_GateDrv1Ctrl_Impl\\tools\\contract\\Rte_GateDrv1Ctrl.h" comment="">
      <function name="Rte_Call_GateDrv1Ctrl_IoHwAb_GetGpioMotDrvr1Diag_Oper" comment="" line="107" main_generator_called="disabled" attributes="extern">
         <pointer name="arg1" comment="" line="107" complete_type="uint8 *" init_mode="disabled" initialize_pointer="disabled" number_allocated="disabled" init_pointed="MULTI">
            <scalar comment="" line="107" base_type="uint8" complete_type="uint8" init_mode="PERMANENT" init_modes_allowed="4" init_range="min..max" global_assert="unsupported" assert_range="unsupported"/>
         </pointer>
         <scalar name="return" comment="" line="107" base_type="uint8" complete_type="uint8" init_mode="PERMANENT" init_modes_allowed="4" init_range="min..max" global_assert="unsupported" assert_range="unsupported"/>
      </function>
      <function name="Rte_Call_GateDrv1Ctrl_IoHwAb_SetGpioGateDrv1Rst_Oper" comment="" line="108" main_generator_called="disabled" attributes="extern">
         <scalar name="arg1" comment="" line="108" base_type="uint8" complete_type="uint8" init_mode="disabled" init_range="disabled" global_assert="unsupported" assert_range="unsupported"/>
         <scalar name="return" comment="" line="108" base_type="uint8" complete_type="uint8" init_mode="PERMANENT" init_modes_allowed="4" init_range="min..max" global_assert="unsupported" assert_range="unsupported"/>
      </function>
      <function name="Rte_Call_GateDrv1Ctrl_SetNtcSts_Oper" comment="" line="110" main_generator_called="disabled" attributes="extern">
         <scalar name="arg1" comment="" line="110" base_type="uint16" complete_type="uint16" init_mode="disabled" init_range="disabled" global_assert="unsupported" assert_range="unsupported"/>
         <scalar name="arg2" comment="" line="110" base_type="uint8" complete_type="uint8" init_mode="disabled" init_range="disabled" global_assert="unsupported" assert_range="unsupported"/>
         <scalar name="arg3" comment="" line="110" base_type="uint8" complete_type="uint8" init_mode="disabled" init_range="disabled" global_assert="unsupported" assert_range="unsupported"/>
         <scalar name="arg4" comment="" line="110" base_type="uint16" complete_type="uint16" init_mode="disabled" init_range="disabled" global_assert="unsupported" assert_range="unsupported"/>
         <scalar name="return" comment="" line="110" base_type="uint8" complete_type="uint8" init_mode="PERMANENT" init_modes_allowed="4" init_range="min..max" global_assert="unsupported" assert_range="unsupported"/>
      </function>
      <pointer name="Rte_Inst_GateDrv1Ctrl" comment="" line="79" attributes="extern const" complete_type="const struct Rte_CDS_GateDrv1Ctrl *" init_mode="INIT" init_modes_allowed="2" initialize_pointer="May-be NULL" number_allocated="max" init_pointed="MULTI">
         <struct comment="" line="79" complete_type="struct Rte_CDS_GateDrv1Ctrl" attributes="extern const">
            <pointer name="Pim_GateDrv1CfgCnt" comment="" line="79" attributes="extern const" complete_type="uint8 *" init_mode="INIT" init_modes_allowed="2" initialize_pointer="May-be NULL" number_allocated="max" init_pointed="MULTI">
               <scalar comment="" line="79" base_type="uint8" attributes="extern" complete_type="uint8" init_mode="INIT" init_modes_allowed="2" init_range="min..max" global_assert="unsupported" assert_range="unsupported"/>
            </pointer>
            <pointer name="Pim_GateDrv1CfgSecAtmpt" comment="" line="79" attributes="extern const" complete_type="uint8 *" init_mode="INIT" init_modes_allowed="2" initialize_pointer="May-be NULL" number_allocated="max" init_pointed="MULTI">
               <scalar comment="" line="79" base_type="uint8" attributes="extern" complete_type="uint8" init_mode="INIT" init_modes_allowed="2" init_range="min..max" global_assert="unsupported" assert_range="unsupported"/>
            </pointer>
            <pointer name="Pim_GateDrv1Diag0Val" comment="" line="79" attributes="extern const" complete_type="uint16 *" init_mode="INIT" init_modes_allowed="2" initialize_pointer="May-be NULL" number_allocated="max" init_pointed="MULTI">
               <scalar comment="" line="79" base_type="uint16" attributes="extern" complete_type="uint16" init_mode="INIT" init_modes_allowed="2" init_range="min..max" global_assert="unsupported" assert_range="unsupported"/>
            </pointer>
            <pointer name="Pim_GateDrv1Diag1Val" comment="" line="79" attributes="extern const" complete_type="uint16 *" init_mode="INIT" init_modes_allowed="2" initialize_pointer="May-be NULL" number_allocated="max" init_pointed="MULTI">
               <scalar comment="" line="79" base_type="uint16" attributes="extern" complete_type="uint16" init_mode="INIT" init_modes_allowed="2" init_range="min..max" global_assert="unsupported" assert_range="unsupported"/>
            </pointer>
            <pointer name="Pim_GateDrv1Diag2Val" comment="" line="79" attributes="extern const" complete_type="uint16 *" init_mode="INIT" init_modes_allowed="2" initialize_pointer="May-be NULL" number_allocated="max" init_pointed="MULTI">
               <scalar comment="" line="79" base_type="uint16" attributes="extern" complete_type="uint16" init_mode="INIT" init_modes_allowed="2" init_range="min..max" global_assert="unsupported" assert_range="unsupported"/>
            </pointer>
            <pointer name="Pim_GateDrv1OffStChkIdx" comment="" line="79" attributes="extern const" complete_type="uint8 *" init_mode="INIT" init_modes_allowed="2" initialize_pointer="May-be NULL" number_allocated="max" init_pointed="MULTI">
               <scalar comment="" line="79" base_type="uint8" attributes="extern" complete_type="uint8" init_mode="INIT" init_modes_allowed="2" init_range="min..max" global_assert="unsupported" assert_range="unsupported"/>
            </pointer>
            <pointer name="Pim_GateDrv1OffStChkSecAtmpt" comment="" line="79" attributes="extern const" complete_type="uint8 *" init_mode="INIT" init_modes_allowed="2" initialize_pointer="May-be NULL" number_allocated="max" init_pointed="MULTI">
               <scalar comment="" line="79" base_type="uint8" attributes="extern" complete_type="uint8" init_mode="INIT" init_modes_allowed="2" init_range="min..max" global_assert="unsupported" assert_range="unsupported"/>
            </pointer>
            <pointer name="Pim_GateDrv1OffStCnt" comment="" line="79" attributes="extern const" complete_type="uint8 *" init_mode="INIT" init_modes_allowed="2" initialize_pointer="May-be NULL" number_allocated="max" init_pointed="MULTI">
               <scalar comment="" line="79" base_type="uint8" attributes="extern" complete_type="uint8" init_mode="INIT" init_modes_allowed="2" init_range="min..max" global_assert="unsupported" assert_range="unsupported"/>
            </pointer>
            <pointer name="Pim_GateDrv1St" comment="" line="79" attributes="extern const" complete_type="uint8 *" init_mode="INIT" init_modes_allowed="2" initialize_pointer="May-be NULL" number_allocated="max" init_pointed="MULTI">
               <scalar comment="" line="79" base_type="uint8" attributes="extern" complete_type="uint8" init_mode="INIT" init_modes_allowed="2" init_range="min..max" global_assert="unsupported" assert_range="unsupported"/>
            </pointer>
            <pointer name="Pim_GateDrv1StsVal" comment="" line="79" attributes="extern const" complete_type="uint16 *" init_mode="INIT" init_modes_allowed="2" initialize_pointer="May-be NULL" number_allocated="max" init_pointed="MULTI">
               <scalar comment="" line="79" base_type="uint16" attributes="extern" complete_type="uint16" init_mode="INIT" init_modes_allowed="2" init_range="min..max" global_assert="unsupported" assert_range="unsupported"/>
            </pointer>
            <pointer name="Pim_GateDrv1VrfyRes0Val" comment="" line="79" attributes="extern const" complete_type="uint16 *" init_mode="INIT" init_modes_allowed="2" initialize_pointer="May-be NULL" number_allocated="max" init_pointed="MULTI">
               <scalar comment="" line="79" base_type="uint16" attributes="extern" complete_type="uint16" init_mode="INIT" init_modes_allowed="2" init_range="min..max" global_assert="unsupported" assert_range="unsupported"/>
            </pointer>
            <pointer name="Pim_GateDrv1VrfyRes1Val" comment="" line="79" attributes="extern const" complete_type="uint16 *" init_mode="INIT" init_modes_allowed="2" initialize_pointer="May-be NULL" number_allocated="max" init_pointed="MULTI">
               <scalar comment="" line="79" base_type="uint16" attributes="extern" complete_type="uint16" init_mode="INIT" init_modes_allowed="2" init_range="min..max" global_assert="unsupported" assert_range="unsupported"/>
            </pointer>
            <pointer name="Pim_Ivtr1BootstrpSplyFltPrmVal" comment="" line="79" attributes="extern const" complete_type="uint8 *" init_mode="INIT" init_modes_allowed="2" initialize_pointer="May-be NULL" number_allocated="max" init_pointed="MULTI">
               <scalar comment="" line="79" base_type="uint8" attributes="extern" complete_type="uint8" init_mode="INIT" init_modes_allowed="2" init_range="min..max" global_assert="unsupported" assert_range="unsupported"/>
            </pointer>
            <pointer name="Pim_Ivtr1GenericFltPrmVal" comment="" line="79" attributes="extern const" complete_type="uint8 *" init_mode="INIT" init_modes_allowed="2" initialize_pointer="May-be NULL" number_allocated="max" init_pointed="MULTI">
               <scalar comment="" line="79" base_type="uint8" attributes="extern" complete_type="uint8" init_mode="INIT" init_modes_allowed="2" init_range="min..max" global_assert="unsupported" assert_range="unsupported"/>
            </pointer>
            <pointer name="Pim_Ivtr1OffStChkCmpl" comment="" line="79" attributes="extern const" complete_type="uint8 *" init_mode="INIT" init_modes_allowed="2" initialize_pointer="May-be NULL" number_allocated="max" init_pointed="MULTI">
               <scalar comment="" line="79" base_type="uint8" attributes="extern" complete_type="uint8" init_mode="INIT" init_modes_allowed="2" init_range="min..max" global_assert="unsupported" assert_range="unsupported"/>
            </pointer>
            <pointer name="Pim_dGateDrv1CtrlGateDrv1Diag0Val" comment="" line="79" attributes="extern const" complete_type="uint16 *" init_mode="INIT" init_modes_allowed="2" initialize_pointer="May-be NULL" number_allocated="max" init_pointed="MULTI">
               <scalar comment="" line="79" base_type="uint16" attributes="extern" complete_type="uint16" init_mode="INIT" init_modes_allowed="2" init_range="min..max" global_assert="unsupported" assert_range="unsupported"/>
            </pointer>
            <pointer name="Pim_dGateDrv1CtrlGateDrv1Diag1Val" comment="" line="79" attributes="extern const" complete_type="uint16 *" init_mode="INIT" init_modes_allowed="2" initialize_pointer="May-be NULL" number_allocated="max" init_pointed="MULTI">
               <scalar comment="" line="79" base_type="uint16" attributes="extern" complete_type="uint16" init_mode="INIT" init_modes_allowed="2" init_range="min..max" global_assert="unsupported" assert_range="unsupported"/>
            </pointer>
            <pointer name="Pim_dGateDrv1CtrlGateDrv1Diag2Val" comment="" line="79" attributes="extern const" complete_type="uint16 *" init_mode="INIT" init_modes_allowed="2" initialize_pointer="May-be NULL" number_allocated="max" init_pointed="MULTI">
               <scalar comment="" line="79" base_type="uint16" attributes="extern" complete_type="uint16" init_mode="INIT" init_modes_allowed="2" init_range="min..max" global_assert="unsupported" assert_range="unsupported"/>
            </pointer>
            <pointer name="Pim_dGateDrv1CtrlGateDrv1OffsStVrfyPrmBitIdx" comment="" line="79" attributes="extern const" complete_type="uint8 *" init_mode="INIT" init_modes_allowed="2" initialize_pointer="May-be NULL" number_allocated="max" init_pointed="MULTI">
               <scalar comment="" line="79" base_type="uint8" attributes="extern" complete_type="uint8" init_mode="INIT" init_modes_allowed="2" init_range="min..max" global_assert="unsupported" assert_range="unsupported"/>
            </pointer>
            <pointer name="Pim_dGateDrv1CtrlGateDrv1StsVal" comment="" line="79" attributes="extern const" complete_type="uint16 *" init_mode="INIT" init_modes_allowed="2" initialize_pointer="May-be NULL" number_allocated="max" init_pointed="MULTI">
               <scalar comment="" line="79" base_type="uint16" attributes="extern" complete_type="uint16" init_mode="INIT" init_modes_allowed="2" init_range="min..max" global_assert="unsupported" assert_range="unsupported"/>
            </pointer>
            <pointer name="Pim_dGateDrv1CtrlGateDrv1VrfyRes0Val" comment="" line="79" attributes="extern const" complete_type="uint16 *" init_mode="INIT" init_modes_allowed="2" initialize_pointer="May-be NULL" number_allocated="max" init_pointed="MULTI">
               <scalar comment="" line="79" base_type="uint16" attributes="extern" complete_type="uint16" init_mode="INIT" init_modes_allowed="2" init_range="min..max" global_assert="unsupported" assert_range="unsupported"/>
            </pointer>
            <pointer name="Pim_dGateDrv1CtrlGateDrv1VrfyRes1Val" comment="" line="79" attributes="extern const" complete_type="uint16 *" init_mode="INIT" init_modes_allowed="2" initialize_pointer="May-be NULL" number_allocated="max" init_pointed="MULTI">
               <scalar comment="" line="79" base_type="uint16" attributes="extern" complete_type="uint16" init_mode="INIT" init_modes_allowed="2" init_range="min..max" global_assert="unsupported" assert_range="unsupported"/>
            </pointer>
         </struct>
      </pointer>
      <function name="Rte_IrvRead_GateDrv1Ctrl_GateDrv1CtrlPer2_GateDrv1Ena" comment="" line="123" main_generator_called="disabled" attributes="extern">
         <scalar name="return" comment="" line="123" base_type="uint8" complete_type="uint8" init_mode="PERMANENT" init_modes_allowed="4" init_range="min..max" global_assert="unsupported" assert_range="unsupported"/>
      </function>
      <function name="Rte_IrvRead_GateDrv1Ctrl_GateDrv1CtrlPer2_Ivtr1PhyFltInpActv" comment="" line="124" main_generator_called="disabled" attributes="extern">
         <scalar name="return" comment="" line="124" base_type="uint8" complete_type="uint8" init_mode="PERMANENT" init_modes_allowed="4" init_range="min..max" global_assert="unsupported" assert_range="unsupported"/>
      </function>
      <function name="Rte_IrvWrite_GateDrv1Ctrl_GateDrv1CtrlPer1_GateDrv1Ena" comment="" line="121" main_generator_called="disabled" attributes="extern">
         <scalar name="arg1" comment="" line="121" base_type="uint8" complete_type="uint8" init_mode="disabled" init_range="disabled" global_assert="unsupported" assert_range="unsupported"/>
      </function>
      <function name="Rte_IrvWrite_GateDrv1Ctrl_GateDrv1CtrlPer1_Ivtr1PhyFltInpActv" comment="" line="122" main_generator_called="disabled" attributes="extern">
         <scalar name="arg1" comment="" line="122" base_type="uint8" complete_type="uint8" init_mode="disabled" init_range="disabled" global_assert="unsupported" assert_range="unsupported"/>
      </function>
      <function name="Rte_Prm_GateDrv1Ctrl_GateDrv1CtrlNtcNr0x060FailStep_Val" comment="" line="111" main_generator_called="disabled" attributes="extern">
         <scalar name="return" comment="" line="111" base_type="uint16" complete_type="uint16" init_mode="PERMANENT" init_modes_allowed="4" init_range="min..max" global_assert="unsupported" assert_range="unsupported"/>
      </function>
      <function name="Rte_Prm_GateDrv1Ctrl_GateDrv1CtrlNtcNr0x060PassStep_Val" comment="" line="112" main_generator_called="disabled" attributes="extern">
         <scalar name="return" comment="" line="112" base_type="uint16" complete_type="uint16" init_mode="PERMANENT" init_modes_allowed="4" init_range="min..max" global_assert="unsupported" assert_range="unsupported"/>
      </function>
      <function name="Rte_Prm_GateDrv1Ctrl_GateDrv1CtrlNtcNr0x061FailStep_Val" comment="" line="113" main_generator_called="disabled" attributes="extern">
         <scalar name="return" comment="" line="113" base_type="uint16" complete_type="uint16" init_mode="PERMANENT" init_modes_allowed="4" init_range="min..max" global_assert="unsupported" assert_range="unsupported"/>
      </function>
      <function name="Rte_Prm_GateDrv1Ctrl_GateDrv1CtrlNtcNr0x061PassStep_Val" comment="" line="114" main_generator_called="disabled" attributes="extern">
         <scalar name="return" comment="" line="114" base_type="uint16" complete_type="uint16" init_mode="PERMANENT" init_modes_allowed="4" init_range="min..max" global_assert="unsupported" assert_range="unsupported"/>
      </function>
      <function name="Rte_Prm_GateDrv1Ctrl_GateDrv1CtrlNtcNr0x065FailStep_Val" comment="" line="115" main_generator_called="disabled" attributes="extern">
         <scalar name="return" comment="" line="115" base_type="uint16" complete_type="uint16" init_mode="PERMANENT" init_modes_allowed="4" init_range="min..max" global_assert="unsupported" assert_range="unsupported"/>
      </function>
      <function name="Rte_Prm_GateDrv1Ctrl_GateDrv1CtrlNtcNr0x065PassStep_Val" comment="" line="116" main_generator_called="disabled" attributes="extern">
         <scalar name="return" comment="" line="116" base_type="uint16" complete_type="uint16" init_mode="PERMANENT" init_modes_allowed="4" init_range="min..max" global_assert="unsupported" assert_range="unsupported"/>
      </function>
      <function name="Rte_Prm_GateDrv1Ctrl_GateDrv1CtrlUnit1Cfg2WrVal_Val" comment="" line="117" main_generator_called="disabled" attributes="extern">
         <scalar name="return" comment="" line="117" base_type="uint16" complete_type="uint16" init_mode="PERMANENT" init_modes_allowed="4" init_range="min..max" global_assert="unsupported" assert_range="unsupported"/>
      </function>
      <function name="Rte_Prm_GateDrv1Ctrl_GateDrv1CtrlUnit1Cfg3WrVal_Val" comment="" line="118" main_generator_called="disabled" attributes="extern">
         <scalar name="return" comment="" line="118" base_type="uint16" complete_type="uint16" init_mode="PERMANENT" init_modes_allowed="4" init_range="min..max" global_assert="unsupported" assert_range="unsupported"/>
      </function>
      <function name="Rte_Prm_GateDrv1Ctrl_GateDrv1CtrlUnit1Cfg4WrVal_Val" comment="" line="119" main_generator_called="disabled" attributes="extern">
         <scalar name="return" comment="" line="119" base_type="uint16" complete_type="uint16" init_mode="PERMANENT" init_modes_allowed="4" init_range="min..max" global_assert="unsupported" assert_range="unsupported"/>
      </function>
      <function name="Rte_Prm_GateDrv1Ctrl_GateDrv1CtrlUnit1Cfg7WrVal_Val" comment="" line="120" main_generator_called="disabled" attributes="extern">
         <scalar name="return" comment="" line="120" base_type="uint16" complete_type="uint16" init_mode="PERMANENT" init_modes_allowed="4" init_range="min..max" global_assert="unsupported" assert_range="unsupported"/>
      </function>
      <function name="Rte_Read_GateDrv1Ctrl_DiagcStsIvtr2Inactv_Logl" comment="" line="103" main_generator_called="disabled" attributes="extern">
         <pointer name="arg1" comment="" line="103" complete_type="uint8 *" init_mode="disabled" initialize_pointer="disabled" number_allocated="disabled" init_pointed="MULTI">
            <scalar comment="" line="103" base_type="uint8" complete_type="uint8" init_mode="PERMANENT" init_modes_allowed="4" init_range="min..max" global_assert="unsupported" assert_range="unsupported"/>
         </pointer>
         <scalar name="return" comment="" line="103" base_type="uint8" complete_type="uint8" init_mode="PERMANENT" init_modes_allowed="4" init_range="min..max" global_assert="unsupported" assert_range="unsupported"/>
      </function>
      <function name="Rte_Read_GateDrv1Ctrl_StrtUpSt_Val" comment="" line="104" main_generator_called="disabled" attributes="extern">
         <pointer name="arg1" comment="" line="104" complete_type="uint8 *" init_mode="disabled" initialize_pointer="disabled" number_allocated="disabled" init_pointed="MULTI">
            <scalar comment="" line="104" base_type="uint8" complete_type="uint8" init_mode="PERMANENT" init_modes_allowed="4" init_range="min..max" global_assert="unsupported" assert_range="unsupported"/>
         </pointer>
         <scalar name="return" comment="" line="104" base_type="uint8" complete_type="uint8" init_mode="PERMANENT" init_modes_allowed="4" init_range="min..max" global_assert="unsupported" assert_range="unsupported"/>
      </function>
      <function name="Rte_Read_GateDrv1Ctrl_SysSt_Val" comment="" line="105" main_generator_called="disabled" attributes="extern">
         <pointer name="arg1" comment="" line="105" complete_type="uint8 *" init_mode="disabled" initialize_pointer="disabled" number_allocated="disabled" init_pointed="MULTI">
            <scalar comment="" line="105" base_type="uint8" complete_type="uint8" init_mode="PERMANENT" init_modes_allowed="4" init_range="min..max" global_assert="unsupported" assert_range="unsupported"/>
         </pointer>
         <scalar name="return" comment="" line="105" base_type="uint8" complete_type="uint8" init_mode="PERMANENT" init_modes_allowed="4" init_range="min..max" global_assert="unsupported" assert_range="unsupported"/>
      </function>
      <function name="Rte_Write_GateDrv1Ctrl_MotDrvr1IninTestCmpl_Logl" comment="" line="106" main_generator_called="disabled" attributes="extern">
         <scalar name="arg1" comment="" line="106" base_type="uint8" complete_type="uint8" init_mode="disabled" init_range="disabled" global_assert="unsupported" assert_range="unsupported"/>
         <scalar name="return" comment="" line="106" base_type="uint8" complete_type="uint8" init_mode="PERMANENT" init_modes_allowed="4" init_range="min..max" global_assert="unsupported" assert_range="unsupported"/>
      </function>
   </file>
   <file name="C:\\component\\ES312A_GateDrv1Ctrl_Impl\\tools\\contract\\Spi.h" comment="">
      <function name="Spi_ReadIB" comment="" line="17" main_generator_called="disabled" attributes="extern">
         <scalar name="arg1" comment="" line="17" base_type="uint8" complete_type="uint8" init_mode="disabled" init_range="disabled" global_assert="unsupported" assert_range="unsupported"/>
         <pointer name="arg2" comment="" line="17" complete_type="uint16 *" init_mode="disabled" initialize_pointer="disabled" number_allocated="disabled" init_pointed="MULTI">
            <scalar comment="" line="17" base_type="uint16" complete_type="uint16" init_mode="PERMANENT" init_modes_allowed="4" init_range="min..max" global_assert="unsupported" assert_range="unsupported"/>
         </pointer>
         <scalar name="return" comment="" line="17" base_type="uint8" complete_type="uint8" init_mode="PERMANENT" init_modes_allowed="4" init_range="min..max" global_assert="unsupported" assert_range="unsupported"/>
      </function>
      <function name="Spi_WriteIB" comment="" line="14" main_generator_called="disabled" attributes="extern">
         <scalar name="arg1" comment="" line="14" base_type="uint8" complete_type="uint8" init_mode="disabled" init_range="disabled" global_assert="unsupported" assert_range="unsupported"/>
         <pointer name="arg2" comment="" line="14" complete_type="const uint16 *" init_mode="disabled" initialize_pointer="disabled" number_allocated="disabled" init_pointed="disabled">
            <scalar comment="" line="14" base_type="uint16" attributes="const" complete_type="uint16" init_mode="disabled" init_range="disabled" global_assert="unsupported" assert_range="unsupported"/>
         </pointer>
         <scalar name="return" comment="" line="14" base_type="uint8" complete_type="uint8" init_mode="PERMANENT" init_modes_allowed="4" init_range="min..max" global_assert="unsupported" assert_range="unsupported"/>
      </function>
   </file>
</global>
