<?xml version="1.0" encoding="UTF-8"?>
<Navig version="1.0">
<Files>
<F id="1" n="C:\Program Files\MATLAB\R2013b\polyspace\verifier\cxx\cinclude\stdarg.h"/>
<F id="2" n="C:\component\AR201A_ArCplrSuprt_Impl\include\ASR4.0.3\Platform_Types.h"/>
<F id="3" n="C:\component\AR200A_ArSuprt_Impl\include\ASR4.0.3\Std_Types.h"/>
<F id="4" n="C:\component\ES004A_PwrUpSeq_Impl\tools\contract\Rte_Type.h"/>
<F id="5" n="C:\component\ES004A_PwrUpSeq_Impl\tools\contract\Rte_PwrUpSeq.h"/>
<F id="6" n="C:\component\ES004A_PwrUpSeq_Impl\src\PwrUpSeq.c"/>
<F id="7" n="C-STUBS\__polyspace__stdstubs.c"/>
<F id="8" n="C:\component\ES004A_PwrUpSeq_Impl\doc\Polyspace_Results\CodeProver\C-ALL\C-STUBS\pst_stub_types.h"/>
<F id="9" n="C-STUBS\pst_stubs_0.c"/>
<F id="10" n="C-STUBS\__polyspace_main.c"/>
<F id="11" n="C:\Program Files\MATLAB\R2013b\polyspace\verifier\cxx\cinclude\__polyspace__std_decls.h"/>
<F id="12" n="C:\Program Files\MATLAB\R2013b\polyspace\verifier\cxx\cinclude\assert.h"/>
<F id="13" n="C:\Program Files\MATLAB\R2013b\polyspace\verifier\cxx\cinclude\__polyspace__libc_defs.h"/>
<F id="14" n="C:\component\ES004A_PwrUpSeq_Impl\tools\contract\Rte_PwrUpSeq_Type.h"/>
<F id="15" n="C:\component\ES004A_PwrUpSeq_Impl\tools\contract\Rte.h"/>
<F id="16" n="C:\component\AR201A_ArCplrSuprt_Impl\include\ASR4.0.3\Compiler.h"/>
<F id="17" n="C:\component\AR201A_ArCplrSuprt_Impl\tools\contract\Compiler_Cfg.h"/>
<F id="18" n="C:\component\AR201A_ArCplrSuprt_Impl\tools\contract\Renesas_Compiler.h"/>
<F id="19" n="C:\component\ES004A_PwrUpSeq_Impl\tools\contract\Rte_DataHandleType.h"/>
<F id="20" n="C:\component\AR200A_ArSuprt_Impl\tools\contract\MemMap.h"/>
<F id="21" n="C:\component\ES004A_PwrUpSeq_Impl\tools\contract\PwrUpSeq_MemMap.h"/>
<F id="22" n="C:\component\ES999A_ElecGlbPrm_Impl\include\ElecGlbPrm.h"/>
</Files>
<Definitions>
<D id="1" f="7" l="6972" c="14" n="_polyspace_compare_function_type" t="7" d="1"/>
<D id="2" f="7" l="11432" c="21" n="HUGE_VAL" t="1" d="1"/>
<D id="3" f="7" l="11414" c="12" n="_polyspace_random_long_double" t="2" d="1"/>
<D id="4" f="7" l="11433" c="21" n="HUGE_VALF" t="1" d="1"/>
<D id="5" f="7" l="11434" c="21" n="HUGE_VALL" t="1" d="1"/>
<D id="6" f="7" l="11416" c="23" n="random" t="4" d="1"/>
<D id="7" f="7" l="12276" c="16" n="__polyspace_absolute_address" t="1" d="1"/>
<D id="8" f="8" l="3" c="20" n="__PST__SINT8" t="7" d="1"/>
<D id="9" f="8" l="5" c="19" n="__PST__SINT32" t="7" d="1"/>
<D id="10" f="8" l="1" c="13" n="__PST__CHAR" t="7" d="1"/>
<D id="11" f="8" l="4" c="21" n="__PST__SINT16" t="7" d="1"/>
<D id="12" f="8" l="2" c="13" n="__PST__VOID" t="7" d="1"/>
<D id="13" f="8" l="7" c="22" n="__PST__UINT8" t="7" d="1"/>
<D id="14" f="8" l="9" c="21" n="__PST__UINT32" t="7" d="1"/>
<D id="15" f="8" l="8" c="23" n="__PST__UINT16" t="7" d="1"/>
<D id="16" f="8" l="6" c="25" n="__PST__SINT64" t="7" d="1"/>
<D id="17" f="5" l="51" c="8" n="_dummy" t="9" d="1"/>
<D id="18" f="5" l="48" c="7" n="Rte_CDS_PwrUpSeq" t="6" d="1"/>
<D id="19" f="8" l="20" c="20" n="__PST__g__22" t="7" d="1"/>
<D id="20" f="8" l="30" c="21" n="__PST__g__37" t="7" d="1"/>
<D id="21" f="8" l="12" c="21" n="__PST__g__11" t="7" d="1"/>
<D id="22" f="8" l="14" c="20" n="__PST__g__15" t="7" d="1"/>
<D id="23" f="8" l="31" c="30" n="__PST__g__38" t="7" d="1"/>
<D id="24" f="3" l="141" c="2" n="Std_VersionInfoType" t="7" d="1"/>
<D id="25" f="8" l="22" c="21" n="__PST__g__23" t="7" d="1"/>
<D id="26" f="8" l="21" c="22" n="__PST__g__24" t="7" d="1"/>
<D id="27" f="8" l="23" c="21" n="__PST__g__25" t="7" d="1"/>
<D id="28" f="9" l="25" c="20" n="pst_random_int" t="3" d="1"/>
<D id="29" f="5" l="62" c="39" n="Rte_Instance" t="7" d="1"/>
<D id="30" f="8" l="11" c="14" n="__PST__FLOAT32" t="7" d="1"/>
<D id="31" f="8" l="32" c="22" n="__PST__g__39" t="7" d="1"/>
<D id="32" f="9" l="27" c="29" n="pst_random_g_6" t="3" d="1"/>
<D id="33" f="8" l="33" c="22" n="__PST__g__40" t="7" d="1"/>
<D id="34" f="8" l="24" c="22" n="__PST__g__26" t="7" d="1"/>
<D id="35" f="9" l="63" c="30" n="real_random_for_return" t="4" d="1"/>
<D id="36" f="10" l="42" c="5" n="main" t="2" d="1"/>
<D id="37" f="8" l="34" c="31" n="__PST__g__41" t="7" d="1"/>
<D id="38" f="9" l="91" c="30" n="real_random_for_return" t="4" d="1"/>
<D id="39" f="8" l="25" c="22" n="__PST__g__27" t="7" d="1"/>
<D id="40" f="9" l="311" c="5" n="__PST__MAIN__ENTRY__POINT__" t="2" d="1"/>
<D id="41" f="8" l="16" c="22" n="__PST__g__18" t="7" d="1"/>
<D id="42" f="9" l="64" c="21" n="random_for_return" t="4" d="1"/>
<D id="43" f="9" l="92" c="21" n="random_for_return" t="4" d="1"/>
<D id="44" f="8" l="13" c="15" n="__PST__FLOAT64" t="7" d="1"/>
<D id="45" f="8" l="15" c="23" n="__PST__g__16" t="7" d="1"/>
<D id="46" f="8" l="26" c="22" n="__PST__g__28" t="7" d="1"/>
<D id="47" f="8" l="19" c="30" n="__PST__g__20" t="7" d="1"/>
<D id="48" f="8" l="28" c="21" n="__PST__g__35" t="7" d="1"/>
<D id="49" f="8" l="27" c="31" n="__PST__g__29" t="7" d="1"/>
<D id="50" f="1" l="45" c="14" n="__va_list" t="7" d="1"/>
<D id="51" f="4" l="35" c="14" n="SysSt1" t="7" d="1"/>
<D id="52" f="8" l="29" c="30" n="__PST__g__36" t="7" d="1"/>
<D id="53" f="8" l="18" c="22" n="__PST__g__21" t="7" d="1"/>
<D id="54" f="8" l="17" c="32" n="__PST__g__19" t="7" d="1"/>
<D id="55" f="7" l="523" c="4" n="errno" t="1" d="1"/>
<D id="56" f="8" l="10" c="27" n="__PST__UINT64" t="7" d="1"/>
<D id="57" f="9" l="46" c="13" n="Rte_Read_PwrUpSeq_CodFlsCrcChkCmpl_Logl" t="2" d="1"/>
<D id="58" f="9" l="74" c="13" n="Rte_Read_PwrUpSeq_CurrMeasWrmIninTestCmpl_Logl" t="2" d="1"/>
<D id="59" f="1" l="50" c="18" n="__gnuc_va_list" t="7" d="1"/>
<D id="60" f="6" l="118" c="5" n="PwrUpSeqInit1" t="2" d="1"/>
<D id="61" f="6" l="164" c="5" n="PwrUpSeqPer1" t="2" d="1"/>
<D id="62" f="9" l="23" c="28" n="pst_random_char" t="3" d="1"/>
<D id="63" f="9" l="74" c="73" n="P_0" t="4" d="1"/>
<D id="64" f="1" l="49" c="18" n="va_list" t="7" d="1"/>
<D id="65" f="9" l="46" c="66" n="P_0" t="4" d="1"/>
<D id="66" f="3" l="140" c="10" n="sw_patch_version" t="9" d="1"/>
<D id="67" f="2" l="110" c="31" n="uint32" t="7" d="1"/>
<D id="68" f="9" l="300" c="21" n="random_for_return" t="4" d="1"/>
<D id="69" f="9" l="120" c="21" n="random_for_return" t="4" d="1"/>
<D id="70" f="10" l="25" c="20" n="pst_random_int" t="3" d="1"/>
<D id="71" f="2" l="112" c="31" n="sint8_least" t="7" d="1"/>
<D id="72" f="2" l="103" c="31" n="boolean" t="7" d="1"/>
<D id="73" f="9" l="203" c="30" n="real_random_for_return" t="4" d="1"/>
<D id="74" f="9" l="102" c="13" n="Rte_Read_PwrUpSeq_MotDrvr0IninTestCmpl_Logl" t="2" d="1"/>
<D id="75" f="9" l="231" c="30" n="real_random_for_return" t="4" d="1"/>
<D id="76" f="2" l="113" c="31" n="uint8_least" t="7" d="1"/>
<D id="77" f="9" l="130" c="13" n="Rte_Read_PwrUpSeq_MotDrvr1IninTestCmpl_Logl" t="2" d="1"/>
<D id="78" f="3" l="136" c="10" n="vendorID" t="9" d="1"/>
<D id="79" f="9" l="204" c="21" n="random_for_return" t="4" d="1"/>
<D id="80" f="2" l="114" c="31" n="sint16_least" t="7" d="1"/>
<D id="81" f="9" l="232" c="21" n="random_for_return" t="4" d="1"/>
<D id="82" f="2" l="105" c="31" n="sint8" t="7" d="1"/>
<D id="83" f="3" l="137" c="10" n="moduleID" t="9" d="1"/>
<D id="84" f="9" l="260" c="21" n="random_for_return" t="4" d="1"/>
<D id="85" f="7" l="152" c="21" n="wchar_t" t="7" d="1"/>
<D id="86" f="2" l="115" c="31" n="uint16_least" t="7" d="1"/>
<D id="87" f="2" l="106" c="31" n="uint8" t="7" d="1"/>
<D id="88" f="3" l="138" c="10" n="sw_major_version" t="9" d="1"/>
<D id="89" f="3" l="132" c="14" n="Std_ReturnType" t="7" d="1"/>
<D id="90" f="2" l="116" c="31" n="sint32_least" t="7" d="1"/>
<D id="91" f="9" l="280" c="21" n="random_for_return" t="4" d="1"/>
<D id="92" f="2" l="107" c="31" n="sint16" t="7" d="1"/>
<D id="93" f="3" l="125" c="22" n="StatusType" t="7" d="1"/>
<D id="94" f="9" l="214" c="13" n="Rte_Read_PwrUpSeq_SysSt_Val" t="2" d="1"/>
<D id="95" f="3" l="139" c="10" n="sw_minor_version" t="9" d="1"/>
<D id="96" f="9" l="102" c="70" n="P_0" t="4" d="1"/>
<D id="97" f="9" l="242" c="13" n="Rte_Read_PwrUpSeq_TmplMonIninTestCmpl_Logl" t="2" d="1"/>
<D id="98" f="9" l="130" c="70" n="P_0" t="4" d="1"/>
<D id="99" f="2" l="117" c="31" n="uint32_least" t="7" d="1"/>
<D id="100" f="2" l="108" c="31" n="uint16" t="7" d="1"/>
<D id="101" f="2" l="127" c="31" n="sint64" t="7" d="1"/>
<D id="102" f="2" l="109" c="31" n="sint32" t="7" d="1"/>
<D id="103" f="9" l="119" c="30" n="real_random_for_return" t="4" d="1"/>
<D id="104" f="9" l="242" c="69" n="P_0" t="4" d="1"/>
<D id="105" f="7" l="541" c="14" n="_polyspace_random_char" t="5" d="1"/>
<D id="106" f="2" l="128" c="31" n="uint64" t="7" d="1"/>
<D id="107" f="7" l="147" c="21" n="size_t" t="7" d="1"/>
<D id="108" f="9" l="272" c="13" n="Rte_Write_PwrUpSeq_StrtUpSt_Val" t="2" d="1"/>
<D id="109" f="9" l="147" c="30" n="real_random_for_return" t="4" d="1"/>
<D id="110" f="9" l="175" c="30" n="real_random_for_return" t="4" d="1"/>
<D id="111" f="2" l="138" c="31" n="float32" t="7" d="1"/>
<D id="112" f="9" l="148" c="21" n="random_for_return" t="4" d="1"/>
<D id="113" f="2" l="139" c="31" n="float64" t="7" d="1"/>
<D id="114" f="9" l="292" c="13" n="Rte_Write_PwrUpSeq_SysStWrmIninCmpl_Logl" t="2" d="1"/>
<D id="115" f="9" l="176" c="21" n="random_for_return" t="4" d="1"/>
<D id="116" f="7" l="149" c="12" n="ptrdiff_t" t="7" d="1"/>
<D id="117" f="6" l="182" c="15" n="StrtUpSt_Cnt_T_u08" t="4" d="1"/>
<D id="118" f="10" l="23" c="28" n="pst_random_char" t="3" d="1"/>
<D id="119" f="7" l="551" c="34" n="random" t="4" d="1"/>
<D id="120" f="9" l="259" c="30" n="real_random_for_return" t="4" d="1"/>
<D id="121" f="9" l="158" c="13" n="Rte_Read_PwrUpSeq_PwrDiscnctATestCmpl_Logl" t="2" d="1"/>
<D id="122" f="7" l="573" c="23" n="_polyspace_random_ulong" t="5" d="1"/>
<D id="123" f="9" l="186" c="13" n="Rte_Read_PwrUpSeq_PwrDiscnctBTestCmpl_Logl" t="2" d="1"/>
<D id="124" f="9" l="214" c="54" n="P_0" t="4" d="1"/>
<D id="125" f="7" l="543" c="25" n="random" t="4" d="1"/>
<D id="126" f="7" l="557" c="13" n="_polyspace_random_int" t="5" d="1"/>
<D id="127" f="9" l="279" c="30" n="real_random_for_return" t="4" d="1"/>
<D id="128" f="7" l="580" c="16" n="_polyspace_random_double" t="5" d="1"/>
<D id="129" f="7" l="565" c="14" n="_polyspace_random_long" t="5" d="1"/>
<D id="130" f="6" l="172" c="17" n="CodFlsCrcChkCmpl_Cnt_T_lgc" t="4" d="1"/>
<D id="131" f="9" l="158" c="69" n="P_0" t="4" d="1"/>
<D id="132" f="9" l="186" c="69" n="P_0" t="4" d="1"/>
<D id="133" f="6" l="173" c="17" n="PwrDiscnctATestCmpl_Cnt_T_lgc" t="4" d="1"/>
<D id="134" f="9" l="299" c="30" n="real_random_for_return" t="4" d="1"/>
<D id="135" f="6" l="183" c="17" n="SysStWrmIninCmpl_Cnt_T_lgc" t="4" d="1"/>
<D id="136" f="6" l="174" c="17" n="TmplMonIninTestCmpl_Cnt_T_lgc" t="4" d="1"/>
<D id="137" f="7" l="549" c="23" n="_polyspace_random_uchar" t="5" d="1"/>
<D id="138" f="7" l="3627" c="4" n="__polyspace_nb_varargs" t="1" d="1"/>
<D id="139" f="6" l="175" c="17" n="PwrDiscnctBTestCmpl_Cnt_T_lgc" t="4" d="1"/>
<D id="140" f="7" l="575" c="34" n="random" t="4" d="1"/>
<D id="141" f="6" l="176" c="17" n="MotDrvr0IninTestCmpl_Cnt_T_lgc" t="4" d="1"/>
<D id="142" f="7" l="559" c="24" n="random" t="4" d="1"/>
<D id="143" f="7" l="582" c="27" n="random" t="4" d="1"/>
<D id="144" f="7" l="567" c="25" n="random" t="4" d="1"/>
<D id="145" f="6" l="177" c="17" n="MotDrvr1IninTestCmpl_Cnt_T_lgc" t="4" d="1"/>
<D id="146" f="6" l="179" c="16" n="SysSt_Cnt_T_enum" t="4" d="1"/>
<D id="147" f="7" l="3626" c="7" n="__polyspace_vararg" t="1" d="1"/>
<D id="148" f="6" l="178" c="17" n="CurrMeasWrmIninTestCmpl_Cnt_T_lgc" t="4" d="1"/>
<D id="149" f="9" l="272" c="58" n="P_0" t="4" d="1"/>
<D id="150" f="9" l="292" c="67" n="P_0" t="4" d="1"/>
</Definitions>
<Uses>
<U id="1" f="7" l="11417" c="9" d="6" a="0"/>
<U id="2" f="5" l="90" c="0" d="89" a="0"/>
<U id="3" f="5" l="51" c="2" d="87" a="0"/>
<U id="4" f="5" l="91" c="0" d="89" a="0"/>
<U id="5" f="5" l="92" c="0" d="89" a="0"/>
<U id="6" f="5" l="93" c="0" d="89" a="0"/>
<U id="7" f="9" l="46" c="0" d="13" a="0"/>
<U id="8" f="9" l="74" c="0" d="13" a="0"/>
<U id="9" f="5" l="94" c="0" d="89" a="0"/>
<U id="10" f="5" l="95" c="0" d="89" a="0"/>
<U id="11" f="5" l="96" c="0" d="89" a="0"/>
<U id="12" f="5" l="87" c="0" d="89" a="0"/>
<U id="13" f="5" l="88" c="0" d="89" a="0"/>
<U id="14" f="8" l="20" c="8" d="12" a="0"/>
<U id="15" f="1" l="50" c="8" d="50" a="0"/>
<U id="16" f="8" l="30" c="8" d="13" a="0"/>
<U id="17" f="5" l="89" c="0" d="89" a="0"/>
<U id="18" f="8" l="21" c="8" d="13" a="0"/>
<U id="19" f="8" l="12" c="8" d="12" a="0"/>
<U id="20" f="8" l="22" c="8" d="13" a="0"/>
<U id="21" f="9" l="50" c="8" d="65" a="0"/>
<U id="22" f="8" l="32" c="8" d="9" a="0"/>
<U id="23" f="8" l="23" c="8" d="13" a="0"/>
<U id="24" f="8" l="14" c="8" d="12" a="0"/>
<U id="25" f="9" l="51" c="8" d="28" a="0"/>
<U id="26" f="8" l="33" c="8" d="14" a="0"/>
<U id="27" f="8" l="24" c="8" d="25" a="0"/>
<U id="28" f="8" l="15" c="8" d="44" a="0"/>
<U id="29" f="4" l="35" c="8" d="87" a="0"/>
<U id="30" f="8" l="25" c="8" d="19" a="0"/>
<U id="31" f="8" l="16" c="8" d="21" a="0"/>
<U id="32" f="1" l="84" c="7" d="64" a="0"/>
<U id="33" f="8" l="26" c="8" d="27" a="0"/>
<U id="34" f="8" l="18" c="8" d="8" a="0"/>
<U id="35" f="9" l="64" c="8" d="13" a="0"/>
<U id="36" f="9" l="92" c="8" d="13" a="0"/>
<U id="37" f="8" l="28" c="8" d="8" a="0"/>
<U id="38" f="1" l="49" c="8" d="50" a="0"/>
<U id="39" f="9" l="57" c="8" d="65" a="0"/>
<U id="40" f="9" l="85" c="8" d="63" a="0"/>
<U id="41" f="9" l="78" c="8" d="63" a="0"/>
<U id="42" f="9" l="79" c="8" d="28" a="0"/>
<U id="43" f="9" l="102" c="0" d="13" a="0"/>
<U id="44" f="9" l="130" c="0" d="13" a="0"/>
<U id="45" f="9" l="214" c="0" d="13" a="0"/>
<U id="46" f="9" l="242" c="0" d="13" a="0"/>
<U id="47" f="3" l="140" c="3" d="87" a="0"/>
<U id="48" f="5" l="62" c="21" d="18" a="0"/>
<U id="49" f="9" l="272" c="0" d="13" a="0"/>
<U id="50" f="8" l="20" c="33" d="9" a="0"/>
<U id="51" f="1" l="84" c="39" d="64" a="0"/>
<U id="52" f="9" l="292" c="0" d="13" a="0"/>
<U id="53" f="5" l="90" c="59" d="72" a="0"/>
<U id="54" f="9" l="55" c="12" d="65" a="0"/>
<U id="55" f="9" l="83" c="12" d="63" a="0"/>
<U id="56" f="3" l="136" c="3" d="100" a="0"/>
<U id="57" f="8" l="22" c="34" d="26" a="0"/>
<U id="58" f="9" l="158" c="0" d="13" a="0"/>
<U id="59" f="8" l="23" c="34" d="13" a="0"/>
<U id="60" f="9" l="186" c="0" d="13" a="0"/>
<U id="61" f="9" l="300" c="8" d="13" a="0"/>
<U id="62" f="3" l="137" c="3" d="100" a="0"/>
<U id="63" f="5" l="90" c="15" d="77" a="0"/>
<U id="64" f="9" l="64" c="41" d="35" a="0"/>
<U id="65" f="9" l="120" c="8" d="13" a="0"/>
<U id="66" f="9" l="23" c="16" d="10" a="0"/>
<U id="67" f="9" l="92" c="41" d="38" a="0"/>
<U id="68" f="8" l="31" c="17" d="13" a="0"/>
<U id="69" f="5" l="91" c="15" d="121" a="0"/>
<U id="70" f="9" l="53" c="15" d="28" a="0"/>
<U id="71" f="3" l="138" c="3" d="87" a="0"/>
<U id="72" f="9" l="81" c="15" d="28" a="0"/>
<U id="73" f="5" l="92" c="15" d="123" a="0"/>
<U id="74" f="9" l="74" c="60" d="26" a="0"/>
<U id="75" f="3" l="132" c="8" d="87" a="0"/>
<U id="76" f="3" l="139" c="3" d="87" a="0"/>
<U id="77" f="5" l="93" c="15" d="94" a="0"/>
<U id="78" f="9" l="113" c="8" d="96" a="0"/>
<U id="79" f="9" l="141" c="8" d="98" a="0"/>
<U id="80" f="8" l="34" c="17" d="14" a="0"/>
<U id="81" f="9" l="65" c="15" d="42" a="0"/>
<U id="82" f="5" l="94" c="15" d="97" a="0"/>
<U id="83" f="9" l="93" c="15" d="43" a="0"/>
<U id="84" f="9" l="204" c="8" d="13" a="0"/>
<U id="85" f="5" l="93" c="43" d="51" a="0"/>
<U id="86" f="9" l="55" c="34" d="32" a="0"/>
<U id="87" f="9" l="27" c="16" d="13" a="0"/>
<U id="88" f="9" l="83" c="34" d="32" a="0"/>
<U id="89" f="9" l="232" c="8" d="13" a="0"/>
<U id="90" f="9" l="55" c="16" d="28" a="0"/>
<U id="91" f="5" l="95" c="15" d="108" a="0"/>
<U id="92" f="9" l="83" c="16" d="28" a="0"/>
<U id="93" f="9" l="260" c="8" d="13" a="0"/>
<U id="94" f="8" l="17" c="17" d="44" a="0"/>
<U id="95" f="9" l="63" c="17" d="13" a="0"/>
<U id="96" f="5" l="89" c="59" d="72" a="0"/>
<U id="97" f="9" l="91" c="17" d="13" a="0"/>
<U id="98" f="9" l="46" c="53" d="26" a="0"/>
<U id="99" f="9" l="314" c="8" d="12" a="0"/>
<U id="100" f="9" l="106" c="8" d="96" a="0"/>
<U id="101" f="5" l="96" c="15" d="114" a="0"/>
<U id="102" f="8" l="27" c="17" d="9" a="0"/>
<U id="103" f="5" l="87" c="15" d="57" a="0"/>
<U id="104" f="9" l="134" c="8" d="98" a="0"/>
<U id="105" f="9" l="162" c="8" d="131" a="0"/>
<U id="106" f="9" l="107" c="8" d="28" a="0"/>
<U id="107" f="9" l="280" c="8" d="13" a="0"/>
<U id="108" f="6" l="172" c="8" d="72" a="0"/>
<U id="109" f="5" l="88" c="15" d="58" a="0"/>
<U id="110" f="8" l="19" c="17" d="53" a="0"/>
<U id="111" f="9" l="190" c="8" d="132" a="0"/>
<U id="112" f="9" l="225" c="8" d="124" a="0"/>
<U id="113" f="9" l="135" c="8" d="28" a="0"/>
<U id="114" f="9" l="253" c="8" d="104" a="0"/>
<U id="115" f="8" l="29" c="17" d="8" a="0"/>
<U id="116" f="9" l="163" c="8" d="28" a="0"/>
<U id="117" f="6" l="182" c="8" d="87" a="0"/>
<U id="118" f="5" l="89" c="15" d="74" a="0"/>
<U id="119" f="9" l="316" c="8" d="36" a="0"/>
<U id="120" f="6" l="173" c="8" d="72" a="0"/>
<U id="121" f="9" l="57" c="17" d="32" a="0"/>
<U id="122" f="9" l="191" c="8" d="28" a="0"/>
<U id="123" f="9" l="85" c="17" d="32" a="0"/>
<U id="124" f="6" l="183" c="8" d="72" a="0"/>
<U id="125" f="5" l="88" c="62" d="72" a="0"/>
<U id="126" f="6" l="174" c="8" d="72" a="0"/>
<U id="127" f="9" l="218" c="8" d="124" a="0"/>
<U id="128" f="9" l="246" c="8" d="104" a="0"/>
<U id="129" f="6" l="175" c="8" d="72" a="0"/>
<U id="130" f="9" l="219" c="8" d="28" a="0"/>
<U id="131" f="9" l="247" c="8" d="28" a="0"/>
<U id="132" f="6" l="176" c="8" d="72" a="0"/>
<U id="133" f="9" l="148" c="8" d="13" a="0"/>
<U id="134" f="5" l="87" c="55" d="72" a="0"/>
<U id="135" f="5" l="91" c="58" d="72" a="0"/>
<U id="136" f="9" l="176" c="8" d="13" a="0"/>
<U id="137" f="5" l="95" c="47" d="87" a="0"/>
<U id="138" f="5" l="92" c="58" d="72" a="0"/>
<U id="139" f="6" l="177" c="8" d="72" a="0"/>
<U id="140" f="5" l="96" c="56" d="72" a="0"/>
<U id="141" f="6" l="178" c="8" d="72" a="0"/>
<U id="142" f="5" l="94" c="58" d="72" a="0"/>
<U id="143" f="9" l="169" c="8" d="131" a="0"/>
<U id="144" f="6" l="179" c="8" d="51" a="0"/>
<U id="145" f="9" l="197" c="8" d="132" a="0"/>
<U id="146" f="10" l="62" c="19" d="12" a="0"/>
<U id="147" f="9" l="111" c="12" d="96" a="0"/>
<U id="148" f="10" l="54" c="19" d="12" a="0"/>
<U id="149" f="10" l="60" c="12" d="70" a="0"/>
<U id="150" f="6" l="220" c="40" d="135" a="1"/>
<U id="151" f="10" l="52" c="12" d="70" a="0"/>
<U id="152" f="6" l="210" c="32" d="117" a="1"/>
<U id="153" f="9" l="300" c="41" d="134" a="0"/>
<U id="154" f="9" l="314" c="20" d="36" a="0"/>
<U id="155" f="9" l="120" c="41" d="103" a="0"/>
<U id="156" f="6" l="231" c="40" d="117" a="1"/>
<U id="157" f="6" l="211" c="32" d="135" a="1"/>
<U id="158" f="10" l="46" c="11" d="70" a="0"/>
<U id="159" f="6" l="250" c="40" d="135" a="1"/>
<U id="160" f="9" l="223" c="12" d="124" a="0"/>
<U id="161" f="7" l="560" c="11" d="142" a="0"/>
<U id="162" f="10" l="62" c="31" d="61" a="0"/>
<U id="163" f="6" l="232" c="40" d="135" a="1"/>
<U id="164" f="9" l="251" c="12" d="104" a="0"/>
<U id="165" f="6" l="240" c="41" d="148" a="0"/>
<U id="166" f="10" l="64" c="12" d="61" a="0"/>
<U id="167" f="6" l="222" c="41" d="136" a="0"/>
<U id="168" f="7" l="552" c="11" d="119" a="0"/>
<U id="169" f="10" l="54" c="31" d="60" a="0"/>
<U id="170" f="9" l="301" c="15" d="68" a="0"/>
<U id="171" f="9" l="204" c="41" d="73" a="0"/>
<U id="172" f="6" l="243" c="40" d="117" a="1"/>
<U id="173" f="10" l="56" c="12" d="60" a="0"/>
<U id="174" f="9" l="121" c="15" d="69" a="0"/>
<U id="175" f="9" l="232" c="41" d="75" a="0"/>
<U id="176" f="7" l="544" c="11" d="125" a="0"/>
<U id="177" f="6" l="225" c="40" d="117" a="1"/>
<U id="178" f="9" l="111" c="34" d="32" a="0"/>
<U id="179" f="9" l="214" c="41" d="26" a="0"/>
<U id="180" f="9" l="221" c="15" d="28" a="0"/>
<U id="181" f="9" l="260" c="41" d="120" a="0"/>
<U id="182" f="9" l="111" c="16" d="28" a="0"/>
<U id="183" f="6" l="244" c="40" d="135" a="1"/>
<U id="184" f="10" l="23" c="16" d="10" a="0"/>
<U id="185" f="6" l="226" c="40" d="135" a="1"/>
<U id="186" f="9" l="280" c="41" d="127" a="0"/>
<U id="187" f="7" l="583" c="11" d="143" a="0"/>
<U id="188" f="9" l="205" c="15" d="79" a="0"/>
<U id="189" f="6" l="190" c="60" d="139" a="1"/>
<U id="190" f="6" l="237" c="40" d="117" a="1"/>
<U id="191" f="6" l="234" c="42" d="141" a="0"/>
<U id="192" f="9" l="233" c="15" d="81" a="0"/>
<U id="193" f="6" l="219" c="40" d="117" a="1"/>
<U id="194" f="9" l="223" c="34" d="32" a="0"/>
<U id="195" f="9" l="261" c="15" d="84" a="0"/>
<U id="196" f="9" l="139" c="12" d="98" a="0"/>
<U id="197" f="6" l="190" c="15" d="123" a="0"/>
<U id="198" f="6" l="238" c="40" d="135" a="1"/>
<U id="199" f="9" l="203" c="17" d="13" a="0"/>
<U id="200" f="9" l="223" c="16" d="28" a="0"/>
<U id="201" f="9" l="251" c="34" d="32" a="0"/>
<U id="202" f="9" l="113" c="17" d="32" a="0"/>
<U id="203" f="9" l="167" c="12" d="131" a="0"/>
<U id="204" f="6" l="246" c="41" d="130" a="0"/>
<U id="205" f="9" l="231" c="17" d="13" a="0"/>
<U id="206" f="9" l="251" c="16" d="28" a="0"/>
<U id="207" f="7" l="576" c="11" d="140" a="0"/>
<U id="208" f="9" l="141" c="17" d="32" a="0"/>
<U id="209" f="9" l="195" c="12" d="132" a="0"/>
<U id="210" f="6" l="228" c="41" d="139" a="0"/>
<U id="211" f="6" l="191" c="15" d="74" a="0"/>
<U id="212" f="6" l="206" c="16" d="146" a="0"/>
<U id="213" f="9" l="281" c="15" d="91" a="0"/>
<U id="214" f="6" l="191" c="61" d="141" a="1"/>
<U id="215" f="6" l="258" c="40" d="117" a="1"/>
<U id="216" f="7" l="568" c="11" d="144" a="0"/>
<U id="217" f="6" l="192" c="15" d="77" a="0"/>
<U id="218" f="9" l="109" c="15" d="28" a="0"/>
<U id="219" f="9" l="148" c="41" d="109" a="0"/>
<U id="220" f="6" l="192" c="61" d="145" a="1"/>
<U id="221" f="6" l="259" c="40" d="135" a="1"/>
<U id="222" f="9" l="137" c="15" d="28" a="0"/>
<U id="223" f="9" l="176" c="41" d="110" a="0"/>
<U id="224" f="6" l="193" c="15" d="58" a="0"/>
<U id="225" f="9" l="165" c="15" d="28" a="0"/>
<U id="226" f="6" l="267" c="32" d="117" a="1"/>
<U id="227" f="9" l="193" c="15" d="28" a="0"/>
<U id="228" f="9" l="225" c="17" d="32" a="0"/>
<U id="229" f="6" l="194" c="15" d="94" a="0"/>
<U id="230" f="6" l="275" c="15" d="108" a="0"/>
<U id="231" f="9" l="102" c="57" d="26" a="0"/>
<U id="232" f="9" l="253" c="17" d="32" a="0"/>
<U id="233" f="6" l="268" c="32" d="135" a="1"/>
<U id="234" f="9" l="130" c="57" d="26" a="0"/>
<U id="235" f="6" l="216" c="36" d="133" a="0"/>
<U id="236" f="6" l="276" c="15" d="114" a="0"/>
<U id="237" f="9" l="149" c="15" d="112" a="0"/>
<U id="238" f="9" l="272" c="45" d="13" a="0"/>
<U id="239" f="9" l="139" c="34" d="32" a="0"/>
<U id="240" f="9" l="177" c="15" d="115" a="0"/>
<U id="241" f="9" l="249" c="15" d="28" a="0"/>
<U id="242" f="6" l="187" c="15" d="57" a="0"/>
<U id="243" f="6" l="188" c="60" d="133" a="1"/>
<U id="244" f="9" l="242" c="56" d="26" a="0"/>
<U id="245" f="9" l="119" c="17" d="13" a="0"/>
<U id="246" f="9" l="139" c="16" d="28" a="0"/>
<U id="247" f="9" l="167" c="34" d="32" a="0"/>
<U id="248" f="9" l="147" c="17" d="13" a="0"/>
<U id="249" f="9" l="167" c="16" d="28" a="0"/>
<U id="250" f="9" l="195" c="34" d="32" a="0"/>
<U id="251" f="9" l="292" c="54" d="13" a="0"/>
<U id="252" f="9" l="175" c="17" d="13" a="0"/>
<U id="253" f="9" l="195" c="16" d="28" a="0"/>
<U id="254" f="6" l="188" c="15" d="121" a="0"/>
<U id="255" f="6" l="189" c="60" d="136" a="1"/>
<U id="256" f="6" l="234" c="84" d="145" a="0"/>
<U id="257" f="6" l="189" c="15" d="97" a="0"/>
<U id="258" f="6" l="194" c="45" d="146" a="1"/>
<U id="259" f="6" l="193" c="64" d="148" a="1"/>
<U id="260" f="6" l="249" c="36" d="117" a="1"/>
<U id="261" f="9" l="259" c="17" d="13" a="0"/>
<U id="262" f="9" l="169" c="17" d="32" a="0"/>
<U id="263" f="9" l="197" c="17" d="32" a="0"/>
<U id="264" f="9" l="279" c="17" d="13" a="0"/>
<U id="265" f="9" l="158" c="56" d="26" a="0"/>
<U id="266" f="9" l="186" c="56" d="26" a="0"/>
<U id="267" f="6" l="275" c="48" d="117" a="0"/>
<U id="268" f="9" l="299" c="17" d="13" a="0"/>
<U id="269" f="6" l="276" c="57" d="135" a="0"/>
<U id="270" f="6" l="187" c="57" d="130" a="1"/>
</Uses>
<Blocks>
<B id="1" t="routine" f="6" l="118" c="5">
<BEGIN l="119" c="0"/>
<END l="129" c="0"/>
</B>
<B id="2" t="case" f="6" l="266" c="16">
<BEGIN l="267" c="32"/>
<END l="269" c="21"/>
</B>
<B id="3" t="case" f="6" l="265" c="16">
<BEGIN l="265" c="26"/>
<END l="265" c="26"/>
</B>
<B id="4" t="case" f="6" l="264" c="16">
<BEGIN l="264" c="26"/>
<END l="264" c="26"/>
</B>
<B id="5" t="else" f="6" l="253" c="32">
<BEGIN l="254" c="32"/>
<END l="260" c="32"/>
</B>
<B id="6" t="if" f="6" l="246" c="37">
<BEGIN l="247" c="32"/>
<END l="251" c="32"/>
<ELSE d="5"/>
</B>
<B id="7" t="else" f="6" l="246" c="32">
<BEGIN l="246" c="37"/>
<END l="260" c="32"/>
<SUB d="6"/>
</B>
<B id="8" t="if" f="6" l="240" c="37">
<BEGIN l="241" c="32"/>
<END l="245" c="32"/>
<ELSE d="7"/>
</B>
<B id="9" t="else" f="6" l="240" c="32">
<BEGIN l="240" c="37"/>
<END l="260" c="32"/>
<SUB d="8"/>
</B>
<B id="10" t="if" f="6" l="234" c="37">
<BEGIN l="235" c="32"/>
<END l="239" c="32"/>
<ELSE d="9"/>
</B>
<B id="11" t="else" f="6" l="234" c="32">
<BEGIN l="234" c="37"/>
<END l="260" c="32"/>
<SUB d="10"/>
</B>
<B id="12" t="if" f="6" l="228" c="37">
<BEGIN l="229" c="32"/>
<END l="233" c="32"/>
<ELSE d="11"/>
</B>
<B id="13" t="else" f="6" l="228" c="32">
<BEGIN l="228" c="37"/>
<END l="260" c="32"/>
<SUB d="12"/>
</B>
<B id="14" t="if" f="6" l="222" c="37">
<BEGIN l="223" c="32"/>
<END l="227" c="32"/>
<ELSE d="13"/>
</B>
<B id="15" t="else" f="6" l="222" c="32">
<BEGIN l="222" c="37"/>
<END l="260" c="32"/>
<SUB d="14"/>
</B>
<B id="16" t="if" f="6" l="216" c="32">
<BEGIN l="217" c="32"/>
<END l="221" c="32"/>
<ELSE d="15"/>
</B>
<B id="17" t="case" f="6" l="214" c="16">
<BEGIN l="216" c="32"/>
<END l="261" c="21"/>
<SUB d="16"/>
</B>
<B id="18" t="case" f="6" l="209" c="16">
<BEGIN l="210" c="32"/>
<END l="212" c="21"/>
</B>
<B id="19" t="switch" f="6" l="206" c="8">
<BEGIN l="207" c="8"/>
<END l="270" c="8"/>
<CASE d="2"/>
<CASE d="3"/>
<CASE d="4"/>
<CASE d="17"/>
<CASE d="18"/>
</B>
<B id="20" t="routine" f="6" l="164" c="5">
<BEGIN l="165" c="0"/>
<END l="281" c="0"/>
<SUB d="19"/>
</B>
<B id="21" t="ppcif" f="11" l="15" c="0">
<BEGIN l="15" c="27"/>
<END l="330" c="0"/>
</B>
<B id="22" t="ppcif" f="11" l="25" c="0">
<BEGIN l="25" c="19"/>
<END l="155" c="0"/>
</B>
<B id="23" t="ppcrmif" f="11" l="46" c="0">
<BEGIN l="46" c="93"/>
<END l="91" c="0"/>
</B>
<B id="24" t="ppcrmif" f="11" l="94" c="0">
<BEGIN l="94" c="91"/>
<END l="153" c="0"/>
</B>
<B id="25" t="ppcrmelse" f="11" l="155" c="0">
<BEGIN l="155" c="35"/>
<END l="328" c="0"/>
</B>
<B id="26" t="ppcif" f="12" l="11" c="0">
<BEGIN l="11" c="27"/>
<END l="36" c="0"/>
</B>
<B id="27" t="ppcrmif" f="12" l="14" c="0">
<BEGIN l="14" c="19"/>
<END l="29" c="0"/>
</B>
<B id="28" t="ppcelse" f="12" l="29" c="0">
<BEGIN l="29" c="5"/>
<END l="33" c="0"/>
</B>
<B id="29" t="ppcif" f="1" l="22" c="0">
<BEGIN l="22" c="17"/>
<END l="109" c="0"/>
</B>
<B id="30" t="ppcrmif" f="1" l="39" c="0">
<BEGIN l="39" c="66"/>
<END l="43" c="0"/>
</B>
<B id="31" t="ppcelse" f="1" l="43" c="0">
<BEGIN l="43" c="60"/>
<END l="47" c="0"/>
</B>
<B id="32" t="ppcrmif" f="1" l="52" c="0">
<BEGIN l="52" c="18"/>
<END l="58" c="0"/>
</B>
<B id="33" t="ppcrmif" f="1" l="62" c="0">
<BEGIN l="62" c="33"/>
<END l="80" c="0"/>
</B>
<B id="34" t="ppcelse" f="1" l="80" c="0">
<BEGIN l="80" c="31"/>
<END l="93" c="0"/>
</B>
<B id="35" t="ppcrmif" f="1" l="96" c="0">
<BEGIN l="96" c="14"/>
<END l="106" c="0"/>
</B>
<B id="36" t="ppcif" f="13" l="3" c="0">
<BEGIN l="3" c="29"/>
<END l="348" c="0"/>
</B>
<B id="37" t="ppcif" f="13" l="61" c="0">
<BEGIN l="63" c="27"/>
<END l="66" c="0"/>
</B>
<B id="38" t="ppcrmif" f="13" l="165" c="0">
<BEGIN l="165" c="17"/>
<END l="206" c="0"/>
</B>
<B id="39" t="ppcrmif" f="13" l="209" c="0">
<BEGIN l="209" c="37"/>
<END l="211" c="0"/>
</B>
<B id="40" t="ppcrmif" f="13" l="213" c="0">
<BEGIN l="213" c="44"/>
<END l="321" c="0"/>
</B>
<B id="41" t="ppcif" f="13" l="323" c="0">
<BEGIN l="323" c="18"/>
<END l="346" c="0"/>
</B>
<B id="42" t="ppcrmif" f="13" l="326" c="0">
<BEGIN l="326" c="18"/>
<END l="328" c="0"/>
</B>
<B id="43" t="ppcrmif" f="13" l="329" c="0">
<BEGIN l="329" c="63"/>
<END l="331" c="0"/>
</B>
<B id="44" t="ppcrmif" f="13" l="332" c="0">
<BEGIN l="332" c="64"/>
<END l="334" c="0"/>
</B>
<B id="45" t="ppcrmif" f="13" l="335" c="0">
<BEGIN l="335" c="16"/>
<END l="340" c="0"/>
</B>
<B id="46" t="ppcif" f="13" l="343" c="0">
<BEGIN l="343" c="57"/>
<END l="345" c="0"/>
</B>
<B id="47" t="type" f="5" l="48" c="7">
<BEGIN l="48" c="22"/>
<END l="52" c="0"/>
</B>
<B id="48" t="ppcif" f="5" l="24" c="0">
<BEGIN l="24" c="23"/>
<END l="197" c="0"/>
</B>
<B id="49" t="ppcrmif" f="5" l="27" c="0">
<BEGIN l="27" c="35"/>
<END l="29" c="0"/>
</B>
<B id="50" t="ppcrmif" f="5" l="33" c="0">
<BEGIN l="33" c="19"/>
<END l="36" c="0"/>
</B>
<B id="51" t="ppcrmif" f="5" l="181" c="0">
<BEGIN l="181" c="19"/>
<END l="183" c="0"/>
</B>
<B id="52" t="ppcif" f="5" l="186" c="0">
<BEGIN l="186" c="26"/>
<END l="194" c="0"/>
</B>
<B id="53" t="ppcif" f="5" l="187" c="0">
<BEGIN l="187" c="25"/>
<END l="191" c="0"/>
</B>
<B id="54" t="ppcrmif" f="5" l="188" c="0">
<BEGIN l="188" c="37"/>
<END l="190" c="0"/>
</B>
<B id="55" t="ppcrmelse" f="5" l="191" c="0">
<BEGIN l="191" c="7"/>
<END l="193" c="0"/>
</B>
<B id="56" t="ppcif" f="14" l="24" c="0">
<BEGIN l="24" c="28"/>
<END l="71" c="0"/>
</B>
<B id="57" t="ppcrmif" f="14" l="27" c="0">
<BEGIN l="27" c="19"/>
<END l="30" c="0"/>
</B>
<B id="58" t="ppcif" f="14" l="38" c="0">
<BEGIN l="38" c="17"/>
<END l="40" c="0"/>
</B>
<B id="59" t="ppcif" f="14" l="42" c="0">
<BEGIN l="42" c="18"/>
<END l="44" c="0"/>
</B>
<B id="60" t="ppcif" f="14" l="46" c="0">
<BEGIN l="46" c="18"/>
<END l="48" c="0"/>
</B>
<B id="61" t="ppcif" f="14" l="50" c="0">
<BEGIN l="50" c="22"/>
<END l="52" c="0"/>
</B>
<B id="62" t="ppcrmif" f="14" l="55" c="0">
<BEGIN l="55" c="19"/>
<END l="57" c="0"/>
</B>
<B id="63" t="ppcif" f="14" l="60" c="0">
<BEGIN l="60" c="26"/>
<END l="68" c="0"/>
</B>
<B id="64" t="ppcif" f="14" l="61" c="0">
<BEGIN l="61" c="25"/>
<END l="65" c="0"/>
</B>
<B id="65" t="ppcrmif" f="14" l="62" c="0">
<BEGIN l="62" c="37"/>
<END l="64" c="0"/>
</B>
<B id="66" t="ppcrmelse" f="14" l="65" c="0">
<BEGIN l="65" c="7"/>
<END l="67" c="0"/>
</B>
<B id="67" t="ppcif" f="4" l="24" c="0">
<BEGIN l="24" c="19"/>
<END l="49" c="0"/>
</B>
<B id="68" t="ppcif" f="4" l="38" c="0">
<BEGIN l="38" c="26"/>
<END l="46" c="0"/>
</B>
<B id="69" t="ppcif" f="4" l="39" c="0">
<BEGIN l="39" c="25"/>
<END l="43" c="0"/>
</B>
<B id="70" t="ppcrmif" f="4" l="40" c="0">
<BEGIN l="40" c="37"/>
<END l="42" c="0"/>
</B>
<B id="71" t="ppcrmelse" f="4" l="43" c="0">
<BEGIN l="43" c="7"/>
<END l="45" c="0"/>
</B>
<B id="72" t="ppcif" f="15" l="25" c="0">
<BEGIN l="25" c="14"/>
<END l="95" c="0"/>
</B>
<B id="73" t="ppcrmif" f="15" l="41" c="0">
<BEGIN l="41" c="33"/>
<END l="43" c="0"/>
</B>
<B id="74" t="ppcrmif" f="15" l="45" c="0">
<BEGIN l="45" c="46"/>
<END l="47" c="0"/>
</B>
<B id="75" t="ppcrmif" f="15" l="49" c="0">
<BEGIN l="49" c="28"/>
<END l="51" c="0"/>
</B>
<B id="76" t="ppcif" f="15" l="84" c="0">
<BEGIN l="84" c="26"/>
<END l="92" c="0"/>
</B>
<B id="77" t="ppcrmif" f="15" l="85" c="0">
<BEGIN l="85" c="25"/>
<END l="89" c="0"/>
</B>
<B id="78" t="ppcelse" f="15" l="89" c="0">
<BEGIN l="89" c="7"/>
<END l="91" c="0"/>
</B>
<B id="79" t="type" f="3" l="135" c="0">
<BEGIN l="135" c="0"/>
<END l="141" c="0"/>
</B>
<B id="80" t="ppcif" f="3" l="56" c="0">
<BEGIN l="56" c="19"/>
<END l="154" c="0"/>
</B>
<B id="81" t="ppcif" f="3" l="122" c="0">
<BEGIN l="122" c="26"/>
<END l="126" c="0"/>
</B>
<B id="82" t="ppcif" f="2" l="43" c="0">
<BEGIN l="43" c="24"/>
<END l="150" c="0"/>
</B>
<B id="83" t="ppcif" f="2" l="81" c="0">
<BEGIN l="81" c="13"/>
<END l="83" c="0"/>
</B>
<B id="84" t="ppcif" f="2" l="85" c="0">
<BEGIN l="85" c="14"/>
<END l="87" c="0"/>
</B>
<B id="85" t="ppcrmif" f="2" l="119" c="0">
<BEGIN l="119" c="46"/>
<END l="125" c="0"/>
</B>
<B id="86" t="ppcelse" f="2" l="125" c="0">
<BEGIN l="125" c="6"/>
<END l="129" c="0"/>
</B>
<B id="87" t="ppcrmif" f="2" l="131" c="0">
<BEGIN l="131" c="46"/>
<END l="137" c="0"/>
</B>
<B id="88" t="ppcelse" f="2" l="137" c="0">
<BEGIN l="137" c="6"/>
<END l="140" c="0"/>
</B>
<B id="89" t="ppcif" f="16" l="43" c="0">
<BEGIN l="43" c="18"/>
<END l="202" c="0"/>
</B>
<B id="90" t="ppcif" f="16" l="88" c="0">
<BEGIN l="88" c="17"/>
<END l="90" c="0"/>
</B>
<B id="91" t="ppcif" f="17" l="19" c="0">
<BEGIN l="19" c="22"/>
<END l="23" c="0"/>
</B>
<B id="92" t="ppcif" f="18" l="19" c="0">
<BEGIN l="19" c="26"/>
<END l="23" c="0"/>
</B>
<B id="93" t="ppcif" f="19" l="24" c="0">
<BEGIN l="24" c="31"/>
<END l="39" c="0"/>
</B>
<B id="94" t="ppcif" f="19" l="28" c="0">
<BEGIN l="28" c="26"/>
<END l="36" c="0"/>
</B>
<B id="95" t="ppcif" f="19" l="29" c="0">
<BEGIN l="29" c="25"/>
<END l="33" c="0"/>
</B>
<B id="96" t="ppcrmif" f="19" l="30" c="0">
<BEGIN l="30" c="37"/>
<END l="32" c="0"/>
</B>
<B id="97" t="ppcrmelse" f="19" l="33" c="0">
<BEGIN l="33" c="7"/>
<END l="35" c="0"/>
</B>
<B id="98" t="ppcif" f="20" l="19" c="0">
<BEGIN l="19" c="16"/>
<END l="24" c="0"/>
</B>
<B id="99" t="ppcif" f="21" l="53" c="0">
<BEGIN l="53" c="30"/>
<END l="57" c="0"/>
</B>
<B id="100" t="ppcrmif" f="21" l="67" c="0">
<BEGIN l="67" c="43"/>
<END l="71" c="0"/>
</B>
<B id="101" t="ppcrmif" f="21" l="81" c="0">
<BEGIN l="81" c="48"/>
<END l="85" c="0"/>
</B>
<B id="102" t="ppcrmif" f="21" l="95" c="0">
<BEGIN l="95" c="46"/>
<END l="99" c="0"/>
</B>
<B id="103" t="ppcrmif" f="21" l="109" c="0">
<BEGIN l="109" c="51"/>
<END l="113" c="0"/>
</B>
<B id="104" t="ppcif" f="21" l="125" c="0">
<BEGIN l="125" c="29"/>
<END l="129" c="0"/>
</B>
<B id="105" t="ppcrmif" f="21" l="139" c="0">
<BEGIN l="139" c="42"/>
<END l="143" c="0"/>
</B>
<B id="106" t="ppcrmif" f="21" l="153" c="0">
<BEGIN l="153" c="47"/>
<END l="157" c="0"/>
</B>
<B id="107" t="ppcrmif" f="21" l="167" c="0">
<BEGIN l="167" c="45"/>
<END l="171" c="0"/>
</B>
<B id="108" t="ppcrmif" f="21" l="181" c="0">
<BEGIN l="181" c="50"/>
<END l="185" c="0"/>
</B>
<B id="109" t="ppcif" f="21" l="201" c="0">
<BEGIN l="201" c="25"/>
<END l="209" c="0"/>
</B>
<B id="110" t="ppcif" f="21" l="202" c="0">
<BEGIN l="202" c="24"/>
<END l="206" c="0"/>
</B>
<B id="111" t="ppcrmif" f="21" l="203" c="0">
<BEGIN l="203" c="36"/>
<END l="205" c="0"/>
</B>
<B id="112" t="ppcrmelse" f="21" l="206" c="0">
<BEGIN l="206" c="6"/>
<END l="208" c="0"/>
</B>
<B id="113" t="ppcif" f="22" l="24" c="0">
<BEGIN l="24" c="20"/>
<END l="221" c="0"/>
</B>
</Blocks>
</Navig>
