<?xml version="1.0" encoding="UTF-8"?>
<MISRA-C-Report-Summary>
<File Mode="required" Error="0" Warning="8" Total="8">
<Name>
C:\Component\ES999A_ElecGlbPrm_Impl\include\ElecGlbPrm.h</Name>
</File>
<File Mode="required" Error="0" Warning="5" Total="5">
<Name>
C:\Component\ES999A_ElecGlbPrm_Impl\include\ElecGlbPrm_MemMap.h</Name>
</File>
<File Mode="advisory" Error="0" Warning="1" Total="1">
<Name>
C:\Component\ES999A_ElecGlbPrm_Impl\src\ElecGlbPrm.c</Name>
</File>
<Rule Name="5.1" Count="8" Mode="required" Severity="warning">
<Message>
</Message>
</Rule>
<Rule Name="19.6" Count="4" Mode="required" Severity="warning">
<Message>
#undef shall not be used.</Message>
</Rule>
<Rule Name="19.1" Count="1" Mode="advisory" Severity="warning">
<Message>
#include statements in a file shall only be preceded by other preprocessor directives or comments.</Message>
</Rule>
<Rule Name="19.15" Count="1" Mode="required" Severity="warning">
<Message>
Precautions shall be taken in order to prevent the contents of a header file being included twice.</Message>
</Rule>
</MISRA-C-Report-Summary>
