<?xml version="1.0" encoding="UTF-8"?>

<MISRA-C-Report version="1.3">


<CodeStruct Name="" File="C:\Component\ES999A_ElecGlbPrm_Impl\include\ElecGlbPrm.h" Line="0" Column="0">

<Rule Name="5.1" Mode="required" Report="warning" Id="1">
<Loc File="C:\Component\ES999A_ElecGlbPrm_Impl\include\ElecGlbPrm.h" Line="42" Column="8">
</Loc>
<Message>
Identifiers "ELECGLBPRM_STRTUPSTCURRMEASWRMININTESTSTRT_CNT_U08" (ElecGlbPrm.h line 42 column 8) and "ELECGLBPRM_STRTUPSTCURRMEASWRMININTESTCMPL_CNT_U08" (ElecGlbPrm.h line 39 column 8) have the same first 38 characters.
</Message>
</Rule>

<Rule Name="5.1" Mode="required" Report="warning" Id="2">
<Loc File="C:\Component\ES999A_ElecGlbPrm_Impl\include\ElecGlbPrm.h" Line="63" Column="8">
</Loc>
<Message>
Identifiers "ELECGLBPRM_STRTUPSTPWRDISCNCTATESTCMPL_CNT_U08" (ElecGlbPrm.h line 60 column 8) and "ELECGLBPRM_STRTUPSTPWRDISCNCTATESTSTRT_CNT_U08" (ElecGlbPrm.h line 63 column 8) have the same first 34 characters.
</Message>
</Rule>

<Rule Name="5.1" Mode="required" Report="warning" Id="3">
<Loc File="C:\Component\ES999A_ElecGlbPrm_Impl\include\ElecGlbPrm.h" Line="69" Column="8">
</Loc>
<Message>
Identifiers "ELECGLBPRM_STRTUPSTPWRDISCNCTBTESTCMPL_CNT_U08" (ElecGlbPrm.h line 66 column 8) and "ELECGLBPRM_STRTUPSTPWRDISCNCTBTESTSTRT_CNT_U08" (ElecGlbPrm.h line 69 column 8) have the same first 34 characters.
</Message>
</Rule>

<Rule Name="5.1" Mode="required" Report="warning" Id="4">
<Loc File="C:\Component\ES999A_ElecGlbPrm_Impl\include\ElecGlbPrm.h" Line="78" Column="8">
</Loc>
<Message>
Identifiers "ELECGLBPRM_STRTUPSTTMPLMONININTESTSTRT_CNT_U08" (ElecGlbPrm.h line 78 column 8) and "ELECGLBPRM_STRTUPSTTMPLMONININTESTCMPL_CNT_U08" (ElecGlbPrm.h line 75 column 8) have the same first 34 characters.
</Message>
</Rule>

<Rule Name="5.1" Mode="required" Report="warning" Id="5">
<Loc File="C:\Component\ES999A_ElecGlbPrm_Impl\include\ElecGlbPrm.h" Line="105" Column="8">
</Loc>
<Message>
Identifiers "ELECGLBPRM_HWAGSPURTORINGGEARRATSNSR1_ULS_F32" (ElecGlbPrm.h line 105 column 8) and "ELECGLBPRM_HWAGSPURTORINGGEARRATSNSR0_ULS_F32" (ElecGlbPrm.h line 102 column 8) have the same first 36 characters.
</Message>
</Rule>

<Rule Name="5.1" Mode="required" Report="warning" Id="6">
<Loc File="C:\Component\ES999A_ElecGlbPrm_Impl\include\ElecGlbPrm.h" Line="162" Column="8">
</Loc>
<Message>
Identifiers "ELECGLBPRM_GATEDRVOFFSTCHKREGWR2COL_CNT_U08" (ElecGlbPrm.h line 162 column 8) and "ELECGLBPRM_GATEDRVOFFSTCHKREGWR1COL_CNT_U08" (ElecGlbPrm.h line 159 column 8) have the same first 31 characters.
</Message>
</Rule>

<Rule Name="5.1" Mode="required" Report="warning" Id="7">
<Loc File="C:\Component\ES999A_ElecGlbPrm_Impl\include\ElecGlbPrm.h" Line="180" Column="8">
</Loc>
<Message>
Identifiers "ELECGLBPRM_GATEDRVOFFSTCHKVRFYRES1COL_CNT_U08" (ElecGlbPrm.h line 180 column 8) and "ELECGLBPRM_GATEDRVOFFSTCHKVRFYRES0COL_CNT_U08" (ElecGlbPrm.h line 177 column 8) have the same first 33 characters.
</Message>
</Rule>

<Rule Name="5.1" Mode="required" Report="warning" Id="8">
<Loc File="C:\Component\ES999A_ElecGlbPrm_Impl\include\ElecGlbPrm.h" Line="195" Column="8">
</Loc>
<Message>
Identifiers "ELECGLBPRM_MOTCTRLINTRPTTRIGCFGB_CNT_U08" (ElecGlbPrm.h line 195 column 8) and "ELECGLBPRM_MOTCTRLINTRPTTRIGCFGA_CNT_U08" (ElecGlbPrm.h line 192 column 8) have the same first 31 characters.
</Message>
</Rule>

</CodeStruct>

<CodeStruct Name="" File="C:\Component\ES999A_ElecGlbPrm_Impl\include\ElecGlbPrm_MemMap.h" Line="0" Column="0">

<Rule Name="19.15" Mode="required" Report="warning" Id="9">
<Loc File="C:\Component\ES999A_ElecGlbPrm_Impl\include\ElecGlbPrm_MemMap.h" Line="1" Column="0">
</Loc>
<Message>
Precautions shall be taken in order to prevent the contents of a header file being included twice.
</Message>
</Rule>

<Rule Name="19.6" Mode="required" Report="warning" Id="10">
<Loc File="C:\Component\ES999A_ElecGlbPrm_Impl\include\ElecGlbPrm_MemMap.h" Line="29" Column="0">
</Loc>
<Message>
#undef shall not be used.
</Message>
</Rule>

<Rule Name="19.6" Mode="required" Report="warning" Id="11">
<Loc File="C:\Component\ES999A_ElecGlbPrm_Impl\include\ElecGlbPrm_MemMap.h" Line="30" Column="0">
</Loc>
<Message>
#undef shall not be used.
</Message>
</Rule>

<Rule Name="19.6" Mode="required" Report="warning" Id="12">
<Loc File="C:\Component\ES999A_ElecGlbPrm_Impl\include\ElecGlbPrm_MemMap.h" Line="35" Column="0">
</Loc>
<Message>
#undef shall not be used.
</Message>
</Rule>

<Rule Name="19.6" Mode="required" Report="warning" Id="13">
<Loc File="C:\Component\ES999A_ElecGlbPrm_Impl\include\ElecGlbPrm_MemMap.h" Line="36" Column="0">
</Loc>
<Message>
#undef shall not be used.
</Message>
</Rule>

</CodeStruct>

<CodeStruct Name="" File="C:\Component\ES999A_ElecGlbPrm_Impl\src\ElecGlbPrm.c" Line="0" Column="0">

<Rule Name="19.1" Mode="advisory" Report="warning" Id="14">
<Loc File="C:\Component\ES999A_ElecGlbPrm_Impl\src\ElecGlbPrm.c" Line="58" Column="0">
</Loc>
<Message>
#include statements in a file shall only be preceded by other preprocessor directives or comments.
</Message>
</Rule>

</CodeStruct>

</MISRA-C-Report>
