<?xml version="1.0" encoding="UTF-8"?>

<project name="Polyspace" files="1" includes="22" ap_cg_cycle="0" ap_cg_direct_cycle="0" pshv="0" unpshv="0">
<file name="C:\Component\AR350A_ImcArbn_Impl\src\ImcArbn.c" total_lines="3563" lines_without_cmt="1265" comf="66" fco="84">
<function name="NoDataRxd" path="2" goto="0" vg="2" calling="1" calls="0" param="2" stmt="4" level="1" return="1" vocf="2.5" flin="13" fxln="5" ncalls="0">
</function>
<function name="GetImcFltParamByte" path="16" goto="0" vg="5" calling="1" calls="1" param="0" stmt="10" level="1" return="1" vocf="14.8" flin="38" fxln="17" ncalls="12">
</function>
<function name="GetImcSigSts" path="4" goto="0" vg="4" calling="8" calls="0" param="1" stmt="10" level="1" return="1" vocf="3.7" flin="26" fxln="18" ncalls="0">
</function>
<function name="GetBitMask" path="1" goto="0" vg="1" calling="2" calls="0" param="1" stmt="2" level="1" return="1" vocf="2.4" flin="8" fxln="2" ncalls="0">
</function>
<function name="DecodSigGroupData" path="2" goto="0" vg="2" calling="1" calls="3" param="4" stmt="8" level="1" return="0" vocf="3.9" flin="20" fxln="8" ncalls="3">
</function>
<function name="CreatSigGroupData" path="2" goto="0" vg="2" calling="1" calls="1" param="1" stmt="5" level="1" return="1" vocf="2.6" flin="13" fxln="4" ncalls="1">
</function>
<function name="RollgCntrSeqChk" path="4" goto="0" vg="3" calling="1" calls="0" param="4" stmt="13" level="1" return="1" vocf="4.2" flin="33" fxln="10" ncalls="0">
</function>
<function name="VldtRollgCntrAlg" path="11" goto="0" vg="8" calling="1" calls="1" param="4" stmt="21" level="4" return="1" vocf="8.4" flin="91" fxln="34" ncalls="3">
</function>
<function name="VldtRollgCntr" path="3" goto="0" vg="3" calling="1" calls="1" param="4" stmt="12" level="2" return="1" vocf="6.7" flin="35" fxln="17" ncalls="1">
</function>
<function name="ImcChResyncHndlg" path="16" goto="0" vg="7" calling="1" calls="0" param="3" stmt="22" level="3" return="0" vocf="13.6" flin="83" fxln="26" ncalls="0">
</function>
<function name="RxFrmVldChk" path="34" goto="0" vg="15" calling="1" calls="4" param="7" stmt="38" level="5" return="1" vocf="10.9" flin="121" fxln="43" ncalls="5">
</function>
<function name="EvlSigGroupNeverRxdMissSts" path="3" goto="0" vg="3" calling="1" calls="0" param="2" stmt="8" level="2" return="1" vocf="4.5" flin="31" fxln="10" ncalls="0">
</function>
<function name="OvrdSigStsDurgStrtUp" path="3" goto="0" vg="3" calling="1" calls="0" param="2" stmt="3" level="2" return="0" vocf="2.1" flin="10" fxln="3" ncalls="0">
</function>
<function name="NoDataHndlg" path="6" goto="0" vg="4" calling="1" calls="1" param="6" stmt="12" level="2" return="0" vocf="5.2" flin="31" fxln="13" ncalls="1">
</function>
<function name="ImcArbnRx" path="161" goto="0" vg="12" calling="3" calls="7" param="3" stmt="57" level="4" return="0" vocf="11.0" flin="194" fxln="83" ncalls="10">
</function>
<function name="ImcArbnTx" path="6" goto="0" vg="4" calling="3" calls="4" param="1" stmt="20" level="2" return="0" vocf="6.5" flin="55" fxln="20" ncalls="4">
</function>
<function name="SetRxSigGroup_Oper" path="6" goto="0" vg="6" calling="0" calls="3" param="3" stmt="21" level="3" return="1" vocf="4.9" flin="62" fxln="25" ncalls="6">
</function>
<function name="ImcArbnPer6" path="9" goto="0" vg="5" calling="0" calls="7" param="0" stmt="11" level="2" return="0" vocf="3.8" flin="51" fxln="12" ncalls="9">
</function>
<function name="ImcArbnPer5" path="1" goto="0" vg="1" calling="0" calls="2" param="0" stmt="2" level="1" return="0" vocf="2.2" flin="19" fxln="2" ncalls="2">
</function>
<function name="ImcArbnPer4" path="1" goto="0" vg="1" calling="0" calls="2" param="0" stmt="2" level="1" return="0" vocf="2.2" flin="21" fxln="2" ncalls="2">
</function>
<function name="ImcArbnPer3" path="1" goto="0" vg="1" calling="0" calls="1" param="0" stmt="1" level="1" return="0" vocf="1.6" flin="12" fxln="1" ncalls="1">
</function>
<function name="ImcArbnPer2" path="1" goto="0" vg="1" calling="0" calls="1" param="0" stmt="1" level="1" return="0" vocf="1.6" flin="12" fxln="1" ncalls="1">
</function>
<function name="ImcArbnPer1" path="1" goto="0" vg="1" calling="0" calls="1" param="0" stmt="1" level="1" return="0" vocf="1.6" flin="13" fxln="1" ncalls="1">
</function>
<function name="ImcArbnInit1" path="4" goto="0" vg="3" calling="0" calls="1" param="0" stmt="9" level="1" return="0" vocf="5.0" flin="27" fxln="9" ncalls="1">
</function>
<function name="GetTxSigGroup_Oper" path="3" goto="0" vg="3" calling="0" calls="3" param="2" stmt="9" level="2" return="1" vocf="3.3" flin="33" fxln="10" ncalls="3">
</function>
<function name="GetTxRateGroup_Oper" path="4" goto="0" vg="4" calling="0" calls="3" param="2" stmt="10" level="3" return="1" vocf="4.5" flin="40" fxln="14" ncalls="3">
</function>
<function name="GetSigImcData_u32_Oper" path="2" goto="0" vg="2" calling="0" calls="4" param="3" stmt="9" level="1" return="1" vocf="3.4" flin="32" fxln="12" ncalls="4">
</function>
<function name="GetSigImcData_u16_Oper" path="2" goto="0" vg="2" calling="0" calls="4" param="3" stmt="9" level="1" return="1" vocf="3.5" flin="32" fxln="12" ncalls="4">
</function>
<function name="GetSigImcData_u08_Oper" path="2" goto="0" vg="2" calling="0" calls="4" param="3" stmt="9" level="1" return="1" vocf="3.4" flin="30" fxln="12" ncalls="4">
</function>
<function name="GetSigImcData_s32_Oper" path="2" goto="0" vg="2" calling="0" calls="4" param="3" stmt="9" level="1" return="1" vocf="3.4" flin="32" fxln="12" ncalls="4">
</function>
<function name="GetSigImcData_s16_Oper" path="2" goto="0" vg="2" calling="0" calls="4" param="3" stmt="9" level="1" return="1" vocf="3.4" flin="31" fxln="12" ncalls="4">
</function>
<function name="GetSigImcData_s08_Oper" path="2" goto="0" vg="2" calling="0" calls="4" param="3" stmt="9" level="1" return="1" vocf="3.4" flin="31" fxln="12" ncalls="4">
</function>
<function name="GetSigImcData_logl_Oper" path="2" goto="0" vg="2" calling="0" calls="4" param="3" stmt="9" level="1" return="1" vocf="3.4" flin="31" fxln="12" ncalls="4">
</function>
<function name="GetSigImcData_f32_Oper" path="2" goto="0" vg="2" calling="0" calls="4" param="3" stmt="9" level="1" return="1" vocf="3.5" flin="32" fxln="12" ncalls="4">
</function>
<function name="GetSigImcDataExtdSts_u32_Oper" path="2" goto="0" vg="2" calling="0" calls="3" param="4" stmt="10" level="1" return="1" vocf="3.9" flin="33" fxln="14" ncalls="3">
</function>
<function name="GetSigImcDataExtdSts_u16_Oper" path="2" goto="0" vg="2" calling="0" calls="3" param="4" stmt="10" level="1" return="1" vocf="4.0" flin="32" fxln="14" ncalls="3">
</function>
<function name="GetSigImcDataExtdSts_u08_Oper" path="2" goto="0" vg="2" calling="0" calls="3" param="4" stmt="10" level="1" return="1" vocf="3.9" flin="33" fxln="14" ncalls="3">
</function>
<function name="GetSigImcDataExtdSts_s32_Oper" path="2" goto="0" vg="2" calling="0" calls="3" param="4" stmt="10" level="1" return="1" vocf="3.9" flin="34" fxln="14" ncalls="3">
</function>
<function name="GetSigImcDataExtdSts_s16_Oper" path="2" goto="0" vg="2" calling="0" calls="3" param="4" stmt="10" level="1" return="1" vocf="3.9" flin="34" fxln="14" ncalls="3">
</function>
<function name="GetSigImcDataExtdSts_s08_Oper" path="2" goto="0" vg="2" calling="0" calls="3" param="4" stmt="10" level="1" return="1" vocf="3.9" flin="32" fxln="14" ncalls="3">
</function>
<function name="GetSigImcDataExtdSts_logl_Oper" path="2" goto="0" vg="2" calling="0" calls="3" param="4" stmt="10" level="1" return="1" vocf="3.9" flin="32" fxln="14" ncalls="3">
</function>
<function name="GetSigImcDataExtdSts_f32_Oper" path="2" goto="0" vg="2" calling="0" calls="3" param="4" stmt="10" level="1" return="1" vocf="4.0" flin="32" fxln="14" ncalls="3">
</function>
</file>
</project>
