<?xml version="1.0" encoding="UTF-8"?>

<MISRA-C-Report version="1.3">


<CodeStruct Name="" File="C:\Component\AR350A_ImcArbn_Impl\src\ImcArbn.c" Line="0" Column="0">

<Rule Name="19.1" Mode="advisory" Report="warning" Id="1">
<Loc File="C:\Component\AR350A_ImcArbn_Impl\src\ImcArbn.c" Line="851" Column="0">
</Loc>
<Message>
#include statements in a file shall only be preceded by other preprocessor directives or comments.
</Message>
</Rule>

<Rule Name="19.1" Mode="advisory" Report="warning" Id="2">
<Loc File="C:\Component\AR350A_ImcArbn_Impl\src\ImcArbn.c" Line="2539" Column="0">
</Loc>
<Message>
#include statements in a file shall only be preceded by other preprocessor directives or comments.
</Message>
</Rule>

</CodeStruct>

<CodeStruct Name="OvrdSigStsDurgStrtUp" File="C:\Component\AR350A_ImcArbn_Impl\src\ImcArbn.c" Line="2872" Column="13">

<Rule Name="21.1" Mode="required" Report="warning" Id="6">
<Loc File="C:\Component\AR350A_ImcArbn_Impl\src\ImcArbn.c" Line="2881" Column="13">
</Loc>
<Message>
Minimisation of run-time failures.
</Message>
</Rule>

<Rule Name="21.1" Mode="required" Report="warning" Id="7">
<Loc File="C:\Component\AR350A_ImcArbn_Impl\src\ImcArbn.c" Line="2881" Column="94">
</Loc>
<Message>
Minimisation of run-time failures.
</Message>
</Rule>

<Rule Name="21.1" Mode="required" Report="warning" Id="8">
<Loc File="C:\Component\AR350A_ImcArbn_Impl\src\ImcArbn.c" Line="2881" Column="140">
</Loc>
<Message>
Minimisation of run-time failures.
</Message>
</Rule>

</CodeStruct>

<CodeStruct Name="GetSigImcData_u08_Oper" File="C:\Component\AR350A_ImcArbn_Impl\src\ImcArbn.c" Line="1772" Column="15">

<Rule Name="21.1" Mode="required" Report="warning" Id="3">
<Loc File="C:\Component\AR350A_ImcArbn_Impl\src\ImcArbn.c" Line="1787" Column="28">
</Loc>
<Message>
Minimisation of run-time failures.
</Message>
</Rule>

<Rule Name="21.1" Mode="required" Report="warning" Id="4">
<Loc File="C:\Component\AR350A_ImcArbn_Impl\src\ImcArbn.c" Line="1787" Column="69">
</Loc>
<Message>
Minimisation of run-time failures.
</Message>
</Rule>

<Rule Name="21.1" Mode="required" Report="warning" Id="5">
<Loc File="C:\Component\AR350A_ImcArbn_Impl\src\ImcArbn.c" Line="1788" Column="33">
</Loc>
<Message>
Minimisation of run-time failures.
</Message>
</Rule>

</CodeStruct>

<CodeStruct Name="ImcArbnPer4" File="C:\Component\AR350A_ImcArbn_Impl\src\ImcArbn.c" Line="2266" Column="5">

<Rule Name="21.1" Mode="required" Report="warning" Id="9">
<Loc File="C:\Component\AR350A_ImcArbn_Impl\src\ImcArbn.c" Line="2280" Column="60">
</Loc>
<Message>
Minimisation of run-time failures.
</Message>
</Rule>

</CodeStruct>

<CodeStruct Name="SetRxSigGroup_Oper" File="C:\Component\AR350A_ImcArbn_Impl\src\ImcArbn.c" Line="2468" Column="15">

<Rule Name="21.1" Mode="required" Report="warning" Id="18">
<Loc File="C:\Component\AR350A_ImcArbn_Impl\src\ImcArbn.c" Line="2484" Column="9">
</Loc>
<Message>
Minimisation of run-time failures.
</Message>
</Rule>

<Rule Name="21.1" Mode="required" Report="warning" Id="19">
<Loc File="C:\Component\AR350A_ImcArbn_Impl\src\ImcArbn.c" Line="2484" Column="51">
</Loc>
<Message>
Minimisation of run-time failures.
</Message>
</Rule>

<Rule Name="21.1" Mode="required" Report="warning" Id="20">
<Loc File="C:\Component\AR350A_ImcArbn_Impl\src\ImcArbn.c" Line="2493" Column="21">
</Loc>
<Message>
Minimisation of run-time failures.
</Message>
</Rule>

<Rule Name="21.1" Mode="required" Report="warning" Id="21">
<Loc File="C:\Component\AR350A_ImcArbn_Impl\src\ImcArbn.c" Line="2505" Column="21">
</Loc>
<Message>
Minimisation of run-time failures.
</Message>
</Rule>

</CodeStruct>

<CodeStruct Name="ImcArbnInit1" File="C:\Component\AR350A_ImcArbn_Impl\src\ImcArbn.c" Line="2106" Column="5">

<Rule Name="21.1" Mode="required" Report="warning" Id="10">
<Loc File="C:\Component\AR350A_ImcArbn_Impl\src\ImcArbn.c" Line="2116" Column="73">
</Loc>
<Message>
Minimisation of run-time failures.
</Message>
</Rule>

<Rule Name="21.1" Mode="required" Report="warning" Id="11">
<Loc File="C:\Component\AR350A_ImcArbn_Impl\src\ImcArbn.c" Line="2121" Column="9">
</Loc>
<Message>
Minimisation of run-time failures.
</Message>
</Rule>

<Rule Name="21.1" Mode="required" Report="warning" Id="12">
<Loc File="C:\Component\AR350A_ImcArbn_Impl\src\ImcArbn.c" Line="2122" Column="9">
</Loc>
<Message>
Minimisation of run-time failures.
</Message>
</Rule>

<Rule Name="21.1" Mode="required" Report="warning" Id="13">
<Loc File="C:\Component\AR350A_ImcArbn_Impl\src\ImcArbn.c" Line="2123" Column="9">
</Loc>
<Message>
Minimisation of run-time failures.
</Message>
</Rule>

<Rule Name="21.1" Mode="required" Report="warning" Id="14">
<Loc File="C:\Component\AR350A_ImcArbn_Impl\src\ImcArbn.c" Line="2124" Column="9">
</Loc>
<Message>
Minimisation of run-time failures.
</Message>
</Rule>

<Rule Name="21.1" Mode="required" Report="warning" Id="15">
<Loc File="C:\Component\AR350A_ImcArbn_Impl\src\ImcArbn.c" Line="2129" Column="9">
</Loc>
<Message>
Minimisation of run-time failures.
</Message>
</Rule>

<Rule Name="21.1" Mode="required" Report="warning" Id="16">
<Loc File="C:\Component\AR350A_ImcArbn_Impl\src\ImcArbn.c" Line="2130" Column="9">
</Loc>
<Message>
Minimisation of run-time failures.
</Message>
</Rule>

<Rule Name="21.1" Mode="required" Report="warning" Id="17">
<Loc File="C:\Component\AR350A_ImcArbn_Impl\src\ImcArbn.c" Line="2130" Column="86">
</Loc>
<Message>
Minimisation of run-time failures.
</Message>
</Rule>

</CodeStruct>

<CodeStruct Name="DecodSigGroupData" File="C:\Component\AR350A_ImcArbn_Impl\src\ImcArbn.c" Line="3395" Column="13">

<Rule Name="21.1" Mode="required" Report="warning" Id="35">
<Loc File="C:\Component\AR350A_ImcArbn_Impl\src\ImcArbn.c" Line="3406" Column="96">
</Loc>
<Message>
Minimisation of run-time failures.
</Message>
</Rule>

<Rule Name="21.1" Mode="required" Report="warning" Id="36">
<Loc File="C:\Component\AR350A_ImcArbn_Impl\src\ImcArbn.c" Line="3406" Column="131">
</Loc>
<Message>
Minimisation of run-time failures.
</Message>
</Rule>

<Rule Name="21.1" Mode="required" Report="warning" Id="37">
<Loc File="C:\Component\AR350A_ImcArbn_Impl\src\ImcArbn.c" Line="3412" Column="9">
</Loc>
<Message>
Minimisation of run-time failures.
</Message>
</Rule>

<Rule Name="21.1" Mode="required" Report="warning" Id="38">
<Loc File="C:\Component\AR350A_ImcArbn_Impl\src\ImcArbn.c" Line="3412" Column="69">
</Loc>
<Message>
Minimisation of run-time failures.
</Message>
</Rule>

<Rule Name="21.1" Mode="required" Report="warning" Id="39">
<Loc File="C:\Component\AR350A_ImcArbn_Impl\src\ImcArbn.c" Line="3414" Column="9">
</Loc>
<Message>
Minimisation of run-time failures.
</Message>
</Rule>

<Rule Name="21.1" Mode="required" Report="warning" Id="40">
<Loc File="C:\Component\AR350A_ImcArbn_Impl\src\ImcArbn.c" Line="3416" Column="9">
</Loc>
<Message>
Minimisation of run-time failures.
</Message>
</Rule>

<Rule Name="21.1" Mode="required" Report="warning" Id="41">
<Loc File="C:\Component\AR350A_ImcArbn_Impl\src\ImcArbn.c" Line="3416" Column="86">
</Loc>
<Message>
Minimisation of run-time failures.
</Message>
</Rule>

</CodeStruct>

<CodeStruct Name="NoDataHndlg" File="C:\Component\AR350A_ImcArbn_Impl\src\ImcArbn.c" Line="2825" Column="12">

<Rule Name="21.1" Mode="required" Report="warning" Id="25">
<Loc File="C:\Component\AR350A_ImcArbn_Impl\src\ImcArbn.c" Line="2842" Column="100">
</Loc>
<Message>
Minimisation of run-time failures.
</Message>
</Rule>

<Rule Name="21.1" Mode="required" Report="warning" Id="26">
<Loc File="C:\Component\AR350A_ImcArbn_Impl\src\ImcArbn.c" Line="2844" Column="9">
</Loc>
<Message>
Minimisation of run-time failures.
</Message>
</Rule>

<Rule Name="21.1" Mode="required" Report="warning" Id="27">
<Loc File="C:\Component\AR350A_ImcArbn_Impl\src\ImcArbn.c" Line="2845" Column="9">
</Loc>
<Message>
Minimisation of run-time failures.
</Message>
</Rule>

<Rule Name="21.1" Mode="required" Report="warning" Id="28">
<Loc File="C:\Component\AR350A_ImcArbn_Impl\src\ImcArbn.c" Line="2846" Column="9">
</Loc>
<Message>
Minimisation of run-time failures.
</Message>
</Rule>

<Rule Name="21.1" Mode="required" Report="warning" Id="29">
<Loc File="C:\Component\AR350A_ImcArbn_Impl\src\ImcArbn.c" Line="2847" Column="9">
</Loc>
<Message>
Minimisation of run-time failures.
</Message>
</Rule>

<Rule Name="21.1" Mode="required" Report="warning" Id="30">
<Loc File="C:\Component\AR350A_ImcArbn_Impl\src\ImcArbn.c" Line="2848" Column="9">
</Loc>
<Message>
Minimisation of run-time failures.
</Message>
</Rule>

<Rule Name="21.1" Mode="required" Report="warning" Id="31">
<Loc File="C:\Component\AR350A_ImcArbn_Impl\src\ImcArbn.c" Line="2849" Column="9">
</Loc>
<Message>
Minimisation of run-time failures.
</Message>
</Rule>

<Rule Name="21.1" Mode="required" Report="warning" Id="32">
<Loc File="C:\Component\AR350A_ImcArbn_Impl\src\ImcArbn.c" Line="2859" Column="13">
</Loc>
<Message>
Minimisation of run-time failures.
</Message>
</Rule>

<Rule Name="21.1" Mode="required" Report="warning" Id="33">
<Loc File="C:\Component\AR350A_ImcArbn_Impl\src\ImcArbn.c" Line="2859" Column="94">
</Loc>
<Message>
Minimisation of run-time failures.
</Message>
</Rule>

<Rule Name="21.1" Mode="required" Report="warning" Id="34">
<Loc File="C:\Component\AR350A_ImcArbn_Impl\src\ImcArbn.c" Line="2859" Column="140">
</Loc>
<Message>
Minimisation of run-time failures.
</Message>
</Rule>

</CodeStruct>

<CodeStruct Name="GetSigImcData_s32_Oper" File="C:\Component\AR350A_ImcArbn_Impl\src\ImcArbn.c" Line="1704" Column="15">

<Rule Name="21.1" Mode="required" Report="warning" Id="22">
<Loc File="C:\Component\AR350A_ImcArbn_Impl\src\ImcArbn.c" Line="1720" Column="29">
</Loc>
<Message>
Minimisation of run-time failures.
</Message>
</Rule>

<Rule Name="21.1" Mode="required" Report="warning" Id="23">
<Loc File="C:\Component\AR350A_ImcArbn_Impl\src\ImcArbn.c" Line="1720" Column="70">
</Loc>
<Message>
Minimisation of run-time failures.
</Message>
</Rule>

<Rule Name="21.1" Mode="required" Report="warning" Id="24">
<Loc File="C:\Component\AR350A_ImcArbn_Impl\src\ImcArbn.c" Line="1721" Column="33">
</Loc>
<Message>
Minimisation of run-time failures.
</Message>
</Rule>

</CodeStruct>

<CodeStruct Name="GetSigImcDataExtdSts_u08_Oper" File="C:\Component\AR350A_ImcArbn_Impl\src\ImcArbn.c" Line="1229" Column="15">

<Rule Name="21.1" Mode="required" Report="warning" Id="47">
<Loc File="C:\Component\AR350A_ImcArbn_Impl\src\ImcArbn.c" Line="1245" Column="28">
</Loc>
<Message>
Minimisation of run-time failures.
</Message>
</Rule>

<Rule Name="21.1" Mode="required" Report="warning" Id="48">
<Loc File="C:\Component\AR350A_ImcArbn_Impl\src\ImcArbn.c" Line="1245" Column="69">
</Loc>
<Message>
Minimisation of run-time failures.
</Message>
</Rule>

<Rule Name="21.1" Mode="required" Report="warning" Id="49">
<Loc File="C:\Component\AR350A_ImcArbn_Impl\src\ImcArbn.c" Line="1246" Column="20">
</Loc>
<Message>
Minimisation of run-time failures.
</Message>
</Rule>

<Rule Name="21.1" Mode="required" Report="warning" Id="50">
<Loc File="C:\Component\AR350A_ImcArbn_Impl\src\ImcArbn.c" Line="1247" Column="24">
</Loc>
<Message>
Minimisation of run-time failures.
</Message>
</Rule>

<Rule Name="21.1" Mode="required" Report="warning" Id="51">
<Loc File="C:\Component\AR350A_ImcArbn_Impl\src\ImcArbn.c" Line="1247" Column="101">
</Loc>
<Message>
Minimisation of run-time failures.
</Message>
</Rule>

</CodeStruct>

<CodeStruct Name="GetSigImcDataExtdSts_logl_Oper" File="C:\Component\AR350A_ImcArbn_Impl\src\ImcArbn.c" Line="953" Column="15">

<Rule Name="21.1" Mode="required" Report="warning" Id="42">
<Loc File="C:\Component\AR350A_ImcArbn_Impl\src\ImcArbn.c" Line="968" Column="30">
</Loc>
<Message>
Minimisation of run-time failures.
</Message>
</Rule>

<Rule Name="21.1" Mode="required" Report="warning" Id="43">
<Loc File="C:\Component\AR350A_ImcArbn_Impl\src\ImcArbn.c" Line="968" Column="71">
</Loc>
<Message>
Minimisation of run-time failures.
</Message>
</Rule>

<Rule Name="21.1" Mode="required" Report="warning" Id="44">
<Loc File="C:\Component\AR350A_ImcArbn_Impl\src\ImcArbn.c" Line="969" Column="20">
</Loc>
<Message>
Minimisation of run-time failures.
</Message>
</Rule>

<Rule Name="21.1" Mode="required" Report="warning" Id="45">
<Loc File="C:\Component\AR350A_ImcArbn_Impl\src\ImcArbn.c" Line="970" Column="24">
</Loc>
<Message>
Minimisation of run-time failures.
</Message>
</Rule>

<Rule Name="21.1" Mode="required" Report="warning" Id="46">
<Loc File="C:\Component\AR350A_ImcArbn_Impl\src\ImcArbn.c" Line="970" Column="101">
</Loc>
<Message>
Minimisation of run-time failures.
</Message>
</Rule>

</CodeStruct>

<CodeStruct Name="ImcArbnTx" File="C:\Component\AR350A_ImcArbn_Impl\src\ImcArbn.c" Line="2552" Column="12">

<Rule Name="21.1" Mode="required" Report="warning" Id="57">
<Loc File="C:\Component\AR350A_ImcArbn_Impl\src\ImcArbn.c" Line="2562" Column="9">
</Loc>
<Message>
Minimisation of run-time failures.
</Message>
</Rule>

<Rule Name="21.1" Mode="required" Report="warning" Id="58">
<Loc File="C:\Component\AR350A_ImcArbn_Impl\src\ImcArbn.c" Line="2562" Column="42">
</Loc>
<Message>
Minimisation of run-time failures.
</Message>
</Rule>

<Rule Name="21.1" Mode="required" Report="warning" Id="59">
<Loc File="C:\Component\AR350A_ImcArbn_Impl\src\ImcArbn.c" Line="2572" Column="27">
</Loc>
<Message>
Minimisation of run-time failures.
</Message>
</Rule>

<Rule Name="21.1" Mode="required" Report="warning" Id="60">
<Loc File="C:\Component\AR350A_ImcArbn_Impl\src\ImcArbn.c" Line="2604" Column="13">
</Loc>
<Message>
Minimisation of run-time failures.
</Message>
</Rule>

</CodeStruct>

<CodeStruct Name="GetSigImcDataExtdSts_u16_Oper" File="C:\Component\AR350A_ImcArbn_Impl\src\ImcArbn.c" Line="1298" Column="15">

<Rule Name="21.1" Mode="required" Report="warning" Id="52">
<Loc File="C:\Component\AR350A_ImcArbn_Impl\src\ImcArbn.c" Line="1313" Column="29">
</Loc>
<Message>
Minimisation of run-time failures.
</Message>
</Rule>

<Rule Name="21.1" Mode="required" Report="warning" Id="53">
<Loc File="C:\Component\AR350A_ImcArbn_Impl\src\ImcArbn.c" Line="1313" Column="70">
</Loc>
<Message>
Minimisation of run-time failures.
</Message>
</Rule>

<Rule Name="21.1" Mode="required" Report="warning" Id="54">
<Loc File="C:\Component\AR350A_ImcArbn_Impl\src\ImcArbn.c" Line="1314" Column="20">
</Loc>
<Message>
Minimisation of run-time failures.
</Message>
</Rule>

<Rule Name="21.1" Mode="required" Report="warning" Id="55">
<Loc File="C:\Component\AR350A_ImcArbn_Impl\src\ImcArbn.c" Line="1315" Column="24">
</Loc>
<Message>
Minimisation of run-time failures.
</Message>
</Rule>

<Rule Name="21.1" Mode="required" Report="warning" Id="56">
<Loc File="C:\Component\AR350A_ImcArbn_Impl\src\ImcArbn.c" Line="1315" Column="101">
</Loc>
<Message>
Minimisation of run-time failures.
</Message>
</Rule>

</CodeStruct>

<CodeStruct Name="GetSigImcData_s16_Oper" File="C:\Component\AR350A_ImcArbn_Impl\src\ImcArbn.c" Line="1637" Column="15">

<Rule Name="21.1" Mode="required" Report="warning" Id="61">
<Loc File="C:\Component\AR350A_ImcArbn_Impl\src\ImcArbn.c" Line="1652" Column="29">
</Loc>
<Message>
Minimisation of run-time failures.
</Message>
</Rule>

<Rule Name="21.1" Mode="required" Report="warning" Id="62">
<Loc File="C:\Component\AR350A_ImcArbn_Impl\src\ImcArbn.c" Line="1652" Column="70">
</Loc>
<Message>
Minimisation of run-time failures.
</Message>
</Rule>

<Rule Name="21.1" Mode="required" Report="warning" Id="63">
<Loc File="C:\Component\AR350A_ImcArbn_Impl\src\ImcArbn.c" Line="1653" Column="33">
</Loc>
<Message>
Minimisation of run-time failures.
</Message>
</Rule>

</CodeStruct>

<CodeStruct Name="CreatSigGroupData" File="C:\Component\AR350A_ImcArbn_Impl\src\ImcArbn.c" Line="3372" Column="14">

<Rule Name="21.1" Mode="required" Report="warning" Id="72">
<Loc File="C:\Component\AR350A_ImcArbn_Impl\src\ImcArbn.c" Line="3381" Column="49">
</Loc>
<Message>
Minimisation of run-time failures.
</Message>
</Rule>

<Rule Name="21.1" Mode="required" Report="warning" Id="73">
<Loc File="C:\Component\AR350A_ImcArbn_Impl\src\ImcArbn.c" Line="3383" Column="121">
</Loc>
<Message>
Minimisation of run-time failures.
</Message>
</Rule>

</CodeStruct>

<CodeStruct Name="VldtRollgCntrAlg" File="C:\Component\AR350A_ImcArbn_Impl\src\ImcArbn.c" Line="3220" Column="30">

<Rule Name="21.1" Mode="required" Report="warning" Id="69">
<Loc File="C:\Component\AR350A_ImcArbn_Impl\src\ImcArbn.c" Line="3231" Column="36">
</Loc>
<Message>
Minimisation of run-time failures.
</Message>
</Rule>

<Rule Name="21.1" Mode="required" Report="warning" Id="70">
<Loc File="C:\Component\AR350A_ImcArbn_Impl\src\ImcArbn.c" Line="3231" Column="125">
</Loc>
<Message>
Minimisation of run-time failures.
</Message>
</Rule>

<Rule Name="21.1" Mode="required" Report="warning" Id="71">
<Loc File="C:\Component\AR350A_ImcArbn_Impl\src\ImcArbn.c" Line="3234" Column="9">
</Loc>
<Message>
Minimisation of run-time failures.
</Message>
</Rule>

</CodeStruct>

<CodeStruct Name="GetSigImcDataExtdSts_u32_Oper" File="C:\Component\AR350A_ImcArbn_Impl\src\ImcArbn.c" Line="1366" Column="15">

<Rule Name="21.1" Mode="required" Report="warning" Id="64">
<Loc File="C:\Component\AR350A_ImcArbn_Impl\src\ImcArbn.c" Line="1382" Column="29">
</Loc>
<Message>
Minimisation of run-time failures.
</Message>
</Rule>

<Rule Name="21.1" Mode="required" Report="warning" Id="65">
<Loc File="C:\Component\AR350A_ImcArbn_Impl\src\ImcArbn.c" Line="1382" Column="70">
</Loc>
<Message>
Minimisation of run-time failures.
</Message>
</Rule>

<Rule Name="21.1" Mode="required" Report="warning" Id="66">
<Loc File="C:\Component\AR350A_ImcArbn_Impl\src\ImcArbn.c" Line="1383" Column="20">
</Loc>
<Message>
Minimisation of run-time failures.
</Message>
</Rule>

<Rule Name="21.1" Mode="required" Report="warning" Id="67">
<Loc File="C:\Component\AR350A_ImcArbn_Impl\src\ImcArbn.c" Line="1384" Column="24">
</Loc>
<Message>
Minimisation of run-time failures.
</Message>
</Rule>

<Rule Name="21.1" Mode="required" Report="warning" Id="68">
<Loc File="C:\Component\AR350A_ImcArbn_Impl\src\ImcArbn.c" Line="1384" Column="101">
</Loc>
<Message>
Minimisation of run-time failures.
</Message>
</Rule>

</CodeStruct>

<CodeStruct Name="GetSigImcData_u32_Oper" File="C:\Component\AR350A_ImcArbn_Impl\src\ImcArbn.c" Line="1906" Column="15">

<Rule Name="21.1" Mode="required" Report="warning" Id="74">
<Loc File="C:\Component\AR350A_ImcArbn_Impl\src\ImcArbn.c" Line="1922" Column="29">
</Loc>
<Message>
Minimisation of run-time failures.
</Message>
</Rule>

<Rule Name="21.1" Mode="required" Report="warning" Id="75">
<Loc File="C:\Component\AR350A_ImcArbn_Impl\src\ImcArbn.c" Line="1922" Column="70">
</Loc>
<Message>
Minimisation of run-time failures.
</Message>
</Rule>

<Rule Name="21.1" Mode="required" Report="warning" Id="76">
<Loc File="C:\Component\AR350A_ImcArbn_Impl\src\ImcArbn.c" Line="1923" Column="33">
</Loc>
<Message>
Minimisation of run-time failures.
</Message>
</Rule>

</CodeStruct>

<CodeStruct Name="ImcChResyncHndlg" File="C:\Component\AR350A_ImcArbn_Impl\src\ImcArbn.c" Line="3074" Column="12">

<Rule Name="21.1" Mode="required" Report="warning" Id="77">
<Loc File="C:\Component\AR350A_ImcArbn_Impl\src\ImcArbn.c" Line="3085" Column="49">
</Loc>
<Message>
Minimisation of run-time failures.
</Message>
</Rule>

<Rule Name="21.1" Mode="required" Report="warning" Id="78">
<Loc File="C:\Component\AR350A_ImcArbn_Impl\src\ImcArbn.c" Line="3094" Column="12">
</Loc>
<Message>
Minimisation of run-time failures.
</Message>
</Rule>

<Rule Name="21.1" Mode="required" Report="warning" Id="79">
<Loc File="C:\Component\AR350A_ImcArbn_Impl\src\ImcArbn.c" Line="3097" Column="13">
</Loc>
<Message>
Minimisation of run-time failures.
</Message>
</Rule>

<Rule Name="21.1" Mode="required" Report="warning" Id="80">
<Loc File="C:\Component\AR350A_ImcArbn_Impl\src\ImcArbn.c" Line="3101" Column="13">
</Loc>
<Message>
Minimisation of run-time failures.
</Message>
</Rule>

<Rule Name="21.1" Mode="required" Report="warning" Id="81">
<Loc File="C:\Component\AR350A_ImcArbn_Impl\src\ImcArbn.c" Line="3109" Column="17">
</Loc>
<Message>
Minimisation of run-time failures.
</Message>
</Rule>

<Rule Name="21.1" Mode="required" Report="warning" Id="82">
<Loc File="C:\Component\AR350A_ImcArbn_Impl\src\ImcArbn.c" Line="3117" Column="17">
</Loc>
<Message>
Minimisation of run-time failures.
</Message>
</Rule>

<Rule Name="21.1" Mode="required" Report="warning" Id="83">
<Loc File="C:\Component\AR350A_ImcArbn_Impl\src\ImcArbn.c" Line="3119" Column="17">
</Loc>
<Message>
Minimisation of run-time failures.
</Message>
</Rule>

<Rule Name="21.1" Mode="required" Report="warning" Id="84">
<Loc File="C:\Component\AR350A_ImcArbn_Impl\src\ImcArbn.c" Line="3124" Column="50">
</Loc>
<Message>
Minimisation of run-time failures.
</Message>
</Rule>

<Rule Name="21.1" Mode="required" Report="warning" Id="85">
<Loc File="C:\Component\AR350A_ImcArbn_Impl\src\ImcArbn.c" Line="3132" Column="12">
</Loc>
<Message>
Minimisation of run-time failures.
</Message>
</Rule>

<Rule Name="21.1" Mode="required" Report="warning" Id="86">
<Loc File="C:\Component\AR350A_ImcArbn_Impl\src\ImcArbn.c" Line="3135" Column="13">
</Loc>
<Message>
Minimisation of run-time failures.
</Message>
</Rule>

<Rule Name="21.1" Mode="required" Report="warning" Id="87">
<Loc File="C:\Component\AR350A_ImcArbn_Impl\src\ImcArbn.c" Line="3139" Column="13">
</Loc>
<Message>
Minimisation of run-time failures.
</Message>
</Rule>

<Rule Name="21.1" Mode="required" Report="warning" Id="88">
<Loc File="C:\Component\AR350A_ImcArbn_Impl\src\ImcArbn.c" Line="3147" Column="17">
</Loc>
<Message>
Minimisation of run-time failures.
</Message>
</Rule>

<Rule Name="21.1" Mode="required" Report="warning" Id="89">
<Loc File="C:\Component\AR350A_ImcArbn_Impl\src\ImcArbn.c" Line="3155" Column="17">
</Loc>
<Message>
Minimisation of run-time failures.
</Message>
</Rule>

<Rule Name="21.1" Mode="required" Report="warning" Id="90">
<Loc File="C:\Component\AR350A_ImcArbn_Impl\src\ImcArbn.c" Line="3157" Column="17">
</Loc>
<Message>
Minimisation of run-time failures.
</Message>
</Rule>

</CodeStruct>

<CodeStruct Name="GetTxSigGroup_Oper" File="C:\Component\AR350A_ImcArbn_Impl\src\ImcArbn.c" Line="2050" Column="15">

<Rule Name="21.1" Mode="required" Report="warning" Id="97">
<Loc File="C:\Component\AR350A_ImcArbn_Impl\src\ImcArbn.c" Line="2067" Column="41">
</Loc>
<Message>
Minimisation of run-time failures.
</Message>
</Rule>

<Rule Name="21.1" Mode="required" Report="warning" Id="98">
<Loc File="C:\Component\AR350A_ImcArbn_Impl\src\ImcArbn.c" Line="2067" Column="90">
</Loc>
<Message>
Minimisation of run-time failures.
</Message>
</Rule>

</CodeStruct>

<CodeStruct Name="GetTxRateGroup_Oper" File="C:\Component\AR350A_ImcArbn_Impl\src\ImcArbn.c" Line="1974" Column="15">

<Rule Name="21.1" Mode="required" Report="warning" Id="94">
<Loc File="C:\Component\AR350A_ImcArbn_Impl\src\ImcArbn.c" Line="1998" Column="45">
</Loc>
<Message>
Minimisation of run-time failures.
</Message>
</Rule>

<Rule Name="21.1" Mode="required" Report="warning" Id="95">
<Loc File="C:\Component\AR350A_ImcArbn_Impl\src\ImcArbn.c" Line="1998" Column="94">
</Loc>
<Message>
Minimisation of run-time failures.
</Message>
</Rule>

<Rule Name="21.1" Mode="required" Report="warning" Id="96">
<Loc File="C:\Component\AR350A_ImcArbn_Impl\src\ImcArbn.c" Line="1998" Column="108">
</Loc>
<Message>
Minimisation of run-time failures.
</Message>
</Rule>

</CodeStruct>

<CodeStruct Name="GetSigImcData_u16_Oper" File="C:\Component\AR350A_ImcArbn_Impl\src\ImcArbn.c" Line="1838" Column="15">

<Rule Name="21.1" Mode="required" Report="warning" Id="91">
<Loc File="C:\Component\AR350A_ImcArbn_Impl\src\ImcArbn.c" Line="1854" Column="29">
</Loc>
<Message>
Minimisation of run-time failures.
</Message>
</Rule>

<Rule Name="21.1" Mode="required" Report="warning" Id="92">
<Loc File="C:\Component\AR350A_ImcArbn_Impl\src\ImcArbn.c" Line="1854" Column="70">
</Loc>
<Message>
Minimisation of run-time failures.
</Message>
</Rule>

<Rule Name="21.1" Mode="required" Report="warning" Id="93">
<Loc File="C:\Component\AR350A_ImcArbn_Impl\src\ImcArbn.c" Line="1855" Column="33">
</Loc>
<Message>
Minimisation of run-time failures.
</Message>
</Rule>

</CodeStruct>

<CodeStruct Name="GetImcFltParamByte" File="C:\Component\AR350A_ImcArbn_Impl\src\ImcArbn.c" Line="3484" Column="13">

<Rule Name="21.1" Mode="required" Report="warning" Id="103">
<Loc File="C:\Component\AR350A_ImcArbn_Impl\src\ImcArbn.c" Line="3490" Column="9">
</Loc>
<Message>
Minimisation of run-time failures.
</Message>
</Rule>

<Rule Name="21.1" Mode="required" Report="warning" Id="104">
<Loc File="C:\Component\AR350A_ImcArbn_Impl\src\ImcArbn.c" Line="3491" Column="9">
</Loc>
<Message>
Minimisation of run-time failures.
</Message>
</Rule>

<Rule Name="12.4" Mode="required" Report="warning" Id="105">
<Loc File="C:\Component\AR350A_ImcArbn_Impl\src\ImcArbn.c" Line="3491" Column="99">
</Loc>
<Message>
The right hand operand of a logical &amp;&amp; or || operator shall not contain side effects.
</Message>
</Rule>

<Rule Name="21.1" Mode="required" Report="warning" Id="106">
<Loc File="C:\Component\AR350A_ImcArbn_Impl\src\ImcArbn.c" Line="3492" Column="9">
</Loc>
<Message>
Minimisation of run-time failures.
</Message>
</Rule>

<Rule Name="12.4" Mode="required" Report="warning" Id="107">
<Loc File="C:\Component\AR350A_ImcArbn_Impl\src\ImcArbn.c" Line="3492" Column="100">
</Loc>
<Message>
The right hand operand of a logical &amp;&amp; or || operator shall not contain side effects.
</Message>
</Rule>

<Rule Name="21.1" Mode="required" Report="warning" Id="108">
<Loc File="C:\Component\AR350A_ImcArbn_Impl\src\ImcArbn.c" Line="3498" Column="9">
</Loc>
<Message>
Minimisation of run-time failures.
</Message>
</Rule>

<Rule Name="21.1" Mode="required" Report="warning" Id="109">
<Loc File="C:\Component\AR350A_ImcArbn_Impl\src\ImcArbn.c" Line="3499" Column="9">
</Loc>
<Message>
Minimisation of run-time failures.
</Message>
</Rule>

<Rule Name="12.4" Mode="required" Report="warning" Id="110">
<Loc File="C:\Component\AR350A_ImcArbn_Impl\src\ImcArbn.c" Line="3499" Column="99">
</Loc>
<Message>
The right hand operand of a logical &amp;&amp; or || operator shall not contain side effects.
</Message>
</Rule>

<Rule Name="21.1" Mode="required" Report="warning" Id="111">
<Loc File="C:\Component\AR350A_ImcArbn_Impl\src\ImcArbn.c" Line="3500" Column="9">
</Loc>
<Message>
Minimisation of run-time failures.
</Message>
</Rule>

<Rule Name="12.4" Mode="required" Report="warning" Id="112">
<Loc File="C:\Component\AR350A_ImcArbn_Impl\src\ImcArbn.c" Line="3500" Column="100">
</Loc>
<Message>
The right hand operand of a logical &amp;&amp; or || operator shall not contain side effects.
</Message>
</Rule>

<Rule Name="21.1" Mode="required" Report="warning" Id="113">
<Loc File="C:\Component\AR350A_ImcArbn_Impl\src\ImcArbn.c" Line="3506" Column="9">
</Loc>
<Message>
Minimisation of run-time failures.
</Message>
</Rule>

<Rule Name="21.1" Mode="required" Report="warning" Id="114">
<Loc File="C:\Component\AR350A_ImcArbn_Impl\src\ImcArbn.c" Line="3507" Column="9">
</Loc>
<Message>
Minimisation of run-time failures.
</Message>
</Rule>

<Rule Name="12.4" Mode="required" Report="warning" Id="115">
<Loc File="C:\Component\AR350A_ImcArbn_Impl\src\ImcArbn.c" Line="3507" Column="99">
</Loc>
<Message>
The right hand operand of a logical &amp;&amp; or || operator shall not contain side effects.
</Message>
</Rule>

<Rule Name="21.1" Mode="required" Report="warning" Id="116">
<Loc File="C:\Component\AR350A_ImcArbn_Impl\src\ImcArbn.c" Line="3508" Column="9">
</Loc>
<Message>
Minimisation of run-time failures.
</Message>
</Rule>

<Rule Name="12.4" Mode="required" Report="warning" Id="117">
<Loc File="C:\Component\AR350A_ImcArbn_Impl\src\ImcArbn.c" Line="3508" Column="100">
</Loc>
<Message>
The right hand operand of a logical &amp;&amp; or || operator shall not contain side effects.
</Message>
</Rule>

<Rule Name="21.1" Mode="required" Report="warning" Id="118">
<Loc File="C:\Component\AR350A_ImcArbn_Impl\src\ImcArbn.c" Line="3514" Column="9">
</Loc>
<Message>
Minimisation of run-time failures.
</Message>
</Rule>

<Rule Name="21.1" Mode="required" Report="warning" Id="119">
<Loc File="C:\Component\AR350A_ImcArbn_Impl\src\ImcArbn.c" Line="3515" Column="9">
</Loc>
<Message>
Minimisation of run-time failures.
</Message>
</Rule>

<Rule Name="12.4" Mode="required" Report="warning" Id="120">
<Loc File="C:\Component\AR350A_ImcArbn_Impl\src\ImcArbn.c" Line="3515" Column="99">
</Loc>
<Message>
The right hand operand of a logical &amp;&amp; or || operator shall not contain side effects.
</Message>
</Rule>

<Rule Name="21.1" Mode="required" Report="warning" Id="121">
<Loc File="C:\Component\AR350A_ImcArbn_Impl\src\ImcArbn.c" Line="3516" Column="9">
</Loc>
<Message>
Minimisation of run-time failures.
</Message>
</Rule>

<Rule Name="12.4" Mode="required" Report="warning" Id="122">
<Loc File="C:\Component\AR350A_ImcArbn_Impl\src\ImcArbn.c" Line="3516" Column="100">
</Loc>
<Message>
The right hand operand of a logical &amp;&amp; or || operator shall not contain side effects.
</Message>
</Rule>

</CodeStruct>

<CodeStruct Name="ImcArbnPer6" File="C:\Component\AR350A_ImcArbn_Impl\src\ImcArbn.c" Line="2382" Column="5">

<Rule Name="21.1" Mode="required" Report="warning" Id="99">
<Loc File="C:\Component\AR350A_ImcArbn_Impl\src\ImcArbn.c" Line="2396" Column="62">
</Loc>
<Message>
Minimisation of run-time failures.
</Message>
</Rule>

<Rule Name="21.1" Mode="required" Report="warning" Id="100">
<Loc File="C:\Component\AR350A_ImcArbn_Impl\src\ImcArbn.c" Line="2396" Column="80">
</Loc>
<Message>
Minimisation of run-time failures.
</Message>
</Rule>

<Rule Name="9.1" Mode="required" Report="warning" Id="101">
<Loc File="C:\Component\AR350A_ImcArbn_Impl\src\ImcArbn.c" Line="2399" Column="11">
</Loc>
<Message>
All automatic variables shall have been assigned a value before being used.
</Message>
</Rule>

<Rule Name="21.1" Mode="required" Report="warning" Id="102">
<Loc File="C:\Component\AR350A_ImcArbn_Impl\src\ImcArbn.c" Line="2410" Column="60">
</Loc>
<Message>
Minimisation of run-time failures.
</Message>
</Rule>

</CodeStruct>

<CodeStruct Name="GetSigImcData_f32_Oper" File="C:\Component\AR350A_ImcArbn_Impl\src\ImcArbn.c" Line="1435" Column="15">

<Rule Name="21.1" Mode="required" Report="warning" Id="123">
<Loc File="C:\Component\AR350A_ImcArbn_Impl\src\ImcArbn.c" Line="1450" Column="20">
</Loc>
<Message>
Minimisation of run-time failures.
</Message>
</Rule>

<Rule Name="21.1" Mode="required" Report="warning" Id="124">
<Loc File="C:\Component\AR350A_ImcArbn_Impl\src\ImcArbn.c" Line="1450" Column="75">
</Loc>
<Message>
Minimisation of run-time failures.
</Message>
</Rule>

<Rule Name="11.4" Mode="advisory" Report="warning" Id="125">
<Loc File="C:\Component\AR350A_ImcArbn_Impl\src\ImcArbn.c" Line="1450" Column="94">
</Loc>
<Message>
A cast should not be performed between a pointer to object type and a different
pointer to object type.
</Message>
</Rule>

<Rule Name="12.12" Mode="required" Report="warning" Id="126">
<Loc File="C:\Component\AR350A_ImcArbn_Impl\src\ImcArbn.c" Line="1450" Column="94">
</Loc>
<Message>
The underlying bit representations of floating-point values shall not be used.
</Message>
</Rule>

<Rule Name="21.1" Mode="required" Report="warning" Id="127">
<Loc File="C:\Component\AR350A_ImcArbn_Impl\src\ImcArbn.c" Line="1451" Column="33">
</Loc>
<Message>
Minimisation of run-time failures.
</Message>
</Rule>

</CodeStruct>

<CodeStruct Name="GetSigImcData_logl_Oper" File="C:\Component\AR350A_ImcArbn_Impl\src\ImcArbn.c" Line="1503" Column="15">

<Rule Name="21.1" Mode="required" Report="warning" Id="128">
<Loc File="C:\Component\AR350A_ImcArbn_Impl\src\ImcArbn.c" Line="1518" Column="30">
</Loc>
<Message>
Minimisation of run-time failures.
</Message>
</Rule>

<Rule Name="21.1" Mode="required" Report="warning" Id="129">
<Loc File="C:\Component\AR350A_ImcArbn_Impl\src\ImcArbn.c" Line="1518" Column="71">
</Loc>
<Message>
Minimisation of run-time failures.
</Message>
</Rule>

<Rule Name="21.1" Mode="required" Report="warning" Id="130">
<Loc File="C:\Component\AR350A_ImcArbn_Impl\src\ImcArbn.c" Line="1519" Column="33">
</Loc>
<Message>
Minimisation of run-time failures.
</Message>
</Rule>

</CodeStruct>

<CodeStruct Name="VldtRollgCntr" File="C:\Component\AR350A_ImcArbn_Impl\src\ImcArbn.c" Line="3170" Column="31">

<Rule Name="21.1" Mode="required" Report="warning" Id="138">
<Loc File="C:\Component\AR350A_ImcArbn_Impl\src\ImcArbn.c" Line="3179" Column="9">
</Loc>
<Message>
Minimisation of run-time failures.
</Message>
</Rule>

<Rule Name="21.1" Mode="required" Report="warning" Id="139">
<Loc File="C:\Component\AR350A_ImcArbn_Impl\src\ImcArbn.c" Line="3181" Column="9">
</Loc>
<Message>
Minimisation of run-time failures.
</Message>
</Rule>

<Rule Name="21.1" Mode="required" Report="warning" Id="140">
<Loc File="C:\Component\AR350A_ImcArbn_Impl\src\ImcArbn.c" Line="3187" Column="9">
</Loc>
<Message>
Minimisation of run-time failures.
</Message>
</Rule>

<Rule Name="21.1" Mode="required" Report="warning" Id="141">
<Loc File="C:\Component\AR350A_ImcArbn_Impl\src\ImcArbn.c" Line="3188" Column="9">
</Loc>
<Message>
Minimisation of run-time failures.
</Message>
</Rule>

<Rule Name="21.1" Mode="required" Report="warning" Id="142">
<Loc File="C:\Component\AR350A_ImcArbn_Impl\src\ImcArbn.c" Line="3192" Column="15">
</Loc>
<Message>
Minimisation of run-time failures.
</Message>
</Rule>

<Rule Name="21.1" Mode="required" Report="warning" Id="143">
<Loc File="C:\Component\AR350A_ImcArbn_Impl\src\ImcArbn.c" Line="3194" Column="16">
</Loc>
<Message>
Minimisation of run-time failures.
</Message>
</Rule>

<Rule Name="21.1" Mode="required" Report="warning" Id="144">
<Loc File="C:\Component\AR350A_ImcArbn_Impl\src\ImcArbn.c" Line="3200" Column="9">
</Loc>
<Message>
Minimisation of run-time failures.
</Message>
</Rule>

<Rule Name="21.1" Mode="required" Report="warning" Id="145">
<Loc File="C:\Component\AR350A_ImcArbn_Impl\src\ImcArbn.c" Line="3201" Column="9">
</Loc>
<Message>
Minimisation of run-time failures.
</Message>
</Rule>

</CodeStruct>

<CodeStruct Name="GetSigImcDataExtdSts_f32_Oper" File="C:\Component\AR350A_ImcArbn_Impl\src\ImcArbn.c" Line="885" Column="15">

<Rule Name="21.1" Mode="required" Report="warning" Id="131">
<Loc File="C:\Component\AR350A_ImcArbn_Impl\src\ImcArbn.c" Line="900" Column="20">
</Loc>
<Message>
Minimisation of run-time failures.
</Message>
</Rule>

<Rule Name="21.1" Mode="required" Report="warning" Id="132">
<Loc File="C:\Component\AR350A_ImcArbn_Impl\src\ImcArbn.c" Line="900" Column="75">
</Loc>
<Message>
Minimisation of run-time failures.
</Message>
</Rule>

<Rule Name="11.4" Mode="advisory" Report="warning" Id="133">
<Loc File="C:\Component\AR350A_ImcArbn_Impl\src\ImcArbn.c" Line="900" Column="94">
</Loc>
<Message>
A cast should not be performed between a pointer to object type and a different
pointer to object type.
</Message>
</Rule>

<Rule Name="12.12" Mode="required" Report="warning" Id="134">
<Loc File="C:\Component\AR350A_ImcArbn_Impl\src\ImcArbn.c" Line="900" Column="94">
</Loc>
<Message>
The underlying bit representations of floating-point values shall not be used.
</Message>
</Rule>

<Rule Name="21.1" Mode="required" Report="warning" Id="135">
<Loc File="C:\Component\AR350A_ImcArbn_Impl\src\ImcArbn.c" Line="901" Column="20">
</Loc>
<Message>
Minimisation of run-time failures.
</Message>
</Rule>

<Rule Name="21.1" Mode="required" Report="warning" Id="136">
<Loc File="C:\Component\AR350A_ImcArbn_Impl\src\ImcArbn.c" Line="902" Column="24">
</Loc>
<Message>
Minimisation of run-time failures.
</Message>
</Rule>

<Rule Name="21.1" Mode="required" Report="warning" Id="137">
<Loc File="C:\Component\AR350A_ImcArbn_Impl\src\ImcArbn.c" Line="902" Column="101">
</Loc>
<Message>
Minimisation of run-time failures.
</Message>
</Rule>

</CodeStruct>

<CodeStruct Name="EvlSigGroupNeverRxdMissSts" File="C:\Component\AR350A_ImcArbn_Impl\src\ImcArbn.c" Line="2892" Column="26">

<Rule Name="21.1" Mode="required" Report="warning" Id="149">
<Loc File="C:\Component\AR350A_ImcArbn_Impl\src\ImcArbn.c" Line="2902" Column="8">
</Loc>
<Message>
Minimisation of run-time failures.
</Message>
</Rule>

<Rule Name="21.1" Mode="required" Report="warning" Id="150">
<Loc File="C:\Component\AR350A_ImcArbn_Impl\src\ImcArbn.c" Line="2910" Column="9">
</Loc>
<Message>
Minimisation of run-time failures.
</Message>
</Rule>

<Rule Name="21.1" Mode="required" Report="warning" Id="151">
<Loc File="C:\Component\AR350A_ImcArbn_Impl\src\ImcArbn.c" Line="2913" Column="12">
</Loc>
<Message>
Minimisation of run-time failures.
</Message>
</Rule>

</CodeStruct>

<CodeStruct Name="GetSigImcData_s08_Oper" File="C:\Component\AR350A_ImcArbn_Impl\src\ImcArbn.c" Line="1570" Column="15">

<Rule Name="21.1" Mode="required" Report="warning" Id="146">
<Loc File="C:\Component\AR350A_ImcArbn_Impl\src\ImcArbn.c" Line="1585" Column="28">
</Loc>
<Message>
Minimisation of run-time failures.
</Message>
</Rule>

<Rule Name="21.1" Mode="required" Report="warning" Id="147">
<Loc File="C:\Component\AR350A_ImcArbn_Impl\src\ImcArbn.c" Line="1585" Column="69">
</Loc>
<Message>
Minimisation of run-time failures.
</Message>
</Rule>

<Rule Name="21.1" Mode="required" Report="warning" Id="148">
<Loc File="C:\Component\AR350A_ImcArbn_Impl\src\ImcArbn.c" Line="1586" Column="33">
</Loc>
<Message>
Minimisation of run-time failures.
</Message>
</Rule>

</CodeStruct>

<CodeStruct Name="ImcArbnPer5" File="C:\Component\AR350A_ImcArbn_Impl\src\ImcArbn.c" Line="2317" Column="5">

<Rule Name="21.1" Mode="required" Report="warning" Id="157">
<Loc File="C:\Component\AR350A_ImcArbn_Impl\src\ImcArbn.c" Line="2331" Column="60">
</Loc>
<Message>
Minimisation of run-time failures.
</Message>
</Rule>

</CodeStruct>

<CodeStruct Name="GetSigImcDataExtdSts_s08_Oper" File="C:\Component\AR350A_ImcArbn_Impl\src\ImcArbn.c" Line="1021" Column="15">

<Rule Name="21.1" Mode="required" Report="warning" Id="152">
<Loc File="C:\Component\AR350A_ImcArbn_Impl\src\ImcArbn.c" Line="1036" Column="28">
</Loc>
<Message>
Minimisation of run-time failures.
</Message>
</Rule>

<Rule Name="21.1" Mode="required" Report="warning" Id="153">
<Loc File="C:\Component\AR350A_ImcArbn_Impl\src\ImcArbn.c" Line="1036" Column="69">
</Loc>
<Message>
Minimisation of run-time failures.
</Message>
</Rule>

<Rule Name="21.1" Mode="required" Report="warning" Id="154">
<Loc File="C:\Component\AR350A_ImcArbn_Impl\src\ImcArbn.c" Line="1037" Column="20">
</Loc>
<Message>
Minimisation of run-time failures.
</Message>
</Rule>

<Rule Name="21.1" Mode="required" Report="warning" Id="155">
<Loc File="C:\Component\AR350A_ImcArbn_Impl\src\ImcArbn.c" Line="1038" Column="24">
</Loc>
<Message>
Minimisation of run-time failures.
</Message>
</Rule>

<Rule Name="21.1" Mode="required" Report="warning" Id="156">
<Loc File="C:\Component\AR350A_ImcArbn_Impl\src\ImcArbn.c" Line="1038" Column="101">
</Loc>
<Message>
Minimisation of run-time failures.
</Message>
</Rule>

</CodeStruct>

<CodeStruct Name="GetBitMask" File="C:\Component\AR350A_ImcArbn_Impl\src\ImcArbn.c" Line="3429" Column="15">

<Rule Name="21.1" Mode="required" Report="warning" Id="185">
<Loc File="C:\Component\AR350A_ImcArbn_Impl\src\ImcArbn.c" Line="3434" Column="45">
</Loc>
<Message>
Minimisation of run-time failures.
</Message>
</Rule>

</CodeStruct>

<CodeStruct Name="RxFrmVldChk" File="C:\Component\AR350A_ImcArbn_Impl\src\ImcArbn.c" Line="2935" Column="30">

<Rule Name="21.1" Mode="required" Report="warning" Id="163">
<Loc File="C:\Component\AR350A_ImcArbn_Impl\src\ImcArbn.c" Line="2950" Column="51">
</Loc>
<Message>
Minimisation of run-time failures.
</Message>
</Rule>

<Rule Name="12.4" Mode="required" Report="warning" Id="164">
<Loc File="C:\Component\AR350A_ImcArbn_Impl\src\ImcArbn.c" Line="2950" Column="82">
</Loc>
<Message>
The right hand operand of a logical &amp;&amp; or || operator shall not contain side effects.
</Message>
</Rule>

<Rule Name="21.1" Mode="required" Report="warning" Id="165">
<Loc File="C:\Component\AR350A_ImcArbn_Impl\src\ImcArbn.c" Line="2953" Column="13">
</Loc>
<Message>
Minimisation of run-time failures.
</Message>
</Rule>

<Rule Name="21.1" Mode="required" Report="warning" Id="166">
<Loc File="C:\Component\AR350A_ImcArbn_Impl\src\ImcArbn.c" Line="2963" Column="104">
</Loc>
<Message>
Minimisation of run-time failures.
</Message>
</Rule>

<Rule Name="21.1" Mode="required" Report="warning" Id="167">
<Loc File="C:\Component\AR350A_ImcArbn_Impl\src\ImcArbn.c" Line="2970" Column="13">
</Loc>
<Message>
Minimisation of run-time failures.
</Message>
</Rule>

<Rule Name="21.1" Mode="required" Report="warning" Id="168">
<Loc File="C:\Component\AR350A_ImcArbn_Impl\src\ImcArbn.c" Line="2971" Column="13">
</Loc>
<Message>
Minimisation of run-time failures.
</Message>
</Rule>

<Rule Name="21.1" Mode="required" Report="warning" Id="169">
<Loc File="C:\Component\AR350A_ImcArbn_Impl\src\ImcArbn.c" Line="2972" Column="13">
</Loc>
<Message>
Minimisation of run-time failures.
</Message>
</Rule>

<Rule Name="21.1" Mode="required" Report="warning" Id="170">
<Loc File="C:\Component\AR350A_ImcArbn_Impl\src\ImcArbn.c" Line="2977" Column="13">
</Loc>
<Message>
Minimisation of run-time failures.
</Message>
</Rule>

<Rule Name="21.1" Mode="required" Report="warning" Id="171">
<Loc File="C:\Component\AR350A_ImcArbn_Impl\src\ImcArbn.c" Line="2978" Column="13">
</Loc>
<Message>
Minimisation of run-time failures.
</Message>
</Rule>

<Rule Name="21.1" Mode="required" Report="warning" Id="172">
<Loc File="C:\Component\AR350A_ImcArbn_Impl\src\ImcArbn.c" Line="2979" Column="13">
</Loc>
<Message>
Minimisation of run-time failures.
</Message>
</Rule>

<Rule Name="21.1" Mode="required" Report="warning" Id="173">
<Loc File="C:\Component\AR350A_ImcArbn_Impl\src\ImcArbn.c" Line="3001" Column="25">
</Loc>
<Message>
Minimisation of run-time failures.
</Message>
</Rule>

<Rule Name="21.1" Mode="required" Report="warning" Id="174">
<Loc File="C:\Component\AR350A_ImcArbn_Impl\src\ImcArbn.c" Line="3009" Column="24">
</Loc>
<Message>
Minimisation of run-time failures.
</Message>
</Rule>

<Rule Name="21.1" Mode="required" Report="warning" Id="175">
<Loc File="C:\Component\AR350A_ImcArbn_Impl\src\ImcArbn.c" Line="3021" Column="108">
</Loc>
<Message>
Minimisation of run-time failures.
</Message>
</Rule>

<Rule Name="21.1" Mode="required" Report="warning" Id="176">
<Loc File="C:\Component\AR350A_ImcArbn_Impl\src\ImcArbn.c" Line="3032" Column="13">
</Loc>
<Message>
Minimisation of run-time failures.
</Message>
</Rule>

<Rule Name="21.1" Mode="required" Report="warning" Id="177">
<Loc File="C:\Component\AR350A_ImcArbn_Impl\src\ImcArbn.c" Line="3041" Column="17">
</Loc>
<Message>
Minimisation of run-time failures.
</Message>
</Rule>

<Rule Name="21.1" Mode="required" Report="warning" Id="178">
<Loc File="C:\Component\AR350A_ImcArbn_Impl\src\ImcArbn.c" Line="3042" Column="17">
</Loc>
<Message>
Minimisation of run-time failures.
</Message>
</Rule>

<Rule Name="21.1" Mode="required" Report="warning" Id="179">
<Loc File="C:\Component\AR350A_ImcArbn_Impl\src\ImcArbn.c" Line="3043" Column="17">
</Loc>
<Message>
Minimisation of run-time failures.
</Message>
</Rule>

<Rule Name="21.1" Mode="required" Report="warning" Id="180">
<Loc File="C:\Component\AR350A_ImcArbn_Impl\src\ImcArbn.c" Line="3047" Column="13">
</Loc>
<Message>
Minimisation of run-time failures.
</Message>
</Rule>

<Rule Name="21.1" Mode="required" Report="warning" Id="181">
<Loc File="C:\Component\AR350A_ImcArbn_Impl\src\ImcArbn.c" Line="3048" Column="13">
</Loc>
<Message>
Minimisation of run-time failures.
</Message>
</Rule>

<Rule Name="21.1" Mode="required" Report="warning" Id="182">
<Loc File="C:\Component\AR350A_ImcArbn_Impl\src\ImcArbn.c" Line="3049" Column="13">
</Loc>
<Message>
Minimisation of run-time failures.
</Message>
</Rule>

<Rule Name="21.1" Mode="required" Report="warning" Id="183">
<Loc File="C:\Component\AR350A_ImcArbn_Impl\src\ImcArbn.c" Line="3052" Column="16">
</Loc>
<Message>
Minimisation of run-time failures.
</Message>
</Rule>

<Rule Name="21.1" Mode="required" Report="warning" Id="184">
<Loc File="C:\Component\AR350A_ImcArbn_Impl\src\ImcArbn.c" Line="3057" Column="16">
</Loc>
<Message>
Minimisation of run-time failures.
</Message>
</Rule>

</CodeStruct>

<CodeStruct Name="GetSigImcDataExtdSts_s16_Oper" File="C:\Component\AR350A_ImcArbn_Impl\src\ImcArbn.c" Line="1089" Column="15">

<Rule Name="21.1" Mode="required" Report="warning" Id="158">
<Loc File="C:\Component\AR350A_ImcArbn_Impl\src\ImcArbn.c" Line="1105" Column="29">
</Loc>
<Message>
Minimisation of run-time failures.
</Message>
</Rule>

<Rule Name="21.1" Mode="required" Report="warning" Id="159">
<Loc File="C:\Component\AR350A_ImcArbn_Impl\src\ImcArbn.c" Line="1105" Column="70">
</Loc>
<Message>
Minimisation of run-time failures.
</Message>
</Rule>

<Rule Name="21.1" Mode="required" Report="warning" Id="160">
<Loc File="C:\Component\AR350A_ImcArbn_Impl\src\ImcArbn.c" Line="1106" Column="20">
</Loc>
<Message>
Minimisation of run-time failures.
</Message>
</Rule>

<Rule Name="21.1" Mode="required" Report="warning" Id="161">
<Loc File="C:\Component\AR350A_ImcArbn_Impl\src\ImcArbn.c" Line="1107" Column="24">
</Loc>
<Message>
Minimisation of run-time failures.
</Message>
</Rule>

<Rule Name="21.1" Mode="required" Report="warning" Id="162">
<Loc File="C:\Component\AR350A_ImcArbn_Impl\src\ImcArbn.c" Line="1107" Column="101">
</Loc>
<Message>
Minimisation of run-time failures.
</Message>
</Rule>

</CodeStruct>

<CodeStruct Name="ImcArbnRx" File="C:\Component\AR350A_ImcArbn_Impl\src\ImcArbn.c" Line="2617" Column="12">

<Rule Name="21.1" Mode="required" Report="warning" Id="191">
<Loc File="C:\Component\AR350A_ImcArbn_Impl\src\ImcArbn.c" Line="2652" Column="64">
</Loc>
<Message>
Minimisation of run-time failures.
</Message>
</Rule>

<Rule Name="21.1" Mode="required" Report="warning" Id="192">
<Loc File="C:\Component\AR350A_ImcArbn_Impl\src\ImcArbn.c" Line="2655" Column="9">
</Loc>
<Message>
Minimisation of run-time failures.
</Message>
</Rule>

<Rule Name="21.1" Mode="required" Report="warning" Id="193">
<Loc File="C:\Component\AR350A_ImcArbn_Impl\src\ImcArbn.c" Line="2661" Column="66">
</Loc>
<Message>
Minimisation of run-time failures.
</Message>
</Rule>

<Rule Name="21.1" Mode="required" Report="warning" Id="194">
<Loc File="C:\Component\AR350A_ImcArbn_Impl\src\ImcArbn.c" Line="2664" Column="9">
</Loc>
<Message>
Minimisation of run-time failures.
</Message>
</Rule>

<Rule Name="21.1" Mode="required" Report="warning" Id="195">
<Loc File="C:\Component\AR350A_ImcArbn_Impl\src\ImcArbn.c" Line="2688" Column="13">
</Loc>
<Message>
Minimisation of run-time failures.
</Message>
</Rule>

<Rule Name="21.1" Mode="required" Report="warning" Id="196">
<Loc File="C:\Component\AR350A_ImcArbn_Impl\src\ImcArbn.c" Line="2706" Column="17">
</Loc>
<Message>
Minimisation of run-time failures.
</Message>
</Rule>

<Rule Name="21.1" Mode="required" Report="warning" Id="197">
<Loc File="C:\Component\AR350A_ImcArbn_Impl\src\ImcArbn.c" Line="2708" Column="17">
</Loc>
<Message>
Minimisation of run-time failures.
</Message>
</Rule>

<Rule Name="21.1" Mode="required" Report="warning" Id="198">
<Loc File="C:\Component\AR350A_ImcArbn_Impl\src\ImcArbn.c" Line="2753" Column="13">
</Loc>
<Message>
Minimisation of run-time failures.
</Message>
</Rule>

<Rule Name="21.1" Mode="required" Report="warning" Id="199">
<Loc File="C:\Component\AR350A_ImcArbn_Impl\src\ImcArbn.c" Line="2771" Column="17">
</Loc>
<Message>
Minimisation of run-time failures.
</Message>
</Rule>

<Rule Name="21.1" Mode="required" Report="warning" Id="200">
<Loc File="C:\Component\AR350A_ImcArbn_Impl\src\ImcArbn.c" Line="2773" Column="17">
</Loc>
<Message>
Minimisation of run-time failures.
</Message>
</Rule>

</CodeStruct>

<CodeStruct Name="GetSigImcDataExtdSts_s32_Oper" File="C:\Component\AR350A_ImcArbn_Impl\src\ImcArbn.c" Line="1159" Column="15">

<Rule Name="21.1" Mode="required" Report="warning" Id="186">
<Loc File="C:\Component\AR350A_ImcArbn_Impl\src\ImcArbn.c" Line="1176" Column="29">
</Loc>
<Message>
Minimisation of run-time failures.
</Message>
</Rule>

<Rule Name="21.1" Mode="required" Report="warning" Id="187">
<Loc File="C:\Component\AR350A_ImcArbn_Impl\src\ImcArbn.c" Line="1176" Column="70">
</Loc>
<Message>
Minimisation of run-time failures.
</Message>
</Rule>

<Rule Name="21.1" Mode="required" Report="warning" Id="188">
<Loc File="C:\Component\AR350A_ImcArbn_Impl\src\ImcArbn.c" Line="1177" Column="20">
</Loc>
<Message>
Minimisation of run-time failures.
</Message>
</Rule>

<Rule Name="21.1" Mode="required" Report="warning" Id="189">
<Loc File="C:\Component\AR350A_ImcArbn_Impl\src\ImcArbn.c" Line="1178" Column="24">
</Loc>
<Message>
Minimisation of run-time failures.
</Message>
</Rule>

<Rule Name="21.1" Mode="required" Report="warning" Id="190">
<Loc File="C:\Component\AR350A_ImcArbn_Impl\src\ImcArbn.c" Line="1178" Column="101">
</Loc>
<Message>
Minimisation of run-time failures.
</Message>
</Rule>

</CodeStruct>

</MISRA-C-Report>
