<?xml version="1.0" encoding="UTF-8"?>
<Navig version="1.0">
<Files>
<F id="1" n="C:\Program Files\MATLAB\polyspace\verifier\cxx\cinclude\stdarg.h"/>
<F id="2" n="C:\component\AR201A_ArCplrSuprt_Impl\include\ASR4.0.3\Platform_Types.h"/>
<F id="3" n="C:\component\AR200A_ArSuprt_Impl\include\ASR4.0.3\Std_Types.h"/>
<F id="4" n="C:\component\TL103A_CplrSuprt\include\2013.5.5\ansi\math.h"/>
<F id="5" n="C:\component\AR104A_NxtrFil_Impl\include\NxtrFil.h"/>
<F id="6" n="C:\component\SF108A_MotCurrPeakEstimn_Impl\tools\contract\Rte_MotCurrPeakEstimn.h"/>
<F id="7" n="C:\component\AR100A_NxtrMath_Impl\include\NxtrMath.h"/>
<F id="8" n="C:\component\SF108A_MotCurrPeakEstimn_Impl\src\MotCurrPeakEstimn.c"/>
<F id="9" n="C-STUBS\__polyspace__stdstubs.c"/>
<F id="10" n="C:\component\SF108A_MotCurrPeakEstimn_Impl\doc\Polyspace_Results\CodeProver\C-ALL\C-STUBS\pst_stub_types.h"/>
<F id="11" n="C-STUBS\pst_stubs_1.c"/>
<F id="12" n="C-STUBS\pst_stubs_0.c"/>
<F id="13" n="C-STUBS\__polyspace_main.c"/>
<F id="14" n="C:\Program Files\MATLAB\polyspace\verifier\cxx\cinclude\__polyspace__std_decls.h"/>
<F id="15" n="C:\Program Files\MATLAB\polyspace\verifier\cxx\cinclude\assert.h"/>
<F id="16" n="C:\Program Files\MATLAB\polyspace\verifier\cxx\cinclude\__polyspace__libc_defs.h"/>
<F id="17" n="C:\component\SF108A_MotCurrPeakEstimn_Impl\tools\contract\Rte_MotCurrPeakEstimn_Type.h"/>
<F id="18" n="C:\component\SF108A_MotCurrPeakEstimn_Impl\tools\contract\Rte_Type.h"/>
<F id="19" n="C:\component\SF108A_MotCurrPeakEstimn_Impl\tools\contract\Rte.h"/>
<F id="20" n="C:\component\AR201A_ArCplrSuprt_Impl\include\ASR4.0.3\Compiler.h"/>
<F id="21" n="C:\component\AR201A_ArCplrSuprt_Impl\tools\contract\Compiler_Cfg.h"/>
<F id="22" n="C:\component\AR201A_ArCplrSuprt_Impl\tools\contract\Renesas_Compiler.h"/>
<F id="23" n="C:\component\SF108A_MotCurrPeakEstimn_Impl\tools\contract\Rte_UserTypes.h"/>
<F id="24" n="C:\component\AR999A_ArchGlbPrm_Impl\include\ArchGlbPrm.h"/>
<F id="25" n="C:\component\SF108A_MotCurrPeakEstimn_Impl\tools\contract\Rte_DataHandleType.h"/>
<F id="26" n="C:\component\AR200A_ArSuprt_Impl\tools\contract\MemMap.h"/>
<F id="27" n="C:\component\SF108A_MotCurrPeakEstimn_Impl\tools\contract\MotCurrPeakEstimn_MemMap.h"/>
</Files>
<Definitions>
<D id="1" f="5" l="200" c="99" n="FilHpRecPtr" t="4" d="1"/>
<D id="2" f="12" l="112" c="30" n="real_random_for_return" t="4" d="1"/>
<D id="3" f="12" l="140" c="30" n="real_random_for_return" t="4" d="1"/>
<D id="4" f="11" l="104" c="30" n="_main_gen_tmp_10" t="4" d="1"/>
<D id="5" f="12" l="113" c="21" n="random_for_return" t="4" d="1"/>
<D id="6" f="5" l="128" c="99" n="FilLpRecPtr" t="4" d="1"/>
<D id="7" f="12" l="141" c="21" n="random_for_return" t="4" d="1"/>
<D id="8" f="11" l="120" c="24" n="Rte_Inst_MotCurrPeakEstimn" t="1" d="0"/>
<D id="9" f="12" l="224" c="30" n="real_random_for_return" t="4" d="1"/>
<D id="10" f="11" l="105" c="22" n="_i_main_gen_tmp_11" t="4" d="1"/>
<D id="11" f="12" l="123" c="13" n="Rte_Read_MotCurrPeakEstimn_IvtrLoaMtgtnEna_Logl" t="2" d="1"/>
<D id="12" f="12" l="252" c="30" n="real_random_for_return" t="4" d="1"/>
<D id="13" f="12" l="151" c="13" n="Rte_Read_MotCurrPeakEstimn_MotCurrDax_Val" t="2" d="1"/>
<D id="14" f="12" l="312" c="32" n="real_random_for_return" t="4" d="1"/>
<D id="15" f="12" l="225" c="21" n="random_for_return" t="4" d="1"/>
<D id="16" f="5" l="151" c="104" n="TiStep" t="4" d="1"/>
<D id="17" f="12" l="253" c="21" n="random_for_return" t="4" d="1"/>
<D id="18" f="12" l="313" c="23" n="random_for_return" t="4" d="1"/>
<D id="19" f="12" l="272" c="30" n="real_random_for_return" t="4" d="1"/>
<D id="20" f="12" l="332" c="32" n="real_random_for_return" t="4" d="1"/>
<D id="21" f="11" l="118" c="12" n="_main_gen_init_sym_Rte_Inst_MotCurrPeakEstimn" t="5" d="1"/>
<D id="22" f="12" l="207" c="13" n="Rte_Read_MotCurrPeakEstimn_MotCurrQax_Val" t="2" d="1"/>
<D id="23" f="12" l="273" c="21" n="random_for_return" t="4" d="1"/>
<D id="24" f="12" l="235" c="13" n="Rte_Read_MotCurrPeakEstimn_MotCurrQaxCmd_Val" t="2" d="1"/>
<D id="25" f="12" l="333" c="23" n="random_for_return" t="4" d="1"/>
<D id="26" f="12" l="345" c="12" n="Rte_IrvWrite_MotCurrPeakEstimn_MotCurrPeakEstimnPer1_MotCurrEstimd" t="2" d="1"/>
<D id="27" f="12" l="292" c="30" n="real_random_for_return" t="4" d="1"/>
<D id="28" f="12" l="305" c="15" n="Rte_Prm_MotCurrPeakEstimn_MotCurrPeakEstimnCurrFilFrq_Val" t="2" d="1"/>
<D id="29" f="12" l="293" c="21" n="random_for_return" t="4" d="1"/>
<D id="30" f="5" l="104" c="107" n="FilLpRecPtr" t="4" d="1"/>
<D id="31" f="7" l="634" c="104" n="Denom" t="4" d="1"/>
<D id="32" f="7" l="651" c="105" n="SinVal" t="4" d="1"/>
<D id="33" f="12" l="265" c="13" n="Rte_Write_MotCurrPeakEstimn_MotCurrPeakEstimd_Val" t="2" d="1"/>
<D id="34" f="12" l="325" c="15" n="Rte_Prm_MotCurrPeakEstimn_MotCurrPeakEstimnCurrPeakEstimdFilFrq_Val" t="2" d="1"/>
<D id="35" f="12" l="168" c="30" n="real_random_for_return" t="4" d="1"/>
<D id="36" f="11" l="126" c="52" n="_main_gen_tmp_0" t="4" d="1"/>
<D id="37" f="7" l="652" c="105" n="CosVal" t="4" d="1"/>
<D id="38" f="7" l="573" c="104" n="Denom" t="4" d="1"/>
<D id="39" f="5" l="152" c="107" n="FilHpRecPtr" t="4" d="1"/>
<D id="40" f="12" l="196" c="30" n="real_random_for_return" t="4" d="1"/>
<D id="41" f="9" l="7016" c="14" n="_polyspace_compare_function_type" t="7" d="1"/>
<D id="42" f="12" l="285" c="13" n="Rte_Write_MotCurrPeakEstimn_MotCurrPeakEstimdFild_Val" t="2" d="1"/>
<D id="43" f="12" l="169" c="21" n="random_for_return" t="4" d="1"/>
<D id="44" f="12" l="197" c="21" n="random_for_return" t="4" d="1"/>
<D id="45" f="12" l="235" c="71" n="P_0" t="4" d="1"/>
<D id="46" f="12" l="366" c="32" n="real_random_for_return" t="4" d="1"/>
<D id="47" f="12" l="123" c="74" n="P_0" t="4" d="1"/>
<D id="48" f="11" l="127" c="26" n="_i_main_gen_tmp_1" t="4" d="1"/>
<D id="49" f="7" l="558" c="104" n="RngLo" t="4" d="1"/>
<D id="50" f="12" l="367" c="23" n="random_for_return" t="4" d="1"/>
<D id="51" f="12" l="179" c="13" n="Rte_Read_MotCurrPeakEstimn_MotCurrDaxCmd_Val" t="2" d="1"/>
<D id="52" f="7" l="559" c="104" n="RngHi" t="4" d="1"/>
<D id="53" f="5" l="176" c="107" n="FilHpRecPtr" t="4" d="1"/>
<D id="54" f="12" l="359" c="15" n="Rte_IrvRead_MotCurrPeakEstimn_MotCurrPeakEstimnPer2_MotCurrEstimd" t="2" d="1"/>
<D id="55" f="12" l="151" c="68" n="P_0" t="4" d="1"/>
<D id="56" f="12" l="179" c="71" n="P_0" t="4" d="1"/>
<D id="57" f="12" l="285" c="82" n="P_0" t="4" d="1"/>
<D id="58" f="12" l="207" c="68" n="P_0" t="4" d="1"/>
<D id="59" f="12" l="345" c="94" n="P_0" t="4" d="1"/>
<D id="60" f="12" l="265" c="78" n="P_0" t="4" d="1"/>
<D id="61" f="9" l="12320" c="16" n="__polyspace_absolute_address" t="1" d="1"/>
<D id="62" f="9" l="11460" c="23" n="random" t="4" d="1"/>
<D id="63" f="9" l="11476" c="21" n="HUGE_VAL" t="1" d="1"/>
<D id="64" f="9" l="11458" c="12" n="_polyspace_random_long_double" t="2" d="1"/>
<D id="65" f="9" l="11477" c="21" n="HUGE_VALF" t="1" d="1"/>
<D id="66" f="9" l="11478" c="21" n="HUGE_VALL" t="1" d="1"/>
<D id="67" f="5" l="40" c="1" n="FilHpRec1" t="7" d="1"/>
<D id="68" f="5" l="35" c="1" n="FilLpRec1" t="7" d="1"/>
<D id="69" f="6" l="48" c="7" n="Rte_CDS_MotCurrPeakEstimn" t="6" d="1"/>
<D id="70" f="8" l="99" c="5" n="MotCurrPeakEstimnInit1" t="2" d="1"/>
<D id="71" f="10" l="3" c="20" n="__PST__SINT8" t="7" d="1"/>
<D id="72" f="10" l="5" c="19" n="__PST__SINT32" t="7" d="1"/>
<D id="73" f="10" l="1" c="13" n="__PST__CHAR" t="7" d="1"/>
<D id="74" f="10" l="2" c="13" n="__PST__VOID" t="7" d="1"/>
<D id="75" f="10" l="4" c="21" n="__PST__SINT16" t="7" d="1"/>
<D id="76" f="3" l="141" c="2" n="Std_VersionInfoType" t="7" d="1"/>
<D id="77" f="5" l="33" c="12" n="FilSt" t="9" d="1"/>
<D id="78" f="5" l="34" c="12" n="FilGain" t="9" d="1"/>
<D id="79" f="6" l="54" c="11" n="Pim_dMotCurrPeakEstimnMotCurrDaxFil" t="9" d="1"/>
<D id="80" f="6" l="51" c="13" n="Pim_MotCurrDaxFil" t="9" d="1"/>
<D id="81" f="10" l="7" c="22" n="__PST__UINT8" t="7" d="1"/>
<D id="82" f="10" l="9" c="21" n="__PST__UINT32" t="7" d="1"/>
<D id="83" f="6" l="55" c="11" n="Pim_dMotCurrPeakEstimnMotCurrQaxFil" t="9" d="1"/>
<D id="84" f="6" l="52" c="13" n="Pim_MotCurrPeakEstimdFil" t="9" d="1"/>
<D id="85" f="6" l="53" c="13" n="Pim_MotCurrQaxFil" t="9" d="1"/>
<D id="86" f="13" l="42" c="5" n="main" t="2" d="1"/>
<D id="87" f="10" l="8" c="23" n="__PST__UINT16" t="7" d="1"/>
<D id="88" f="1" l="45" c="14" n="__va_list" t="7" d="1"/>
<D id="89" f="10" l="6" c="25" n="__PST__SINT64" t="7" d="1"/>
<D id="90" f="5" l="82" c="14" n="FilLpUpdGain" t="2" d="1"/>
<D id="91" f="10" l="33" c="7" n="__PST__g__27" t="6" d="1"/>
<D id="92" f="8" l="152" c="5" n="MotCurrPeakEstimnPer1" t="2" d="1"/>
<D id="93" f="1" l="50" c="18" n="__gnuc_va_list" t="7" d="1"/>
<D id="94" f="4" l="51" c="17" n="double_t" t="7" d="1"/>
<D id="95" f="10" l="25" c="7" n="Rte_CDS_MotCurrPeakEstimn" t="6" d="1"/>
<D id="96" f="4" l="52" c="17" n="float_t" t="7" d="1"/>
<D id="97" f="6" l="62" c="53" n="Rte_Inst_MotCurrPeakEstimn" t="1" d="0"/>
<D id="98" f="4" l="741" c="6" n="sqrtf" t="2" d="0"/>
<D id="99" f="5" l="39" c="24" n="CorrnFac" t="9" d="1"/>
<D id="100" f="5" l="82" c="35" n="FrqPole" t="4" d="1"/>
<D id="101" f="4" l="742" c="6" n="fabsf" t="2" d="0"/>
<D id="102" f="4" l="724" c="6" n="atan2f" t="2" d="0"/>
<D id="103" f="5" l="38" c="16" n="FilLpRec" t="9" d="1"/>
<D id="104" f="4" l="725" c="6" n="cosf" t="2" d="0"/>
<D id="105" f="4" l="726" c="6" n="sinf" t="2" d="0"/>
<D id="106" f="8" l="239" c="5" n="MotCurrPeakEstimnPer2" t="2" d="1"/>
<D id="107" f="9" l="567" c="4" n="errno" t="1" d="1"/>
<D id="108" f="1" l="49" c="18" n="va_list" t="7" d="1"/>
<D id="109" f="4" l="748" c="6" n="fmodf" t="2" d="0"/>
<D id="110" f="6" l="67" c="48" n="Rte_Instance" t="7" d="1"/>
<D id="111" f="3" l="140" c="10" n="sw_patch_version" t="9" d="1"/>
<D id="112" f="10" l="12" c="21" n="__PST__g__11" t="7" d="1"/>
<D id="113" f="10" l="23" c="29" n="__PST__g__26" t="7" d="1"/>
<D id="114" f="10" l="14" c="20" n="__PST__g__15" t="7" d="1"/>
<D id="115" f="11" l="43" c="19" n="x" t="4" d="1"/>
<D id="116" f="2" l="110" c="31" n="uint32" t="7" d="1"/>
<D id="117" f="10" l="21" c="22" n="__PST__g__23" t="7" d="1"/>
<D id="118" f="10" l="41" c="21" n="__PST__g__31" t="7" d="1"/>
<D id="119" f="10" l="35" c="19" n="FilSt" t="9" d="1"/>
<D id="120" f="10" l="52" c="20" n="__PST__g__43" t="7" d="1"/>
<D id="121" f="7" l="303" c="29" n="Inp1" t="4" d="1"/>
<D id="122" f="10" l="40" c="22" n="__PST__g__32" t="7" d="1"/>
<D id="123" f="7" l="230" c="39" n="Inp" t="4" d="1"/>
<D id="124" f="10" l="11" c="14" n="__PST__FLOAT32" t="7" d="1"/>
<D id="125" f="10" l="42" c="21" n="__PST__g__33" t="7" d="1"/>
<D id="126" f="10" l="36" c="19" n="FilGain" t="9" d="1"/>
<D id="127" f="11" l="25" c="20" n="pst_random_int" t="3" d="1"/>
<D id="128" f="2" l="112" c="31" n="sint8_least" t="7" d="1"/>
<D id="129" f="10" l="50" c="22" n="__PST__g__41" t="7" d="1"/>
<D id="130" f="10" l="70" c="21" n="__PST__g__66" t="7" d="1"/>
<D id="131" f="2" l="103" c="31" n="boolean" t="7" d="1"/>
<D id="132" f="12" l="25" c="20" n="pst_random_int" t="3" d="1"/>
<D id="133" f="13" l="25" c="20" n="pst_random_int" t="3" d="1"/>
<D id="134" f="10" l="43" c="21" n="__PST__g__34" t="7" d="1"/>
<D id="135" f="10" l="60" c="22" n="__PST__g__51" t="7" d="1"/>
<D id="136" f="10" l="54" c="20" n="__PST__g__45" t="7" d="1"/>
<D id="137" f="10" l="71" c="30" n="__PST__g__67" t="7" d="1"/>
<D id="138" f="2" l="113" c="31" n="uint8_least" t="7" d="1"/>
<D id="139" f="10" l="51" c="22" n="__PST__g__42" t="7" d="1"/>
<D id="140" f="10" l="45" c="20" n="__PST__g__36" t="7" d="1"/>
<D id="141" f="11" l="51" c="31" n="x" t="4" d="1"/>
<D id="142" f="3" l="136" c="10" n="vendorID" t="9" d="1"/>
<D id="143" f="7" l="420" c="31" n="Inp1" t="4" d="1"/>
<D id="144" f="7" l="501" c="31" n="Inp" t="4" d="1"/>
<D id="145" f="10" l="61" c="22" n="__PST__g__52" t="7" d="1"/>
<D id="146" f="2" l="114" c="31" n="sint16_least" t="7" d="1"/>
<D id="147" f="12" l="27" c="29" n="pst_random_g_6" t="3" d="1"/>
<D id="148" f="10" l="72" c="21" n="__PST__g__68" t="7" d="1"/>
<D id="149" f="2" l="105" c="31" n="sint8" t="7" d="1"/>
<D id="150" f="3" l="137" c="10" n="moduleID" t="9" d="1"/>
<D id="151" f="7" l="290" c="29" n="Inp1" t="4" d="1"/>
<D id="152" f="10" l="16" c="22" n="__PST__g__18" t="7" d="1"/>
<D id="153" f="10" l="62" c="22" n="__PST__g__53" t="7" d="1"/>
<D id="154" f="10" l="73" c="30" n="__PST__g__69" t="7" d="1"/>
<D id="155" f="9" l="601" c="13" n="_polyspace_random_int" t="5" d="1"/>
<D id="156" f="2" l="115" c="31" n="uint16_least" t="7" d="1"/>
<D id="157" f="2" l="106" c="31" n="uint8" t="7" d="1"/>
<D id="158" f="10" l="13" c="15" n="__PST__FLOAT64" t="7" d="1"/>
<D id="159" f="10" l="38" c="20" n="__PST__g__29" t="7" d="1"/>
<D id="160" f="3" l="138" c="10" n="sw_major_version" t="9" d="1"/>
<D id="161" f="10" l="15" c="23" n="__PST__g__16" t="7" d="1"/>
<D id="162" f="7" l="381" c="29" n="Inp1" t="4" d="1"/>
<D id="163" f="3" l="132" c="14" n="Std_ReturnType" t="7" d="1"/>
<D id="164" f="5" l="150" c="14" n="FilHpUpdGain" t="2" d="1"/>
<D id="165" f="5" l="103" c="42" n="Inp" t="4" d="1"/>
<D id="166" f="10" l="63" c="22" n="__PST__g__54" t="7" d="1"/>
<D id="167" f="2" l="116" c="31" n="sint32_least" t="7" d="1"/>
<D id="168" f="11" l="41" c="15" n="_main_gen_init_g10" t="2" d="1"/>
<D id="169" f="10" l="19" c="30" n="__PST__g__20" t="7" d="1"/>
<D id="170" f="2" l="107" c="31" n="sint16" t="7" d="1"/>
<D id="171" f="3" l="125" c="22" n="StatusType" t="7" d="1"/>
<D id="172" f="3" l="139" c="10" n="sw_minor_version" t="9" d="1"/>
<D id="173" f="7" l="342" c="31" n="Inp1" t="4" d="1"/>
<D id="174" f="10" l="53" c="23" n="__PST__g__44" t="7" d="1"/>
<D id="175" f="10" l="10" c="27" n="__PST__UINT64" t="7" d="1"/>
<D id="176" f="10" l="24" c="24" n="__PST__g__28" t="7" d="1"/>
<D id="177" f="10" l="18" c="22" n="__PST__g__21" t="7" d="1"/>
<D id="178" f="10" l="44" c="23" n="__PST__g__35" t="7" d="1"/>
<D id="179" f="11" l="27" c="31" n="pst_random_g_10" t="3" d="1"/>
<D id="180" f="2" l="117" c="31" n="uint32_least" t="7" d="1"/>
<D id="181" f="10" l="30" c="17" n="Pim_dMotCurrPeakEstimnMotCurrDaxFil" t="9" d="1"/>
<D id="182" f="10" l="55" c="22" n="__PST__g__46" t="7" d="1"/>
<D id="183" f="2" l="108" c="31" n="uint16" t="7" d="1"/>
<D id="184" f="10" l="17" c="32" n="__PST__g__19" t="7" d="1"/>
<D id="185" f="9" l="191" c="21" n="size_t" t="7" d="1"/>
<D id="186" f="7" l="433" c="31" n="Inp1" t="4" d="1"/>
<D id="187" f="7" l="473" c="29" n="Inp" t="4" d="1"/>
<D id="188" f="12" l="84" c="30" n="real_random_for_return" t="4" d="1"/>
<D id="189" f="11" l="49" c="20" n="_main_gen_init_g27" t="2" d="1"/>
<D id="190" f="10" l="74" c="22" n="__PST__g__70" t="7" d="1"/>
<D id="191" f="2" l="127" c="31" n="sint64" t="7" d="1"/>
<D id="192" f="10" l="65" c="22" n="__PST__g__56" t="7" d="1"/>
<D id="193" f="11" l="94" c="30" n="_main_gen_tmp_8" t="4" d="1"/>
<D id="194" f="7" l="303" c="15" n="Min_u08" t="2" d="1"/>
<D id="195" f="5" l="125" c="32" n="Inp" t="4" d="1"/>
<D id="196" f="10" l="31" c="17" n="Pim_dMotCurrPeakEstimnMotCurrQaxFil" t="9" d="1"/>
<D id="197" f="10" l="56" c="22" n="__PST__g__47" t="7" d="1"/>
<D id="198" f="2" l="109" c="31" n="sint32" t="7" d="1"/>
<D id="199" f="7" l="316" c="31" n="Inp1" t="4" d="1"/>
<D id="200" f="12" l="28" c="31" n="pst_random_g_10" t="3" d="1"/>
<D id="201" f="10" l="47" c="22" n="__PST__g__38" t="7" d="1"/>
<D id="202" f="11" l="65" c="22" n="_i_main_gen_tmp_3" t="4" d="1"/>
<D id="203" f="5" l="125" c="14" n="FilLpInit" t="2" d="1"/>
<D id="204" f="7" l="515" c="31" n="Inp" t="4" d="1"/>
<D id="205" f="11" l="143" c="5" n="_extern_init" t="2" d="1"/>
<D id="206" f="5" l="83" c="104" n="TiStep" t="4" d="1"/>
<D id="207" f="12" l="85" c="21" n="random_for_return" t="4" d="1"/>
<D id="208" f="10" l="49" c="21" n="__PST__g__40" t="7" d="1"/>
<D id="209" f="10" l="75" c="22" n="__PST__g__71" t="7" d="1"/>
<D id="210" f="2" l="128" c="31" n="uint64" t="7" d="1"/>
<D id="211" f="7" l="420" c="16" n="Max_u16" t="2" d="1"/>
<D id="212" f="7" l="501" c="16" n="Lim_s16" t="2" d="1"/>
<D id="213" f="7" l="543" c="31" n="Inp" t="4" d="1"/>
<D id="214" f="7" l="780" c="21" n="SINCNVNCONTBL_ULS_U16" t="4" d="1"/>
<D id="215" f="10" l="46" c="23" n="__PST__g__37" t="7" d="1"/>
<D id="216" f="10" l="66" c="22" n="__PST__g__57" t="7" d="1"/>
<D id="217" f="7" l="407" c="31" n="Inp1" t="4" d="1"/>
<D id="218" f="10" l="57" c="22" n="__PST__g__48" t="7" d="1"/>
<D id="219" f="11" l="75" c="22" n="_i_main_gen_tmp_5" t="4" d="1"/>
<D id="220" f="7" l="650" c="14" n="SinCos_f32" t="2" d="1"/>
<D id="221" f="11" l="60" c="44" n="x" t="4" d="1"/>
<D id="222" f="7" l="394" c="29" n="Inp1" t="4" d="1"/>
<D id="223" f="10" l="76" c="31" n="__PST__g__72" t="7" d="1"/>
<D id="224" f="9" l="193" c="12" n="ptrdiff_t" t="7" d="1"/>
<D id="225" f="2" l="138" c="31" n="float32" t="7" d="1"/>
<D id="226" f="7" l="242" c="15" n="Sign_s08_s08" t="2" d="1"/>
<D id="227" f="5" l="103" c="17" n="FilLpUpdOutp_f32" t="2" d="1"/>
<D id="228" f="10" l="22" c="27" n="__PST__g__22" t="7" d="1"/>
<D id="229" f="10" l="67" c="22" n="__PST__g__58" t="7" d="1"/>
<D id="230" f="11" l="85" c="22" n="_i_main_gen_tmp_7" t="4" d="1"/>
<D id="231" f="9" l="603" c="24" n="random" t="4" d="1"/>
<D id="232" f="7" l="204" c="16" n="Abslt_u16_s16" t="2" d="1"/>
<D id="233" f="7" l="230" c="17" n="Abslt_f32_f32" t="2" d="1"/>
<D id="234" f="10" l="58" c="22" n="__PST__g__49" t="7" d="1"/>
<D id="235" f="5" l="150" c="35" n="FrqPole" t="4" d="1"/>
<D id="236" f="12" l="56" c="32" n="real_random_for_return" t="4" d="1"/>
<D id="237" f="9" l="611" c="25" n="random" t="4" d="1"/>
<D id="238" f="7" l="355" c="31" n="Inp1" t="4" d="1"/>
<D id="239" f="7" l="650" c="33" n="Inp" t="4" d="1"/>
<D id="240" f="10" l="20" c="47" n="__PST__g__24" t="7" d="1"/>
<D id="241" f="2" l="139" c="31" n="float64" t="7" d="1"/>
<D id="242" f="7" l="621" c="34" n="Inp" t="4" d="1"/>
<D id="243" f="11" l="95" c="22" n="_i_main_gen_tmp_9" t="4" d="1"/>
<D id="244" f="7" l="242" c="34" n="Inp" t="4" d="1"/>
<D id="245" f="12" l="67" c="13" n="Rte_Read_MotCurrPeakEstimn_CurrMeasLoaMtgtnEna_Logl" t="2" d="1"/>
<D id="246" f="10" l="68" c="22" n="__PST__g__59" t="7" d="1"/>
<D id="247" f="10" l="39" c="23" n="__PST__g__30" t="7" d="1"/>
<D id="248" f="7" l="446" c="31" n="Inp1" t="4" d="1"/>
<D id="249" f="12" l="95" c="13" n="Rte_Read_MotCurrPeakEstimn_DualEcuMotCtrlMtgtnEna_Logl" t="2" d="1"/>
<D id="250" f="12" l="57" c="23" n="random_for_return" t="4" d="1"/>
<D id="251" f="7" l="290" c="15" n="Min_s08" t="2" d="1"/>
<D id="252" f="10" l="69" c="31" n="__PST__g__60" t="7" d="1"/>
<D id="253" f="7" l="342" c="16" n="Min_s32" t="2" d="1"/>
<D id="254" f="7" l="633" c="33" n="Numer" t="4" d="1"/>
<D id="255" f="7" l="191" c="15" n="Abslt_u08_s08" t="2" d="1"/>
<D id="256" f="7" l="329" c="31" n="Inp1" t="4" d="1"/>
<D id="257" f="8" l="160" c="17" n="MotCurrQax_Ampr_T_f32" t="4" d="1"/>
<D id="258" f="7" l="487" c="29" n="Inp" t="4" d="1"/>
<D id="259" f="9" l="196" c="21" n="wchar_t" t="7" d="1"/>
<D id="260" f="7" l="254" c="15" n="Sign_s08_s16" t="2" d="1"/>
<D id="261" f="7" l="381" c="15" n="Max_s08" t="2" d="1"/>
<D id="262" f="7" l="433" c="16" n="Max_s32" t="2" d="1"/>
<D id="263" f="7" l="621" c="17" n="Sqrt_f32" t="2" d="1"/>
<D id="264" f="11" l="23" c="28" n="pst_random_char" t="3" d="1"/>
<D id="265" f="8" l="161" c="17" n="MotCurrQaxCmd_Ampr_T_f32" t="4" d="1"/>
<D id="266" f="12" l="23" c="28" n="pst_random_char" t="3" d="1"/>
<D id="267" f="9" l="617" c="23" n="_polyspace_random_ulong" t="5" d="1"/>
<D id="268" f="7" l="529" c="31" n="Inp" t="4" d="1"/>
<D id="269" f="10" l="27" c="17" n="Pim_MotCurrDaxFil" t="9" d="1"/>
<D id="270" f="7" l="316" c="16" n="Min_s16" t="2" d="1"/>
<D id="271" f="5" l="175" c="42" n="Inp" t="4" d="1"/>
<D id="272" f="13" l="23" c="28" n="pst_random_char" t="3" d="1"/>
<D id="273" f="11" l="64" c="35" n="_main_gen_tmp_2" t="4" d="1"/>
<D id="274" f="11" l="58" c="33" n="_main_gen_init_g25" t="2" d="1"/>
<D id="275" f="7" l="515" c="16" n="Lim_u16" t="2" d="1"/>
<D id="276" f="7" l="217" c="16" n="Abslt_u32_s32" t="2" d="1"/>
<D id="277" f="8" l="159" c="13" n="MotCurrDaxCmd_Ampr_T_f32" t="4" d="1"/>
<D id="278" f="7" l="543" c="16" n="Lim_u32" t="2" d="1"/>
<D id="279" f="8" l="162" c="17" n="MotCurrDaxestimn_Ampr_T_f32" t="4" d="1"/>
<D id="280" f="7" l="407" c="16" n="Max_s16" t="2" d="1"/>
<D id="281" f="7" l="473" c="15" n="Lim_s08" t="2" d="1"/>
<D id="282" f="5" l="84" c="107" n="FilLpRecPtr" t="4" d="1"/>
<D id="283" f="10" l="28" c="17" n="Pim_MotCurrPeakEstimdFil" t="9" d="1"/>
<D id="284" f="11" l="74" c="35" n="_main_gen_tmp_4" t="4" d="1"/>
<D id="285" f="9" l="624" c="16" n="_polyspace_random_double" t="5" d="1"/>
<D id="286" f="7" l="204" c="37" n="Inp" t="4" d="1"/>
<D id="287" f="12" l="49" c="15" n="expf" t="2" d="1"/>
<D id="288" f="9" l="609" c="14" n="_polyspace_random_long" t="5" d="1"/>
<D id="289" f="7" l="191" c="35" n="Inp" t="4" d="1"/>
<D id="290" f="7" l="660" c="17" n="Tmp" t="4" d="1"/>
<D id="291" f="10" l="64" c="27" n="__PST__g__55" t="7" d="1"/>
<D id="292" f="9" l="3671" c="4" n="__polyspace_nb_varargs" t="1" d="1"/>
<D id="293" f="9" l="593" c="23" n="_polyspace_random_uchar" t="5" d="1"/>
<D id="294" f="8" l="163" c="17" n="MotCurrQaxestimn_Ampr_T_f32" t="4" d="1"/>
<D id="295" f="11" l="84" c="35" n="_main_gen_tmp_6" t="4" d="1"/>
<D id="296" f="7" l="266" c="15" n="Sign_s08_s32" t="2" d="1"/>
<D id="297" f="7" l="254" c="35" n="Inp" t="4" d="1"/>
<D id="298" f="10" l="29" c="17" n="Pim_MotCurrQaxFil" t="9" d="1"/>
<D id="299" f="7" l="633" c="17" n="Mod_f32" t="2" d="1"/>
<D id="300" f="7" l="609" c="33" n="Inp" t="4" d="1"/>
<D id="301" f="7" l="355" c="16" n="Min_u32" t="2" d="1"/>
<D id="302" f="5" l="197" c="32" n="Inp" t="4" d="1"/>
<D id="303" f="5" l="197" c="14" n="FilHpInit" t="2" d="1"/>
<D id="304" f="8" l="164" c="17" n="MotCurrDaxFi_Ampr_T_f32" t="4" d="1"/>
<D id="305" f="8" l="245" c="17" n="MotCurrPeakEstimdFild_AmprSqd_T_f32" t="4" d="1"/>
<D id="306" f="7" l="394" c="15" n="Max_u08" t="2" d="1"/>
<D id="307" f="9" l="585" c="14" n="_polyspace_random_char" t="5" d="1"/>
<D id="308" f="7" l="446" c="16" n="Max_u32" t="2" d="1"/>
<D id="309" f="7" l="557" c="33" n="Inp" t="4" d="1"/>
<D id="310" f="7" l="656" c="15" n="Normdn" t="4" d="1"/>
<D id="311" f="7" l="572" c="17" n="Arctan2_f32" t="2" d="1"/>
<D id="312" f="8" l="165" c="17" n="MotCurrQaxFi_Ampr_T_f32" t="4" d="1"/>
<D id="313" f="7" l="329" c="16" n="Min_u16" t="2" d="1"/>
<D id="314" f="5" l="175" c="17" n="FilHpUpdOutp_f32" t="2" d="1"/>
<D id="315" f="7" l="585" c="33" n="Inp" t="4" d="1"/>
<D id="316" f="12" l="49" c="35" n="P_0" t="4" d="1"/>
<D id="317" f="7" l="368" c="33" n="Inp1" t="4" d="1"/>
<D id="318" f="7" l="655" c="16" n="n" t="4" d="1"/>
<D id="319" f="7" l="177" c="34" n="Inp1" t="4" d="1"/>
<D id="320" f="12" l="95" c="81" n="P_0" t="4" d="1"/>
<D id="321" f="7" l="278" c="15" n="Sign_s08_f32" t="2" d="1"/>
<D id="322" f="7" l="266" c="35" n="Inp" t="4" d="1"/>
<D id="323" f="8" l="166" c="17" n="MotCurrPeakEstimd_AmprSqd_T_f32" t="4" d="1"/>
<D id="324" f="9" l="619" c="34" n="random" t="4" d="1"/>
<D id="325" f="7" l="217" c="37" n="Inp" t="4" d="1"/>
<D id="326" f="7" l="459" c="33" n="Inp1" t="4" d="1"/>
<D id="327" f="7" l="529" c="16" n="Lim_s32" t="2" d="1"/>
<D id="328" f="9" l="3670" c="7" n="__polyspace_vararg" t="1" d="1"/>
<D id="329" f="7" l="330" c="95" n="Inp2" t="4" d="1"/>
<D id="330" f="10" l="48" c="28" n="__PST__g__39" t="7" d="1"/>
<D id="331" f="7" l="487" c="15" n="Lim_u08" t="2" d="1"/>
<D id="332" f="7" l="609" c="17" n="Exp_f32" t="2" d="1"/>
<D id="333" f="8" l="167" c="17" n="CurrMeasLoaMtgtnEna_Cnt_T_lgc" t="4" d="1"/>
<D id="334" f="10" l="59" c="27" n="__PST__g__50" t="7" d="1"/>
<D id="335" f="8" l="158" c="17" n="MotCurrDax_Ampr_T_f32" t="4" d="1"/>
<D id="336" f="9" l="626" c="27" n="random" t="4" d="1"/>
<D id="337" f="7" l="421" c="95" n="Inp2" t="4" d="1"/>
<D id="338" f="7" l="502" c="95" n="RngLo" t="4" d="1"/>
<D id="339" f="7" l="778" c="14" n="SignFlip_Cnt_T_s08" t="4" d="1"/>
<D id="340" f="12" l="378" c="5" n="__PST__MAIN__ENTRY__POINT__" t="2" d="1"/>
<D id="341" f="7" l="177" c="17" n="Blnd_f32" t="2" d="1"/>
<D id="342" f="7" l="530" c="95" n="RngLo" t="4" d="1"/>
<D id="343" f="7" l="572" c="37" n="Numer" t="4" d="1"/>
<D id="344" f="9" l="595" c="34" n="random" t="4" d="1"/>
<D id="345" f="7" l="597" c="33" n="Inp" t="4" d="1"/>
<D id="346" f="7" l="777" c="15" n="Theta_Cnt_T_u16" t="4" d="1"/>
<D id="347" f="8" l="168" c="17" n="DualEcuMotCtrlMtgtnEna_Cnt_T_lgc" t="4" d="1"/>
<D id="348" f="7" l="557" c="17" n="Lim_f32" t="2" d="1"/>
<D id="349" f="7" l="304" c="86" n="Inp2" t="4" d="1"/>
<D id="350" f="7" l="503" c="95" n="RngHi" t="4" d="1"/>
<D id="351" f="7" l="776" c="16" n="Theta_Rev_T_f32" t="4" d="1"/>
<D id="352" f="7" l="585" c="17" n="Sin_f32" t="2" d="1"/>
<D id="353" f="7" l="531" c="95" n="RngHi" t="4" d="1"/>
<D id="354" f="7" l="368" c="17" n="Min_f32" t="2" d="1"/>
<D id="355" f="7" l="657" c="17" n="InpSqd" t="4" d="1"/>
<D id="356" f="8" l="169" c="17" n="IvtrLoaMtgtnEna_Cnt_T_lgc" t="4" d="1"/>
<D id="357" f="9" l="587" c="25" n="random" t="4" d="1"/>
<D id="358" f="7" l="774" c="36" n="MotCoggAg_Rad_T_f32" t="4" d="1"/>
<D id="359" f="7" l="459" c="17" n="Max_f32" t="2" d="1"/>
<D id="360" f="7" l="774" c="18" n="SinLookup" t="2" d="1"/>
<D id="361" f="7" l="658" c="17" n="SinA" t="4" d="1"/>
<D id="362" f="7" l="278" c="36" n="Inp" t="4" d="1"/>
<D id="363" f="7" l="343" c="95" n="Inp2" t="4" d="1"/>
<D id="364" f="7" l="659" c="17" n="CosA" t="4" d="1"/>
<D id="365" f="7" l="434" c="95" n="Inp2" t="4" d="1"/>
<D id="366" f="7" l="460" c="96" n="Inp2" t="4" d="1"/>
<D id="367" f="7" l="597" c="17" n="Cos_f32" t="2" d="1"/>
<D id="368" f="7" l="779" c="16" n="SinVal_Uls_T_f32" t="4" d="1"/>
<D id="369" f="5" l="126" c="96" n="FrqPole" t="4" d="1"/>
<D id="370" f="7" l="291" c="86" n="Inp2" t="4" d="1"/>
<D id="371" f="7" l="317" c="95" n="Inp2" t="4" d="1"/>
<D id="372" f="7" l="516" c="95" n="RngLo" t="4" d="1"/>
<D id="373" f="7" l="544" c="95" n="RngLo" t="4" d="1"/>
<D id="374" f="7" l="382" c="86" n="Inp2" t="4" d="1"/>
<D id="375" f="7" l="408" c="95" n="Inp2" t="4" d="1"/>
<D id="376" f="7" l="474" c="94" n="RngLo" t="4" d="1"/>
<D id="377" f="5" l="127" c="96" n="TiStep" t="4" d="1"/>
<D id="378" f="7" l="517" c="95" n="RngHi" t="4" d="1"/>
<D id="379" f="7" l="545" c="95" n="RngHi" t="4" d="1"/>
<D id="380" f="7" l="475" c="94" n="RngHi" t="4" d="1"/>
<D id="381" f="7" l="356" c="95" n="Inp2" t="4" d="1"/>
<D id="382" f="7" l="447" c="95" n="Inp2" t="4" d="1"/>
<D id="383" f="12" l="67" c="78" n="P_0" t="4" d="1"/>
<D id="384" f="7" l="395" c="86" n="Inp2" t="4" d="1"/>
<D id="385" f="7" l="488" c="94" n="RngLo" t="4" d="1"/>
<D id="386" f="7" l="489" c="94" n="RngHi" t="4" d="1"/>
<D id="387" f="5" l="198" c="96" n="FrqPole" t="4" d="1"/>
<D id="388" f="7" l="369" c="96" n="Inp2" t="4" d="1"/>
<D id="389" f="7" l="178" c="97" n="Inp2" t="4" d="1"/>
<D id="390" f="5" l="199" c="96" n="TiStep" t="4" d="1"/>
<D id="391" f="7" l="179" c="97" n="Fac" t="4" d="1"/>
</Definitions>
<Uses>
<U id="1" f="11" l="100" c="10" d="181" a="0"/>
<U id="2" f="11" l="110" c="10" d="196" a="0"/>
<U id="3" f="11" l="120" c="11" d="228" a="0"/>
<U id="4" f="11" l="112" c="11" d="221" a="0"/>
<U id="5" f="12" l="104" c="12" d="320" a="0"/>
<U id="6" f="11" l="132" c="12" d="8" a="1"/>
<U id="7" f="12" l="132" c="12" d="47" a="0"/>
<U id="8" f="11" l="100" c="70" d="193" a="1"/>
<U id="9" f="11" l="130" c="32" d="48" a="0"/>
<U id="10" f="12" l="160" c="12" d="55" a="0"/>
<U id="11" f="7" l="702" c="120" d="364" a="0"/>
<U id="12" f="11" l="110" c="70" d="4" a="1"/>
<U id="13" f="7" l="712" c="120" d="364" a="0"/>
<U id="14" f="11" l="108" c="29" d="10" a="0"/>
<U id="15" f="12" l="113" c="41" d="2" a="0"/>
<U id="16" f="12" l="102" c="15" d="132" a="0"/>
<U id="17" f="11" l="132" c="41" d="127" a="0"/>
<U id="18" f="12" l="141" c="41" d="3" a="0"/>
<U id="19" f="12" l="130" c="15" d="132" a="0"/>
<U id="20" f="11" l="106" c="13" d="10" a="1"/>
<U id="21" f="12" l="381" c="20" d="86" a="0"/>
<U id="22" f="7" l="703" c="121" d="364" a="0"/>
<U id="23" f="12" l="216" c="12" d="58" a="0"/>
<U id="24" f="11" l="108" c="12" d="4" a="1"/>
<U id="25" f="8" l="193" c="110" d="80" a="0"/>
<U id="26" f="7" l="722" c="121" d="364" a="0"/>
<U id="27" f="12" l="244" c="12" d="45" a="0"/>
<U id="28" f="7" l="713" c="121" d="364" a="0"/>
<U id="29" f="11" l="104" c="15" d="124" a="0"/>
<U id="30" f="11" l="130" c="16" d="36" a="1"/>
<U id="31" f="11" l="127" c="12" d="82" a="0"/>
<U id="32" f="7" l="682" c="119" d="364" a="0"/>
<U id="33" f="7" l="732" c="121" d="364" a="0"/>
<U id="34" f="8" l="194" c="110" d="85" a="0"/>
<U id="35" f="7" l="723" c="121" d="364" a="0"/>
<U id="36" f="11" l="130" c="53" d="274" a="0"/>
<U id="37" f="7" l="692" c="119" d="364" a="0"/>
<U id="38" f="7" l="742" c="121" d="364" a="0"/>
<U id="39" f="12" l="114" c="15" d="5" a="0"/>
<U id="40" f="7" l="733" c="121" d="364" a="0"/>
<U id="41" f="12" l="104" c="34" d="147" a="0"/>
<U id="42" f="8" l="201" c="107" d="312" a="0"/>
<U id="43" f="12" l="123" c="61" d="122" a="0"/>
<U id="44" f="12" l="142" c="15" d="7" a="0"/>
<U id="45" f="12" l="225" c="41" d="9" a="0"/>
<U id="46" f="12" l="104" c="16" d="132" a="0"/>
<U id="47" f="12" l="214" c="15" d="132" a="0"/>
<U id="48" f="7" l="743" c="121" d="364" a="0"/>
<U id="49" f="12" l="132" c="34" d="147" a="0"/>
<U id="50" f="12" l="112" c="17" d="81" a="0"/>
<U id="51" f="12" l="170" c="15" d="43" a="0"/>
<U id="52" f="12" l="253" c="41" d="12" a="0"/>
<U id="53" f="11" l="128" c="40" d="48" a="0"/>
<U id="54" f="8" l="106" c="105" d="97" a="0"/>
<U id="55" f="12" l="132" c="16" d="132" a="0"/>
<U id="56" f="12" l="242" c="15" d="132" a="0"/>
<U id="57" f="12" l="160" c="34" d="200" a="0"/>
<U id="58" f="12" l="313" c="43" d="14" a="0"/>
<U id="59" f="12" l="314" c="15" d="18" a="0"/>
<U id="60" f="7" l="683" c="120" d="364" a="0"/>
<U id="61" f="7" l="753" c="121" d="364" a="0"/>
<U id="62" f="5" l="155" c="113" d="235" a="0"/>
<U id="63" f="12" l="140" c="17" d="81" a="0"/>
<U id="64" f="12" l="160" c="16" d="132" a="0"/>
<U id="65" f="7" l="693" c="120" d="364" a="0"/>
<U id="66" f="8" l="106" c="133" d="84" a="0"/>
<U id="67" f="11" l="108" c="51" d="168" a="0"/>
<U id="68" f="7" l="754" c="121" d="364" a="0"/>
<U id="69" f="12" l="312" c="17" d="124" a="0"/>
<U id="70" f="5" l="155" c="141" d="235" a="0"/>
<U id="71" f="12" l="273" c="41" d="19" a="0"/>
<U id="72" f="5" l="155" c="123" d="16" a="0"/>
<U id="73" f="7" l="707" c="122" d="364" a="0"/>
<U id="74" f="12" l="333" c="43" d="20" a="0"/>
<U id="75" f="12" l="334" c="15" d="25" a="0"/>
<U id="76" f="11" l="132" c="63" d="36" a="1"/>
<U id="77" f="11" l="100" c="48" d="127" a="0"/>
<U id="78" f="12" l="226" c="15" d="15" a="0"/>
<U id="79" f="7" l="708" c="122" d="364" a="0"/>
<U id="80" f="5" l="155" c="151" d="16" a="0"/>
<U id="81" f="12" l="216" c="34" d="200" a="0"/>
<U id="82" f="12" l="332" c="17" d="124" a="0"/>
<U id="83" f="12" l="254" c="15" d="17" a="0"/>
<U id="84" f="12" l="106" c="17" d="147" a="0"/>
<U id="85" f="12" l="216" c="16" d="132" a="0"/>
<U id="86" f="11" l="110" c="48" d="127" a="0"/>
<U id="87" f="7" l="727" c="122" d="364" a="0"/>
<U id="88" f="12" l="244" c="34" d="200" a="0"/>
<U id="89" f="12" l="293" c="41" d="27" a="0"/>
<U id="90" f="12" l="224" c="17" d="81" a="0"/>
<U id="91" f="8" l="107" c="125" d="80" a="0"/>
<U id="92" f="12" l="134" c="17" d="147" a="0"/>
<U id="93" f="12" l="244" c="16" d="132" a="0"/>
<U id="94" f="7" l="687" c="120" d="364" a="0"/>
<U id="95" f="12" l="252" c="17" d="81" a="0"/>
<U id="96" f="7" l="728" c="122" d="364" a="0"/>
<U id="97" f="12" l="162" c="17" d="200" a="0"/>
<U id="98" f="12" l="345" c="79" d="124" a="0"/>
<U id="99" f="12" l="188" c="12" d="56" a="0"/>
<U id="100" f="11" l="126" c="26" d="95" a="0"/>
<U id="101" f="8" l="108" c="125" d="85" a="0"/>
<U id="102" f="7" l="747" c="122" d="364" a="0"/>
<U id="103" f="12" l="151" c="55" d="176" a="0"/>
<U id="104" f="12" l="190" c="17" d="200" a="0"/>
<U id="105" f="12" l="274" c="15" d="23" a="0"/>
<U id="106" f="7" l="748" c="122" d="364" a="0"/>
<U id="107" f="11" l="106" c="37" d="10" a="0"/>
<U id="108" f="12" l="272" c="17" d="81" a="0"/>
<U id="109" f="7" l="688" c="121" d="364" a="0"/>
<U id="110" f="12" l="169" c="41" d="35" a="0"/>
<U id="111" f="12" l="158" c="15" d="132" a="0"/>
<U id="112" f="12" l="294" c="15" d="29" a="0"/>
<U id="113" f="11" l="128" c="17" d="48" a="1"/>
<U id="114" f="12" l="218" c="17" d="200" a="0"/>
<U id="115" f="12" l="197" c="41" d="40" a="0"/>
<U id="116" f="12" l="186" c="15" d="132" a="0"/>
<U id="117" f="12" l="207" c="55" d="176" a="0"/>
<U id="118" f="12" l="246" c="17" d="200" a="0"/>
<U id="119" f="12" l="292" c="17" d="81" a="0"/>
<U id="120" f="8" l="248" c="134" d="97" a="0"/>
<U id="121" f="8" l="248" c="162" d="84" a="0"/>
<U id="122" f="12" l="265" c="63" d="124" a="0"/>
<U id="123" f="12" l="367" c="43" d="46" a="0"/>
<U id="124" f="12" l="368" c="15" d="50" a="0"/>
<U id="125" f="12" l="366" c="17" d="124" a="0"/>
<U id="126" f="12" l="198" c="15" d="44" a="0"/>
<U id="127" f="12" l="188" c="34" d="200" a="0"/>
<U id="128" f="12" l="168" c="17" d="81" a="0"/>
<U id="129" f="12" l="188" c="16" d="132" a="0"/>
<U id="130" f="12" l="196" c="17" d="81" a="0"/>
<U id="131" f="11" l="66" c="193" d="202" a="1"/>
<U id="132" f="11" l="76" c="193" d="219" a="1"/>
<U id="133" f="11" l="96" c="183" d="243" a="1"/>
<U id="134" f="12" l="235" c="58" d="176" a="0"/>
<U id="135" f="11" l="86" c="193" d="230" a="1"/>
<U id="136" f="12" l="285" c="67" d="124" a="0"/>
<U id="137" f="12" l="179" c="58" d="176" a="0"/>
<U id="138" f="9" l="11461" c="9" d="62" a="0"/>
<U id="139" f="11" l="128" c="223" d="48" a="1"/>
<U id="140" f="11" l="106" c="185" d="10" a="1"/>
<U id="141" f="6" l="51" c="2" d="68" a="0"/>
<U id="142" f="6" l="91" c="0" d="163" a="0"/>
<U id="143" f="6" l="52" c="2" d="68" a="0"/>
<U id="144" f="6" l="92" c="0" d="163" a="0"/>
<U id="145" f="6" l="53" c="2" d="68" a="0"/>
<U id="146" f="6" l="93" c="0" d="163" a="0"/>
<U id="147" f="6" l="54" c="2" d="225" a="0"/>
<U id="148" f="6" l="94" c="0" d="163" a="0"/>
<U id="149" f="5" l="33" c="4" d="225" a="0"/>
<U id="150" f="6" l="55" c="2" d="225" a="0"/>
<U id="151" f="6" l="95" c="0" d="163" a="0"/>
<U id="152" f="5" l="34" c="4" d="225" a="0"/>
<U id="153" f="6" l="96" c="0" d="163" a="0"/>
<U id="154" f="6" l="97" c="0" d="163" a="0"/>
<U id="155" f="1" l="50" c="8" d="88" a="0"/>
<U id="156" f="6" l="98" c="0" d="163" a="0"/>
<U id="157" f="6" l="99" c="0" d="163" a="0"/>
<U id="158" f="5" l="38" c="4" d="68" a="0"/>
<U id="159" f="5" l="39" c="4" d="225" a="0"/>
<U id="160" f="1" l="84" c="7" d="108" a="0"/>
<U id="161" f="1" l="49" c="8" d="88" a="0"/>
<U id="162" f="5" l="86" c="8" d="282" a="0"/>
<U id="163" f="6" l="100" c="0" d="225" a="0"/>
<U id="164" f="6" l="101" c="0" d="225" a="0"/>
<U id="165" f="11" l="41" c="0" d="124" a="0"/>
<U id="166" f="6" l="103" c="0" d="225" a="0"/>
<U id="167" f="10" l="30" c="4" d="176" a="0"/>
<U id="168" f="3" l="140" c="3" d="157" a="0"/>
<U id="169" f="10" l="31" c="4" d="176" a="0"/>
<U id="170" f="6" l="62" c="20" d="69" a="0"/>
<U id="171" f="6" l="102" c="5" d="26" a="0"/>
<U id="172" f="11" l="43" c="4" d="124" a="0"/>
<U id="173" f="1" l="84" c="39" d="108" a="0"/>
<U id="174" f="12" l="67" c="0" d="81" a="0"/>
<U id="175" f="12" l="49" c="0" d="124" a="0"/>
<U id="176" f="12" l="95" c="0" d="81" a="0"/>
<U id="177" f="10" l="35" c="4" d="124" a="0"/>
<U id="178" f="11" l="53" c="4" d="141" a="1"/>
<U id="179" f="6" l="100" c="8" d="28" a="0"/>
<U id="180" f="10" l="21" c="8" d="240" a="0"/>
<U id="181" f="10" l="12" c="8" d="74" a="0"/>
<U id="182" f="10" l="36" c="4" d="124" a="0"/>
<U id="183" f="11" l="54" c="4" d="141" a="1"/>
<U id="184" f="3" l="136" c="3" d="183" a="0"/>
<U id="185" f="6" l="101" c="8" d="34" a="0"/>
<U id="186" f="10" l="27" c="4" d="113" a="0"/>
<U id="187" f="11" l="45" c="4" d="115" a="1"/>
<U id="188" f="10" l="40" c="8" d="81" a="0"/>
<U id="189" f="6" l="67" c="21" d="69" a="0"/>
<U id="190" f="3" l="137" c="3" d="183" a="0"/>
<U id="191" f="5" l="86" c="21" d="78" a="0"/>
<U id="192" f="10" l="50" c="8" d="208" a="0"/>
<U id="193" f="10" l="28" c="4" d="113" a="0"/>
<U id="194" f="10" l="41" c="8" d="81" a="0"/>
<U id="195" f="5" l="130" c="8" d="6" a="0"/>
<U id="196" f="5" l="202" c="8" d="203" a="0"/>
<U id="197" f="11" l="53" c="6" d="119" a="0"/>
<U id="198" f="10" l="14" c="8" d="74" a="0"/>
<U id="199" f="10" l="60" c="8" d="334" a="0"/>
<U id="200" f="3" l="138" c="3" d="157" a="0"/>
<U id="201" f="8" l="206" c="5" d="26" a="0"/>
<U id="202" f="6" l="91" c="15" d="245" a="0"/>
<U id="203" f="6" l="103" c="8" d="54" a="0"/>
<U id="204" f="10" l="51" c="8" d="330" a="0"/>
<U id="205" f="10" l="29" c="4" d="113" a="0"/>
<U id="206" f="10" l="42" c="8" d="81" a="0"/>
<U id="207" f="5" l="131" c="8" d="90" a="0"/>
<U id="208" f="5" l="203" c="8" d="164" a="0"/>
<U id="209" f="10" l="24" c="8" d="124" a="0"/>
<U id="210" f="10" l="70" c="8" d="71" a="0"/>
<U id="211" f="11" l="54" c="6" d="126" a="0"/>
<U id="212" f="4" l="731" c="6" d="287" a="0"/>
<U id="213" f="6" l="92" c="15" d="249" a="0"/>
<U id="214" f="10" l="15" c="8" d="158" a="0"/>
<U id="215" f="10" l="61" c="8" d="125" a="0"/>
<U id="216" f="3" l="132" c="8" d="157" a="0"/>
<U id="217" f="3" l="139" c="3" d="157" a="0"/>
<U id="218" f="10" l="52" c="8" d="74" a="0"/>
<U id="219" f="11" l="70" c="8" d="221" a="1"/>
<U id="220" f="6" l="92" c="70" d="131" a="0"/>
<U id="221" f="10" l="43" c="8" d="81" a="0"/>
<U id="222" f="6" l="93" c="15" d="11" a="0"/>
<U id="223" f="10" l="16" c="8" d="112" a="0"/>
<U id="224" f="10" l="62" c="8" d="118" a="0"/>
<U id="225" f="11" l="80" c="8" d="221" a="1"/>
<U id="226" f="10" l="53" c="8" d="124" a="0"/>
<U id="227" f="10" l="44" c="8" d="124" a="0"/>
<U id="228" f="6" l="95" c="60" d="225" a="0"/>
<U id="229" f="6" l="94" c="15" d="13" a="0"/>
<U id="230" f="12" l="71" c="8" d="383" a="0"/>
<U id="231" f="10" l="72" c="8" d="81" a="0"/>
<U id="232" f="11" l="90" c="8" d="221" a="1"/>
<U id="233" f="10" l="63" c="8" d="159" a="0"/>
<U id="234" f="5" l="106" c="8" d="30" a="0"/>
<U id="235" f="10" l="54" c="8" d="74" a="0"/>
<U id="236" f="6" l="95" c="15" d="51" a="0"/>
<U id="237" f="10" l="45" c="8" d="74" a="0"/>
<U id="238" f="12" l="72" c="8" d="132" a="0"/>
<U id="239" f="11" l="45" c="8" d="179" a="0"/>
<U id="240" f="10" l="18" c="8" d="71" a="0"/>
<U id="241" f="6" l="97" c="60" d="225" a="0"/>
<U id="242" f="6" l="96" c="15" d="22" a="0"/>
<U id="243" f="10" l="55" c="8" d="120" a="0"/>
<U id="244" f="5" l="82" c="27" d="225" a="0"/>
<U id="245" f="10" l="46" c="8" d="124" a="0"/>
<U id="246" f="10" l="74" c="8" d="72" a="0"/>
<U id="247" f="6" l="97" c="15" d="24" a="0"/>
<U id="248" f="10" l="65" c="8" d="291" a="0"/>
<U id="249" f="6" l="93" c="63" d="131" a="0"/>
<U id="250" f="5" l="154" c="8" d="39" a="0"/>
<U id="251" f="10" l="56" c="8" d="174" a="0"/>
<U id="252" f="7" l="660" c="8" d="225" a="0"/>
<U id="253" f="5" l="86" c="62" d="100" a="0"/>
<U id="254" f="10" l="47" c="8" d="247" a="0"/>
<U id="255" f="11" l="65" c="8" d="82" a="0"/>
<U id="256" f="6" l="99" c="69" d="225" a="0"/>
<U id="257" f="10" l="38" c="8" d="74" a="0"/>
<U id="258" f="6" l="98" c="15" d="33" a="0"/>
<U id="259" f="10" l="75" c="8" d="82" a="0"/>
<U id="260" f="10" l="66" c="8" d="215" a="0"/>
<U id="261" f="7" l="670" c="8" d="361" a="1"/>
<U id="262" f="10" l="57" c="8" d="136" a="0"/>
<U id="263" f="11" l="58" c="7" d="95" a="0"/>
<U id="264" f="11" l="75" c="8" d="82" a="0"/>
<U id="265" f="11" l="49" c="7" d="91" a="0"/>
<U id="266" f="5" l="86" c="72" d="206" a="0"/>
<U id="267" f="8" l="159" c="5" d="225" a="0"/>
<U id="268" f="6" l="99" c="15" d="42" a="0"/>
<U id="269" f="10" l="39" c="8" d="124" a="0"/>
<U id="270" f="12" l="57" c="8" d="124" a="0"/>
<U id="271" f="10" l="67" c="8" d="140" a="0"/>
<U id="272" f="11" l="85" c="8" d="82" a="0"/>
<U id="273" f="7" l="671" c="8" d="364" a="1"/>
<U id="274" f="5" l="156" c="8" d="90" a="0"/>
<U id="275" f="10" l="58" c="8" d="178" a="0"/>
<U id="276" f="12" l="85" c="8" d="81" a="0"/>
<U id="277" f="10" l="49" c="8" d="330" a="0"/>
<U id="278" f="11" l="95" c="8" d="82" a="0"/>
<U id="279" f="10" l="68" c="8" d="134" a="0"/>
<U id="280" f="7" l="663" c="8" d="290" a="1"/>
<U id="281" f="7" l="816" c="8" d="351" a="1"/>
<U id="282" f="7" l="844" c="8" d="346" a="1"/>
<U id="283" f="6" l="91" c="67" d="131" a="0"/>
<U id="284" f="7" l="664" c="8" d="318" a="1"/>
<U id="285" f="7" l="655" c="8" d="198" a="0"/>
<U id="286" f="12" l="78" c="8" d="383" a="0"/>
<U id="287" f="5" l="86" c="38" d="332" a="0"/>
<U id="288" f="6" l="94" c="57" d="225" a="0"/>
<U id="289" f="7" l="665" c="8" d="239" a="1"/>
<U id="290" f="7" l="656" c="8" d="157" a="0"/>
<U id="291" f="7" l="818" c="8" d="351" a="1"/>
<U id="292" f="7" l="846" c="8" d="368" a="1"/>
<U id="293" f="7" l="666" c="8" d="310" a="1"/>
<U id="294" f="7" l="657" c="8" d="225" a="0"/>
<U id="295" f="6" l="96" c="57" d="225" a="0"/>
<U id="296" f="6" l="98" c="65" d="225" a="0"/>
<U id="297" f="5" l="83" c="96" d="225" a="0"/>
<U id="298" f="12" l="99" c="8" d="320" a="0"/>
<U id="299" f="7" l="658" c="8" d="225" a="0"/>
<U id="300" f="7" l="776" c="8" d="225" a="0"/>
<U id="301" f="5" l="84" c="96" d="68" a="0"/>
<U id="302" f="7" l="668" c="8" d="355" a="1"/>
<U id="303" f="7" l="659" c="8" d="225" a="0"/>
<U id="304" f="7" l="777" c="8" d="183" a="0"/>
<U id="305" f="7" l="849" c="8" d="368" a="1"/>
<U id="306" f="7" l="778" c="8" d="149" a="0"/>
<U id="307" f="7" l="779" c="8" d="225" a="0"/>
<U id="308" f="8" l="200" c="9" d="323" a="1"/>
<U id="309" f="5" l="103" c="9" d="225" a="0"/>
<U id="310" f="7" l="230" c="9" d="225" a="0"/>
<U id="311" f="7" l="420" c="9" d="183" a="0"/>
<U id="312" f="7" l="501" c="9" d="170" a="0"/>
<U id="313" f="10" l="20" c="21" d="95" a="0"/>
<U id="314" f="7" l="303" c="9" d="157" a="0"/>
<U id="315" f="7" l="204" c="9" d="183" a="0"/>
<U id="316" f="12" l="123" c="0" d="81" a="0"/>
<U id="317" f="5" l="130" c="29" d="195" a="0"/>
<U id="318" f="8" l="204" c="9" d="323" a="1"/>
<U id="319" f="8" l="160" c="9" d="225" a="0"/>
<U id="320" f="12" l="151" c="0" d="81" a="0"/>
<U id="321" f="11" l="70" c="10" d="269" a="0"/>
<U id="322" f="7" l="621" c="9" d="225" a="0"/>
<U id="323" f="7" l="242" c="9" d="149" a="0"/>
<U id="324" f="13" l="70" c="19" d="74" a="0"/>
<U id="325" f="8" l="161" c="9" d="225" a="0"/>
<U id="326" f="11" l="80" c="10" d="283" a="0"/>
<U id="327" f="8" l="106" c="9" d="203" a="0"/>
<U id="328" f="7" l="342" c="9" d="198" a="0"/>
<U id="329" f="5" l="130" c="21" d="77" a="0"/>
<U id="330" f="12" l="305" c="0" d="124" a="0"/>
<U id="331" f="8" l="252" c="9" d="305" a="1"/>
<U id="332" f="11" l="90" c="10" d="298" a="0"/>
<U id="333" f="7" l="410" c="30" d="217" a="0"/>
<U id="334" f="8" l="162" c="9" d="225" a="0"/>
<U id="335" f="13" l="62" c="19" d="74" a="0"/>
<U id="336" f="7" l="433" c="9" d="198" a="0"/>
<U id="337" f="5" l="131" c="39" d="6" a="0"/>
<U id="338" f="8" l="107" c="9" d="203" a="0"/>
<U id="339" f="5" l="203" c="30" d="390" a="0"/>
<U id="340" f="7" l="290" c="9" d="149" a="0"/>
<U id="341" f="5" l="203" c="21" d="387" a="0"/>
<U id="342" f="7" l="316" c="9" d="170" a="0"/>
<U id="343" f="7" l="220" c="40" d="116" a="0"/>
<U id="344" f="8" l="163" c="9" d="225" a="0"/>
<U id="345" f="11" l="70" c="30" d="127" a="0"/>
<U id="346" f="9" l="620" c="11" d="324" a="0"/>
<U id="347" f="7" l="191" c="9" d="157" a="0"/>
<U id="348" f="7" l="515" c="9" d="183" a="0"/>
<U id="349" f="8" l="108" c="9" d="203" a="0"/>
<U id="350" f="13" l="54" c="19" d="74" a="0"/>
<U id="351" f="12" l="207" c="0" d="81" a="0"/>
<U id="352" f="7" l="217" c="9" d="116" a="0"/>
<U id="353" f="7" l="633" c="9" d="225" a="0"/>
<U id="354" f="13" l="60" c="12" d="133" a="0"/>
<U id="355" f="7" l="254" c="9" d="149" a="0"/>
<U id="356" f="7" l="381" c="9" d="149" a="0"/>
<U id="357" f="7" l="543" c="9" d="116" a="0"/>
<U id="358" f="12" l="325" c="0" d="124" a="0"/>
<U id="359" f="7" l="407" c="9" d="170" a="0"/>
<U id="360" f="7" l="410" c="22" d="375" a="0"/>
<U id="361" f="12" l="235" c="0" d="81" a="0"/>
<U id="362" f="7" l="204" c="30" d="170" a="0"/>
<U id="363" f="7" l="230" c="31" d="225" a="0"/>
<U id="364" f="5" l="131" c="31" d="377" a="0"/>
<U id="365" f="8" l="164" c="9" d="225" a="0"/>
<U id="366" f="8" l="245" c="9" d="225" a="0"/>
<U id="367" f="7" l="220" c="59" d="325" a="0"/>
<U id="368" f="5" l="131" c="22" d="369" a="0"/>
<U id="369" f="10" l="22" c="14" d="117" a="0"/>
<U id="370" f="10" l="52" c="49" d="124" a="0"/>
<U id="371" f="9" l="612" c="11" d="237" a="0"/>
<U id="372" f="7" l="611" c="12" d="287" a="0"/>
<U id="373" f="13" l="52" c="12" d="133" a="0"/>
<U id="374" f="11" l="90" c="30" d="127" a="0"/>
<U id="375" f="7" l="232" c="12" d="101" a="0"/>
<U id="376" f="5" l="202" c="32" d="390" a="0"/>
<U id="377" f="7" l="572" c="9" d="225" a="0"/>
<U id="378" f="7" l="332" c="30" d="256" a="0"/>
<U id="379" f="5" l="202" c="23" d="387" a="0"/>
<U id="380" f="8" l="165" c="9" d="225" a="0"/>
<U id="381" f="7" l="355" c="9" d="116" a="0"/>
<U id="382" f="5" l="175" c="9" d="225" a="0"/>
<U id="383" f="7" l="181" c="29" d="391" a="0"/>
<U id="384" f="7" l="220" c="14" d="325" a="0"/>
<U id="385" f="5" l="106" c="21" d="77" a="0"/>
<U id="386" f="11" l="55" c="11" d="141" a="0"/>
<U id="387" f="7" l="473" c="9" d="149" a="0"/>
<U id="388" f="8" l="193" c="9" d="304" a="1"/>
<U id="389" f="13" l="70" c="31" d="106" a="0"/>
<U id="390" f="11" l="46" c="11" d="115" a="0"/>
<U id="391" f="9" l="604" c="11" d="231" a="0"/>
<U id="392" f="7" l="410" c="14" d="217" a="0"/>
<U id="393" f="7" l="820" c="12" d="351" a="0"/>
<U id="394" f="12" l="345" c="0" d="74" a="0"/>
<U id="395" f="7" l="423" c="30" d="143" a="0"/>
<U id="396" f="7" l="191" c="29" d="149" a="0"/>
<U id="397" f="7" l="446" c="9" d="116" a="0"/>
<U id="398" f="8" l="166" c="9" d="225" a="0"/>
<U id="399" f="5" l="202" c="42" d="1" a="0"/>
<U id="400" f="13" l="46" c="11" d="133" a="0"/>
<U id="401" f="13" l="72" c="12" d="106" a="0"/>
<U id="402" f="10" l="54" c="49" d="124" a="0"/>
<U id="403" f="7" l="266" c="9" d="149" a="0"/>
<U id="404" f="7" l="220" c="33" d="325" a="0"/>
<U id="405" f="8" l="194" c="9" d="312" a="1"/>
<U id="406" f="11" l="100" c="8" d="221" a="1"/>
<U id="407" f="11" l="80" c="59" d="284" a="1"/>
<U id="408" f="7" l="220" c="24" d="116" a="0"/>
<U id="409" f="7" l="306" c="30" d="121" a="0"/>
<U id="410" f="5" l="106" c="31" d="165" a="0"/>
<U id="411" f="13" l="62" c="31" d="92" a="0"/>
<U id="412" f="7" l="329" c="9" d="183" a="0"/>
<U id="413" f="7" l="332" c="22" d="329" a="0"/>
<U id="414" f="7" l="505" c="30" d="350" a="0"/>
<U id="415" f="12" l="100" c="8" d="132" a="0"/>
<U id="416" f="12" l="265" c="0" d="81" a="0"/>
<U id="417" f="10" l="23" c="15" d="91" a="0"/>
<U id="418" f="7" l="303" c="23" d="157" a="0"/>
<U id="419" f="7" l="609" c="9" d="225" a="0"/>
<U id="420" f="7" l="505" c="21" d="350" a="0"/>
<U id="421" f="8" l="167" c="9" d="131" a="0"/>
<U id="422" f="8" l="248" c="9" d="305" a="1"/>
<U id="423" f="7" l="371" c="30" d="317" a="0"/>
<U id="424" f="7" l="533" c="30" d="353" a="0"/>
<U id="425" f="5" l="154" c="21" d="99" a="0"/>
<U id="426" f="8" l="158" c="9" d="225" a="0"/>
<U id="427" f="7" l="394" c="9" d="157" a="0"/>
<U id="428" f="7" l="533" c="21" d="353" a="0"/>
<U id="429" f="7" l="623" c="12" d="98" a="0"/>
<U id="430" f="8" l="200" c="71" d="304" a="0"/>
<U id="431" f="13" l="64" c="12" d="92" a="0"/>
<U id="432" f="11" l="110" c="8" d="221" a="1"/>
<U id="433" f="7" l="177" c="9" d="225" a="0"/>
<U id="434" f="7" l="423" c="22" d="337" a="0"/>
<U id="435" f="7" l="561" c="30" d="52" a="0"/>
<U id="436" f="5" l="106" c="59" d="30" a="0"/>
<U id="437" f="10" l="41" c="34" d="122" a="0"/>
<U id="438" f="7" l="217" c="30" d="198" a="0"/>
<U id="439" f="7" l="420" c="24" d="183" a="0"/>
<U id="440" f="7" l="501" c="24" d="170" a="0"/>
<U id="441" f="7" l="572" c="29" d="225" a="0"/>
<U id="442" f="7" l="280" c="40" d="149" a="0"/>
<U id="443" f="7" l="561" c="21" d="52" a="0"/>
<U id="444" f="5" l="106" c="50" d="77" a="0"/>
<U id="445" f="13" l="54" c="31" d="70" a="0"/>
<U id="446" f="10" l="52" c="33" d="124" a="0"/>
<U id="447" f="7" l="529" c="9" d="198" a="0"/>
<U id="448" f="7" l="462" c="30" d="326" a="0"/>
<U id="449" f="8" l="168" c="9" d="131" a="0"/>
<U id="450" f="11" l="53" c="14" d="168" a="0"/>
<U id="451" f="11" l="64" c="22" d="91" a="0"/>
<U id="452" f="7" l="505" c="40" d="144" a="0"/>
<U id="453" f="7" l="557" c="9" d="225" a="0"/>
<U id="454" f="5" l="103" c="34" d="225" a="0"/>
<U id="455" f="7" l="207" c="40" d="183" a="0"/>
<U id="456" f="7" l="306" c="22" d="349" a="0"/>
<U id="457" f="5" l="154" c="40" d="332" a="0"/>
<U id="458" f="7" l="332" c="14" d="256" a="0"/>
<U id="459" f="7" l="533" c="40" d="268" a="0"/>
<U id="460" f="8" l="204" c="51" d="323" a="0"/>
<U id="461" f="13" l="56" c="12" d="70" a="0"/>
<U id="462" f="12" l="49" c="20" d="124" a="0"/>
<U id="463" f="10" l="42" c="34" d="176" a="0"/>
<U id="464" f="7" l="585" c="9" d="225" a="0"/>
<U id="465" f="7" l="345" c="30" d="173" a="0"/>
<U id="466" f="12" l="285" c="0" d="81" a="0"/>
<U id="467" f="11" l="23" c="16" d="73" a="0"/>
<U id="468" f="11" l="74" c="22" d="91" a="0"/>
<U id="469" f="7" l="368" c="9" d="225" a="0"/>
<U id="470" f="7" l="371" c="22" d="388" a="0"/>
<U id="471" f="7" l="561" c="40" d="309" a="0"/>
<U id="472" f="5" l="156" c="30" d="16" a="0"/>
<U id="473" f="8" l="169" c="9" d="131" a="0"/>
<U id="474" f="11" l="70" c="52" d="273" a="1"/>
<U id="475" f="7" l="278" c="9" d="149" a="0"/>
<U id="476" f="5" l="156" c="21" d="235" a="0"/>
<U id="477" f="12" l="23" c="16" d="73" a="0"/>
<U id="478" f="7" l="423" c="14" d="143" a="0"/>
<U id="479" f="7" l="491" c="30" d="386" a="0"/>
<U id="480" f="7" l="575" c="19" d="343" a="0"/>
<U id="481" f="10" l="64" c="14" d="176" a="0"/>
<U id="482" f="7" l="207" c="59" d="286" a="0"/>
<U id="483" f="7" l="436" c="30" d="186" a="0"/>
<U id="484" f="7" l="491" c="21" d="386" a="0"/>
<U id="485" f="7" l="670" c="31" d="355" a="0"/>
<U id="486" f="8" l="200" c="45" d="304" a="0"/>
<U id="487" f="13" l="23" c="16" d="73" a="0"/>
<U id="488" f="10" l="43" c="34" d="124" a="0"/>
<U id="489" f="11" l="84" c="22" d="91" a="0"/>
<U id="490" f="7" l="459" c="9" d="225" a="0"/>
<U id="491" f="7" l="774" c="10" d="225" a="0"/>
<U id="492" f="7" l="462" c="22" d="366" a="0"/>
<U id="493" f="7" l="664" c="20" d="290" a="0"/>
<U id="494" f="8" l="172" c="59" d="335" a="1"/>
<U id="495" f="8" l="201" c="81" d="312" a="0"/>
<U id="496" f="12" l="211" c="8" d="58" a="0"/>
<U id="497" f="12" l="76" c="12" d="383" a="0"/>
<U id="498" f="10" l="54" c="33" d="124" a="0"/>
<U id="499" f="6" l="102" c="72" d="225" a="0"/>
<U id="500" f="7" l="280" c="14" d="362" a="0"/>
<U id="501" f="8" l="182" c="13" d="333" a="0"/>
<U id="502" f="10" l="45" c="33" d="124" a="0"/>
<U id="503" f="10" l="53" c="52" d="113" a="0"/>
<U id="504" f="9" l="627" c="11" d="336" a="0"/>
<U id="505" f="7" l="487" c="9" d="157" a="0"/>
<U id="506" f="7" l="293" c="30" d="151" a="0"/>
<U id="507" f="7" l="306" c="14" d="121" a="0"/>
<U id="508" f="11" l="66" c="13" d="202" a="1"/>
<U id="509" f="7" l="181" c="14" d="319" a="0"/>
<U id="510" f="7" l="194" c="39" d="157" a="0"/>
<U id="511" f="7" l="319" c="30" d="199" a="0"/>
<U id="512" f="7" l="505" c="14" d="144" a="0"/>
<U id="513" f="5" l="156" c="40" d="39" a="0"/>
<U id="514" f="8" l="204" c="43" d="348" a="0"/>
<U id="515" f="7" l="290" c="23" d="149" a="0"/>
<U id="516" f="5" l="125" c="24" d="225" a="0"/>
<U id="517" f="7" l="207" c="14" d="286" a="0"/>
<U id="518" f="7" l="345" c="22" d="363" a="0"/>
<U id="519" f="11" l="90" c="52" d="295" a="1"/>
<U id="520" f="11" l="68" c="12" d="273" a="1"/>
<U id="521" f="7" l="342" c="24" d="198" a="0"/>
<U id="522" f="7" l="244" c="14" d="244" a="0"/>
<U id="523" f="7" l="371" c="14" d="317" a="0"/>
<U id="524" f="7" l="491" c="40" d="258" a="0"/>
<U id="525" f="7" l="533" c="14" d="268" a="0"/>
<U id="526" f="7" l="384" c="30" d="162" a="0"/>
<U id="527" f="12" l="212" c="8" d="132" a="0"/>
<U id="528" f="11" l="76" c="13" d="219" a="1"/>
<U id="529" f="7" l="561" c="14" d="309" a="0"/>
<U id="530" f="7" l="636" c="12" d="109" a="0"/>
<U id="531" f="5" l="107" c="15" d="30" a="0"/>
<U id="532" f="7" l="381" c="23" d="149" a="0"/>
<U id="533" f="7" l="436" c="22" d="365" a="0"/>
<U id="534" f="13" l="68" c="12" d="133" a="0"/>
<U id="535" f="12" l="113" c="8" d="81" a="0"/>
<U id="536" f="12" l="359" c="0" d="124" a="0"/>
<U id="537" f="11" l="68" c="49" d="189" a="0"/>
<U id="538" f="11" l="78" c="12" d="284" a="1"/>
<U id="539" f="7" l="304" c="80" d="157" a="0"/>
<U id="540" f="7" l="433" c="24" d="198" a="0"/>
<U id="541" f="7" l="597" c="9" d="225" a="0"/>
<U id="542" f="7" l="462" c="14" d="326" a="0"/>
<U id="543" f="7" l="519" c="30" d="378" a="0"/>
<U id="544" f="7" l="664" c="12" d="198" a="0"/>
<U id="545" f="7" l="702" c="25" d="32" a="0"/>
<U id="546" f="5" l="202" c="18" d="302" a="0"/>
<U id="547" f="8" l="196" c="11" d="97" a="0"/>
<U id="548" f="12" l="240" c="8" d="132" a="0"/>
<U id="549" f="7" l="207" c="33" d="286" a="0"/>
<U id="550" f="7" l="519" c="21" d="378" a="0"/>
<U id="551" f="12" l="179" c="0" d="81" a="0"/>
<U id="552" f="10" l="48" c="14" d="87" a="0"/>
<U id="553" f="11" l="86" c="13" d="230" a="1"/>
<U id="554" f="7" l="207" c="24" d="183" a="0"/>
<U id="555" f="7" l="293" c="22" d="370" a="0"/>
<U id="556" f="7" l="547" c="30" d="379" a="0"/>
<U id="557" f="12" l="141" c="8" d="81" a="0"/>
<U id="558" f="10" l="71" c="17" d="71" a="0"/>
<U id="559" f="7" l="244" c="24" d="149" a="0"/>
<U id="560" f="7" l="319" c="22" d="371" a="0"/>
<U id="561" f="7" l="547" c="21" d="379" a="0"/>
<U id="562" f="7" l="665" c="30" d="318" a="0"/>
<U id="563" f="8" l="106" c="25" d="34" a="0"/>
<U id="564" f="12" l="85" c="41" d="188" a="0"/>
<U id="565" f="11" l="60" c="18" d="95" a="0"/>
<U id="566" f="10" l="38" c="33" d="72" a="0"/>
<U id="567" f="10" l="46" c="52" d="124" a="0"/>
<U id="568" f="11" l="54" c="16" d="168" a="0"/>
<U id="569" f="11" l="78" c="49" d="189" a="0"/>
<U id="570" f="11" l="88" c="12" d="295" a="1"/>
<U id="571" f="7" l="316" c="24" d="170" a="0"/>
<U id="572" f="7" l="345" c="14" d="173" a="0"/>
<U id="573" f="7" l="665" c="21" d="225" a="0"/>
<U id="574" f="7" l="671" c="23" d="355" a="0"/>
<U id="575" f="7" l="712" c="25" d="32" a="0"/>
<U id="576" f="5" l="202" c="55" d="103" a="0"/>
<U id="577" f="8" l="182" c="51" d="347" a="0"/>
<U id="578" f="11" l="105" c="8" d="82" a="0"/>
<U id="579" f="11" l="51" c="18" d="91" a="0"/>
<U id="580" f="7" l="515" c="24" d="183" a="0"/>
<U id="581" f="7" l="358" c="30" d="238" a="0"/>
<U id="582" f="7" l="611" c="17" d="300" a="0"/>
<U id="583" f="7" l="703" c="25" d="37" a="0"/>
<U id="584" f="7" l="827" c="12" d="351" a="0"/>
<U id="585" f="8" l="196" c="39" d="79" a="0"/>
<U id="586" f="8" l="197" c="11" d="97" a="0"/>
<U id="587" f="12" l="74" c="15" d="132" a="0"/>
<U id="588" f="11" l="96" c="13" d="243" a="1"/>
<U id="589" f="5" l="150" c="27" d="225" a="0"/>
<U id="590" f="7" l="384" c="22" d="374" a="0"/>
<U id="591" f="7" l="575" c="12" d="102" a="0"/>
<U id="592" f="7" l="830" c="16" d="351" a="1"/>
<U id="593" f="8" l="175" c="59" d="257" a="1"/>
<U id="594" f="11" l="27" c="16" d="124" a="0"/>
<U id="595" f="7" l="543" c="24" d="116" a="0"/>
<U id="596" f="7" l="650" c="25" d="225" a="0"/>
<U id="597" f="7" l="491" c="14" d="258" a="0"/>
<U id="598" f="7" l="519" c="40" d="204" a="0"/>
<U id="599" f="7" l="780" c="14" d="183" a="0"/>
<U id="600" f="12" l="313" c="8" d="124" a="0"/>
<U id="601" f="11" l="88" c="49" d="189" a="0"/>
<U id="602" f="11" l="98" c="12" d="193" a="1"/>
<U id="603" f="7" l="407" c="24" d="170" a="0"/>
<U id="604" f="7" l="473" c="23" d="149" a="0"/>
<U id="605" f="7" l="621" c="26" d="225" a="0"/>
<U id="606" f="7" l="410" c="37" d="375" a="0"/>
<U id="607" f="7" l="436" c="14" d="186" a="0"/>
<U id="608" f="7" l="670" c="15" d="239" a="0"/>
<U id="609" f="7" l="722" c="25" d="32" a="0"/>
<U id="610" f="8" l="107" c="25" d="28" a="0"/>
<U id="611" f="8" l="174" c="69" d="333" a="1"/>
<U id="612" f="12" l="27" c="16" d="81" a="0"/>
<U id="613" f="10" l="17" c="17" d="158" a="0"/>
<U id="614" f="7" l="449" c="30" d="248" a="0"/>
<U id="615" f="7" l="547" c="40" d="213" a="0"/>
<U id="616" f="7" l="663" c="32" d="239" a="0"/>
<U id="617" f="7" l="713" c="25" d="37" a="0"/>
<U id="618" f="7" l="837" c="12" d="351" a="0"/>
<U id="619" f="7" l="256" c="14" d="297" a="0"/>
<U id="620" f="8" l="197" c="39" d="83" a="0"/>
<U id="621" f="10" l="53" c="36" d="124" a="0"/>
<U id="622" f="10" l="54" c="81" d="113" a="0"/>
<U id="623" f="11" l="148" c="4" d="21" a="0"/>
<U id="624" f="10" l="59" c="14" d="113" a="0"/>
<U id="625" f="7" l="194" c="32" d="289" a="0"/>
<U id="626" f="7" l="293" c="14" d="151" a="0"/>
<U id="627" f="7" l="477" c="30" d="380" a="0"/>
<U id="628" f="5" l="106" c="72" d="78" a="0"/>
<U id="629" f="11" l="94" c="15" d="124" a="0"/>
<U id="630" f="11" l="98" c="49" d="168" a="0"/>
<U id="631" f="7" l="319" c="14" d="199" a="0"/>
<U id="632" f="7" l="477" c="21" d="380" a="0"/>
<U id="633" f="7" l="732" c="25" d="32" a="0"/>
<U id="634" f="7" l="822" c="16" d="351" a="1"/>
<U id="635" f="5" l="178" c="40" d="271" a="0"/>
<U id="636" f="8" l="172" c="16" d="13" a="0"/>
<U id="637" f="8" l="207" c="16" d="33" a="0"/>
<U id="638" f="12" l="106" c="8" d="320" a="0"/>
<U id="639" f="10" l="73" c="17" d="81" a="0"/>
<U id="640" f="9" l="596" c="11" d="344" a="0"/>
<U id="641" f="7" l="194" c="14" d="289" a="0"/>
<U id="642" f="7" l="723" c="25" d="37" a="0"/>
<U id="643" f="8" l="108" c="25" d="28" a="0"/>
<U id="644" f="12" l="28" c="16" d="124" a="0"/>
<U id="645" f="7" l="633" c="25" d="225" a="0"/>
<U id="646" f="7" l="232" c="18" d="123" a="0"/>
<U id="647" f="7" l="358" c="22" d="381" a="0"/>
<U id="648" f="7" l="355" c="24" d="116" a="0"/>
<U id="649" f="7" l="384" c="14" d="162" a="0"/>
<U id="650" f="12" l="134" c="8" d="47" a="0"/>
<U id="651" f="7" l="397" c="30" d="222" a="0"/>
<U id="652" f="7" l="742" c="25" d="32" a="0"/>
<U id="653" f="7" l="852" c="15" d="368" a="0"/>
<U id="654" f="8" l="255" c="70" d="305" a="0"/>
<U id="655" f="7" l="256" c="24" d="149" a="0"/>
<U id="656" f="7" l="733" c="25" d="37" a="0"/>
<U id="657" f="8" l="173" c="16" d="51" a="0"/>
<U id="658" f="8" l="206" c="72" d="323" a="0"/>
<U id="659" f="12" l="333" c="8" d="124" a="0"/>
<U id="660" f="12" l="57" c="43" d="236" a="0"/>
<U id="661" f="12" l="58" c="15" d="250" a="0"/>
<U id="662" f="11" l="80" c="37" d="127" a="0"/>
<U id="663" f="7" l="291" c="80" d="149" a="0"/>
<U id="664" f="7" l="394" c="23" d="157" a="0"/>
<U id="665" f="7" l="449" c="22" d="382" a="0"/>
<U id="666" f="7" l="477" c="40" d="187" a="0"/>
<U id="667" f="7" l="519" c="14" d="204" a="0"/>
<U id="668" f="8" l="190" c="17" d="294" a="1"/>
<U id="669" f="12" l="162" c="8" d="55" a="0"/>
<U id="670" f="10" l="19" c="17" d="177" a="0"/>
<U id="671" f="10" l="52" c="65" d="113" a="0"/>
<U id="672" f="9" l="588" c="11" d="357" a="0"/>
<U id="673" f="7" l="446" c="24" d="116" a="0"/>
<U id="674" f="7" l="663" c="15" d="239" a="0"/>
<U id="675" f="7" l="702" c="73" d="361" a="0"/>
<U id="676" f="7" l="844" c="42" d="225" a="0"/>
<U id="677" f="7" l="846" c="59" d="346" a="0"/>
<U id="678" f="5" l="203" c="38" d="1" a="0"/>
<U id="679" f="12" l="86" c="15" d="207" a="0"/>
<U id="680" f="7" l="194" c="24" d="157" a="0"/>
<U id="681" f="7" l="547" c="14" d="213" a="0"/>
<U id="682" f="7" l="587" c="12" d="105" a="0"/>
<U id="683" f="8" l="173" c="62" d="277" a="1"/>
<U id="684" f="12" l="225" c="8" d="81" a="0"/>
<U id="685" f="7" l="220" c="48" d="198" a="0"/>
<U id="686" f="7" l="665" c="14" d="239" a="0"/>
<U id="687" f="7" l="743" c="25" d="37" a="0"/>
<U id="688" f="8" l="193" c="52" d="279" a="0"/>
<U id="689" f="12" l="190" c="8" d="56" a="0"/>
<U id="690" f="12" l="76" c="34" d="147" a="0"/>
<U id="691" f="10" l="46" c="36" d="124" a="0"/>
<U id="692" f="7" l="382" c="80" d="149" a="0"/>
<U id="693" f="5" l="175" c="34" d="225" a="0"/>
<U id="694" f="5" l="154" c="63" d="235" a="0"/>
<U id="695" f="5" l="178" c="23" d="227" a="0"/>
<U id="696" f="8" l="174" c="16" d="245" a="0"/>
<U id="697" f="8" l="255" c="16" d="42" a="0"/>
<U id="698" f="7" l="329" c="24" d="183" a="0"/>
<U id="699" f="7" l="181" c="45" d="391" a="0"/>
<U id="700" f="7" l="280" c="27" d="149" a="0"/>
<U id="701" f="7" l="332" c="37" d="329" a="0"/>
<U id="702" f="7" l="358" c="14" d="238" a="0"/>
<U id="703" f="5" l="106" c="37" d="30" a="0"/>
<U id="704" f="12" l="253" c="8" d="81" a="0"/>
<U id="705" f="12" l="56" c="17" d="124" a="0"/>
<U id="706" f="12" l="76" c="16" d="132" a="0"/>
<U id="707" f="7" l="268" c="14" d="322" a="0"/>
<U id="708" f="7" l="242" c="28" d="149" a="0"/>
<U id="709" f="7" l="397" c="22" d="384" a="0"/>
<U id="710" f="7" l="707" c="25" d="32" a="0"/>
<U id="711" f="7" l="753" c="25" d="32" a="0"/>
<U id="712" f="5" l="156" c="53" d="103" a="0"/>
<U id="713" f="12" l="84" c="17" d="81" a="0"/>
<U id="714" f="7" l="834" c="16" d="339" a="1"/>
<U id="715" f="7" l="844" c="52" d="351" a="0"/>
<U id="716" f="5" l="106" c="83" d="30" a="0"/>
<U id="717" f="5" l="178" c="60" d="103" a="0"/>
<U id="718" f="8" l="194" c="52" d="294" a="0"/>
<U id="719" f="7" l="423" c="37" d="337" a="0"/>
<U id="720" f="7" l="449" c="14" d="248" a="0"/>
<U id="721" f="7" l="623" c="18" d="242" a="0"/>
<U id="722" f="7" l="663" c="89" d="239" a="0"/>
<U id="723" f="8" l="175" c="16" d="22" a="0"/>
<U id="724" f="8" l="252" c="55" d="305" a="0"/>
<U id="725" f="10" l="76" c="17" d="82" a="0"/>
<U id="726" f="7" l="713" c="73" d="361" a="0"/>
<U id="727" f="7" l="844" c="34" d="116" a="0"/>
<U id="728" f="12" l="127" c="8" d="47" a="0"/>
<U id="729" f="10" l="54" c="65" d="124" a="0"/>
<U id="730" f="7" l="529" c="24" d="198" a="0"/>
<U id="731" f="7" l="477" c="14" d="187" a="0"/>
<U id="732" f="7" l="505" c="64" d="144" a="0"/>
<U id="733" f="7" l="636" c="25" d="31" a="0"/>
<U id="734" f="7" l="682" c="25" d="32" a="0"/>
<U id="735" f="7" l="717" c="25" d="32" a="0"/>
<U id="736" f="5" l="107" c="28" d="77" a="0"/>
<U id="737" f="5" l="154" c="73" d="16" a="0"/>
<U id="738" f="8" l="177" c="15" d="249" a="0"/>
<U id="739" f="7" l="708" c="25" d="37" a="0"/>
<U id="740" f="7" l="754" c="25" d="37" a="0"/>
<U id="741" f="12" l="381" c="8" d="74" a="0"/>
<U id="742" f="7" l="268" c="24" d="149" a="0"/>
<U id="743" f="7" l="306" c="37" d="349" a="0"/>
<U id="744" f="7" l="533" c="64" d="268" a="0"/>
<U id="745" f="7" l="712" c="74" d="361" a="0"/>
<U id="746" f="7" l="732" c="73" d="361" a="0"/>
<U id="747" f="8" l="193" c="35" d="227" a="0"/>
<U id="748" f="12" l="155" c="8" d="55" a="0"/>
<U id="749" f="11" l="66" c="36" d="202" a="0"/>
<U id="750" f="7" l="487" c="23" d="157" a="0"/>
<U id="751" f="7" l="609" c="25" d="225" a="0"/>
<U id="752" f="7" l="703" c="74" d="361" a="0"/>
<U id="753" f="7" l="723" c="73" d="361" a="0"/>
<U id="754" f="7" l="839" c="41" d="351" a="0"/>
<U id="755" f="8" l="176" c="16" d="24" a="0"/>
<U id="756" f="10" l="39" c="36" d="124" a="0"/>
<U id="757" f="5" l="197" c="24" d="225" a="0"/>
<U id="758" f="7" l="561" c="64" d="309" a="0"/>
<U id="759" f="7" l="692" c="25" d="32" a="0"/>
<U id="760" f="7" l="727" c="25" d="32" a="0"/>
<U id="761" f="12" l="218" c="8" d="58" a="0"/>
<U id="762" f="12" l="273" c="8" d="81" a="0"/>
<U id="763" f="7" l="244" c="37" d="149" a="0"/>
<U id="764" f="7" l="371" c="37" d="388" a="0"/>
<U id="765" f="7" l="397" c="14" d="222" a="0"/>
<U id="766" f="7" l="599" c="12" d="104" a="0"/>
<U id="767" f="7" l="683" c="25" d="37" a="0"/>
<U id="768" f="7" l="718" c="25" d="37" a="0"/>
<U id="769" f="8" l="178" c="15" d="11" a="0"/>
<U id="770" f="8" l="184" c="17" d="279" a="1"/>
<U id="771" f="12" l="128" c="8" d="132" a="0"/>
<U id="772" f="12" l="183" c="8" d="56" a="0"/>
<U id="773" f="7" l="668" c="23" d="239" a="0"/>
<U id="774" f="7" l="722" c="74" d="361" a="0"/>
<U id="775" f="7" l="742" c="73" d="361" a="0"/>
<U id="776" f="7" l="816" c="26" d="358" a="0"/>
<U id="777" f="8" l="176" c="62" d="265" a="1"/>
<U id="778" f="11" l="76" c="36" d="219" a="0"/>
<U id="779" f="7" l="717" c="35" d="361" a="0"/>
<U id="780" f="8" l="194" c="35" d="227" a="0"/>
<U id="781" f="8" l="252" c="47" d="348" a="0"/>
<U id="782" f="12" l="246" c="8" d="45" a="0"/>
<U id="783" f="7" l="737" c="25" d="32" a="0"/>
<U id="784" f="7" l="844" c="26" d="183" a="0"/>
<U id="785" f="12" l="156" c="8" d="132" a="0"/>
<U id="786" f="7" l="462" c="37" d="366" a="0"/>
<U id="787" f="7" l="505" c="56" d="338" a="0"/>
<U id="788" f="7" l="693" c="25" d="37" a="0"/>
<U id="789" f="7" l="728" c="25" d="37" a="0"/>
<U id="790" f="10" l="69" c="17" d="72" a="0"/>
<U id="791" f="7" l="254" c="28" d="170" a="0"/>
<U id="792" f="7" l="557" c="25" d="225" a="0"/>
<U id="793" f="5" l="200" c="88" d="67" a="0"/>
<U id="794" f="7" l="505" c="47" d="338" a="0"/>
<U id="795" f="8" l="177" c="71" d="347" a="1"/>
<U id="796" f="8" l="185" c="17" d="294" a="1"/>
<U id="797" f="8" l="190" c="47" d="257" a="0"/>
<U id="798" f="11" l="86" c="36" d="230" a="0"/>
<U id="799" f="7" l="181" c="38" d="389" a="0"/>
<U id="800" f="7" l="533" c="56" d="342" a="0"/>
<U id="801" f="7" l="666" c="34" d="318" a="0"/>
<U id="802" f="12" l="184" c="8" d="132" a="0"/>
<U id="803" f="7" l="178" c="89" d="225" a="0"/>
<U id="804" f="7" l="395" c="80" d="157" a="0"/>
<U id="805" f="7" l="585" c="25" d="225" a="0"/>
<U id="806" f="7" l="533" c="47" d="342" a="0"/>
<U id="807" f="7" l="718" c="35" d="364" a="0"/>
<U id="808" f="7" l="747" c="25" d="32" a="0"/>
<U id="809" f="12" l="78" c="17" d="147" a="0"/>
<U id="810" f="7" l="368" c="25" d="225" a="0"/>
<U id="811" f="7" l="345" c="37" d="363" a="0"/>
<U id="812" f="7" l="491" c="64" d="258" a="0"/>
<U id="813" f="7" l="561" c="56" d="49" a="0"/>
<U id="814" f="7" l="738" c="25" d="37" a="0"/>
<U id="815" f="8" l="193" c="82" d="97" a="0"/>
<U id="816" f="12" l="383" c="8" d="86" a="0"/>
<U id="817" f="7" l="177" c="26" d="225" a="0"/>
<U id="818" f="7" l="561" c="47" d="49" a="0"/>
<U id="819" f="12" l="293" c="8" d="81" a="0"/>
<U id="820" f="11" l="96" c="36" d="243" a="0"/>
<U id="821" f="7" l="674" c="17" d="310" a="0"/>
<U id="822" f="7" l="692" c="72" d="361" a="0"/>
<U id="823" f="7" l="733" c="74" d="361" a="0"/>
<U id="824" f="7" l="737" c="35" d="364" a="0"/>
<U id="825" f="7" l="575" c="26" d="38" a="0"/>
<U id="826" f="7" l="818" c="26" d="351" a="0"/>
<U id="827" f="7" l="179" c="89" d="225" a="0"/>
<U id="828" f="7" l="459" c="25" d="225" a="0"/>
<U id="829" f="7" l="436" c="37" d="365" a="0"/>
<U id="830" f="7" l="636" c="18" d="254" a="0"/>
<U id="831" f="7" l="748" c="25" d="37" a="0"/>
<U id="832" f="5" l="104" c="96" d="68" a="0"/>
<U id="833" f="7" l="829" c="16" d="339" a="1"/>
<U id="834" f="5" l="178" c="17" d="271" a="0"/>
<U id="835" f="8" l="194" c="82" d="97" a="0"/>
<U id="836" f="8" l="207" c="66" d="323" a="0"/>
<U id="837" f="7" l="207" c="48" d="170" a="0"/>
<U id="838" f="7" l="256" c="37" d="149" a="0"/>
<U id="839" f="7" l="682" c="73" d="361" a="0"/>
<U id="840" f="7" l="743" c="74" d="361" a="0"/>
<U id="841" f="8" l="182" c="93" d="356" a="0"/>
<U id="842" f="7" l="293" c="37" d="370" a="0"/>
<U id="843" f="7" l="666" c="26" d="116" a="0"/>
<U id="844" f="7" l="677" c="34" d="361" a="0"/>
<U id="845" f="7" l="738" c="35" d="361" a="0"/>
<U id="846" f="7" l="754" c="73" d="361" a="0"/>
<U id="847" f="7" l="818" c="63" d="351" a="0"/>
<U id="848" f="12" l="239" c="8" d="45" a="0"/>
<U id="849" f="7" l="194" c="46" d="149" a="0"/>
<U id="850" f="7" l="319" c="37" d="371" a="0"/>
<U id="851" f="7" l="666" c="17" d="157" a="0"/>
<U id="852" f="7" l="677" c="25" d="32" a="0"/>
<U id="853" f="11" l="68" c="28" d="202" a="0"/>
<U id="854" f="7" l="491" c="56" d="385" a="0"/>
<U id="855" f="7" l="818" c="45" d="225" a="0"/>
<U id="856" f="7" l="839" c="16" d="351" a="1"/>
<U id="857" f="12" l="67" c="65" d="122" a="0"/>
<U id="858" f="5" l="151" c="96" d="225" a="0"/>
<U id="859" f="7" l="491" c="47" d="385" a="0"/>
<U id="860" f="7" l="707" c="74" d="361" a="0"/>
<U id="861" f="7" l="753" c="74" d="361" a="0"/>
<U id="862" f="8" l="248" c="64" d="54" a="0"/>
<U id="863" f="7" l="266" c="28" d="198" a="0"/>
<U id="864" f="7" l="384" c="37" d="374" a="0"/>
<U id="865" f="7" l="519" c="64" d="204" a="0"/>
<U id="866" f="7" l="683" c="73" d="361" a="0"/>
<U id="867" f="7" l="678" c="34" d="364" a="0"/>
<U id="868" f="7" l="687" c="25" d="32" a="0"/>
<U id="869" f="11" l="78" c="28" d="219" a="0"/>
<U id="870" f="7" l="597" c="25" d="225" a="0"/>
<U id="871" f="7" l="547" c="64" d="213" a="0"/>
<U id="872" f="7" l="678" c="25" d="37" a="0"/>
<U id="873" f="8" l="184" c="47" d="277" a="0"/>
<U id="874" f="7" l="330" c="88" d="183" a="0"/>
<U id="875" f="12" l="367" c="8" d="124" a="0"/>
<U id="876" f="5" l="152" c="96" d="67" a="0"/>
<U id="877" f="7" l="194" c="56" d="289" a="0"/>
<U id="878" f="7" l="697" c="34" d="364" a="0"/>
<U id="879" f="7" l="708" c="74" d="361" a="0"/>
<U id="880" f="5" l="106" c="96" d="77" a="0"/>
<U id="881" f="7" l="697" c="25" d="32" a="0"/>
<U id="882" f="7" l="818" c="55" d="198" a="0"/>
<U id="883" f="10" l="46" c="68" d="124" a="0"/>
<U id="884" f="11" l="88" c="28" d="230" a="0"/>
<U id="885" f="7" l="688" c="25" d="37" a="0"/>
<U id="886" f="8" l="189" c="17" d="279" a="1"/>
<U id="887" f="7" l="421" c="88" d="183" a="0"/>
<U id="888" f="7" l="502" c="88" d="170" a="0"/>
<U id="889" f="7" l="587" c="17" d="315" a="0"/>
<U id="890" f="7" l="668" c="17" d="239" a="0"/>
<U id="891" f="7" l="727" c="74" d="361" a="0"/>
<U id="892" f="8" l="185" c="47" d="265" a="0"/>
<U id="893" f="12" l="169" c="8" d="81" a="0"/>
<U id="894" f="7" l="358" c="37" d="381" a="0"/>
<U id="895" f="8" l="178" c="64" d="356" a="1"/>
<U id="896" f="7" l="530" c="88" d="198" a="0"/>
<U id="897" f="7" l="774" c="28" d="225" a="0"/>
<U id="898" f="7" l="268" c="37" d="149" a="0"/>
<U id="899" f="7" l="519" c="56" d="372" a="0"/>
<U id="900" f="7" l="846" c="37" d="214" a="1"/>
<U id="901" f="8" l="248" c="47" d="227" a="0"/>
<U id="902" f="11" l="98" c="28" d="243" a="0"/>
<U id="903" f="7" l="519" c="47" d="372" a="0"/>
<U id="904" f="7" l="698" c="25" d="37" a="0"/>
<U id="905" f="7" l="846" c="28" d="225" a="0"/>
<U id="906" f="12" l="197" c="8" d="81" a="0"/>
<U id="907" f="7" l="477" c="64" d="187" a="0"/>
<U id="908" f="7" l="547" c="56" d="373" a="0"/>
<U id="909" f="7" l="503" c="88" d="170" a="0"/>
<U id="910" f="7" l="449" c="37" d="382" a="0"/>
<U id="911" f="7" l="547" c="47" d="373" a="0"/>
<U id="912" f="7" l="693" c="74" d="361" a="0"/>
<U id="913" f="7" l="728" c="74" d="361" a="0"/>
<U id="914" f="5" l="178" c="74" d="53" a="0"/>
<U id="915" f="7" l="278" c="28" d="225" a="0"/>
<U id="916" f="7" l="531" c="88" d="198" a="0"/>
<U id="917" f="7" l="747" c="74" d="361" a="0"/>
<U id="918" f="5" l="178" c="47" d="53" a="0"/>
<U id="919" f="7" l="651" c="96" d="225" a="0"/>
<U id="920" f="7" l="698" c="35" d="361" a="0"/>
<U id="921" f="7" l="849" c="27" d="368" a="0"/>
<U id="922" f="7" l="460" c="88" d="225" a="0"/>
<U id="923" f="7" l="397" c="37" d="384" a="0"/>
<U id="924" f="7" l="477" c="56" d="376" a="0"/>
<U id="925" f="7" l="687" c="73" d="361" a="0"/>
<U id="926" f="7" l="748" c="74" d="361" a="0"/>
<U id="927" f="8" l="107" c="97" d="97" a="0"/>
<U id="928" f="7" l="652" c="96" d="225" a="0"/>
<U id="929" f="5" l="126" c="88" d="225" a="0"/>
<U id="930" f="7" l="477" c="47" d="376" a="0"/>
<U id="931" f="7" l="599" c="17" d="345" a="0"/>
<U id="932" f="7" l="343" c="88" d="198" a="0"/>
<U id="933" f="7" l="849" c="55" d="339" a="0"/>
<U id="934" f="7" l="634" c="96" d="225" a="0"/>
<U id="935" f="7" l="849" c="46" d="225" a="0"/>
<U id="936" f="12" l="95" c="68" d="122" a="0"/>
<U id="937" f="8" l="108" c="97" d="97" a="0"/>
<U id="938" f="7" l="434" c="88" d="198" a="0"/>
<U id="939" f="5" l="127" c="88" d="225" a="0"/>
<U id="940" f="8" l="189" c="47" d="335" a="0"/>
<U id="941" f="5" l="155" c="88" d="263" a="0"/>
<U id="942" f="7" l="317" c="88" d="170" a="0"/>
<U id="943" f="7" l="516" c="88" d="183" a="0"/>
<U id="944" f="7" l="573" c="96" d="225" a="0"/>
<U id="945" f="5" l="128" c="88" d="68" a="0"/>
<U id="946" f="5" l="176" c="96" d="67" a="0"/>
<U id="947" f="7" l="544" c="88" d="116" a="0"/>
<U id="948" f="7" l="688" c="74" d="361" a="0"/>
<U id="949" f="7" l="408" c="88" d="170" a="0"/>
<U id="950" f="7" l="517" c="88" d="183" a="0"/>
<U id="951" f="7" l="545" c="88" d="116" a="0"/>
<U id="952" f="7" l="356" c="88" d="116" a="0"/>
<U id="953" f="7" l="474" c="88" d="149" a="0"/>
<U id="954" f="5" l="178" c="87" d="99" a="0"/>
<U id="955" f="7" l="447" c="88" d="116" a="0"/>
<U id="956" f="8" l="196" c="78" d="304" a="0"/>
<U id="957" f="7" l="475" c="88" d="149" a="0"/>
<U id="958" f="7" l="558" c="96" d="225" a="0"/>
<U id="959" f="8" l="197" c="78" d="312" a="0"/>
<U id="960" f="7" l="559" c="96" d="225" a="0"/>
<U id="961" f="5" l="198" c="88" d="225" a="0"/>
<U id="962" f="7" l="369" c="88" d="225" a="0"/>
<U id="963" f="5" l="199" c="88" d="225" a="0"/>
<U id="964" f="7" l="488" c="88" d="157" a="0"/>
<U id="965" f="7" l="489" c="88" d="157" a="0"/>
</Uses>
<Blocks>
<B id="1" t="routine" f="8" l="99" c="5">
<BEGIN l="100" c="0"/>
<END l="113" c="0"/>
</B>
<B id="2" t="else" f="8" l="187" c="9">
<BEGIN l="188" c="9"/>
<END l="191" c="9"/>
</B>
<B id="3" t="if" f="8" l="182" c="9">
<BEGIN l="183" c="9"/>
<END l="186" c="9"/>
<ELSE d="2"/>
</B>
<B id="4" t="routine" f="8" l="152" c="5">
<BEGIN l="153" c="0"/>
<END l="212" c="0"/>
<SUB d="3"/>
</B>
<B id="5" t="routine" f="8" l="239" c="5">
<BEGIN l="240" c="0"/>
<END l="260" c="0"/>
</B>
<B id="6" t="ppcif" f="14" l="15" c="0">
<BEGIN l="15" c="27"/>
<END l="330" c="0"/>
</B>
<B id="7" t="ppcif" f="14" l="25" c="0">
<BEGIN l="25" c="19"/>
<END l="155" c="0"/>
</B>
<B id="8" t="ppcrmif" f="14" l="46" c="0">
<BEGIN l="46" c="93"/>
<END l="91" c="0"/>
</B>
<B id="9" t="ppcrmif" f="14" l="94" c="0">
<BEGIN l="94" c="91"/>
<END l="153" c="0"/>
</B>
<B id="10" t="ppcrmelse" f="14" l="155" c="0">
<BEGIN l="155" c="35"/>
<END l="328" c="0"/>
</B>
<B id="11" t="ppcif" f="15" l="11" c="0">
<BEGIN l="11" c="27"/>
<END l="36" c="0"/>
</B>
<B id="12" t="ppcrmif" f="15" l="14" c="0">
<BEGIN l="14" c="19"/>
<END l="29" c="0"/>
</B>
<B id="13" t="ppcelse" f="15" l="29" c="0">
<BEGIN l="29" c="5"/>
<END l="33" c="0"/>
</B>
<B id="14" t="ppcif" f="1" l="22" c="0">
<BEGIN l="22" c="17"/>
<END l="109" c="0"/>
</B>
<B id="15" t="ppcrmif" f="1" l="39" c="0">
<BEGIN l="39" c="66"/>
<END l="43" c="0"/>
</B>
<B id="16" t="ppcelse" f="1" l="43" c="0">
<BEGIN l="43" c="60"/>
<END l="47" c="0"/>
</B>
<B id="17" t="ppcrmif" f="1" l="52" c="0">
<BEGIN l="52" c="18"/>
<END l="58" c="0"/>
</B>
<B id="18" t="ppcrmif" f="1" l="62" c="0">
<BEGIN l="62" c="33"/>
<END l="80" c="0"/>
</B>
<B id="19" t="ppcelse" f="1" l="80" c="0">
<BEGIN l="80" c="31"/>
<END l="93" c="0"/>
</B>
<B id="20" t="ppcrmif" f="1" l="96" c="0">
<BEGIN l="96" c="14"/>
<END l="106" c="0"/>
</B>
<B id="21" t="ppcif" f="16" l="3" c="0">
<BEGIN l="3" c="29"/>
<END l="348" c="0"/>
</B>
<B id="22" t="ppcif" f="16" l="61" c="0">
<BEGIN l="63" c="27"/>
<END l="66" c="0"/>
</B>
<B id="23" t="ppcrmif" f="16" l="165" c="0">
<BEGIN l="165" c="17"/>
<END l="206" c="0"/>
</B>
<B id="24" t="ppcrmif" f="16" l="209" c="0">
<BEGIN l="209" c="37"/>
<END l="211" c="0"/>
</B>
<B id="25" t="ppcrmif" f="16" l="213" c="0">
<BEGIN l="213" c="44"/>
<END l="321" c="0"/>
</B>
<B id="26" t="ppcif" f="16" l="323" c="0">
<BEGIN l="323" c="18"/>
<END l="346" c="0"/>
</B>
<B id="27" t="ppcrmif" f="16" l="326" c="0">
<BEGIN l="326" c="18"/>
<END l="328" c="0"/>
</B>
<B id="28" t="ppcrmif" f="16" l="329" c="0">
<BEGIN l="329" c="63"/>
<END l="331" c="0"/>
</B>
<B id="29" t="ppcrmif" f="16" l="332" c="0">
<BEGIN l="332" c="64"/>
<END l="334" c="0"/>
</B>
<B id="30" t="ppcrmif" f="16" l="335" c="0">
<BEGIN l="335" c="16"/>
<END l="340" c="0"/>
</B>
<B id="31" t="ppcif" f="16" l="343" c="0">
<BEGIN l="343" c="57"/>
<END l="345" c="0"/>
</B>
<B id="32" t="type" f="6" l="48" c="7">
<BEGIN l="48" c="31"/>
<END l="57" c="0"/>
</B>
<B id="33" t="ppcif" f="6" l="24" c="0">
<BEGIN l="24" c="32"/>
<END l="300" c="0"/>
</B>
<B id="34" t="ppcrmif" f="6" l="27" c="0">
<BEGIN l="27" c="35"/>
<END l="29" c="0"/>
</B>
<B id="35" t="ppcrmif" f="6" l="33" c="0">
<BEGIN l="33" c="19"/>
<END l="36" c="0"/>
</B>
<B id="36" t="ppcrmif" f="6" l="284" c="0">
<BEGIN l="284" c="19"/>
<END l="286" c="0"/>
</B>
<B id="37" t="ppcif" f="6" l="289" c="0">
<BEGIN l="289" c="26"/>
<END l="297" c="0"/>
</B>
<B id="38" t="ppcif" f="6" l="290" c="0">
<BEGIN l="290" c="25"/>
<END l="294" c="0"/>
</B>
<B id="39" t="ppcrmif" f="6" l="291" c="0">
<BEGIN l="291" c="37"/>
<END l="293" c="0"/>
</B>
<B id="40" t="ppcrmelse" f="6" l="294" c="0">
<BEGIN l="294" c="7"/>
<END l="296" c="0"/>
</B>
<B id="41" t="ppcif" f="17" l="24" c="0">
<BEGIN l="24" c="37"/>
<END l="55" c="0"/>
</B>
<B id="42" t="ppcrmif" f="17" l="27" c="0">
<BEGIN l="27" c="19"/>
<END l="30" c="0"/>
</B>
<B id="43" t="ppcrmif" f="17" l="39" c="0">
<BEGIN l="39" c="19"/>
<END l="41" c="0"/>
</B>
<B id="44" t="ppcif" f="17" l="44" c="0">
<BEGIN l="44" c="26"/>
<END l="52" c="0"/>
</B>
<B id="45" t="ppcif" f="17" l="45" c="0">
<BEGIN l="45" c="25"/>
<END l="49" c="0"/>
</B>
<B id="46" t="ppcrmif" f="17" l="46" c="0">
<BEGIN l="46" c="37"/>
<END l="48" c="0"/>
</B>
<B id="47" t="ppcrmelse" f="17" l="49" c="0">
<BEGIN l="49" c="7"/>
<END l="51" c="0"/>
</B>
<B id="48" t="ppcif" f="18" l="24" c="0">
<BEGIN l="24" c="19"/>
<END l="46" c="0"/>
</B>
<B id="49" t="ppcif" f="18" l="35" c="0">
<BEGIN l="35" c="26"/>
<END l="43" c="0"/>
</B>
<B id="50" t="ppcif" f="18" l="36" c="0">
<BEGIN l="36" c="25"/>
<END l="40" c="0"/>
</B>
<B id="51" t="ppcrmif" f="18" l="37" c="0">
<BEGIN l="37" c="37"/>
<END l="39" c="0"/>
</B>
<B id="52" t="ppcrmelse" f="18" l="40" c="0">
<BEGIN l="40" c="7"/>
<END l="42" c="0"/>
</B>
<B id="53" t="ppcif" f="19" l="25" c="0">
<BEGIN l="25" c="14"/>
<END l="93" c="0"/>
</B>
<B id="54" t="ppcrmif" f="19" l="43" c="0">
<BEGIN l="43" c="46"/>
<END l="45" c="0"/>
</B>
<B id="55" t="ppcrmif" f="19" l="47" c="0">
<BEGIN l="47" c="28"/>
<END l="49" c="0"/>
</B>
<B id="56" t="ppcif" f="19" l="82" c="0">
<BEGIN l="82" c="26"/>
<END l="90" c="0"/>
</B>
<B id="57" t="ppcif" f="19" l="83" c="0">
<BEGIN l="83" c="25"/>
<END l="87" c="0"/>
</B>
<B id="58" t="ppcrmif" f="19" l="84" c="0">
<BEGIN l="84" c="37"/>
<END l="86" c="0"/>
</B>
<B id="59" t="ppcrmelse" f="19" l="87" c="0">
<BEGIN l="87" c="7"/>
<END l="89" c="0"/>
</B>
<B id="60" t="type" f="3" l="135" c="0">
<BEGIN l="135" c="0"/>
<END l="141" c="0"/>
</B>
<B id="61" t="ppcif" f="3" l="56" c="0">
<BEGIN l="56" c="19"/>
<END l="154" c="0"/>
</B>
<B id="62" t="ppcif" f="3" l="122" c="0">
<BEGIN l="122" c="26"/>
<END l="126" c="0"/>
</B>
<B id="63" t="ppcif" f="2" l="43" c="0">
<BEGIN l="43" c="24"/>
<END l="150" c="0"/>
</B>
<B id="64" t="ppcif" f="2" l="81" c="0">
<BEGIN l="81" c="13"/>
<END l="83" c="0"/>
</B>
<B id="65" t="ppcif" f="2" l="85" c="0">
<BEGIN l="85" c="14"/>
<END l="87" c="0"/>
</B>
<B id="66" t="ppcrmif" f="2" l="119" c="0">
<BEGIN l="119" c="46"/>
<END l="125" c="0"/>
</B>
<B id="67" t="ppcelse" f="2" l="125" c="0">
<BEGIN l="125" c="6"/>
<END l="129" c="0"/>
</B>
<B id="68" t="ppcrmif" f="2" l="131" c="0">
<BEGIN l="131" c="46"/>
<END l="137" c="0"/>
</B>
<B id="69" t="ppcelse" f="2" l="137" c="0">
<BEGIN l="137" c="6"/>
<END l="140" c="0"/>
</B>
<B id="70" t="ppcif" f="20" l="43" c="0">
<BEGIN l="43" c="18"/>
<END l="202" c="0"/>
</B>
<B id="71" t="ppcif" f="20" l="88" c="0">
<BEGIN l="88" c="17"/>
<END l="90" c="0"/>
</B>
<B id="72" t="ppcif" f="21" l="19" c="0">
<BEGIN l="19" c="22"/>
<END l="23" c="0"/>
</B>
<B id="73" t="ppcif" f="22" l="19" c="0">
<BEGIN l="19" c="26"/>
<END l="23" c="0"/>
</B>
<B id="74" t="ppcif" f="23" l="33" c="0">
<BEGIN l="33" c="24"/>
<END l="60" c="0"/>
</B>
<B id="75" t="ppcif" f="23" l="49" c="0">
<BEGIN l="49" c="26"/>
<END l="57" c="0"/>
</B>
<B id="76" t="ppcrmif" f="23" l="50" c="0">
<BEGIN l="50" c="25"/>
<END l="54" c="0"/>
</B>
<B id="77" t="ppcelse" f="23" l="54" c="0">
<BEGIN l="54" c="7"/>
<END l="56" c="0"/>
</B>
<B id="78" t="type" f="5" l="32" c="15">
<BEGIN l="32" c="15"/>
<END l="35" c="0"/>
</B>
<B id="79" t="type" f="5" l="37" c="15">
<BEGIN l="37" c="15"/>
<END l="40" c="0"/>
</B>
<B id="80" t="ppcif" f="5" l="19" c="0">
<BEGIN l="19" c="17"/>
<END l="206" c="0"/>
</B>
<B id="81" t="routine" f="5" l="82" c="14">
<BEGIN l="85" c="0"/>
<END l="87" c="0"/>
</B>
<B id="82" t="routine" f="5" l="103" c="17">
<BEGIN l="105" c="0"/>
<END l="108" c="0"/>
</B>
<B id="83" t="routine" f="5" l="125" c="14">
<BEGIN l="129" c="0"/>
<END l="132" c="0"/>
</B>
<B id="84" t="routine" f="5" l="150" c="14">
<BEGIN l="153" c="0"/>
<END l="157" c="0"/>
</B>
<B id="85" t="routine" f="5" l="175" c="17">
<BEGIN l="177" c="0"/>
<END l="179" c="0"/>
</B>
<B id="86" t="routine" f="5" l="197" c="14">
<BEGIN l="201" c="0"/>
<END l="204" c="0"/>
</B>
<B id="87" t="ppcif" f="24" l="19" c="0">
<BEGIN l="19" c="20"/>
<END l="65" c="0"/>
</B>
<B id="88" t="initializer" f="7" l="780" c="21">
<BEGIN l="780" c="48"/>
<END l="813" c="16"/>
</B>
<B id="89" t="ppcif" f="7" l="22" c="0">
<BEGIN l="22" c="18"/>
<END l="855" c="0"/>
</B>
<B id="90" t="routine" f="7" l="177" c="17">
<BEGIN l="180" c="0"/>
<END l="182" c="0"/>
</B>
<B id="91" t="routine" f="7" l="191" c="15">
<BEGIN l="192" c="0"/>
<END l="195" c="0"/>
</B>
<B id="92" t="routine" f="7" l="204" c="16">
<BEGIN l="205" c="0"/>
<END l="208" c="0"/>
</B>
<B id="93" t="else" f="7" l="220" c="40">
<BEGIN l="220" c="40"/>
<END l="220" c="63"/>
</B>
<B id="94" t="if" f="7" l="220" c="22">
<BEGIN l="220" c="24"/>
<END l="220" c="36"/>
<ELSE d="93"/>
</B>
<B id="95" t="routine" f="7" l="217" c="16">
<BEGIN l="218" c="0"/>
<END l="221" c="0"/>
<SUB d="94"/>
</B>
<B id="96" t="routine" f="7" l="230" c="17">
<BEGIN l="231" c="0"/>
<END l="233" c="0"/>
</B>
<B id="97" t="else" f="7" l="244" c="37">
<BEGIN l="244" c="37"/>
<END l="244" c="45"/>
</B>
<B id="98" t="if" f="7" l="244" c="22">
<BEGIN l="244" c="24"/>
<END l="244" c="32"/>
<ELSE d="97"/>
</B>
<B id="99" t="routine" f="7" l="242" c="15">
<BEGIN l="243" c="0"/>
<END l="245" c="0"/>
<SUB d="98"/>
</B>
<B id="100" t="else" f="7" l="256" c="37">
<BEGIN l="256" c="37"/>
<END l="256" c="45"/>
</B>
<B id="101" t="if" f="7" l="256" c="22">
<BEGIN l="256" c="24"/>
<END l="256" c="32"/>
<ELSE d="100"/>
</B>
<B id="102" t="routine" f="7" l="254" c="15">
<BEGIN l="255" c="0"/>
<END l="257" c="0"/>
<SUB d="101"/>
</B>
<B id="103" t="else" f="7" l="268" c="37">
<BEGIN l="268" c="37"/>
<END l="268" c="45"/>
</B>
<B id="104" t="if" f="7" l="268" c="22">
<BEGIN l="268" c="24"/>
<END l="268" c="32"/>
<ELSE d="103"/>
</B>
<B id="105" t="routine" f="7" l="266" c="15">
<BEGIN l="267" c="0"/>
<END l="269" c="0"/>
<SUB d="104"/>
</B>
<B id="106" t="else" f="7" l="280" c="40">
<BEGIN l="280" c="40"/>
<END l="280" c="48"/>
</B>
<B id="107" t="if" f="7" l="280" c="25">
<BEGIN l="280" c="27"/>
<END l="280" c="35"/>
<ELSE d="106"/>
</B>
<B id="108" t="routine" f="7" l="278" c="15">
<BEGIN l="279" c="0"/>
<END l="281" c="0"/>
<SUB d="107"/>
</B>
<B id="109" t="routine" f="7" l="290" c="15">
<BEGIN l="292" c="0"/>
<END l="294" c="0"/>
</B>
<B id="110" t="routine" f="7" l="303" c="15">
<BEGIN l="305" c="0"/>
<END l="307" c="0"/>
</B>
<B id="111" t="routine" f="7" l="316" c="16">
<BEGIN l="318" c="0"/>
<END l="320" c="0"/>
</B>
<B id="112" t="routine" f="7" l="329" c="16">
<BEGIN l="331" c="0"/>
<END l="333" c="0"/>
</B>
<B id="113" t="else" f="7" l="345" c="37">
<BEGIN l="345" c="37"/>
<END l="345" c="40"/>
</B>
<B id="114" t="if" f="7" l="345" c="28">
<BEGIN l="345" c="30"/>
<END l="345" c="33"/>
<ELSE d="113"/>
</B>
<B id="115" t="routine" f="7" l="342" c="16">
<BEGIN l="344" c="0"/>
<END l="346" c="0"/>
<SUB d="114"/>
</B>
<B id="116" t="else" f="7" l="358" c="37">
<BEGIN l="358" c="37"/>
<END l="358" c="40"/>
</B>
<B id="117" t="if" f="7" l="358" c="28">
<BEGIN l="358" c="30"/>
<END l="358" c="33"/>
<ELSE d="116"/>
</B>
<B id="118" t="routine" f="7" l="355" c="16">
<BEGIN l="357" c="0"/>
<END l="359" c="0"/>
<SUB d="117"/>
</B>
<B id="119" t="else" f="7" l="371" c="37">
<BEGIN l="371" c="37"/>
<END l="371" c="40"/>
</B>
<B id="120" t="if" f="7" l="371" c="28">
<BEGIN l="371" c="30"/>
<END l="371" c="33"/>
<ELSE d="119"/>
</B>
<B id="121" t="routine" f="7" l="368" c="17">
<BEGIN l="370" c="0"/>
<END l="372" c="0"/>
<SUB d="120"/>
</B>
<B id="122" t="routine" f="7" l="381" c="15">
<BEGIN l="383" c="0"/>
<END l="385" c="0"/>
</B>
<B id="123" t="routine" f="7" l="394" c="15">
<BEGIN l="396" c="0"/>
<END l="398" c="0"/>
</B>
<B id="124" t="routine" f="7" l="407" c="16">
<BEGIN l="409" c="0"/>
<END l="411" c="0"/>
</B>
<B id="125" t="routine" f="7" l="420" c="16">
<BEGIN l="422" c="0"/>
<END l="424" c="0"/>
</B>
<B id="126" t="else" f="7" l="436" c="37">
<BEGIN l="436" c="37"/>
<END l="436" c="40"/>
</B>
<B id="127" t="if" f="7" l="436" c="28">
<BEGIN l="436" c="30"/>
<END l="436" c="33"/>
<ELSE d="126"/>
</B>
<B id="128" t="routine" f="7" l="433" c="16">
<BEGIN l="435" c="0"/>
<END l="437" c="0"/>
<SUB d="127"/>
</B>
<B id="129" t="else" f="7" l="449" c="37">
<BEGIN l="449" c="37"/>
<END l="449" c="40"/>
</B>
<B id="130" t="if" f="7" l="449" c="28">
<BEGIN l="449" c="30"/>
<END l="449" c="33"/>
<ELSE d="129"/>
</B>
<B id="131" t="routine" f="7" l="446" c="16">
<BEGIN l="448" c="0"/>
<END l="450" c="0"/>
<SUB d="130"/>
</B>
<B id="132" t="else" f="7" l="462" c="37">
<BEGIN l="462" c="37"/>
<END l="462" c="40"/>
</B>
<B id="133" t="if" f="7" l="462" c="28">
<BEGIN l="462" c="30"/>
<END l="462" c="33"/>
<ELSE d="132"/>
</B>
<B id="134" t="routine" f="7" l="459" c="17">
<BEGIN l="461" c="0"/>
<END l="463" c="0"/>
<SUB d="133"/>
</B>
<B id="135" t="routine" f="7" l="473" c="15">
<BEGIN l="476" c="0"/>
<END l="478" c="0"/>
</B>
<B id="136" t="routine" f="7" l="487" c="15">
<BEGIN l="490" c="0"/>
<END l="492" c="0"/>
</B>
<B id="137" t="routine" f="7" l="501" c="16">
<BEGIN l="504" c="0"/>
<END l="506" c="0"/>
</B>
<B id="138" t="routine" f="7" l="515" c="16">
<BEGIN l="518" c="0"/>
<END l="520" c="0"/>
</B>
<B id="139" t="else" f="7" l="533" c="38">
<BEGIN l="533" c="38"/>
<END l="533" c="67"/>
</B>
<B id="140" t="if" f="7" l="533" c="28">
<BEGIN l="533" c="30"/>
<END l="533" c="34"/>
<ELSE d="139"/>
</B>
<B id="141" t="routine" f="7" l="529" c="16">
<BEGIN l="532" c="0"/>
<END l="534" c="0"/>
<SUB d="140"/>
</B>
<B id="142" t="else" f="7" l="547" c="38">
<BEGIN l="547" c="38"/>
<END l="547" c="67"/>
</B>
<B id="143" t="if" f="7" l="547" c="28">
<BEGIN l="547" c="30"/>
<END l="547" c="34"/>
<ELSE d="142"/>
</B>
<B id="144" t="routine" f="7" l="543" c="16">
<BEGIN l="546" c="0"/>
<END l="548" c="0"/>
<SUB d="143"/>
</B>
<B id="145" t="else" f="7" l="561" c="38">
<BEGIN l="561" c="38"/>
<END l="561" c="67"/>
</B>
<B id="146" t="if" f="7" l="561" c="28">
<BEGIN l="561" c="30"/>
<END l="561" c="34"/>
<ELSE d="145"/>
</B>
<B id="147" t="routine" f="7" l="557" c="17">
<BEGIN l="560" c="0"/>
<END l="562" c="0"/>
<SUB d="146"/>
</B>
<B id="148" t="routine" f="7" l="572" c="17">
<BEGIN l="574" c="0"/>
<END l="576" c="0"/>
</B>
<B id="149" t="routine" f="7" l="585" c="17">
<BEGIN l="586" c="0"/>
<END l="588" c="0"/>
</B>
<B id="150" t="routine" f="7" l="597" c="17">
<BEGIN l="598" c="0"/>
<END l="600" c="0"/>
</B>
<B id="151" t="routine" f="7" l="609" c="17">
<BEGIN l="610" c="0"/>
<END l="612" c="0"/>
</B>
<B id="152" t="routine" f="7" l="621" c="17">
<BEGIN l="622" c="0"/>
<END l="624" c="0"/>
</B>
<B id="153" t="routine" f="7" l="633" c="17">
<BEGIN l="635" c="0"/>
<END l="637" c="0"/>
</B>
<B id="154" t="case" f="7" l="752" c="16">
<BEGIN l="753" c="24"/>
<END l="755" c="29"/>
</B>
<B id="155" t="case" f="7" l="746" c="16">
<BEGIN l="747" c="24"/>
<END l="749" c="29"/>
</B>
<B id="156" t="case" f="7" l="741" c="16">
<BEGIN l="742" c="24"/>
<END l="744" c="29"/>
</B>
<B id="157" t="case" f="7" l="736" c="16">
<BEGIN l="737" c="24"/>
<END l="739" c="29"/>
</B>
<B id="158" t="case" f="7" l="731" c="16">
<BEGIN l="732" c="24"/>
<END l="734" c="29"/>
</B>
<B id="159" t="case" f="7" l="726" c="16">
<BEGIN l="727" c="24"/>
<END l="729" c="29"/>
</B>
<B id="160" t="case" f="7" l="721" c="16">
<BEGIN l="722" c="24"/>
<END l="724" c="29"/>
</B>
<B id="161" t="case" f="7" l="716" c="16">
<BEGIN l="717" c="24"/>
<END l="719" c="29"/>
</B>
<B id="162" t="case" f="7" l="711" c="16">
<BEGIN l="712" c="24"/>
<END l="714" c="29"/>
</B>
<B id="163" t="case" f="7" l="706" c="16">
<BEGIN l="707" c="24"/>
<END l="709" c="29"/>
</B>
<B id="164" t="case" f="7" l="701" c="16">
<BEGIN l="702" c="24"/>
<END l="704" c="29"/>
</B>
<B id="165" t="case" f="7" l="696" c="16">
<BEGIN l="697" c="24"/>
<END l="699" c="29"/>
</B>
<B id="166" t="case" f="7" l="691" c="16">
<BEGIN l="692" c="24"/>
<END l="694" c="29"/>
</B>
<B id="167" t="case" f="7" l="686" c="16">
<BEGIN l="687" c="24"/>
<END l="689" c="29"/>
</B>
<B id="168" t="case" f="7" l="681" c="16">
<BEGIN l="682" c="24"/>
<END l="684" c="29"/>
</B>
<B id="169" t="case" f="7" l="676" c="16">
<BEGIN l="677" c="24"/>
<END l="679" c="29"/>
</B>
<B id="170" t="switch" f="7" l="674" c="8">
<BEGIN l="675" c="8"/>
<END l="757" c="8"/>
<CASE d="154"/>
<CASE d="155"/>
<CASE d="156"/>
<CASE d="157"/>
<CASE d="158"/>
<CASE d="159"/>
<CASE d="160"/>
<CASE d="161"/>
<CASE d="162"/>
<CASE d="163"/>
<CASE d="164"/>
<CASE d="165"/>
<CASE d="166"/>
<CASE d="167"/>
<CASE d="168"/>
<CASE d="169"/>
</B>
<B id="171" t="else" f="7" l="663" c="88">
<BEGIN l="663" c="88"/>
<END l="663" c="136"/>
</B>
<B id="172" t="if" f="7" l="663" c="27">
<BEGIN l="663" c="31"/>
<END l="663" c="79"/>
<ELSE d="171"/>
</B>
<B id="173" t="routine" f="7" l="650" c="14">
<BEGIN l="653" c="0"/>
<END l="759" c="0"/>
<SUB d="170"/>
<SUB d="172"/>
</B>
<B id="174" t="if" f="7" l="837" c="8">
<BEGIN l="838" c="8"/>
<END l="840" c="8"/>
</B>
<B id="175" t="else" f="7" l="832" c="8">
<BEGIN l="833" c="8"/>
<END l="835" c="8"/>
</B>
<B id="176" t="if" f="7" l="827" c="8">
<BEGIN l="828" c="8"/>
<END l="831" c="8"/>
<ELSE d="175"/>
</B>
<B id="177" t="if" f="7" l="820" c="8">
<BEGIN l="821" c="8"/>
<END l="823" c="8"/>
</B>
<B id="178" t="routine" f="7" l="774" c="18">
<BEGIN l="775" c="0"/>
<END l="853" c="0"/>
<SUB d="174"/>
<SUB d="176"/>
<SUB d="177"/>
</B>
<B id="179" t="ppcif" f="4" l="13" c="0">
<BEGIN l="13" c="16"/>
<END l="823" c="0"/>
</B>
<B id="180" t="ppcrmif" f="4" l="14" c="0">
<BEGIN l="14" c="14"/>
<END l="16" c="0"/>
</B>
<B id="181" t="ppcif" f="4" l="18" c="0">
<BEGIN l="18" c="23"/>
<END l="819" c="0"/>
</B>
<B id="182" t="ppcrmif" f="4" l="20" c="0">
<BEGIN l="20" c="18"/>
<END l="22" c="0"/>
</B>
<B id="183" t="ppcrmif" f="4" l="26" c="0">
<BEGIN l="26" c="67"/>
<END l="28" c="0"/>
</B>
<B id="184" t="ppcrmelif" f="4" l="28" c="0">
<BEGIN l="28" c="5"/>
<END l="30" c="0"/>
</B>
<B id="185" t="ppcrmelif" f="4" l="30" c="0">
<BEGIN l="30" c="5"/>
<END l="33" c="0"/>
</B>
<B id="186" t="ppcrmelif" f="4" l="33" c="0">
<BEGIN l="33" c="5"/>
<END l="38" c="0"/>
</B>
<B id="187" t="ppcrmelse" f="4" l="38" c="0">
<BEGIN l="38" c="5"/>
<END l="40" c="0"/>
</B>
<B id="188" t="ppcrmif" f="4" l="42" c="0">
<BEGIN l="42" c="23"/>
<END l="44" c="0"/>
</B>
<B id="189" t="ppcrmelif" f="4" l="44" c="0">
<BEGIN l="44" c="5"/>
<END l="47" c="0"/>
</B>
<B id="190" t="ppcrmelif" f="4" l="47" c="0">
<BEGIN l="47" c="5"/>
<END l="50" c="0"/>
</B>
<B id="191" t="ppcrmelse" f="4" l="50" c="0">
<BEGIN l="50" c="5"/>
<END l="53" c="0"/>
</B>
<B id="192" t="ppcif" f="4" l="65" c="0">
<BEGIN l="65" c="20"/>
<END l="68" c="0"/>
</B>
<B id="193" t="ppcrmelse" f="4" l="68" c="0">
<BEGIN l="68" c="5"/>
<END l="76" c="0"/>
</B>
<B id="194" t="ppcrmif" f="4" l="78" c="0">
<BEGIN l="78" c="106"/>
<END l="82" c="0"/>
</B>
<B id="195" t="ppcelse" f="4" l="82" c="0">
<BEGIN l="82" c="5"/>
<END l="86" c="0"/>
</B>
<B id="196" t="ppcif" f="4" l="115" c="0">
<BEGIN l="116" c="51"/>
<END l="119" c="0"/>
</B>
<B id="197" t="ppcif" f="4" l="121" c="0">
<BEGIN l="121" c="68"/>
<END l="123" c="0"/>
</B>
<B id="198" t="ppcrmelse" f="4" l="123" c="0">
<BEGIN l="123" c="5"/>
<END l="126" c="0"/>
</B>
<B id="199" t="ppcrmif" f="4" l="128" c="0">
<BEGIN l="128" c="53"/>
<END l="131" c="0"/>
</B>
<B id="200" t="ppcrmif" f="4" l="133" c="0">
<BEGIN l="133" c="51"/>
<END l="135" c="0"/>
</B>
<B id="201" t="ppcif" f="4" l="137" c="0">
<BEGIN l="137" c="24"/>
<END l="265" c="0"/>
</B>
<B id="202" t="ppcif" f="4" l="138" c="0">
<BEGIN l="138" c="56"/>
<END l="140" c="0"/>
</B>
<B id="203" t="ppcrmif" f="4" l="171" c="0">
<BEGIN l="171" c="24"/>
<END l="173" c="0"/>
</B>
<B id="204" t="ppcrmif" f="4" l="188" c="0">
<BEGIN l="188" c="24"/>
<END l="190" c="0"/>
</B>
<B id="205" t="ppcif" f="4" l="196" c="0">
<BEGIN l="196" c="56"/>
<END l="263" c="0"/>
</B>
<B id="206" t="ppcrmif" f="4" l="217" c="0">
<BEGIN l="217" c="24"/>
<END l="219" c="0"/>
</B>
<B id="207" t="ppcrmif" f="4" l="260" c="0">
<BEGIN l="260" c="24"/>
<END l="262" c="0"/>
</B>
<B id="208" t="ppcrmif" f="4" l="268" c="0">
<BEGIN l="268" c="24"/>
<END l="270" c="0"/>
</B>
<B id="209" t="ppcrmif" f="4" l="284" c="0">
<BEGIN l="284" c="24"/>
<END l="286" c="0"/>
</B>
<B id="210" t="ppcif" f="4" l="291" c="0">
<BEGIN l="291" c="20"/>
<END l="750" c="0"/>
</B>
<B id="211" t="ppcif" f="4" l="292" c="0">
<BEGIN l="292" c="24"/>
<END l="307" c="0"/>
</B>
<B id="212" t="ppcrmif" f="4" l="310" c="0">
<BEGIN l="310" c="43"/>
<END l="317" c="0"/>
</B>
<B id="213" t="ppcelif" f="4" l="317" c="0">
<BEGIN l="317" c="5"/>
<END l="324" c="0"/>
</B>
<B id="214" t="ppcrmelif" f="4" l="324" c="0">
<BEGIN l="324" c="5"/>
<END l="337" c="0"/>
</B>
<B id="215" t="ppcrmelse" f="4" l="337" c="0">
<BEGIN l="337" c="5"/>
<END l="345" c="0"/>
</B>
<B id="216" t="ppcrmif" f="4" l="348" c="0">
<BEGIN l="348" c="43"/>
<END l="355" c="0"/>
</B>
<B id="217" t="ppcelif" f="4" l="355" c="0">
<BEGIN l="355" c="5"/>
<END l="364" c="0"/>
</B>
<B id="218" t="ppcrmelse" f="4" l="364" c="0">
<BEGIN l="364" c="5"/>
<END l="372" c="0"/>
</B>
<B id="219" t="ppcrmif" f="4" l="375" c="0">
<BEGIN l="375" c="23"/>
<END l="377" c="0"/>
</B>
<B id="220" t="ppcrmelif" f="4" l="377" c="0">
<BEGIN l="377" c="6"/>
<END l="379" c="0"/>
</B>
<B id="221" t="ppcrmelif" f="4" l="379" c="0">
<BEGIN l="379" c="6"/>
<END l="381" c="0"/>
</B>
<B id="222" t="ppcif" f="4" l="383" c="0">
<BEGIN l="383" c="64"/>
<END l="402" c="0"/>
</B>
<B id="223" t="ppcif" f="4" l="386" c="0">
<BEGIN l="386" c="24"/>
<END l="397" c="0"/>
</B>
<B id="224" t="ppcrmelse" f="4" l="402" c="0">
<BEGIN l="402" c="5"/>
<END l="682" c="0"/>
</B>
<B id="225" t="ppcif" f="4" l="685" c="0">
<BEGIN l="685" c="24"/>
<END l="698" c="0"/>
</B>
<B id="226" t="ppcif" f="4" l="695" c="0">
<BEGIN l="695" c="56"/>
<END l="697" c="0"/>
</B>
<B id="227" t="ppcrmif" f="4" l="708" c="0">
<BEGIN l="708" c="143"/>
<END l="716" c="0"/>
</B>
<B id="228" t="ppcif" f="4" l="740" c="0">
<BEGIN l="740" c="63"/>
<END l="743" c="0"/>
</B>
<B id="229" t="ppcrmif" f="4" l="752" c="0">
<BEGIN l="752" c="95"/>
<END l="772" c="0"/>
</B>
<B id="230" t="ppcrmif" f="4" l="774" c="0">
<BEGIN l="774" c="42"/>
<END l="776" c="0"/>
</B>
<B id="231" t="ppcrmif" f="4" l="778" c="0">
<BEGIN l="778" c="51"/>
<END l="780" c="0"/>
</B>
<B id="232" t="ppcrmif" f="4" l="782" c="0">
<BEGIN l="782" c="18"/>
<END l="816" c="0"/>
</B>
<B id="233" t="ppcrmif" f="4" l="820" c="0">
<BEGIN l="820" c="14"/>
<END l="822" c="0"/>
</B>
<B id="234" t="ppcif" f="25" l="24" c="0">
<BEGIN l="24" c="31"/>
<END l="39" c="0"/>
</B>
<B id="235" t="ppcif" f="25" l="28" c="0">
<BEGIN l="28" c="26"/>
<END l="36" c="0"/>
</B>
<B id="236" t="ppcif" f="25" l="29" c="0">
<BEGIN l="29" c="25"/>
<END l="33" c="0"/>
</B>
<B id="237" t="ppcrmif" f="25" l="30" c="0">
<BEGIN l="30" c="37"/>
<END l="32" c="0"/>
</B>
<B id="238" t="ppcrmelse" f="25" l="33" c="0">
<BEGIN l="33" c="7"/>
<END l="35" c="0"/>
</B>
<B id="239" t="ppcif" f="26" l="19" c="0">
<BEGIN l="19" c="16"/>
<END l="24" c="0"/>
</B>
<B id="240" t="ppcif" f="27" l="53" c="0">
<BEGIN l="53" c="39"/>
<END l="57" c="0"/>
</B>
<B id="241" t="ppcrmif" f="27" l="67" c="0">
<BEGIN l="67" c="52"/>
<END l="71" c="0"/>
</B>
<B id="242" t="ppcrmif" f="27" l="81" c="0">
<BEGIN l="81" c="57"/>
<END l="85" c="0"/>
</B>
<B id="243" t="ppcrmif" f="27" l="95" c="0">
<BEGIN l="95" c="55"/>
<END l="99" c="0"/>
</B>
<B id="244" t="ppcrmif" f="27" l="109" c="0">
<BEGIN l="109" c="60"/>
<END l="113" c="0"/>
</B>
<B id="245" t="ppcif" f="27" l="125" c="0">
<BEGIN l="125" c="38"/>
<END l="129" c="0"/>
</B>
<B id="246" t="ppcrmif" f="27" l="139" c="0">
<BEGIN l="139" c="51"/>
<END l="143" c="0"/>
</B>
<B id="247" t="ppcrmif" f="27" l="153" c="0">
<BEGIN l="153" c="56"/>
<END l="157" c="0"/>
</B>
<B id="248" t="ppcrmif" f="27" l="167" c="0">
<BEGIN l="167" c="54"/>
<END l="171" c="0"/>
</B>
<B id="249" t="ppcrmif" f="27" l="181" c="0">
<BEGIN l="181" c="59"/>
<END l="185" c="0"/>
</B>
<B id="250" t="ppcif" f="27" l="201" c="0">
<BEGIN l="201" c="25"/>
<END l="209" c="0"/>
</B>
<B id="251" t="ppcif" f="27" l="202" c="0">
<BEGIN l="202" c="24"/>
<END l="206" c="0"/>
</B>
<B id="252" t="ppcrmif" f="27" l="203" c="0">
<BEGIN l="203" c="36"/>
<END l="205" c="0"/>
</B>
<B id="253" t="ppcrmelse" f="27" l="206" c="0">
<BEGIN l="206" c="6"/>
<END l="208" c="0"/>
</B>
</Blocks>
</Navig>
