<?xml version="1.0" encoding="UTF-8"?>

<MISRA-C-Report version="1.3">


<CodeStruct Name="PhiCalc" File="C:\Component\SF007A_SysFricLrng_Impl\src\SysFricLrng.c" Line="1641" Column="12">

<Rule Name="21.1" Mode="required" Report="warning" Id="4">
<Loc File="C:\Component\SF007A_SysFricLrng_Impl\src\SysFricLrng.c" Line="1647" Column="96">
</Loc>
<Message>
Minimisation of run-time failures.
</Message>
</Rule>

<Rule Name="21.1" Mode="required" Report="warning" Id="5">
<Loc File="C:\Component\SF007A_SysFricLrng_Impl\src\SysFricLrng.c" Line="1647" Column="114">
</Loc>
<Message>
Minimisation of run-time failures.
</Message>
</Rule>

<Rule Name="21.1" Mode="required" Report="warning" Id="6">
<Loc File="C:\Component\SF007A_SysFricLrng_Impl\src\SysFricLrng.c" Line="1648" Column="89">
</Loc>
<Message>
Minimisation of run-time failures.
</Message>
</Rule>

<Rule Name="21.1" Mode="required" Report="warning" Id="7">
<Loc File="C:\Component\SF007A_SysFricLrng_Impl\src\SysFricLrng.c" Line="1648" Column="165">
</Loc>
<Message>
Minimisation of run-time failures.
</Message>
</Rule>

<Rule Name="21.1" Mode="required" Report="warning" Id="8">
<Loc File="C:\Component\SF007A_SysFricLrng_Impl\src\SysFricLrng.c" Line="1652" Column="124">
</Loc>
<Message>
Minimisation of run-time failures.
</Message>
</Rule>

<Rule Name="21.1" Mode="required" Report="warning" Id="9">
<Loc File="C:\Component\SF007A_SysFricLrng_Impl\src\SysFricLrng.c" Line="1659" Column="132">
</Loc>
<Message>
Minimisation of run-time failures.
</Message>
</Rule>

</CodeStruct>

<CodeStruct Name="" File="C:\Component\SF007A_SysFricLrng_Impl\src\SysFricLrng.c" Line="0" Column="0">

<Rule Name="19.1" Mode="advisory" Report="warning" Id="1">
<Loc File="C:\Component\SF007A_SysFricLrng_Impl\src\SysFricLrng.c" Line="856" Column="0">
</Loc>
<Message>
#include statements in a file shall only be preceded by other preprocessor directives or comments.
</Message>
</Rule>

<Rule Name="19.11" Mode="required" Report="warning" Id="2">
<Loc File="C:\Component\SF007A_SysFricLrng_Impl\src\SysFricLrng.c" Line="1227" Column="0">
</Loc>
<Message>
`FLTINJENA' is not defined.
</Message>
</Rule>

<Rule Name="19.1" Mode="advisory" Report="warning" Id="3">
<Loc File="C:\Component\SF007A_SysFricLrng_Impl\src\SysFricLrng.c" Line="1271" Column="0">
</Loc>
<Message>
#include statements in a file shall only be preceded by other preprocessor directives or comments.
</Message>
</Rule>

</CodeStruct>

<CodeStruct Name="ColTqconstraint" File="C:\Component\SF007A_SysFricLrng_Impl\src\SysFricLrng.c" Line="2026" Column="12">

<Rule Name="21.1" Mode="required" Report="warning" Id="29">
<Loc File="C:\Component\SF007A_SysFricLrng_Impl\src\SysFricLrng.c" Line="2031" Column="36">
</Loc>
<Message>
Minimisation of run-time failures.
</Message>
</Rule>

<Rule Name="21.1" Mode="required" Report="warning" Id="30">
<Loc File="C:\Component\SF007A_SysFricLrng_Impl\src\SysFricLrng.c" Line="2036" Column="17">
</Loc>
<Message>
Minimisation of run-time failures.
</Message>
</Rule>

<Rule Name="21.1" Mode="required" Report="warning" Id="31">
<Loc File="C:\Component\SF007A_SysFricLrng_Impl\src\SysFricLrng.c" Line="2036" Column="74">
</Loc>
<Message>
Minimisation of run-time failures.
</Message>
</Rule>

<Rule Name="21.1" Mode="required" Report="warning" Id="32">
<Loc File="C:\Component\SF007A_SysFricLrng_Impl\src\SysFricLrng.c" Line="2039" Column="9">
</Loc>
<Message>
Minimisation of run-time failures.
</Message>
</Rule>

</CodeStruct>

<CodeStruct Name="ClearingMode" File="C:\Component\SF007A_SysFricLrng_Impl\src\SysFricLrng.c" Line="1754" Column="12">

<Rule Name="21.1" Mode="required" Report="warning" Id="17">
<Loc File="C:\Component\SF007A_SysFricLrng_Impl\src\SysFricLrng.c" Line="1759" Column="48">
</Loc>
<Message>
Minimisation of run-time failures.
</Message>
</Rule>

<Rule Name="21.1" Mode="required" Report="warning" Id="18">
<Loc File="C:\Component\SF007A_SysFricLrng_Impl\src\SysFricLrng.c" Line="1763" Column="17">
</Loc>
<Message>
Minimisation of run-time failures.
</Message>
</Rule>

<Rule Name="21.1" Mode="required" Report="warning" Id="19">
<Loc File="C:\Component\SF007A_SysFricLrng_Impl\src\SysFricLrng.c" Line="1764" Column="56">
</Loc>
<Message>
Minimisation of run-time failures.
</Message>
</Rule>

<Rule Name="21.1" Mode="required" Report="warning" Id="20">
<Loc File="C:\Component\SF007A_SysFricLrng_Impl\src\SysFricLrng.c" Line="1765" Column="17">
</Loc>
<Message>
Minimisation of run-time failures.
</Message>
</Rule>

<Rule Name="21.1" Mode="required" Report="warning" Id="21">
<Loc File="C:\Component\SF007A_SysFricLrng_Impl\src\SysFricLrng.c" Line="1766" Column="17">
</Loc>
<Message>
Minimisation of run-time failures.
</Message>
</Rule>

<Rule Name="21.1" Mode="required" Report="warning" Id="22">
<Loc File="C:\Component\SF007A_SysFricLrng_Impl\src\SysFricLrng.c" Line="1767" Column="17">
</Loc>
<Message>
Minimisation of run-time failures.
</Message>
</Rule>

<Rule Name="21.1" Mode="required" Report="warning" Id="23">
<Loc File="C:\Component\SF007A_SysFricLrng_Impl\src\SysFricLrng.c" Line="1770" Column="50">
</Loc>
<Message>
Minimisation of run-time failures.
</Message>
</Rule>

<Rule Name="21.1" Mode="required" Report="warning" Id="24">
<Loc File="C:\Component\SF007A_SysFricLrng_Impl\src\SysFricLrng.c" Line="1771" Column="50">
</Loc>
<Message>
Minimisation of run-time failures.
</Message>
</Rule>

<Rule Name="21.1" Mode="required" Report="warning" Id="25">
<Loc File="C:\Component\SF007A_SysFricLrng_Impl\src\SysFricLrng.c" Line="1772" Column="50">
</Loc>
<Message>
Minimisation of run-time failures.
</Message>
</Rule>

<Rule Name="21.1" Mode="required" Report="warning" Id="26">
<Loc File="C:\Component\SF007A_SysFricLrng_Impl\src\SysFricLrng.c" Line="1773" Column="50">
</Loc>
<Message>
Minimisation of run-time failures.
</Message>
</Rule>

<Rule Name="21.1" Mode="required" Report="warning" Id="27">
<Loc File="C:\Component\SF007A_SysFricLrng_Impl\src\SysFricLrng.c" Line="1779" Column="64">
</Loc>
<Message>
Minimisation of run-time failures.
</Message>
</Rule>

<Rule Name="21.1" Mode="required" Report="warning" Id="28">
<Loc File="C:\Component\SF007A_SysFricLrng_Impl\src\SysFricLrng.c" Line="1783" Column="64">
</Loc>
<Message>
Minimisation of run-time failures.
</Message>
</Rule>

</CodeStruct>

<CodeStruct Name="GetFricLrngData_Oper" File="C:\Component\SF007A_SysFricLrng_Impl\src\SysFricLrng.c" Line="906" Column="5">

<Rule Name="21.1" Mode="required" Report="warning" Id="10">
<Loc File="C:\Component\SF007A_SysFricLrng_Impl\src\SysFricLrng.c" Line="912" Column="8">
</Loc>
<Message>
Minimisation of run-time failures.
</Message>
</Rule>

<Rule Name="21.1" Mode="required" Report="warning" Id="11">
<Loc File="C:\Component\SF007A_SysFricLrng_Impl\src\SysFricLrng.c" Line="912" Column="48">
</Loc>
<Message>
Minimisation of run-time failures.
</Message>
</Rule>

<Rule Name="21.1" Mode="required" Report="warning" Id="12">
<Loc File="C:\Component\SF007A_SysFricLrng_Impl\src\SysFricLrng.c" Line="912" Column="70">
</Loc>
<Message>
Minimisation of run-time failures.
</Message>
</Rule>

<Rule Name="21.1" Mode="required" Report="warning" Id="13">
<Loc File="C:\Component\SF007A_SysFricLrng_Impl\src\SysFricLrng.c" Line="913" Column="8">
</Loc>
<Message>
Minimisation of run-time failures.
</Message>
</Rule>

<Rule Name="21.1" Mode="required" Report="warning" Id="14">
<Loc File="C:\Component\SF007A_SysFricLrng_Impl\src\SysFricLrng.c" Line="914" Column="8">
</Loc>
<Message>
Minimisation of run-time failures.
</Message>
</Rule>

<Rule Name="21.1" Mode="required" Report="warning" Id="15">
<Loc File="C:\Component\SF007A_SysFricLrng_Impl\src\SysFricLrng.c" Line="915" Column="8">
</Loc>
<Message>
Minimisation of run-time failures.
</Message>
</Rule>

<Rule Name="21.1" Mode="required" Report="warning" Id="16">
<Loc File="C:\Component\SF007A_SysFricLrng_Impl\src\SysFricLrng.c" Line="915" Column="71">
</Loc>
<Message>
Minimisation of run-time failures.
</Message>
</Rule>

</CodeStruct>

<CodeStruct Name="NTCSetReset" File="C:\Component\SF007A_SysFricLrng_Impl\src\SysFricLrng.c" Line="1607" Column="13">

<Rule Name="21.1" Mode="required" Report="warning" Id="33">
<Loc File="C:\Component\SF007A_SysFricLrng_Impl\src\SysFricLrng.c" Line="1614" Column="74">
</Loc>
<Message>
Minimisation of run-time failures.
</Message>
</Rule>

<Rule Name="9.1" Mode="required" Report="warning" Id="34">
<Loc File="C:\Component\SF007A_SysFricLrng_Impl\src\SysFricLrng.c" Line="1616" Column="55">
</Loc>
<Message>
All automatic variables shall have been assigned a value before being used.
</Message>
</Rule>

</CodeStruct>

<CodeStruct Name="HwVelConstraint" File="C:\Component\SF007A_SysFricLrng_Impl\src\SysFricLrng.c" Line="1909" Column="12">

<Rule Name="21.1" Mode="required" Report="warning" Id="38">
<Loc File="C:\Component\SF007A_SysFricLrng_Impl\src\SysFricLrng.c" Line="1922" Column="41">
</Loc>
<Message>
Minimisation of run-time failures.
</Message>
</Rule>

<Rule Name="21.1" Mode="required" Report="warning" Id="39">
<Loc File="C:\Component\SF007A_SysFricLrng_Impl\src\SysFricLrng.c" Line="1931" Column="20">
</Loc>
<Message>
Minimisation of run-time failures.
</Message>
</Rule>

<Rule Name="12.4" Mode="required" Report="warning" Id="40">
<Loc File="C:\Component\SF007A_SysFricLrng_Impl\src\SysFricLrng.c" Line="1951" Column="47">
</Loc>
<Message>
The right hand operand of a logical &amp;&amp; or || operator shall not contain side effects.
</Message>
</Rule>

<Rule Name="12.4" Mode="required" Report="warning" Id="41">
<Loc File="C:\Component\SF007A_SysFricLrng_Impl\src\SysFricLrng.c" Line="1952" Column="81">
</Loc>
<Message>
The right hand operand of a logical &amp;&amp; or || operator shall not contain side effects.
</Message>
</Rule>

<Rule Name="21.1" Mode="required" Report="warning" Id="42">
<Loc File="C:\Component\SF007A_SysFricLrng_Impl\src\SysFricLrng.c" Line="1979" Column="17">
</Loc>
<Message>
Minimisation of run-time failures.
</Message>
</Rule>

<Rule Name="21.1" Mode="required" Report="warning" Id="43">
<Loc File="C:\Component\SF007A_SysFricLrng_Impl\src\SysFricLrng.c" Line="1979" Column="74">
</Loc>
<Message>
Minimisation of run-time failures.
</Message>
</Rule>

<Rule Name="21.1" Mode="required" Report="warning" Id="44">
<Loc File="C:\Component\SF007A_SysFricLrng_Impl\src\SysFricLrng.c" Line="1983" Column="9">
</Loc>
<Message>
Minimisation of run-time failures.
</Message>
</Rule>

</CodeStruct>

<CodeStruct Name="GetFricOffsOutpDi_Oper" File="C:\Component\SF007A_SysFricLrng_Impl\src\SysFricLrng.c" Line="939" Column="5">

<Rule Name="21.1" Mode="required" Report="warning" Id="35">
<Loc File="C:\Component\SF007A_SysFricLrng_Impl\src\SysFricLrng.c" Line="945" Column="8">
</Loc>
<Message>
Minimisation of run-time failures.
</Message>
</Rule>

<Rule Name="21.1" Mode="required" Report="warning" Id="36">
<Loc File="C:\Component\SF007A_SysFricLrng_Impl\src\SysFricLrng.c" Line="945" Column="30">
</Loc>
<Message>
Minimisation of run-time failures.
</Message>
</Rule>

<Rule Name="21.1" Mode="required" Report="warning" Id="37">
<Loc File="C:\Component\SF007A_SysFricLrng_Impl\src\SysFricLrng.c" Line="945" Column="52">
</Loc>
<Message>
Minimisation of run-time failures.
</Message>
</Rule>

</CodeStruct>

<CodeStruct Name="SysFricLrngInit1" File="C:\Component\SF007A_SysFricLrng_Impl\src\SysFricLrng.c" Line="1095" Column="5">

<Rule Name="21.1" Mode="required" Report="warning" Id="45">
<Loc File="C:\Component\SF007A_SysFricLrng_Impl\src\SysFricLrng.c" Line="1103" Column="8">
</Loc>
<Message>
Minimisation of run-time failures.
</Message>
</Rule>

<Rule Name="21.1" Mode="required" Report="warning" Id="46">
<Loc File="C:\Component\SF007A_SysFricLrng_Impl\src\SysFricLrng.c" Line="1103" Column="30">
</Loc>
<Message>
Minimisation of run-time failures.
</Message>
</Rule>

<Rule Name="21.1" Mode="required" Report="warning" Id="47">
<Loc File="C:\Component\SF007A_SysFricLrng_Impl\src\SysFricLrng.c" Line="1103" Column="99">
</Loc>
<Message>
Minimisation of run-time failures.
</Message>
</Rule>

<Rule Name="21.1" Mode="required" Report="warning" Id="48">
<Loc File="C:\Component\SF007A_SysFricLrng_Impl\src\SysFricLrng.c" Line="1113" Column="17">
</Loc>
<Message>
Minimisation of run-time failures.
</Message>
</Rule>

<Rule Name="21.1" Mode="required" Report="warning" Id="49">
<Loc File="C:\Component\SF007A_SysFricLrng_Impl\src\SysFricLrng.c" Line="1113" Column="129">
</Loc>
<Message>
Minimisation of run-time failures.
</Message>
</Rule>

<Rule Name="21.1" Mode="required" Report="warning" Id="50">
<Loc File="C:\Component\SF007A_SysFricLrng_Impl\src\SysFricLrng.c" Line="1114" Column="17">
</Loc>
<Message>
Minimisation of run-time failures.
</Message>
</Rule>

<Rule Name="21.1" Mode="required" Report="warning" Id="51">
<Loc File="C:\Component\SF007A_SysFricLrng_Impl\src\SysFricLrng.c" Line="1115" Column="17">
</Loc>
<Message>
Minimisation of run-time failures.
</Message>
</Rule>

<Rule Name="21.1" Mode="required" Report="warning" Id="52">
<Loc File="C:\Component\SF007A_SysFricLrng_Impl\src\SysFricLrng.c" Line="1116" Column="17">
</Loc>
<Message>
Minimisation of run-time failures.
</Message>
</Rule>

</CodeStruct>

<CodeStruct Name="ResettingMode" File="C:\Component\SF007A_SysFricLrng_Impl\src\SysFricLrng.c" Line="1797" Column="12">

<Rule Name="21.1" Mode="required" Report="warning" Id="66">
<Loc File="C:\Component\SF007A_SysFricLrng_Impl\src\SysFricLrng.c" Line="1803" Column="48">
</Loc>
<Message>
Minimisation of run-time failures.
</Message>
</Rule>

<Rule Name="21.1" Mode="required" Report="warning" Id="67">
<Loc File="C:\Component\SF007A_SysFricLrng_Impl\src\SysFricLrng.c" Line="1805" Column="88">
</Loc>
<Message>
Minimisation of run-time failures.
</Message>
</Rule>

<Rule Name="21.1" Mode="required" Report="warning" Id="68">
<Loc File="C:\Component\SF007A_SysFricLrng_Impl\src\SysFricLrng.c" Line="1810" Column="87">
</Loc>
<Message>
Minimisation of run-time failures.
</Message>
</Rule>

<Rule Name="21.1" Mode="required" Report="warning" Id="69">
<Loc File="C:\Component\SF007A_SysFricLrng_Impl\src\SysFricLrng.c" Line="1812" Column="17">
</Loc>
<Message>
Minimisation of run-time failures.
</Message>
</Rule>

<Rule Name="21.1" Mode="required" Report="warning" Id="70">
<Loc File="C:\Component\SF007A_SysFricLrng_Impl\src\SysFricLrng.c" Line="1812" Column="130">
</Loc>
<Message>
Minimisation of run-time failures.
</Message>
</Rule>

<Rule Name="21.1" Mode="required" Report="warning" Id="71">
<Loc File="C:\Component\SF007A_SysFricLrng_Impl\src\SysFricLrng.c" Line="1814" Column="17">
</Loc>
<Message>
Minimisation of run-time failures.
</Message>
</Rule>

<Rule Name="21.1" Mode="required" Report="warning" Id="72">
<Loc File="C:\Component\SF007A_SysFricLrng_Impl\src\SysFricLrng.c" Line="1815" Column="17">
</Loc>
<Message>
Minimisation of run-time failures.
</Message>
</Rule>

<Rule Name="21.1" Mode="required" Report="warning" Id="73">
<Loc File="C:\Component\SF007A_SysFricLrng_Impl\src\SysFricLrng.c" Line="1816" Column="17">
</Loc>
<Message>
Minimisation of run-time failures.
</Message>
</Rule>

<Rule Name="21.1" Mode="required" Report="warning" Id="74">
<Loc File="C:\Component\SF007A_SysFricLrng_Impl\src\SysFricLrng.c" Line="1818" Column="56">
</Loc>
<Message>
Minimisation of run-time failures.
</Message>
</Rule>

<Rule Name="21.1" Mode="required" Report="warning" Id="75">
<Loc File="C:\Component\SF007A_SysFricLrng_Impl\src\SysFricLrng.c" Line="1821" Column="50">
</Loc>
<Message>
Minimisation of run-time failures.
</Message>
</Rule>

<Rule Name="21.1" Mode="required" Report="warning" Id="76">
<Loc File="C:\Component\SF007A_SysFricLrng_Impl\src\SysFricLrng.c" Line="1822" Column="50">
</Loc>
<Message>
Minimisation of run-time failures.
</Message>
</Rule>

<Rule Name="21.1" Mode="required" Report="warning" Id="77">
<Loc File="C:\Component\SF007A_SysFricLrng_Impl\src\SysFricLrng.c" Line="1823" Column="50">
</Loc>
<Message>
Minimisation of run-time failures.
</Message>
</Rule>

<Rule Name="21.1" Mode="required" Report="warning" Id="78">
<Loc File="C:\Component\SF007A_SysFricLrng_Impl\src\SysFricLrng.c" Line="1824" Column="50">
</Loc>
<Message>
Minimisation of run-time failures.
</Message>
</Rule>

<Rule Name="21.1" Mode="required" Report="warning" Id="79">
<Loc File="C:\Component\SF007A_SysFricLrng_Impl\src\SysFricLrng.c" Line="1836" Column="72">
</Loc>
<Message>
Minimisation of run-time failures.
</Message>
</Rule>

<Rule Name="21.1" Mode="required" Report="warning" Id="80">
<Loc File="C:\Component\SF007A_SysFricLrng_Impl\src\SysFricLrng.c" Line="1836" Column="118">
</Loc>
<Message>
Minimisation of run-time failures.
</Message>
</Rule>

<Rule Name="11.5" Mode="required" Report="warning" Id="81">
<Loc File="C:\Component\SF007A_SysFricLrng_Impl\src\SysFricLrng.c" Line="1836" Column="190">
</Loc>
<Message>
A cast shall not be performed that removes any const or volatile qualification
from the type addressed by a pointer.
</Message>
</Rule>

<Rule Name="12.12" Mode="required" Report="warning" Id="82">
<Loc File="C:\Component\SF007A_SysFricLrng_Impl\src\SysFricLrng.c" Line="1836" Column="190">
</Loc>
<Message>
The underlying bit representations of floating-point values shall not be used.
</Message>
</Rule>

<Rule Name="21.1" Mode="required" Report="warning" Id="83">
<Loc File="C:\Component\SF007A_SysFricLrng_Impl\src\SysFricLrng.c" Line="1842" Column="72">
</Loc>
<Message>
Minimisation of run-time failures.
</Message>
</Rule>

<Rule Name="21.1" Mode="required" Report="warning" Id="84">
<Loc File="C:\Component\SF007A_SysFricLrng_Impl\src\SysFricLrng.c" Line="1842" Column="118">
</Loc>
<Message>
Minimisation of run-time failures.
</Message>
</Rule>

<Rule Name="11.5" Mode="required" Report="warning" Id="85">
<Loc File="C:\Component\SF007A_SysFricLrng_Impl\src\SysFricLrng.c" Line="1842" Column="190">
</Loc>
<Message>
A cast shall not be performed that removes any const or volatile qualification
from the type addressed by a pointer.
</Message>
</Rule>

<Rule Name="12.12" Mode="required" Report="warning" Id="86">
<Loc File="C:\Component\SF007A_SysFricLrng_Impl\src\SysFricLrng.c" Line="1842" Column="190">
</Loc>
<Message>
The underlying bit representations of floating-point values shall not be used.
</Message>
</Rule>

<Rule Name="21.1" Mode="required" Report="warning" Id="87">
<Loc File="C:\Component\SF007A_SysFricLrng_Impl\src\SysFricLrng.c" Line="1851" Column="64">
</Loc>
<Message>
Minimisation of run-time failures.
</Message>
</Rule>

<Rule Name="21.1" Mode="required" Report="warning" Id="88">
<Loc File="C:\Component\SF007A_SysFricLrng_Impl\src\SysFricLrng.c" Line="1851" Column="113">
</Loc>
<Message>
Minimisation of run-time failures.
</Message>
</Rule>

<Rule Name="11.5" Mode="required" Report="warning" Id="89">
<Loc File="C:\Component\SF007A_SysFricLrng_Impl\src\SysFricLrng.c" Line="1851" Column="114">
</Loc>
<Message>
A cast shall not be performed that removes any const or volatile qualification
from the type addressed by a pointer.
</Message>
</Rule>

</CodeStruct>

<CodeStruct Name="RawAvrgCalc" File="C:\Component\SF007A_SysFricLrng_Impl\src\SysFricLrng.c" Line="1674" Column="12">

<Rule Name="21.1" Mode="required" Report="warning" Id="53">
<Loc File="C:\Component\SF007A_SysFricLrng_Impl\src\SysFricLrng.c" Line="1691" Column="85">
</Loc>
<Message>
Minimisation of run-time failures.
</Message>
</Rule>

<Rule Name="21.1" Mode="required" Report="warning" Id="54">
<Loc File="C:\Component\SF007A_SysFricLrng_Impl\src\SysFricLrng.c" Line="1701" Column="5">
</Loc>
<Message>
Minimisation of run-time failures.
</Message>
</Rule>

<Rule Name="21.1" Mode="required" Report="warning" Id="55">
<Loc File="C:\Component\SF007A_SysFricLrng_Impl\src\SysFricLrng.c" Line="1705" Column="17">
</Loc>
<Message>
Minimisation of run-time failures.
</Message>
</Rule>

<Rule Name="21.1" Mode="required" Report="warning" Id="56">
<Loc File="C:\Component\SF007A_SysFricLrng_Impl\src\SysFricLrng.c" Line="1709" Column="17">
</Loc>
<Message>
Minimisation of run-time failures.
</Message>
</Rule>

<Rule Name="21.1" Mode="required" Report="warning" Id="57">
<Loc File="C:\Component\SF007A_SysFricLrng_Impl\src\SysFricLrng.c" Line="1714" Column="17">
</Loc>
<Message>
Minimisation of run-time failures.
</Message>
</Rule>

<Rule Name="21.1" Mode="required" Report="warning" Id="58">
<Loc File="C:\Component\SF007A_SysFricLrng_Impl\src\SysFricLrng.c" Line="1718" Column="17">
</Loc>
<Message>
Minimisation of run-time failures.
</Message>
</Rule>

<Rule Name="21.1" Mode="required" Report="warning" Id="59">
<Loc File="C:\Component\SF007A_SysFricLrng_Impl\src\SysFricLrng.c" Line="1722" Column="5">
</Loc>
<Message>
Minimisation of run-time failures.
</Message>
</Rule>

<Rule Name="21.1" Mode="required" Report="warning" Id="60">
<Loc File="C:\Component\SF007A_SysFricLrng_Impl\src\SysFricLrng.c" Line="1722" Column="78">
</Loc>
<Message>
Minimisation of run-time failures.
</Message>
</Rule>

<Rule Name="21.1" Mode="required" Report="warning" Id="61">
<Loc File="C:\Component\SF007A_SysFricLrng_Impl\src\SysFricLrng.c" Line="1727" Column="39">
</Loc>
<Message>
Minimisation of run-time failures.
</Message>
</Rule>

<Rule Name="21.1" Mode="required" Report="warning" Id="62">
<Loc File="C:\Component\SF007A_SysFricLrng_Impl\src\SysFricLrng.c" Line="1736" Column="70">
</Loc>
<Message>
Minimisation of run-time failures.
</Message>
</Rule>

<Rule Name="21.1" Mode="required" Report="warning" Id="63">
<Loc File="C:\Component\SF007A_SysFricLrng_Impl\src\SysFricLrng.c" Line="1737" Column="74">
</Loc>
<Message>
Minimisation of run-time failures.
</Message>
</Rule>

<Rule Name="21.1" Mode="required" Report="warning" Id="64">
<Loc File="C:\Component\SF007A_SysFricLrng_Impl\src\SysFricLrng.c" Line="1740" Column="8">
</Loc>
<Message>
Minimisation of run-time failures.
</Message>
</Rule>

<Rule Name="21.1" Mode="required" Report="warning" Id="65">
<Loc File="C:\Component\SF007A_SysFricLrng_Impl\src\SysFricLrng.c" Line="1741" Column="8">
</Loc>
<Message>
Minimisation of run-time failures.
</Message>
</Rule>

</CodeStruct>

<CodeStruct Name="SetFricLrngData_Oper" File="C:\Component\SF007A_SysFricLrng_Impl\src\SysFricLrng.c" Line="1011" Column="5">

<Rule Name="21.1" Mode="required" Report="warning" Id="90">
<Loc File="C:\Component\SF007A_SysFricLrng_Impl\src\SysFricLrng.c" Line="1018" Column="29">
</Loc>
<Message>
Minimisation of run-time failures.
</Message>
</Rule>

<Rule Name="21.1" Mode="required" Report="warning" Id="91">
<Loc File="C:\Component\SF007A_SysFricLrng_Impl\src\SysFricLrng.c" Line="1018" Column="51">
</Loc>
<Message>
Minimisation of run-time failures.
</Message>
</Rule>

<Rule Name="21.1" Mode="required" Report="warning" Id="92">
<Loc File="C:\Component\SF007A_SysFricLrng_Impl\src\SysFricLrng.c" Line="1019" Column="51">
</Loc>
<Message>
Minimisation of run-time failures.
</Message>
</Rule>

<Rule Name="21.1" Mode="required" Report="warning" Id="93">
<Loc File="C:\Component\SF007A_SysFricLrng_Impl\src\SysFricLrng.c" Line="1020" Column="51">
</Loc>
<Message>
Minimisation of run-time failures.
</Message>
</Rule>

<Rule Name="21.1" Mode="required" Report="warning" Id="94">
<Loc File="C:\Component\SF007A_SysFricLrng_Impl\src\SysFricLrng.c" Line="1022" Column="48">
</Loc>
<Message>
Minimisation of run-time failures.
</Message>
</Rule>

<Rule Name="21.1" Mode="required" Report="warning" Id="95">
<Loc File="C:\Component\SF007A_SysFricLrng_Impl\src\SysFricLrng.c" Line="1023" Column="8">
</Loc>
<Message>
Minimisation of run-time failures.
</Message>
</Rule>

</CodeStruct>

<CodeStruct Name="RangeCounterManager" File="C:\Component\SF007A_SysFricLrng_Impl\src\SysFricLrng.c" Line="1560" Column="12">

<Rule Name="21.1" Mode="required" Report="warning" Id="96">
<Loc File="C:\Component\SF007A_SysFricLrng_Impl\src\SysFricLrng.c" Line="1572" Column="52">
</Loc>
<Message>
Minimisation of run-time failures.
</Message>
</Rule>

<Rule Name="21.1" Mode="required" Report="warning" Id="97">
<Loc File="C:\Component\SF007A_SysFricLrng_Impl\src\SysFricLrng.c" Line="1590" Column="52">
</Loc>
<Message>
Minimisation of run-time failures.
</Message>
</Rule>

<Rule Name="21.1" Mode="required" Report="warning" Id="98">
<Loc File="C:\Component\SF007A_SysFricLrng_Impl\src\SysFricLrng.c" Line="1591" Column="52">
</Loc>
<Message>
Minimisation of run-time failures.
</Message>
</Rule>

</CodeStruct>

<CodeStruct Name="ClrFricLrngOperMod_Oper" File="C:\Component\SF007A_SysFricLrng_Impl\src\SysFricLrng.c" Line="875" Column="5">

<Rule Name="21.1" Mode="required" Report="warning" Id="99">
<Loc File="C:\Component\SF007A_SysFricLrng_Impl\src\SysFricLrng.c" Line="881" Column="8">
</Loc>
<Message>
Minimisation of run-time failures.
</Message>
</Rule>

<Rule Name="21.1" Mode="required" Report="warning" Id="100">
<Loc File="C:\Component\SF007A_SysFricLrng_Impl\src\SysFricLrng.c" Line="881" Column="30">
</Loc>
<Message>
Minimisation of run-time failures.
</Message>
</Rule>

<Rule Name="21.1" Mode="required" Report="warning" Id="101">
<Loc File="C:\Component\SF007A_SysFricLrng_Impl\src\SysFricLrng.c" Line="882" Column="8">
</Loc>
<Message>
Minimisation of run-time failures.
</Message>
</Rule>

<Rule Name="21.1" Mode="required" Report="warning" Id="102">
<Loc File="C:\Component\SF007A_SysFricLrng_Impl\src\SysFricLrng.c" Line="882" Column="99">
</Loc>
<Message>
Minimisation of run-time failures.
</Message>
</Rule>

</CodeStruct>

<CodeStruct Name="SetFricOffsOutpDi_Oper" File="C:\Component\SF007A_SysFricLrng_Impl\src\SysFricLrng.c" Line="1049" Column="5">

<Rule Name="21.1" Mode="required" Report="warning" Id="103">
<Loc File="C:\Component\SF007A_SysFricLrng_Impl\src\SysFricLrng.c" Line="1055" Column="8">
</Loc>
<Message>
Minimisation of run-time failures.
</Message>
</Rule>

<Rule Name="21.1" Mode="required" Report="warning" Id="104">
<Loc File="C:\Component\SF007A_SysFricLrng_Impl\src\SysFricLrng.c" Line="1055" Column="30">
</Loc>
<Message>
Minimisation of run-time failures.
</Message>
</Rule>

</CodeStruct>

<CodeStruct Name="InitFricLrngTbl_Oper" File="C:\Component\SF007A_SysFricLrng_Impl\src\SysFricLrng.c" Line="969" Column="5">

<Rule Name="21.1" Mode="required" Report="warning" Id="105">
<Loc File="C:\Component\SF007A_SysFricLrng_Impl\src\SysFricLrng.c" Line="975" Column="8">
</Loc>
<Message>
Minimisation of run-time failures.
</Message>
</Rule>

<Rule Name="21.1" Mode="required" Report="warning" Id="106">
<Loc File="C:\Component\SF007A_SysFricLrng_Impl\src\SysFricLrng.c" Line="975" Column="30">
</Loc>
<Message>
Minimisation of run-time failures.
</Message>
</Rule>

<Rule Name="21.1" Mode="required" Report="warning" Id="107">
<Loc File="C:\Component\SF007A_SysFricLrng_Impl\src\SysFricLrng.c" Line="976" Column="8">
</Loc>
<Message>
Minimisation of run-time failures.
</Message>
</Rule>

<Rule Name="21.1" Mode="required" Report="warning" Id="108">
<Loc File="C:\Component\SF007A_SysFricLrng_Impl\src\SysFricLrng.c" Line="976" Column="99">
</Loc>
<Message>
Minimisation of run-time failures.
</Message>
</Rule>

</CodeStruct>

<CodeStruct Name="FricLearning" File="C:\Component\SF007A_SysFricLrng_Impl\src\SysFricLrng.c" Line="1463" Column="12">

<Rule Name="21.1" Mode="required" Report="warning" Id="109">
<Loc File="C:\Component\SF007A_SysFricLrng_Impl\src\SysFricLrng.c" Line="1492" Column="88">
</Loc>
<Message>
Minimisation of run-time failures.
</Message>
</Rule>

<Rule Name="12.4" Mode="required" Report="warning" Id="110">
<Loc File="C:\Component\SF007A_SysFricLrng_Impl\src\SysFricLrng.c" Line="1492" Column="106">
</Loc>
<Message>
The right hand operand of a logical &amp;&amp; or || operator shall not contain side effects.
</Message>
</Rule>

<Rule Name="12.4" Mode="required" Report="warning" Id="111">
<Loc File="C:\Component\SF007A_SysFricLrng_Impl\src\SysFricLrng.c" Line="1493" Column="35">
</Loc>
<Message>
The right hand operand of a logical &amp;&amp; or || operator shall not contain side effects.
</Message>
</Rule>

<Rule Name="21.1" Mode="required" Report="warning" Id="112">
<Loc File="C:\Component\SF007A_SysFricLrng_Impl\src\SysFricLrng.c" Line="1493" Column="90">
</Loc>
<Message>
Minimisation of run-time failures.
</Message>
</Rule>

<Rule Name="21.1" Mode="required" Report="warning" Id="113">
<Loc File="C:\Component\SF007A_SysFricLrng_Impl\src\SysFricLrng.c" Line="1515" Column="82">
</Loc>
<Message>
Minimisation of run-time failures.
</Message>
</Rule>

<Rule Name="21.1" Mode="required" Report="warning" Id="114">
<Loc File="C:\Component\SF007A_SysFricLrng_Impl\src\SysFricLrng.c" Line="1530" Column="20">
</Loc>
<Message>
Minimisation of run-time failures.
</Message>
</Rule>

<Rule Name="21.1" Mode="required" Report="warning" Id="115">
<Loc File="C:\Component\SF007A_SysFricLrng_Impl\src\SysFricLrng.c" Line="1532" Column="57">
</Loc>
<Message>
Minimisation of run-time failures.
</Message>
</Rule>

<Rule Name="21.1" Mode="required" Report="warning" Id="116">
<Loc File="C:\Component\SF007A_SysFricLrng_Impl\src\SysFricLrng.c" Line="1538" Column="8">
</Loc>
<Message>
Minimisation of run-time failures.
</Message>
</Rule>

<Rule Name="21.1" Mode="required" Report="warning" Id="117">
<Loc File="C:\Component\SF007A_SysFricLrng_Impl\src\SysFricLrng.c" Line="1546" Column="68">
</Loc>
<Message>
Minimisation of run-time failures.
</Message>
</Rule>

</CodeStruct>

<CodeStruct Name="HwAngConstraint" File="C:\Component\SF007A_SysFricLrng_Impl\src\SysFricLrng.c" Line="1868" Column="12">

<Rule Name="21.1" Mode="required" Report="warning" Id="130">
<Loc File="C:\Component\SF007A_SysFricLrng_Impl\src\SysFricLrng.c" Line="1877" Column="21">
</Loc>
<Message>
Minimisation of run-time failures.
</Message>
</Rule>

<Rule Name="21.1" Mode="required" Report="warning" Id="131">
<Loc File="C:\Component\SF007A_SysFricLrng_Impl\src\SysFricLrng.c" Line="1877" Column="129">
</Loc>
<Message>
Minimisation of run-time failures.
</Message>
</Rule>

<Rule Name="21.1" Mode="required" Report="warning" Id="132">
<Loc File="C:\Component\SF007A_SysFricLrng_Impl\src\SysFricLrng.c" Line="1878" Column="26">
</Loc>
<Message>
Minimisation of run-time failures.
</Message>
</Rule>

<Rule Name="12.4" Mode="required" Report="warning" Id="133">
<Loc File="C:\Component\SF007A_SysFricLrng_Impl\src\SysFricLrng.c" Line="1878" Column="79">
</Loc>
<Message>
The right hand operand of a logical &amp;&amp; or || operator shall not contain side effects.
</Message>
</Rule>

<Rule Name="21.1" Mode="required" Report="warning" Id="134">
<Loc File="C:\Component\SF007A_SysFricLrng_Impl\src\SysFricLrng.c" Line="1878" Column="134">
</Loc>
<Message>
Minimisation of run-time failures.
</Message>
</Rule>

<Rule Name="21.1" Mode="required" Report="warning" Id="135">
<Loc File="C:\Component\SF007A_SysFricLrng_Impl\src\SysFricLrng.c" Line="1893" Column="17">
</Loc>
<Message>
Minimisation of run-time failures.
</Message>
</Rule>

<Rule Name="21.1" Mode="required" Report="warning" Id="136">
<Loc File="C:\Component\SF007A_SysFricLrng_Impl\src\SysFricLrng.c" Line="1893" Column="73">
</Loc>
<Message>
Minimisation of run-time failures.
</Message>
</Rule>

<Rule Name="21.1" Mode="required" Report="warning" Id="137">
<Loc File="C:\Component\SF007A_SysFricLrng_Impl\src\SysFricLrng.c" Line="1896" Column="9">
</Loc>
<Message>
Minimisation of run-time failures.
</Message>
</Rule>

</CodeStruct>

<CodeStruct Name="SysFricLrngPer1" File="C:\Component\SF007A_SysFricLrng_Impl\src\SysFricLrng.c" Line="1192" Column="5">

<Rule Name="21.1" Mode="required" Report="warning" Id="118">
<Loc File="C:\Component\SF007A_SysFricLrng_Impl\src\SysFricLrng.c" Line="1204" Column="8">
</Loc>
<Message>
Minimisation of run-time failures.
</Message>
</Rule>

<Rule Name="21.1" Mode="required" Report="warning" Id="119">
<Loc File="C:\Component\SF007A_SysFricLrng_Impl\src\SysFricLrng.c" Line="1204" Column="30">
</Loc>
<Message>
Minimisation of run-time failures.
</Message>
</Rule>

<Rule Name="21.1" Mode="required" Report="warning" Id="120">
<Loc File="C:\Component\SF007A_SysFricLrng_Impl\src\SysFricLrng.c" Line="1206" Column="55">
</Loc>
<Message>
Minimisation of run-time failures.
</Message>
</Rule>

<Rule Name="21.1" Mode="required" Report="warning" Id="121">
<Loc File="C:\Component\SF007A_SysFricLrng_Impl\src\SysFricLrng.c" Line="1234" Column="48">
</Loc>
<Message>
Minimisation of run-time failures.
</Message>
</Rule>

<Rule Name="21.1" Mode="required" Report="warning" Id="122">
<Loc File="C:\Component\SF007A_SysFricLrng_Impl\src\SysFricLrng.c" Line="1239" Column="98">
</Loc>
<Message>
Minimisation of run-time failures.
</Message>
</Rule>

<Rule Name="21.1" Mode="required" Report="warning" Id="123">
<Loc File="C:\Component\SF007A_SysFricLrng_Impl\src\SysFricLrng.c" Line="1239" Column="254">
</Loc>
<Message>
Minimisation of run-time failures.
</Message>
</Rule>

<Rule Name="21.1" Mode="required" Report="warning" Id="124">
<Loc File="C:\Component\SF007A_SysFricLrng_Impl\src\SysFricLrng.c" Line="1242" Column="137">
</Loc>
<Message>
Minimisation of run-time failures.
</Message>
</Rule>

<Rule Name="21.1" Mode="required" Report="warning" Id="125">
<Loc File="C:\Component\SF007A_SysFricLrng_Impl\src\SysFricLrng.c" Line="1247" Column="12">
</Loc>
<Message>
Minimisation of run-time failures.
</Message>
</Rule>

<Rule Name="21.1" Mode="required" Report="warning" Id="126">
<Loc File="C:\Component\SF007A_SysFricLrng_Impl\src\SysFricLrng.c" Line="1247" Column="110">
</Loc>
<Message>
Minimisation of run-time failures.
</Message>
</Rule>

<Rule Name="21.1" Mode="required" Report="warning" Id="127">
<Loc File="C:\Component\SF007A_SysFricLrng_Impl\src\SysFricLrng.c" Line="1256" Column="12">
</Loc>
<Message>
Minimisation of run-time failures.
</Message>
</Rule>

<Rule Name="21.1" Mode="required" Report="warning" Id="128">
<Loc File="C:\Component\SF007A_SysFricLrng_Impl\src\SysFricLrng.c" Line="1256" Column="104">
</Loc>
<Message>
Minimisation of run-time failures.
</Message>
</Rule>

<Rule Name="21.1" Mode="required" Report="warning" Id="129">
<Loc File="C:\Component\SF007A_SysFricLrng_Impl\src\SysFricLrng.c" Line="1256" Column="130">
</Loc>
<Message>
Minimisation of run-time failures.
</Message>
</Rule>

</CodeStruct>

<CodeStruct Name="RunningAndCalibrationModes" File="C:\Component\SF007A_SysFricLrng_Impl\src\SysFricLrng.c" Line="1292" Column="12">

<Rule Name="9.1" Mode="required" Report="warning" Id="138">
<Loc File="C:\Component\SF007A_SysFricLrng_Impl\src\SysFricLrng.c" Line="1345" Column="55">
</Loc>
<Message>
All automatic variables shall have been assigned a value before being used.
</Message>
</Rule>

<Rule Name="9.1" Mode="required" Report="warning" Id="139">
<Loc File="C:\Component\SF007A_SysFricLrng_Impl\src\SysFricLrng.c" Line="1347" Column="58">
</Loc>
<Message>
All automatic variables shall have been assigned a value before being used.
</Message>
</Rule>

<Rule Name="9.1" Mode="required" Report="warning" Id="140">
<Loc File="C:\Component\SF007A_SysFricLrng_Impl\src\SysFricLrng.c" Line="1349" Column="50">
</Loc>
<Message>
All automatic variables shall have been assigned a value before being used.
</Message>
</Rule>

<Rule Name="9.1" Mode="required" Report="warning" Id="141">
<Loc File="C:\Component\SF007A_SysFricLrng_Impl\src\SysFricLrng.c" Line="1351" Column="47">
</Loc>
<Message>
All automatic variables shall have been assigned a value before being used.
</Message>
</Rule>

<Rule Name="9.1" Mode="required" Report="warning" Id="142">
<Loc File="C:\Component\SF007A_SysFricLrng_Impl\src\SysFricLrng.c" Line="1353" Column="54">
</Loc>
<Message>
All automatic variables shall have been assigned a value before being used.
</Message>
</Rule>

<Rule Name="9.1" Mode="required" Report="warning" Id="143">
<Loc File="C:\Component\SF007A_SysFricLrng_Impl\src\SysFricLrng.c" Line="1355" Column="66">
</Loc>
<Message>
All automatic variables shall have been assigned a value before being used.
</Message>
</Rule>

<Rule Name="11.5" Mode="required" Report="warning" Id="144">
<Loc File="C:\Component\SF007A_SysFricLrng_Impl\src\SysFricLrng.c" Line="1360" Column="95">
</Loc>
<Message>
A cast shall not be performed that removes any const or volatile qualification
from the type addressed by a pointer.
</Message>
</Rule>

<Rule Name="12.3" Mode="required" Report="warning" Id="145">
<Loc File="C:\Component\SF007A_SysFricLrng_Impl\src\SysFricLrng.c" Line="1362" Column="129">
</Loc>
<Message>
The sizeof operator should not be used on expressions that contain side effects.
</Message>
</Rule>

<Rule Name="11.5" Mode="required" Report="warning" Id="146">
<Loc File="C:\Component\SF007A_SysFricLrng_Impl\src\SysFricLrng.c" Line="1362" Column="138">
</Loc>
<Message>
A cast shall not be performed that removes any const or volatile qualification
from the type addressed by a pointer.
</Message>
</Rule>

<Rule Name="12.3" Mode="required" Report="warning" Id="147">
<Loc File="C:\Component\SF007A_SysFricLrng_Impl\src\SysFricLrng.c" Line="1362" Column="216">
</Loc>
<Message>
The sizeof operator should not be used on expressions that contain side effects.
</Message>
</Rule>

<Rule Name="11.5" Mode="required" Report="warning" Id="148">
<Loc File="C:\Component\SF007A_SysFricLrng_Impl\src\SysFricLrng.c" Line="1362" Column="226">
</Loc>
<Message>
A cast shall not be performed that removes any const or volatile qualification
from the type addressed by a pointer.
</Message>
</Rule>

<Rule Name="9.1" Mode="required" Report="warning" Id="149">
<Loc File="C:\Component\SF007A_SysFricLrng_Impl\src\SysFricLrng.c" Line="1365" Column="32">
</Loc>
<Message>
All automatic variables shall have been assigned a value before being used.
</Message>
</Rule>

<Rule Name="9.1" Mode="required" Report="warning" Id="150">
<Loc File="C:\Component\SF007A_SysFricLrng_Impl\src\SysFricLrng.c" Line="1365" Column="153">
</Loc>
<Message>
All automatic variables shall have been assigned a value before being used.
</Message>
</Rule>

<Rule Name="12.4" Mode="required" Report="warning" Id="151">
<Loc File="C:\Component\SF007A_SysFricLrng_Impl\src\SysFricLrng.c" Line="1377" Column="62">
</Loc>
<Message>
The right hand operand of a logical &amp;&amp; or || operator shall not contain side effects.
</Message>
</Rule>

<Rule Name="12.4" Mode="required" Report="warning" Id="152">
<Loc File="C:\Component\SF007A_SysFricLrng_Impl\src\SysFricLrng.c" Line="1378" Column="40">
</Loc>
<Message>
The right hand operand of a logical &amp;&amp; or || operator shall not contain side effects.
</Message>
</Rule>

<Rule Name="12.4" Mode="required" Report="warning" Id="153">
<Loc File="C:\Component\SF007A_SysFricLrng_Impl\src\SysFricLrng.c" Line="1379" Column="44">
</Loc>
<Message>
The right hand operand of a logical &amp;&amp; or || operator shall not contain side effects.
</Message>
</Rule>

<Rule Name="12.4" Mode="required" Report="warning" Id="154">
<Loc File="C:\Component\SF007A_SysFricLrng_Impl\src\SysFricLrng.c" Line="1380" Column="44">
</Loc>
<Message>
The right hand operand of a logical &amp;&amp; or || operator shall not contain side effects.
</Message>
</Rule>

<Rule Name="9.1" Mode="required" Report="warning" Id="155">
<Loc File="C:\Component\SF007A_SysFricLrng_Impl\src\SysFricLrng.c" Line="1381" Column="17">
</Loc>
<Message>
All automatic variables shall have been assigned a value before being used.
</Message>
</Rule>

<Rule Name="21.1" Mode="required" Report="warning" Id="156">
<Loc File="C:\Component\SF007A_SysFricLrng_Impl\src\SysFricLrng.c" Line="1391" Column="66">
</Loc>
<Message>
Minimisation of run-time failures.
</Message>
</Rule>

<Rule Name="9.1" Mode="required" Report="warning" Id="157">
<Loc File="C:\Component\SF007A_SysFricLrng_Impl\src\SysFricLrng.c" Line="1406" Column="44">
</Loc>
<Message>
All automatic variables shall have been assigned a value before being used.
</Message>
</Rule>

<Rule Name="21.1" Mode="required" Report="warning" Id="158">
<Loc File="C:\Component\SF007A_SysFricLrng_Impl\src\SysFricLrng.c" Line="1406" Column="120">
</Loc>
<Message>
Minimisation of run-time failures.
</Message>
</Rule>

<Rule Name="9.1" Mode="required" Report="warning" Id="159">
<Loc File="C:\Component\SF007A_SysFricLrng_Impl\src\SysFricLrng.c" Line="1407" Column="17">
</Loc>
<Message>
All automatic variables shall have been assigned a value before being used.
</Message>
</Rule>

<Rule Name="21.1" Mode="required" Report="warning" Id="160">
<Loc File="C:\Component\SF007A_SysFricLrng_Impl\src\SysFricLrng.c" Line="1416" Column="73">
</Loc>
<Message>
Minimisation of run-time failures.
</Message>
</Rule>

<Rule Name="21.1" Mode="required" Report="warning" Id="161">
<Loc File="C:\Component\SF007A_SysFricLrng_Impl\src\SysFricLrng.c" Line="1421" Column="25">
</Loc>
<Message>
Minimisation of run-time failures.
</Message>
</Rule>

<Rule Name="21.1" Mode="required" Report="warning" Id="162">
<Loc File="C:\Component\SF007A_SysFricLrng_Impl\src\SysFricLrng.c" Line="1421" Column="88">
</Loc>
<Message>
Minimisation of run-time failures.
</Message>
</Rule>

<Rule Name="21.1" Mode="required" Report="warning" Id="163">
<Loc File="C:\Component\SF007A_SysFricLrng_Impl\src\SysFricLrng.c" Line="1423" Column="56">
</Loc>
<Message>
Minimisation of run-time failures.
</Message>
</Rule>

<Rule Name="21.1" Mode="required" Report="warning" Id="164">
<Loc File="C:\Component\SF007A_SysFricLrng_Impl\src\SysFricLrng.c" Line="1430" Column="84">
</Loc>
<Message>
Minimisation of run-time failures.
</Message>
</Rule>

<Rule Name="21.1" Mode="required" Report="warning" Id="165">
<Loc File="C:\Component\SF007A_SysFricLrng_Impl\src\SysFricLrng.c" Line="1432" Column="135">
</Loc>
<Message>
Minimisation of run-time failures.
</Message>
</Rule>

<Rule Name="21.1" Mode="required" Report="warning" Id="166">
<Loc File="C:\Component\SF007A_SysFricLrng_Impl\src\SysFricLrng.c" Line="1433" Column="122">
</Loc>
<Message>
Minimisation of run-time failures.
</Message>
</Rule>

<Rule Name="21.1" Mode="required" Report="warning" Id="167">
<Loc File="C:\Component\SF007A_SysFricLrng_Impl\src\SysFricLrng.c" Line="1433" Column="187">
</Loc>
<Message>
Minimisation of run-time failures.
</Message>
</Rule>

<Rule Name="21.1" Mode="required" Report="warning" Id="168">
<Loc File="C:\Component\SF007A_SysFricLrng_Impl\src\SysFricLrng.c" Line="1438" Column="67">
</Loc>
<Message>
Minimisation of run-time failures.
</Message>
</Rule>

<Rule Name="21.1" Mode="required" Report="warning" Id="169">
<Loc File="C:\Component\SF007A_SysFricLrng_Impl\src\SysFricLrng.c" Line="1440" Column="32">
</Loc>
<Message>
Minimisation of run-time failures.
</Message>
</Rule>

<Rule Name="21.1" Mode="required" Report="warning" Id="170">
<Loc File="C:\Component\SF007A_SysFricLrng_Impl\src\SysFricLrng.c" Line="1444" Column="59">
</Loc>
<Message>
Minimisation of run-time failures.
</Message>
</Rule>

<Rule Name="21.1" Mode="required" Report="warning" Id="171">
<Loc File="C:\Component\SF007A_SysFricLrng_Impl\src\SysFricLrng.c" Line="1446" Column="24">
</Loc>
<Message>
Minimisation of run-time failures.
</Message>
</Rule>

</CodeStruct>

<CodeStruct Name="VehSpdConstraint" File="C:\Component\SF007A_SysFricLrng_Impl\src\SysFricLrng.c" Line="1997" Column="12">

<Rule Name="21.1" Mode="required" Report="warning" Id="172">
<Loc File="C:\Component\SF007A_SysFricLrng_Impl\src\SysFricLrng.c" Line="2008" Column="43">
</Loc>
<Message>
Minimisation of run-time failures.
</Message>
</Rule>

<Rule Name="11.5" Mode="required" Report="warning" Id="173">
<Loc File="C:\Component\SF007A_SysFricLrng_Impl\src\SysFricLrng.c" Line="2008" Column="111">
</Loc>
<Message>
A cast shall not be performed that removes any const or volatile qualification
from the type addressed by a pointer.
</Message>
</Rule>

<Rule Name="12.12" Mode="required" Report="warning" Id="174">
<Loc File="C:\Component\SF007A_SysFricLrng_Impl\src\SysFricLrng.c" Line="2008" Column="111">
</Loc>
<Message>
The underlying bit representations of floating-point values shall not be used.
</Message>
</Rule>

<Rule Name="12.4" Mode="required" Report="warning" Id="175">
<Loc File="C:\Component\SF007A_SysFricLrng_Impl\src\SysFricLrng.c" Line="2009" Column="45">
</Loc>
<Message>
The right hand operand of a logical &amp;&amp; or || operator shall not contain side effects.
</Message>
</Rule>

<Rule Name="21.1" Mode="required" Report="warning" Id="176">
<Loc File="C:\Component\SF007A_SysFricLrng_Impl\src\SysFricLrng.c" Line="2009" Column="49">
</Loc>
<Message>
Minimisation of run-time failures.
</Message>
</Rule>

<Rule Name="11.5" Mode="required" Report="warning" Id="177">
<Loc File="C:\Component\SF007A_SysFricLrng_Impl\src\SysFricLrng.c" Line="2009" Column="117">
</Loc>
<Message>
A cast shall not be performed that removes any const or volatile qualification
from the type addressed by a pointer.
</Message>
</Rule>

<Rule Name="12.12" Mode="required" Report="warning" Id="178">
<Loc File="C:\Component\SF007A_SysFricLrng_Impl\src\SysFricLrng.c" Line="2009" Column="117">
</Loc>
<Message>
The underlying bit representations of floating-point values shall not be used.
</Message>
</Rule>

</CodeStruct>

</MISRA-C-Report>
