<?xml version="1.0" encoding="UTF-8"?>
<!--EDRS Version 1.0-->
<global>
   <file name="C:\\Component\\AR100A_NxtrMath_Impl\\include\\NxtrMath.h" comment="">
      <function name="Abslt_f32_f32" comment="" line="205" main_generator_called="MAIN_GENERATOR" attributes="static">
         <scalar name="arg1" comment="" line="205" base_type="float32" attributes="static" complete_type="float32" init_mode="MAIN_GENERATOR" init_modes_allowed="10" init_range="min..max" global_assert="unsupported" assert_range="unsupported"/>
         <scalar name="return" comment="" line="205" base_type="float32" attributes="static" complete_type="float32" init_mode="disabled" init_range="disabled" global_assert="unsupported" assert_range="unsupported"/>
      </function>
      <function name="Lim_f32" comment="" line="532" main_generator_called="MAIN_GENERATOR" attributes="static">
         <scalar name="arg1" comment="" line="532" base_type="float32" attributes="static" complete_type="float32" init_mode="MAIN_GENERATOR" init_modes_allowed="10" init_range="min..max" global_assert="unsupported" assert_range="unsupported"/>
         <scalar name="arg2" comment="" line="532" base_type="float32" attributes="static" complete_type="float32" init_mode="MAIN_GENERATOR" init_modes_allowed="10" init_range="min..max" global_assert="unsupported" assert_range="unsupported"/>
         <scalar name="arg3" comment="" line="532" base_type="float32" attributes="static" complete_type="float32" init_mode="MAIN_GENERATOR" init_modes_allowed="10" init_range="min..max" global_assert="unsupported" assert_range="unsupported"/>
         <scalar name="return" comment="" line="532" base_type="float32" attributes="static" complete_type="float32" init_mode="disabled" init_range="disabled" global_assert="unsupported" assert_range="unsupported"/>
      </function>
   </file>
   <file name="C:\\Component\\AR103A_NxtrFixdPt_Impl\\include\\NxtrFixdPt.h" comment="">
      <function name="FixdToFloat_f32_s16" comment="" line="303" main_generator_called="MAIN_GENERATOR" attributes="static">
         <scalar name="arg1" comment="" line="303" base_type="int16" attributes="static" complete_type="int16" init_mode="MAIN_GENERATOR" init_modes_allowed="10" init_range="min..max" global_assert="unsupported" assert_range="unsupported"/>
         <scalar name="arg2" comment="" line="303" base_type="float32" attributes="static" complete_type="float32" init_mode="MAIN_GENERATOR" init_modes_allowed="10" init_range="min..max" global_assert="unsupported" assert_range="unsupported"/>
         <scalar name="return" comment="" line="303" base_type="float32" attributes="static" complete_type="float32" init_mode="disabled" init_range="disabled" global_assert="unsupported" assert_range="unsupported"/>
      </function>
      <function name="FixdToFloat_f32_u16" comment="" line="331" main_generator_called="MAIN_GENERATOR" attributes="static">
         <scalar name="arg1" comment="" line="331" base_type="uint16" attributes="static" complete_type="uint16" init_mode="MAIN_GENERATOR" init_modes_allowed="10" init_range="min..max" global_assert="unsupported" assert_range="unsupported"/>
         <scalar name="arg2" comment="" line="331" base_type="float32" attributes="static" complete_type="float32" init_mode="MAIN_GENERATOR" init_modes_allowed="10" init_range="min..max" global_assert="unsupported" assert_range="unsupported"/>
         <scalar name="return" comment="" line="331" base_type="float32" attributes="static" complete_type="float32" init_mode="disabled" init_range="disabled" global_assert="unsupported" assert_range="unsupported"/>
      </function>
      <function name="FloatToFixd_u16_f32" comment="" line="275" main_generator_called="MAIN_GENERATOR" attributes="static">
         <scalar name="arg1" comment="" line="275" base_type="float32" attributes="static" complete_type="float32" init_mode="MAIN_GENERATOR" init_modes_allowed="10" init_range="min..max" global_assert="unsupported" assert_range="unsupported"/>
         <scalar name="arg2" comment="" line="275" base_type="float32" attributes="static" complete_type="float32" init_mode="MAIN_GENERATOR" init_modes_allowed="10" init_range="min..max" global_assert="unsupported" assert_range="unsupported"/>
         <scalar name="return" comment="" line="275" base_type="uint16" attributes="static" complete_type="uint16" init_mode="disabled" init_range="disabled" global_assert="unsupported" assert_range="unsupported"/>
      </function>
   </file>
   <file name="C:\\Component\\SF107A_MotRplCoggCmd_Impl\\src\\CDD_MotRplCoggCmd.c" comment="">
      <function name="GetMotCoggCmdPrm_Oper" comment="" line="154" main_generator_called="MAIN_GENERATOR" attributes="unused">
         <pointer name="arg1" comment="" line="154" complete_type="int16 *" init_mode="MAIN_GENERATOR" init_modes_allowed="10" initialize_pointer="May-be NULL" number_allocated="max" init_pointed="MAIN_GENERATOR">
            <scalar comment="" line="154" base_type="int16" complete_type="int16" init_mode="MAIN_GENERATOR" init_modes_allowed="10" init_range="min..max" global_assert="unsupported" assert_range="unsupported"/>
         </pointer>
         <scalar name="arg2" comment="" line="154" base_type="uint8" complete_type="uint8" init_mode="MAIN_GENERATOR" init_modes_allowed="10" init_range="min..max" global_assert="unsupported" assert_range="unsupported"/>
      </function>
      <function name="MotRplCoggCmdInit1" comment="" line="198" main_generator_called="MAIN_GENERATOR" attributes="unused"/>
      <function name="SetMotCoggCmdPrm_Oper" comment="" line="258" main_generator_called="MAIN_GENERATOR" attributes="unused">
         <pointer name="arg1" comment="" line="258" complete_type="const int16 *" init_mode="MAIN_GENERATOR" init_modes_allowed="10" initialize_pointer="May-be NULL" number_allocated="max" init_pointed="MAIN_GENERATOR">
            <scalar comment="" line="258" base_type="int16" attributes="const" complete_type="int16" init_mode="MAIN_GENERATOR" init_modes_allowed="10" init_range="min..max" global_assert="unsupported" assert_range="unsupported"/>
         </pointer>
         <scalar name="arg2" comment="" line="258" base_type="uint8" complete_type="uint8" init_mode="MAIN_GENERATOR" init_modes_allowed="10" init_range="min..max" global_assert="unsupported" assert_range="unsupported"/>
      </function>
   </file>
   <file name="C:\\Component\\SF107A_MotRplCoggCmd_Impl\\src\\CDD_MotRplCoggCmd_MotCtrl.c" comment="">
      <function name="MotRplCoggCmdPer1" comment="" line="77" main_generator_called="MAIN_GENERATOR" attributes="unused"/>
      <function name="SinLookup" comment="" line="196" main_generator_called="MAIN_GENERATOR" attributes="static">
         <scalar name="arg1" comment="" line="196" base_type="float32" attributes="static" complete_type="float32" init_mode="MAIN_GENERATOR" init_modes_allowed="10" init_range="min..max" global_assert="unsupported" assert_range="unsupported"/>
         <scalar name="return" comment="" line="196" base_type="float32" attributes="static" complete_type="float32" init_mode="disabled" init_range="disabled" global_assert="unsupported" assert_range="unsupported"/>
      </function>
   </file>
   <file name="C:\\Component\\SF107A_MotRplCoggCmd_Impl\\tools\\contract\\CDD_MotCtrlMgr_Data.h" comment="">
      <scalar name="MOTCTRLMGR_MotCtrlMotAgElec" comment="" line="24" base_type="uint16" attributes="extern" complete_type="uint16" init_mode="INIT" init_modes_allowed="6" init_range="min..max" global_assert="NO" assert_range=""/>
      <scalar name="MOTCTRLMGR_MotCtrlMotAgElecDlyRpl" comment="" line="25" base_type="float32" attributes="extern" complete_type="float32" init_mode="INIT" init_modes_allowed="6" init_range="min..max" global_assert="NO" assert_range=""/>
      <scalar name="MOTCTRLMGR_MotCtrlMotCurrQaxCoggCmd" comment="" line="34" base_type="float32" attributes="extern" complete_type="float32" init_mode="INIT" init_modes_allowed="6" init_range="min..max" global_assert="NO" assert_range=""/>
      <scalar name="MOTCTRLMGR_MotCtrlMotCurrQaxRplCmd" comment="" line="33" base_type="float32" attributes="extern" complete_type="float32" init_mode="INIT" init_modes_allowed="6" init_range="min..max" global_assert="NO" assert_range=""/>
      <scalar name="MOTCTRLMGR_MotCtrlMotCurrQaxToMotTqGain" comment="" line="32" base_type="float32" attributes="extern" complete_type="float32" init_mode="INIT" init_modes_allowed="6" init_range="min..max" global_assert="NO" assert_range=""/>
      <scalar name="MOTCTRLMGR_MotCtrlMotElecMeclPolarity" comment="" line="35" base_type="int8" attributes="extern" complete_type="int8" init_mode="INIT" init_modes_allowed="6" init_range="min..max" global_assert="NO" assert_range=""/>
      <scalar name="MOTCTRLMGR_MotCtrlMotTqRplCoggOrder1Mgn" comment="" line="26" base_type="float32" attributes="extern" complete_type="float32" init_mode="INIT" init_modes_allowed="6" init_range="min..max" global_assert="NO" assert_range=""/>
      <scalar name="MOTCTRLMGR_MotCtrlMotTqRplCoggOrder1Pha" comment="" line="28" base_type="float32" attributes="extern" complete_type="float32" init_mode="INIT" init_modes_allowed="6" init_range="min..max" global_assert="NO" assert_range=""/>
      <scalar name="MOTCTRLMGR_MotCtrlMotTqRplCoggOrder2Mgn" comment="" line="27" base_type="float32" attributes="extern" complete_type="float32" init_mode="INIT" init_modes_allowed="6" init_range="min..max" global_assert="NO" assert_range=""/>
      <scalar name="MOTCTRLMGR_MotCtrlMotTqRplCoggOrder2Pha" comment="" line="29" base_type="float32" attributes="extern" complete_type="float32" init_mode="INIT" init_modes_allowed="6" init_range="min..max" global_assert="NO" assert_range=""/>
      <scalar name="MOTCTRLMGR_MotCtrlMotTqRplCoggOrder3Mgn" comment="" line="30" base_type="float32" attributes="extern" complete_type="float32" init_mode="INIT" init_modes_allowed="6" init_range="min..max" global_assert="NO" assert_range=""/>
      <scalar name="MOTCTRLMGR_MotCtrlMotTqRplCoggOrder3Pha" comment="" line="31" base_type="float32" attributes="extern" complete_type="float32" init_mode="INIT" init_modes_allowed="6" init_range="min..max" global_assert="NO" assert_range=""/>
   </file>
   <file name="C:\\Component\\SF107A_MotRplCoggCmd_Impl\\tools\\contract\\Rte_CDD_MotRplCoggCmd.h" comment="">
      <function name="Rte_Call_CDD_MotRplCoggCmd_MotCoggCmdY_GetErrorStatus" comment="" line="76" main_generator_called="disabled" attributes="extern">
         <pointer name="arg1" comment="" line="76" complete_type="uint8 *" init_mode="disabled" initialize_pointer="disabled" number_allocated="disabled" init_pointed="MULTI">
            <scalar comment="" line="76" base_type="uint8" complete_type="uint8" init_mode="PERMANENT" init_modes_allowed="4" init_range="min..max" global_assert="unsupported" assert_range="unsupported"/>
         </pointer>
         <scalar name="return" comment="" line="76" base_type="uint8" complete_type="uint8" init_mode="PERMANENT" init_modes_allowed="4" init_range="min..max" global_assert="unsupported" assert_range="unsupported"/>
      </function>
      <function name="Rte_Call_CDD_MotRplCoggCmd_MotCoggCmdY_SetRamBlockStatus" comment="" line="77" main_generator_called="disabled" attributes="extern">
         <scalar name="arg1" comment="" line="77" base_type="uint8" complete_type="uint8" init_mode="disabled" init_range="disabled" global_assert="unsupported" assert_range="unsupported"/>
         <scalar name="return" comment="" line="77" base_type="uint8" complete_type="uint8" init_mode="PERMANENT" init_modes_allowed="4" init_range="min..max" global_assert="unsupported" assert_range="unsupported"/>
      </function>
      <pointer name="Rte_Inst_CDD_MotRplCoggCmd" comment="" line="62" attributes="extern const" complete_type="const struct Rte_CDS_CDD_MotRplCoggCmd *" init_mode="INIT" init_modes_allowed="2" initialize_pointer="May-be NULL" number_allocated="max" init_pointed="MULTI">
         <struct comment="" line="62" complete_type="struct Rte_CDS_CDD_MotRplCoggCmd" attributes="extern const">
            <pointer name="Pim_MotCoggCmdY" comment="" line="62" attributes="extern const" complete_type="int16 (*)[512]" init_mode="INIT" init_modes_allowed="2" initialize_pointer="May-be NULL" number_allocated="max" init_pointed="MULTI">
               <array comment="" line="62" complete_type="int16 [512]" attributes="extern">
                  <scalar comment="" line="62" base_type="int16" attributes="extern" complete_type="int16" init_mode="INIT" init_modes_allowed="2" init_range="min..max" global_assert="unsupported" assert_range="unsupported"/>
               </array>
            </pointer>
            <pointer name="Pim_dMotRplCoggCmdCoggIdx" comment="" line="62" attributes="extern const" complete_type="uint16 *" init_mode="INIT" init_modes_allowed="2" initialize_pointer="May-be NULL" number_allocated="max" init_pointed="MULTI">
               <scalar comment="" line="62" base_type="uint16" attributes="extern" complete_type="uint16" init_mode="INIT" init_modes_allowed="2" init_range="min..max" global_assert="unsupported" assert_range="unsupported"/>
            </pointer>
            <pointer name="Pim_dMotRplCoggCmdMotCoggCmd" comment="" line="62" attributes="extern const" complete_type="float32 *" init_mode="INIT" init_modes_allowed="2" initialize_pointer="May-be NULL" number_allocated="max" init_pointed="MULTI">
               <scalar comment="" line="62" base_type="float32" attributes="extern" complete_type="float32" init_mode="INIT" init_modes_allowed="2" init_range="min..max" global_assert="unsupported" assert_range="unsupported"/>
            </pointer>
            <pointer name="Pim_dMotRplCoggCmdMotCurrQaxCoggCmdPreLim" comment="" line="62" attributes="extern const" complete_type="float32 *" init_mode="INIT" init_modes_allowed="2" initialize_pointer="May-be NULL" number_allocated="max" init_pointed="MULTI">
               <scalar comment="" line="62" base_type="float32" attributes="extern" complete_type="float32" init_mode="INIT" init_modes_allowed="2" init_range="min..max" global_assert="unsupported" assert_range="unsupported"/>
            </pointer>
            <pointer name="Pim_dMotRplCoggCmdMotRplCmdPreLim" comment="" line="62" attributes="extern const" complete_type="float32 *" init_mode="INIT" init_modes_allowed="2" initialize_pointer="May-be NULL" number_allocated="max" init_pointed="MULTI">
               <scalar comment="" line="62" base_type="float32" attributes="extern" complete_type="float32" init_mode="INIT" init_modes_allowed="2" init_range="min..max" global_assert="unsupported" assert_range="unsupported"/>
            </pointer>
         </struct>
      </pointer>
      <function name="Rte_Prm_CDD_MotRplCoggCmd_MotRplCoggCmdHrmncOrder1Elec_Val" comment="" line="78" main_generator_called="disabled" attributes="extern">
         <scalar name="return" comment="" line="78" base_type="uint8" complete_type="uint8" init_mode="PERMANENT" init_modes_allowed="4" init_range="min..max" global_assert="unsupported" assert_range="unsupported"/>
      </function>
      <function name="Rte_Prm_CDD_MotRplCoggCmd_MotRplCoggCmdHrmncOrder2Elec_Val" comment="" line="79" main_generator_called="disabled" attributes="extern">
         <scalar name="return" comment="" line="79" base_type="uint8" complete_type="uint8" init_mode="PERMANENT" init_modes_allowed="4" init_range="min..max" global_assert="unsupported" assert_range="unsupported"/>
      </function>
      <function name="Rte_Prm_CDD_MotRplCoggCmd_MotRplCoggCmdHrmncOrder3Elec_Val" comment="" line="80" main_generator_called="disabled" attributes="extern">
         <scalar name="return" comment="" line="80" base_type="uint8" complete_type="uint8" init_mode="PERMANENT" init_modes_allowed="4" init_range="min..max" global_assert="unsupported" assert_range="unsupported"/>
      </function>
   </file>
   <file name="C:\\Component\\TL103A_CplrSuprt\\include\\2013.5.5\\ansi\\math.h" comment="">
      <function name="fabsf" comment="" line="742" main_generator_called="disabled" attributes="extern">
         <scalar name="arg1" comment="" line="742" base_type="float32" complete_type="float32" init_mode="disabled" init_range="disabled" global_assert="unsupported" assert_range="unsupported"/>
         <scalar name="return" comment="" line="742" base_type="float32" complete_type="float32" init_mode="PERMANENT" init_modes_allowed="4" init_range="min..max" global_assert="unsupported" assert_range="unsupported"/>
      </function>
   </file>
</global>
