<?xml version="1.0" encoding="UTF-8"?>

<project name="Polyspace" files="2" includes="22" ap_cg_cycle="0" ap_cg_direct_cycle="0" pshv="0" unpshv="0">
<file name="C:\component\CM410B_SnsrMeasStrt_Impl\src\CDD_SnsrMeasStrt_Irq.c" total_lines="64" lines_without_cmt="16" comf="100" fco="2">
<function name="SnsrMeasStrtIrq" path="1" goto="0" vg="1" calling="0" calls="2" param="0" stmt="4" level="1" return="0" vocf="2.3" flin="7" fxln="4" ncalls="2">
</function>
</file>
<file name="C:\component\CM410B_SnsrMeasStrt_Impl\src\CDD_SnsrMeasStrt.c" total_lines="187" lines_without_cmt="21" comf="100" fco="1">
<function name="SnsrMeasStrtPer1" path="1" goto="0" vg="1" calling="0" calls="1" param="0" stmt="2" level="1" return="0" vocf="2.0" flin="11" fxln="2" ncalls="1">
</function>
<function name="SnsrMeasStrtInit1" path="1" goto="0" vg="1" calling="0" calls="1" param="0" stmt="4" level="1" return="0" vocf="1.8" flin="12" fxln="4" ncalls="1">
</function>
</file>
</project>
