<?xml version="1.0" encoding="UTF-8"?>

<project name="Polyspace" files="2" includes="24" ap_cg_cycle="0" ap_cg_direct_cycle="0" pshv="0" unpshv="0">
<file name="C:\Component\ES106A_StHlthSigStc_Impl\tools\contract\generate\StHlthSigStc_Cfg.c" total_lines="443" lines_without_cmt="304" comf="54" fco="1">
<function name="StHlthSigStc_GetCurrMotSumDEFStHlthVal" path="1" goto="0" vg="1" calling="0" calls="1" param="0" stmt="3" level="1" return="1" vocf="1.8" flin="5" fxln="2" ncalls="1">
</function>
<function name="StHlthSigStc_GetCurrMotSumABCStHlthVal" path="1" goto="0" vg="1" calling="0" calls="1" param="0" stmt="3" level="1" return="1" vocf="1.8" flin="5" fxln="2" ncalls="1">
</function>
<function name="StHlthSigStc_GetDigTqIdptSigStHlthVal" path="1" goto="0" vg="1" calling="0" calls="1" param="0" stmt="3" level="1" return="1" vocf="1.8" flin="5" fxln="2" ncalls="1">
</function>
<function name="StHlthSigStc_GetPhaFStHlthVal" path="1" goto="0" vg="1" calling="0" calls="1" param="0" stmt="3" level="1" return="1" vocf="1.8" flin="5" fxln="2" ncalls="1">
</function>
<function name="StHlthSigStc_GetPhaEStHlthVal" path="1" goto="0" vg="1" calling="0" calls="1" param="0" stmt="3" level="1" return="1" vocf="1.8" flin="5" fxln="2" ncalls="1">
</function>
<function name="StHlthSigStc_GetPhaDStHlthVal" path="1" goto="0" vg="1" calling="0" calls="1" param="0" stmt="3" level="1" return="1" vocf="1.8" flin="5" fxln="2" ncalls="1">
</function>
<function name="StHlthSigStc_GetPhaCStHlthVal" path="1" goto="0" vg="1" calling="0" calls="1" param="0" stmt="3" level="1" return="1" vocf="1.8" flin="5" fxln="2" ncalls="1">
</function>
<function name="StHlthSigStc_GetPhaBStHlthVal" path="1" goto="0" vg="1" calling="0" calls="1" param="0" stmt="3" level="1" return="1" vocf="1.8" flin="5" fxln="2" ncalls="1">
</function>
<function name="StHlthSigStc_GetEotImpctStHlthVal" path="1" goto="0" vg="1" calling="0" calls="1" param="0" stmt="3" level="1" return="1" vocf="1.8" flin="5" fxln="2" ncalls="1">
</function>
<function name="StHlthSigStc_GetMotPosStHlthVal" path="1" goto="0" vg="1" calling="0" calls="1" param="0" stmt="3" level="1" return="1" vocf="1.8" flin="5" fxln="2" ncalls="1">
</function>
<function name="StHlthSigStc_GetRamEccSngBitCorrnStHlthVal" path="1" goto="0" vg="1" calling="0" calls="1" param="0" stmt="3" level="1" return="1" vocf="1.8" flin="5" fxln="2" ncalls="1">
</function>
<function name="StHlthSigStc_GetPhaAStHlthVal" path="1" goto="0" vg="1" calling="0" calls="1" param="0" stmt="3" level="1" return="1" vocf="1.8" flin="5" fxln="2" ncalls="1">
</function>
<function name="StHlthSigStc_GetDigTqSnsrBStHlthVal" path="1" goto="0" vg="1" calling="0" calls="1" param="0" stmt="3" level="1" return="1" vocf="1.8" flin="5" fxln="2" ncalls="1">
</function>
<function name="StHlthSigStc_GetDutyCycStHlthVal" path="1" goto="0" vg="1" calling="0" calls="1" param="0" stmt="3" level="1" return="1" vocf="1.8" flin="5" fxln="2" ncalls="1">
</function>
<function name="StHlthSigStc_GetDigTqSnsrAStHlthVal" path="1" goto="0" vg="1" calling="0" calls="1" param="0" stmt="3" level="1" return="1" vocf="1.8" flin="5" fxln="2" ncalls="1">
</function>
<function name="StHlthSigStc_GetAbsltMotPosACDifStHlthVal" path="1" goto="0" vg="1" calling="0" calls="1" param="0" stmt="3" level="1" return="1" vocf="1.8" flin="5" fxln="2" ncalls="1">
</function>
<function name="StHlthSigStc_GetAbsltMotPosBCDifStHlthVal" path="1" goto="0" vg="1" calling="0" calls="1" param="0" stmt="3" level="1" return="1" vocf="1.8" flin="5" fxln="2" ncalls="1">
</function>
<function name="StHlthSigStc_GetAbsltMotPosABDifStHlthVal" path="1" goto="0" vg="1" calling="0" calls="1" param="0" stmt="3" level="1" return="1" vocf="1.8" flin="5" fxln="2" ncalls="1">
</function>
<function name="StHlthSigStc_GetOutpAssiStHlthVal" path="1" goto="0" vg="1" calling="0" calls="1" param="0" stmt="3" level="1" return="1" vocf="1.8" flin="5" fxln="2" ncalls="1">
</function>
<function name="StHlthSigStc_GetCtrlrTStHlthVal" path="1" goto="0" vg="1" calling="0" calls="1" param="0" stmt="3" level="1" return="1" vocf="1.8" flin="5" fxln="2" ncalls="1">
</function>
</file>
<file name="C:\Component\ES106A_StHlthSigStc_Impl\src\StHlthSigStc.c" total_lines="1078" lines_without_cmt="438" comf="40" fco="14">
<function name="NONTRUSTED_NtWrapS_StHlthSigStc_UpdDataSample" path="1" goto="0" vg="1" calling="0" calls="1" param="2" stmt="2" level="1" return="0" vocf="1.6" flin="5" fxln="2" ncalls="1">
</function>
<function name="NONTRUSTED_NtWrapS_StHlthSigStc_UpdNvmPim" path="1" goto="0" vg="1" calling="0" calls="1" param="2" stmt="6" level="1" return="0" vocf="3.4" flin="13" fxln="6" ncalls="1">
</function>
<function name="NONTRUSTED_NtWrapS_StHlthSigStc_ClrDataSample" path="1" goto="0" vg="1" calling="0" calls="1" param="2" stmt="2" level="1" return="0" vocf="1.5" flin="5" fxln="2" ncalls="1">
</function>
<function name="StHlthSigStc_UpdDataSample" path="4" goto="0" vg="4" calling="2" calls="4" param="1" stmt="21" level="3" return="0" vocf="6.6" flin="59" fxln="22" ncalls="4">
</function>
<function name="StHlthSigStc_UpdNvmPim" path="2" goto="0" vg="2" calling="1" calls="0" param="5" stmt="11" level="1" return="0" vocf="3.4" flin="24" fxln="12" ncalls="0">
</function>
<function name="StHlthSigStc_GetSigStHlthData" path="5" goto="0" vg="4" calling="1" calls="4" param="2" stmt="60" level="2" return="0" vocf="7.4" flin="124" fxln="63" ncalls="4">
</function>
<function name="StHlthSigStc_ClrDataSample" path="6" goto="0" vg="4" calling="2" calls="1" param="1" stmt="15" level="2" return="0" vocf="4.4" flin="33" fxln="15" ncalls="1">
</function>
<function name="UpdStHlthStcData_Oper" path="2" goto="0" vg="2" calling="0" calls="3" param="1" stmt="4" level="1" return="0" vocf="2.0" flin="27" fxln="5" ncalls="3">
</function>
<function name="StHlthStcPwrDwn_Oper" path="14" goto="0" vg="7" calling="0" calls="4" param="0" stmt="44" level="4" return="0" vocf="6.0" flin="132" fxln="47" ncalls="4">
</function>
<function name="StHlthSigStcInit1" path="108" goto="0" vg="9" calling="0" calls="2" param="0" stmt="21" level="2" return="0" vocf="5.4" flin="95" fxln="20" ncalls="2">
</function>
<function name="GetSigStcHlthData_Oper" path="3" goto="0" vg="3" calling="0" calls="1" param="2" stmt="8" level="2" return="1" vocf="2.8" flin="35" fxln="11" ncalls="1">
</function>
<function name="ClrSigStcHlthData_Oper" path="2" goto="0" vg="2" calling="0" calls="3" param="1" stmt="4" level="1" return="0" vocf="1.9" flin="25" fxln="5" ncalls="3">
</function>
<function name="SinCos_f32" path="16" goto="0" vg="17" calling="0" calls="0" param="3" stmt="56" level="1" return="0" vocf="10.8" flin="0" fxln="0" ncalls="0">
</function>
<function name="Mod_f32" path="1" goto="0" vg="1" calling="0" calls="1" param="2" stmt="1" level="1" return="1" vocf="1.7" flin="0" fxln="0" ncalls="1">
</function>
<function name="Sqrt_f32" path="1" goto="0" vg="1" calling="0" calls="1" param="1" stmt="1" level="1" return="1" vocf="1.5" flin="0" fxln="0" ncalls="1">
</function>
<function name="Exp_f32" path="1" goto="0" vg="1" calling="0" calls="1" param="1" stmt="1" level="1" return="1" vocf="1.5" flin="0" fxln="0" ncalls="1">
</function>
<function name="Cos_f32" path="1" goto="0" vg="1" calling="0" calls="1" param="1" stmt="1" level="1" return="1" vocf="1.5" flin="0" fxln="0" ncalls="1">
</function>
<function name="Sin_f32" path="1" goto="0" vg="1" calling="0" calls="1" param="1" stmt="1" level="1" return="1" vocf="1.5" flin="0" fxln="0" ncalls="1">
</function>
<function name="Arctan2_f32" path="1" goto="0" vg="1" calling="0" calls="1" param="2" stmt="1" level="1" return="1" vocf="1.7" flin="0" fxln="0" ncalls="1">
</function>
<function name="Lim_f32" path="1" goto="0" vg="3" calling="0" calls="0" param="3" stmt="1" level="1" return="1" vocf="3.1" flin="0" fxln="0" ncalls="0">
</function>
<function name="Lim_u32" path="1" goto="0" vg="3" calling="0" calls="0" param="3" stmt="1" level="1" return="1" vocf="3.1" flin="0" fxln="0" ncalls="0">
</function>
<function name="Lim_s32" path="1" goto="0" vg="3" calling="0" calls="0" param="3" stmt="1" level="1" return="1" vocf="3.1" flin="0" fxln="0" ncalls="0">
</function>
<function name="Lim_u16" path="1" goto="0" vg="3" calling="0" calls="0" param="3" stmt="1" level="1" return="1" vocf="3.1" flin="0" fxln="0" ncalls="0">
</function>
<function name="Lim_s16" path="1" goto="0" vg="3" calling="0" calls="0" param="3" stmt="1" level="1" return="1" vocf="3.1" flin="0" fxln="0" ncalls="0">
</function>
<function name="Lim_u08" path="1" goto="0" vg="3" calling="0" calls="0" param="3" stmt="1" level="1" return="1" vocf="3.1" flin="0" fxln="0" ncalls="0">
</function>
<function name="Lim_s08" path="1" goto="0" vg="3" calling="0" calls="0" param="3" stmt="1" level="1" return="1" vocf="3.1" flin="0" fxln="0" ncalls="0">
</function>
<function name="Max_f32" path="1" goto="0" vg="2" calling="0" calls="0" param="2" stmt="1" level="1" return="1" vocf="2.2" flin="0" fxln="0" ncalls="0">
</function>
<function name="Max_u32" path="1" goto="0" vg="2" calling="0" calls="0" param="2" stmt="1" level="1" return="1" vocf="2.2" flin="0" fxln="0" ncalls="0">
</function>
<function name="Max_s32" path="1" goto="0" vg="2" calling="0" calls="0" param="2" stmt="1" level="1" return="1" vocf="2.2" flin="0" fxln="0" ncalls="0">
</function>
<function name="Max_u16" path="1" goto="0" vg="2" calling="0" calls="0" param="2" stmt="1" level="1" return="1" vocf="2.2" flin="0" fxln="0" ncalls="0">
</function>
<function name="Max_s16" path="1" goto="0" vg="2" calling="0" calls="0" param="2" stmt="1" level="1" return="1" vocf="2.2" flin="0" fxln="0" ncalls="0">
</function>
<function name="Max_u08" path="1" goto="0" vg="2" calling="3" calls="0" param="2" stmt="1" level="1" return="1" vocf="2.2" flin="0" fxln="0" ncalls="0">
</function>
<function name="Max_s08" path="1" goto="0" vg="2" calling="0" calls="0" param="2" stmt="1" level="1" return="1" vocf="2.2" flin="0" fxln="0" ncalls="0">
</function>
<function name="Min_f32" path="1" goto="0" vg="2" calling="0" calls="0" param="2" stmt="1" level="1" return="1" vocf="2.2" flin="0" fxln="0" ncalls="0">
</function>
<function name="Min_u32" path="1" goto="0" vg="2" calling="0" calls="0" param="2" stmt="1" level="1" return="1" vocf="2.2" flin="0" fxln="0" ncalls="0">
</function>
<function name="Min_s32" path="1" goto="0" vg="2" calling="0" calls="0" param="2" stmt="1" level="1" return="1" vocf="2.2" flin="0" fxln="0" ncalls="0">
</function>
<function name="Min_u16" path="1" goto="0" vg="2" calling="0" calls="0" param="2" stmt="1" level="1" return="1" vocf="2.2" flin="0" fxln="0" ncalls="0">
</function>
<function name="Min_s16" path="1" goto="0" vg="2" calling="0" calls="0" param="2" stmt="1" level="1" return="1" vocf="2.2" flin="0" fxln="0" ncalls="0">
</function>
<function name="Min_u08" path="1" goto="0" vg="2" calling="3" calls="0" param="2" stmt="1" level="1" return="1" vocf="2.2" flin="0" fxln="0" ncalls="0">
</function>
<function name="Min_s08" path="1" goto="0" vg="2" calling="0" calls="0" param="2" stmt="1" level="1" return="1" vocf="2.2" flin="0" fxln="0" ncalls="0">
</function>
<function name="Sign_s08_f32" path="1" goto="0" vg="2" calling="0" calls="0" param="1" stmt="1" level="1" return="1" vocf="2.2" flin="0" fxln="0" ncalls="0">
</function>
<function name="Sign_s08_s32" path="1" goto="0" vg="2" calling="0" calls="0" param="1" stmt="1" level="1" return="1" vocf="2.2" flin="0" fxln="0" ncalls="0">
</function>
<function name="Sign_s08_s16" path="1" goto="0" vg="2" calling="0" calls="0" param="1" stmt="1" level="1" return="1" vocf="2.2" flin="0" fxln="0" ncalls="0">
</function>
<function name="Sign_s08_s08" path="1" goto="0" vg="2" calling="0" calls="0" param="1" stmt="1" level="1" return="1" vocf="2.3" flin="0" fxln="0" ncalls="0">
</function>
<function name="Abslt_f32_f32" path="1" goto="0" vg="1" calling="0" calls="1" param="1" stmt="1" level="1" return="1" vocf="1.5" flin="0" fxln="0" ncalls="1">
</function>
<function name="Abslt_u32_s32" path="1" goto="0" vg="2" calling="0" calls="0" param="1" stmt="1" level="1" return="1" vocf="2.8" flin="0" fxln="0" ncalls="0">
</function>
<function name="Abslt_u16_s16" path="1" goto="0" vg="2" calling="0" calls="0" param="1" stmt="1" level="1" return="1" vocf="2.8" flin="0" fxln="0" ncalls="0">
</function>
<function name="Abslt_u08_s08" path="1" goto="0" vg="2" calling="0" calls="0" param="1" stmt="1" level="1" return="1" vocf="2.8" flin="0" fxln="0" ncalls="0">
</function>
<function name="Blnd_f32" path="1" goto="0" vg="1" calling="0" calls="0" param="3" stmt="1" level="1" return="1" vocf="6.5" flin="0" fxln="0" ncalls="0">
</function>
</file>
</project>
