<?xml version="1.0" encoding="UTF-8"?>
<MISRA-C-Report-Summary>
<File Mode="advisory" Error="0" Warning="13" Total="13">
<Name>
C:\Component\ES106A_StHlthSigStc_Impl\src\StHlthSigStc.c</Name>
</File>
<File Mode="required" Error="0" Warning="34" Total="34">
<Name>
C:\Component\ES106A_StHlthSigStc_Impl\src\StHlthSigStc.c</Name>
</File>
<File Mode="advisory" Error="0" Warning="1" Total="1">
<Name>
C:\Component\ES106A_StHlthSigStc_Impl\tools\contract\generate\StHlthSigStc_Cfg.c</Name>
</File>
<File Mode="required" Error="0" Warning="4" Total="4">
<Name>
C:\Component\ES106A_StHlthSigStc_Impl\tools\contract\generate\StHlthSigStc_Cfg.c</Name>
</File>
<Rule Name="17.4" Count="19" Mode="required" Severity="warning">
<Message>
Array indexing shall be the only allowed form of pointer arithmetic.</Message>
</Rule>
<Rule Name="8.10" Count="11" Mode="required" Severity="warning">
<Message>
</Message>
</Rule>
<Rule Name="11.4" Count="8" Mode="advisory" Severity="warning">
<Message>
A cast should not be performed between a pointer to object type and a different</Message>
</Rule>
<Rule Name="5.1" Count="4" Mode="required" Severity="warning">
<Message>
</Message>
</Rule>
<Rule Name="16.7" Count="3" Mode="advisory" Severity="warning">
<Message>
A pointer parameter in a function prototype should be declared as pointer to const</Message>
</Rule>
<Rule Name="17.1" Count="3" Mode="required" Severity="warning">
<Message>
Pointer arithmetic shall only be applied to pointers that address an array or array element.</Message>
</Rule>
<Rule Name="19.1" Count="3" Mode="advisory" Severity="warning">
<Message>
#include statements in a file shall only be preceded by other preprocessor directives or comments.</Message>
</Rule>
<Rule Name="8.9" Count="1" Mode="required" Severity="warning">
<Message>
undefined global variable 'CCT_Range_01_Address'</Message>
</Rule>
</MISRA-C-Report-Summary>
