<?xml version="1.0" encoding="UTF-8"?>

<MISRA-C-Report version="1.3">


<CodeStruct Name="" File="C:\Component\CF017A_GMVehPwrMod_Impl\src\GmVehPwrMod.c" Line="0" Column="0">

<Rule Name="19.1" Mode="advisory" Report="warning" Id="1">
<Loc File="C:\Component\CF017A_GMVehPwrMod_Impl\src\GmVehPwrMod.c" Line="128" Column="0">
</Loc>
<Message>
#include statements in a file shall only be preceded by other preprocessor directives or comments.
</Message>
</Rule>

<Rule Name="19.1" Mode="advisory" Report="warning" Id="2">
<Loc File="C:\Component\CF017A_GMVehPwrMod_Impl\src\GmVehPwrMod.c" Line="430" Column="0">
</Loc>
<Message>
#include statements in a file shall only be preceded by other preprocessor directives or comments.
</Message>
</Rule>

</CodeStruct>

<CodeStruct Name="GmVehPwrModPer1" File="C:\Component\CF017A_GMVehPwrMod_Impl\src\GmVehPwrMod.c" Line="201" Column="5">

<Rule Name="9.1" Mode="required" Report="warning" Id="3">
<Loc File="C:\Component\CF017A_GMVehPwrMod_Impl\src\GmVehPwrMod.c" Line="297" Column="7">
</Loc>
<Message>
All automatic variables shall have been assigned a value before being used.
</Message>
</Rule>

<Rule Name="21.1" Mode="required" Report="warning" Id="4">
<Loc File="C:\Component\CF017A_GMVehPwrMod_Impl\src\GmVehPwrMod.c" Line="306" Column="4">
</Loc>
<Message>
Minimisation of run-time failures.
</Message>
</Rule>

<Rule Name="21.1" Mode="required" Report="warning" Id="5">
<Loc File="C:\Component\CF017A_GMVehPwrMod_Impl\src\GmVehPwrMod.c" Line="306" Column="26">
</Loc>
<Message>
Minimisation of run-time failures.
</Message>
</Rule>

<Rule Name="21.1" Mode="required" Report="warning" Id="6">
<Loc File="C:\Component\CF017A_GMVehPwrMod_Impl\src\GmVehPwrMod.c" Line="318" Column="4">
</Loc>
<Message>
Minimisation of run-time failures.
</Message>
</Rule>

<Rule Name="9.1" Mode="required" Report="warning" Id="7">
<Loc File="C:\Component\CF017A_GMVehPwrMod_Impl\src\GmVehPwrMod.c" Line="323" Column="7">
</Loc>
<Message>
All automatic variables shall have been assigned a value before being used.
</Message>
</Rule>

<Rule Name="21.1" Mode="required" Report="warning" Id="8">
<Loc File="C:\Component\CF017A_GMVehPwrMod_Impl\src\GmVehPwrMod.c" Line="329" Column="12">
</Loc>
<Message>
Minimisation of run-time failures.
</Message>
</Rule>

<Rule Name="9.1" Mode="required" Report="warning" Id="9">
<Loc File="C:\Component\CF017A_GMVehPwrMod_Impl\src\GmVehPwrMod.c" Line="332" Column="12">
</Loc>
<Message>
All automatic variables shall have been assigned a value before being used.
</Message>
</Rule>

<Rule Name="9.1" Mode="required" Report="warning" Id="10">
<Loc File="C:\Component\CF017A_GMVehPwrMod_Impl\src\GmVehPwrMod.c" Line="333" Column="16">
</Loc>
<Message>
All automatic variables shall have been assigned a value before being used.
</Message>
</Rule>

<Rule Name="9.1" Mode="required" Report="warning" Id="11">
<Loc File="C:\Component\CF017A_GMVehPwrMod_Impl\src\GmVehPwrMod.c" Line="334" Column="16">
</Loc>
<Message>
All automatic variables shall have been assigned a value before being used.
</Message>
</Rule>

<Rule Name="9.1" Mode="required" Report="warning" Id="12">
<Loc File="C:\Component\CF017A_GMVehPwrMod_Impl\src\GmVehPwrMod.c" Line="336" Column="16">
</Loc>
<Message>
All automatic variables shall have been assigned a value before being used.
</Message>
</Rule>

<Rule Name="9.1" Mode="required" Report="warning" Id="13">
<Loc File="C:\Component\CF017A_GMVehPwrMod_Impl\src\GmVehPwrMod.c" Line="337" Column="16">
</Loc>
<Message>
All automatic variables shall have been assigned a value before being used.
</Message>
</Rule>

<Rule Name="9.1" Mode="required" Report="warning" Id="14">
<Loc File="C:\Component\CF017A_GMVehPwrMod_Impl\src\GmVehPwrMod.c" Line="338" Column="16">
</Loc>
<Message>
All automatic variables shall have been assigned a value before being used.
</Message>
</Rule>

<Rule Name="9.1" Mode="required" Report="warning" Id="15">
<Loc File="C:\Component\CF017A_GMVehPwrMod_Impl\src\GmVehPwrMod.c" Line="345" Column="20">
</Loc>
<Message>
All automatic variables shall have been assigned a value before being used.
</Message>
</Rule>

<Rule Name="9.1" Mode="required" Report="warning" Id="16">
<Loc File="C:\Component\CF017A_GMVehPwrMod_Impl\src\GmVehPwrMod.c" Line="346" Column="20">
</Loc>
<Message>
All automatic variables shall have been assigned a value before being used.
</Message>
</Rule>

<Rule Name="9.1" Mode="required" Report="warning" Id="17">
<Loc File="C:\Component\CF017A_GMVehPwrMod_Impl\src\GmVehPwrMod.c" Line="347" Column="20">
</Loc>
<Message>
All automatic variables shall have been assigned a value before being used.
</Message>
</Rule>

<Rule Name="9.1" Mode="required" Report="warning" Id="18">
<Loc File="C:\Component\CF017A_GMVehPwrMod_Impl\src\GmVehPwrMod.c" Line="348" Column="20">
</Loc>
<Message>
All automatic variables shall have been assigned a value before being used.
</Message>
</Rule>

<Rule Name="9.1" Mode="required" Report="warning" Id="19">
<Loc File="C:\Component\CF017A_GMVehPwrMod_Impl\src\GmVehPwrMod.c" Line="349" Column="20">
</Loc>
<Message>
All automatic variables shall have been assigned a value before being used.
</Message>
</Rule>

<Rule Name="9.1" Mode="required" Report="warning" Id="20">
<Loc File="C:\Component\CF017A_GMVehPwrMod_Impl\src\GmVehPwrMod.c" Line="365" Column="39">
</Loc>
<Message>
All automatic variables shall have been assigned a value before being used.
</Message>
</Rule>

<Rule Name="9.1" Mode="required" Report="warning" Id="21">
<Loc File="C:\Component\CF017A_GMVehPwrMod_Impl\src\GmVehPwrMod.c" Line="365" Column="65">
</Loc>
<Message>
All automatic variables shall have been assigned a value before being used.
</Message>
</Rule>

<Rule Name="9.1" Mode="required" Report="warning" Id="22">
<Loc File="C:\Component\CF017A_GMVehPwrMod_Impl\src\GmVehPwrMod.c" Line="365" Column="90">
</Loc>
<Message>
All automatic variables shall have been assigned a value before being used.
</Message>
</Rule>

<Rule Name="9.1" Mode="required" Report="warning" Id="23">
<Loc File="C:\Component\CF017A_GMVehPwrMod_Impl\src\GmVehPwrMod.c" Line="366" Column="39">
</Loc>
<Message>
All automatic variables shall have been assigned a value before being used.
</Message>
</Rule>

<Rule Name="9.1" Mode="required" Report="warning" Id="24">
<Loc File="C:\Component\CF017A_GMVehPwrMod_Impl\src\GmVehPwrMod.c" Line="366" Column="62">
</Loc>
<Message>
All automatic variables shall have been assigned a value before being used.
</Message>
</Rule>

<Rule Name="9.1" Mode="required" Report="warning" Id="25">
<Loc File="C:\Component\CF017A_GMVehPwrMod_Impl\src\GmVehPwrMod.c" Line="366" Column="88">
</Loc>
<Message>
All automatic variables shall have been assigned a value before being used.
</Message>
</Rule>

<Rule Name="9.1" Mode="required" Report="warning" Id="26">
<Loc File="C:\Component\CF017A_GMVehPwrMod_Impl\src\GmVehPwrMod.c" Line="366" Column="111">
</Loc>
<Message>
All automatic variables shall have been assigned a value before being used.
</Message>
</Rule>

<Rule Name="9.1" Mode="required" Report="warning" Id="27">
<Loc File="C:\Component\CF017A_GMVehPwrMod_Impl\src\GmVehPwrMod.c" Line="367" Column="39">
</Loc>
<Message>
All automatic variables shall have been assigned a value before being used.
</Message>
</Rule>

<Rule Name="9.1" Mode="required" Report="warning" Id="28">
<Loc File="C:\Component\CF017A_GMVehPwrMod_Impl\src\GmVehPwrMod.c" Line="377" Column="8">
</Loc>
<Message>
All automatic variables shall have been assigned a value before being used.
</Message>
</Rule>

<Rule Name="9.1" Mode="required" Report="warning" Id="29">
<Loc File="C:\Component\CF017A_GMVehPwrMod_Impl\src\GmVehPwrMod.c" Line="378" Column="12">
</Loc>
<Message>
All automatic variables shall have been assigned a value before being used.
</Message>
</Rule>

<Rule Name="9.1" Mode="required" Report="warning" Id="30">
<Loc File="C:\Component\CF017A_GMVehPwrMod_Impl\src\GmVehPwrMod.c" Line="378" Column="47">
</Loc>
<Message>
All automatic variables shall have been assigned a value before being used.
</Message>
</Rule>

<Rule Name="21.1" Mode="required" Report="warning" Id="31">
<Loc File="C:\Component\CF017A_GMVehPwrMod_Impl\src\GmVehPwrMod.c" Line="407" Column="4">
</Loc>
<Message>
Minimisation of run-time failures.
</Message>
</Rule>

</CodeStruct>

<CodeStruct Name="KeepAssiHwTqTmr" File="C:\Component\CF017A_GMVehPwrMod_Impl\src\GmVehPwrMod.c" Line="541" Column="14">

<Rule Name="21.1" Mode="required" Report="warning" Id="32">
<Loc File="C:\Component\CF017A_GMVehPwrMod_Impl\src\GmVehPwrMod.c" Line="548" Column="103">
</Loc>
<Message>
Minimisation of run-time failures.
</Message>
</Rule>

<Rule Name="21.1" Mode="required" Report="warning" Id="33">
<Loc File="C:\Component\CF017A_GMVehPwrMod_Impl\src\GmVehPwrMod.c" Line="552" Column="8">
</Loc>
<Message>
Minimisation of run-time failures.
</Message>
</Rule>

<Rule Name="21.1" Mode="required" Report="warning" Id="34">
<Loc File="C:\Component\CF017A_GMVehPwrMod_Impl\src\GmVehPwrMod.c" Line="558" Column="66">
</Loc>
<Message>
Minimisation of run-time failures.
</Message>
</Rule>

<Rule Name="9.1" Mode="required" Report="warning" Id="35">
<Loc File="C:\Component\CF017A_GMVehPwrMod_Impl\src\GmVehPwrMod.c" Line="559" Column="25">
</Loc>
<Message>
All automatic variables shall have been assigned a value before being used.
</Message>
</Rule>

<Rule Name="21.1" Mode="required" Report="warning" Id="36">
<Loc File="C:\Component\CF017A_GMVehPwrMod_Impl\src\GmVehPwrMod.c" Line="573" Column="8">
</Loc>
<Message>
Minimisation of run-time failures.
</Message>
</Rule>

<Rule Name="21.1" Mode="required" Report="warning" Id="37">
<Loc File="C:\Component\CF017A_GMVehPwrMod_Impl\src\GmVehPwrMod.c" Line="577" Column="4">
</Loc>
<Message>
Minimisation of run-time failures.
</Message>
</Rule>

</CodeStruct>

</MISRA-C-Report>
