[
 {
  "sid":"CM200C_DmaCfgAndUse:383",
  "className":"Simulink.ActionPort",
  "icon":"WebViewIcon4",
  "name":"Action Port",
  "parent":"CM200C_DmaCfgAndUse:381",
  "inspector":{
   "params":[
    "InitializeStates",
    "PropagateVarSize"
   ],
   "values":[
    "held",
    "Only when execution is resumed"
   ],
   "tabs":[
   ],
   "tabs_idx":[
   ]
  },
  "viewer":{
   "jshandler":"webview/handlers/ElementHandler"
  },
  "obj_viewer":[
  ],
  "finder":{
   "blocktype":"ActionPort",
   "masktype":""
  }
 },
 {
  "sid":"CM200C_DmaCfgAndUse:382",
  "className":"Simulink.Inport",
  "icon":"WebViewIcon4",
  "name":"TiSpan_MicroSec_T_u32",
  "parent":"CM200C_DmaCfgAndUse:381",
  "inspector":{
   "params":[
    "Port",
    "IconDisplay",
    "Interpolate",
    "OutputFunctionCall",
    "OutMin",
    "OutMax",
    "OutDataTypeStr",
    "LockScale",
    "Unit",
    "PortDimensions",
    "VarSizeSig",
    "SampleTime",
    "SignalType",
    "BusOutputAsStruct",
    "InputConnect",
    "LatchByDelayingOutsideSignal",
    "LatchInputForFeedbackSignals"
   ],
   "values":[
    "1",
    "Port number",
    "on",
    "off",
    "[]",
    "[]",
    "Inherit: auto",
    "off",
    "inherit",
    "-1",
    "Inherit",
    "-1",
    "auto",
    "off",
    "",
    "off",
    "off"
   ],
   "tabs":[
    "Main",
    "Signal Attributes",
    "-Other"
   ],
   "tabs_idx":[
    0,
    3,
    13
   ]
  },
  "viewer":{
   "jshandler":"webview/handlers/ElementHandler"
  },
  "obj_viewer":[
  ],
  "finder":{
   "blocktype":"Inport",
   "masktype":""
  }
 },
 {
  "sid":"CM200C_DmaCfgAndUse:379",
  "className":"Simulink.DataStoreWrite",
  "icon":"WebViewIcon4",
  "name":"Data Store Write",
  "parent":"CM200C_DmaCfgAndUse:381",
  "inspector":{
   "params":[
    "DataStoreName",
    "SampleTime",
    "DataStoreElements"
   ],
   "values":[
    "d2MilliSecAdcMaxDmaTrfTi",
    "-1",
    ""
   ],
   "tabs":[
    "Parameters",
    "-Other"
   ],
   "tabs_idx":[
    0,
    2
   ]
  },
  "viewer":{
   "jshandler":"webview/handlers/ElementHandler"
  },
  "obj_viewer":[
  ],
  "finder":{
   "blocktype":"DataStoreWrite",
   "masktype":""
  }
 },
 {
  "sid":"CM200C_DmaCfgAndUse:387",
  "className":"Copyright Information",
  "icon":"WebViewIcon2",
  "name":"CopyRight2",
  "parent":"CM200C_DmaCfgAndUse:381",
  "inspector":{
   "params":[
    "none"
   ],
   "values":[
    "on"
   ],
   "tabs":[
   ],
   "tabs_idx":[
   ]
  },
  "viewer":{
   "jshandler":"webview/handlers/ContainerHandler"
  },
  "obj_viewer":[
  ],
  "finder":{
   "blocktype":"SubSystem",
   "masktype":"Copyright Information"
  }
 },
 {
  "sid":"CM200C_DmaCfgAndUse:382#out:1",
  "className":"Simulink.Line",
  "icon":"WebViewIcon5",
  "name":"",
  "parent":"CM200C_DmaCfgAndUse:381",
  "inspector":{
   "params":[
    "SignalNameFromLabel",
    "MustResolveToSignal",
    "ShowPropagatedSignal",
    "DataLogging",
    "TestPoint",
    "SignalObjectPackage",
    "StorageClass",
    "Description",
    "documentLink"
   ],
   "values":[
    "",
    "off",
    "off",
    "off",
    "off",
    "Simulink",
    "Auto",
    "",
    ""
   ],
   "tabs":[
    "Logging and Accessibility",
    "Code Generation",
    "Documentation"
   ],
   "tabs_idx":[
    3,
    5,
    7
   ]
  },
  "viewer":{
   "jshandler":"webview/handlers/ElementHandler"
  },
  "obj_viewer":[
  ],
  "finder":[
  ]
 }
]