[
 {
  "sid":"CM200C_DmaCfgAndUse",
  "className":"Simulink.BlockDiagram",
  "icon":"WebViewIcon0",
  "name":"CM200C_DmaCfgAndUse",
  "parent":"",
  "inspector":{
   "params":[
    "ModelVersion",
    "LastModifiedDate",
    "LibraryLinkDisplay",
    "ModelBrowserVisibility",
    "Dirty",
    "Description"
   ],
   "values":[
    "1.4.0",
    "Fri Dec 09 15:10:15 2016",
    "disabled",
    "on",
    "off",
    ""
   ],
   "tabs":[
   ],
   "tabs_idx":[
   ]
  },
  "viewer":{
   "jshandler":"webview/handlers/ElementHandler"
  },
  "obj_viewer":[
  ],
  "finder":[
  ]
 },
 {
  "sid":"CM200C_DmaCfgAndUse:4",
  "className":"Copyright Information",
  "icon":"WebViewIcon2",
  "name":"CopyRight2",
  "parent":"CM200C_DmaCfgAndUse",
  "inspector":{
   "params":[
    "none"
   ],
   "values":[
    "on"
   ],
   "tabs":[
   ],
   "tabs_idx":[
   ]
  },
  "viewer":{
   "jshandler":"webview/handlers/ElementHandler"
  },
  "obj_viewer":[
  ],
  "finder":{
   "blocktype":"SubSystem",
   "masktype":"Copyright Information"
  }
 },
 {
  "sid":"CM200C_DmaCfgAndUse:6",
  "className":"Simulink.SubSystem",
  "icon":"WebViewIcon3",
  "name":"DmaCfgAndUse",
  "parent":"CM200C_DmaCfgAndUse",
  "inspector":{
   "params":[
    "ShowPortLabels",
    "Permissions",
    "ErrorFcn",
    "PermitHierarchicalResolution",
    "TreatAsAtomicUnit",
    "TreatAsGroupedWhenPropagatingVariantConditions",
    "ActiveVariant",
    "ActiveVariantBlock",
    "BlockChoice",
    "CheckFcnCallInpInsideContextMsg",
    "FunctionInterfaceSpec",
    "FunctionWithSeparateData",
    "GeneratePreprocessorConditionals",
    "IsSubsystemVirtual",
    "MemberBlocks",
    "MinAlgLoopOccurrences",
    "OverrideUsingVariant",
    "PropExecContextOutsideSubsystem",
    "RTWFcnName",
    "RTWFcnNameOpts",
    "RTWFileName",
    "RTWFileNameOpts",
    "RTWMemSecDataConstants",
    "RTWMemSecDataInternal",
    "RTWMemSecDataParameters",
    "RTWMemSecFuncExecute",
    "RTWMemSecFuncInitTerm",
    "RTWSystemCode",
    "SystemSampleTime",
    "TemplateBlock",
    "Variant",
    "VariantControl"
   ],
   "values":[
    "FromPortIcon",
    "ReadWrite",
    "",
    "All",
    "off",
    "on",
    "",
    "",
    "",
    "off",
    "void_void",
    "off",
    "off",
    "on",
    "",
    "off",
    "",
    "off",
    "",
    "Auto",
    "",
    "Auto",
    "Inherit from model",
    "Inherit from model",
    "Inherit from model",
    "Inherit from model",
    "Inherit from model",
    "Auto",
    "-1",
    "",
    "off",
    ""
   ],
   "tabs":[
    "Main",
    "-Other"
   ],
   "tabs_idx":[
    0,
    6
   ]
  },
  "viewer":{
   "jshandler":"webview/handlers/ElementHandler"
  },
  "obj_viewer":[
  ],
  "finder":{
   "blocktype":"SubSystem",
   "masktype":""
  }
 },
 {
  "sid":"CM200C_DmaCfgAndUse:28",
  "className":"Copyright Information",
  "icon":"WebViewIcon2",
  "name":"CopyRight2",
  "parent":"CM200C_DmaCfgAndUse:6",
  "inspector":{
   "params":[
    "none"
   ],
   "values":[
    "on"
   ],
   "tabs":[
   ],
   "tabs_idx":[
   ]
  },
  "viewer":{
   "jshandler":"webview/handlers/ElementHandler"
  },
  "obj_viewer":[
  ],
  "finder":{
   "blocktype":"SubSystem",
   "masktype":"Copyright Information"
  }
 },
 {
  "sid":"CM200C_DmaCfgAndUse:11",
  "className":"Simulink.SubSystem",
  "icon":"WebViewIcon3",
  "name":"DmaCfgAndUseInit1",
  "parent":"CM200C_DmaCfgAndUse:6",
  "inspector":{
   "params":[
    "ShowPortLabels",
    "Permissions",
    "ErrorFcn",
    "PermitHierarchicalResolution",
    "TreatAsAtomicUnit",
    "TreatAsGroupedWhenPropagatingVariantConditions",
    "ActiveVariant",
    "ActiveVariantBlock",
    "BlockChoice",
    "CheckFcnCallInpInsideContextMsg",
    "FunctionInterfaceSpec",
    "FunctionWithSeparateData",
    "GeneratePreprocessorConditionals",
    "IsSubsystemVirtual",
    "MemberBlocks",
    "MinAlgLoopOccurrences",
    "OverrideUsingVariant",
    "PropExecContextOutsideSubsystem",
    "RTWFcnName",
    "RTWFcnNameOpts",
    "RTWFileName",
    "RTWFileNameOpts",
    "RTWMemSecDataConstants",
    "RTWMemSecDataInternal",
    "RTWMemSecDataParameters",
    "RTWMemSecFuncExecute",
    "RTWMemSecFuncInitTerm",
    "RTWSystemCode",
    "SystemSampleTime",
    "TemplateBlock",
    "Variant",
    "VariantControl"
   ],
   "values":[
    "FromPortIcon",
    "ReadWrite",
    "",
    "All",
    "on",
    "on",
    "",
    "",
    "",
    "off",
    "void_void",
    "off",
    "off",
    "off",
    "",
    "off",
    "",
    "off",
    "",
    "Auto",
    "",
    "Auto",
    "Inherit from model",
    "Inherit from model",
    "Inherit from model",
    "Inherit from model",
    "Inherit from model",
    "Auto",
    "-1",
    "",
    "off",
    ""
   ],
   "tabs":[
    "Main",
    "-Other"
   ],
   "tabs_idx":[
    0,
    6
   ]
  },
  "viewer":{
   "jshandler":"webview/handlers/ElementHandler"
  },
  "obj_viewer":[
  ],
  "finder":{
   "blocktype":"SubSystem",
   "masktype":""
  }
 },
 {
  "sid":"CM200C_DmaCfgAndUse:14",
  "className":"Copyright Information",
  "icon":"WebViewIcon2",
  "name":"CopyRight2",
  "parent":"CM200C_DmaCfgAndUse:11",
  "inspector":{
   "params":[
    "none"
   ],
   "values":[
    "on"
   ],
   "tabs":[
   ],
   "tabs_idx":[
   ]
  },
  "viewer":{
   "jshandler":"webview/handlers/ElementHandler"
  },
  "obj_viewer":[
  ],
  "finder":{
   "blocktype":"SubSystem",
   "masktype":"Copyright Information"
  }
 },
 {
  "sid":"CM200C_DmaCfgAndUse:17",
  "className":"Simulink.SubSystem",
  "icon":"WebViewIcon3",
  "name":"DmaCfgAndUsePer1",
  "parent":"CM200C_DmaCfgAndUse:6",
  "inspector":{
   "params":[
    "ShowPortLabels",
    "Permissions",
    "ErrorFcn",
    "PermitHierarchicalResolution",
    "TreatAsAtomicUnit",
    "TreatAsGroupedWhenPropagatingVariantConditions",
    "ActiveVariant",
    "ActiveVariantBlock",
    "BlockChoice",
    "CheckFcnCallInpInsideContextMsg",
    "FunctionInterfaceSpec",
    "FunctionWithSeparateData",
    "GeneratePreprocessorConditionals",
    "IsSubsystemVirtual",
    "MemberBlocks",
    "MinAlgLoopOccurrences",
    "OverrideUsingVariant",
    "PropExecContextOutsideSubsystem",
    "RTWFcnName",
    "RTWFcnNameOpts",
    "RTWFileName",
    "RTWFileNameOpts",
    "RTWMemSecDataConstants",
    "RTWMemSecDataInternal",
    "RTWMemSecDataParameters",
    "RTWMemSecFuncExecute",
    "RTWMemSecFuncInitTerm",
    "RTWSystemCode",
    "SystemSampleTime",
    "TemplateBlock",
    "Variant",
    "VariantControl"
   ],
   "values":[
    "FromPortIcon",
    "ReadWrite",
    "",
    "All",
    "on",
    "on",
    "",
    "",
    "",
    "off",
    "void_void",
    "off",
    "off",
    "off",
    "",
    "off",
    "",
    "off",
    "",
    "Auto",
    "",
    "Auto",
    "Inherit from model",
    "Inherit from model",
    "Inherit from model",
    "Inherit from model",
    "Inherit from model",
    "Auto",
    "-1",
    "",
    "off",
    ""
   ],
   "tabs":[
    "Main",
    "-Other"
   ],
   "tabs_idx":[
    0,
    6
   ]
  },
  "viewer":{
   "jshandler":"webview/handlers/ElementHandler"
  },
  "obj_viewer":[
  ],
  "finder":{
   "blocktype":"SubSystem",
   "masktype":""
  }
 },
 {
  "sid":"CM200C_DmaCfgAndUse:179",
  "className":"Simulink.SubSystem",
  "icon":"WebViewIcon3",
  "name":"Adc1CfgAndUseAdc1EnaCnvn",
  "parent":"CM200C_DmaCfgAndUse:17",
  "inspector":{
   "params":[
    "ShowPortLabels",
    "Permissions",
    "ErrorFcn",
    "PermitHierarchicalResolution",
    "TreatAsAtomicUnit",
    "TreatAsGroupedWhenPropagatingVariantConditions",
    "ActiveVariant",
    "ActiveVariantBlock",
    "BlockChoice",
    "CheckFcnCallInpInsideContextMsg",
    "FunctionInterfaceSpec",
    "FunctionWithSeparateData",
    "GeneratePreprocessorConditionals",
    "IsSubsystemVirtual",
    "MemberBlocks",
    "MinAlgLoopOccurrences",
    "OverrideUsingVariant",
    "PropExecContextOutsideSubsystem",
    "RTWFcnName",
    "RTWFcnNameOpts",
    "RTWFileName",
    "RTWFileNameOpts",
    "RTWMemSecDataConstants",
    "RTWMemSecDataInternal",
    "RTWMemSecDataParameters",
    "RTWMemSecFuncExecute",
    "RTWMemSecFuncInitTerm",
    "RTWSystemCode",
    "SystemSampleTime",
    "TemplateBlock",
    "Variant",
    "VariantControl"
   ],
   "values":[
    "FromPortIcon",
    "ReadWrite",
    "",
    "All",
    "off",
    "on",
    "",
    "",
    "",
    "off",
    "void_void",
    "off",
    "off",
    "on",
    "",
    "off",
    "",
    "off",
    "",
    "Auto",
    "",
    "Auto",
    "Inherit from model",
    "Inherit from model",
    "Inherit from model",
    "Inherit from model",
    "Inherit from model",
    "Auto",
    "-1",
    "",
    "off",
    ""
   ],
   "tabs":[
    "Main",
    "-Other"
   ],
   "tabs_idx":[
    0,
    6
   ]
  },
  "viewer":{
   "jshandler":"webview/handlers/ElementHandler"
  },
  "obj_viewer":[
  ],
  "finder":{
   "blocktype":"SubSystem",
   "masktype":""
  }
 },
 {
  "sid":"CM200C_DmaCfgAndUse:180",
  "className":"Copyright Information",
  "icon":"WebViewIcon2",
  "name":"CopyRight2",
  "parent":"CM200C_DmaCfgAndUse:179",
  "inspector":{
   "params":[
    "none"
   ],
   "values":[
    "on"
   ],
   "tabs":[
   ],
   "tabs_idx":[
   ]
  },
  "viewer":{
   "jshandler":"webview/handlers/ElementHandler"
  },
  "obj_viewer":[
  ],
  "finder":{
   "blocktype":"SubSystem",
   "masktype":"Copyright Information"
  }
 },
 {
  "sid":"CM200C_DmaCfgAndUse:19",
  "className":"Copyright Information",
  "icon":"WebViewIcon2",
  "name":"CopyRight2",
  "parent":"CM200C_DmaCfgAndUse:17",
  "inspector":{
   "params":[
    "none"
   ],
   "values":[
    "on"
   ],
   "tabs":[
   ],
   "tabs_idx":[
   ]
  },
  "viewer":{
   "jshandler":"webview/handlers/ElementHandler"
  },
  "obj_viewer":[
  ],
  "finder":{
   "blocktype":"SubSystem",
   "masktype":"Copyright Information"
  }
 },
 {
  "sid":"CM200C_DmaCfgAndUse:59",
  "className":"Simulink.SubSystem",
  "icon":"WebViewIcon3",
  "name":"GetRefTmr1MicroSec32bit",
  "parent":"CM200C_DmaCfgAndUse:17",
  "inspector":{
   "params":[
    "ShowPortLabels",
    "Permissions",
    "ErrorFcn",
    "PermitHierarchicalResolution",
    "TreatAsAtomicUnit",
    "TreatAsGroupedWhenPropagatingVariantConditions",
    "ActiveVariant",
    "ActiveVariantBlock",
    "BlockChoice",
    "CheckFcnCallInpInsideContextMsg",
    "FunctionInterfaceSpec",
    "FunctionWithSeparateData",
    "GeneratePreprocessorConditionals",
    "IsSubsystemVirtual",
    "MemberBlocks",
    "MinAlgLoopOccurrences",
    "OverrideUsingVariant",
    "PropExecContextOutsideSubsystem",
    "RTWFcnName",
    "RTWFcnNameOpts",
    "RTWFileName",
    "RTWFileNameOpts",
    "RTWMemSecDataConstants",
    "RTWMemSecDataInternal",
    "RTWMemSecDataParameters",
    "RTWMemSecFuncExecute",
    "RTWMemSecFuncInitTerm",
    "RTWSystemCode",
    "SystemSampleTime",
    "TemplateBlock",
    "Variant",
    "VariantControl"
   ],
   "values":[
    "FromPortIcon",
    "ReadWrite",
    "",
    "All",
    "off",
    "on",
    "",
    "",
    "",
    "off",
    "void_void",
    "off",
    "off",
    "on",
    "",
    "off",
    "",
    "off",
    "",
    "Auto",
    "",
    "Auto",
    "Inherit from model",
    "Inherit from model",
    "Inherit from model",
    "Inherit from model",
    "Inherit from model",
    "Auto",
    "-1",
    "",
    "off",
    ""
   ],
   "tabs":[
    "Main",
    "-Other"
   ],
   "tabs_idx":[
    0,
    6
   ]
  },
  "viewer":{
   "jshandler":"webview/handlers/ElementHandler"
  },
  "obj_viewer":[
  ],
  "finder":{
   "blocktype":"SubSystem",
   "masktype":""
  }
 },
 {
  "sid":"CM200C_DmaCfgAndUse:61",
  "className":"Copyright Information",
  "icon":"WebViewIcon2",
  "name":"CopyRight2",
  "parent":"CM200C_DmaCfgAndUse:59",
  "inspector":{
   "params":[
    "none"
   ],
   "values":[
    "on"
   ],
   "tabs":[
   ],
   "tabs_idx":[
   ]
  },
  "viewer":{
   "jshandler":"webview/handlers/ElementHandler"
  },
  "obj_viewer":[
  ],
  "finder":{
   "blocktype":"SubSystem",
   "masktype":"Copyright Information"
  }
 },
 {
  "sid":"CM200C_DmaCfgAndUse:681",
  "className":"Simulink.SubSystem",
  "icon":"WebViewIcon3",
  "name":"DmaEna2MilliSecToMotCtrlTrf",
  "parent":"CM200C_DmaCfgAndUse:6",
  "inspector":{
   "params":[
    "ShowPortLabels",
    "Permissions",
    "ErrorFcn",
    "PermitHierarchicalResolution",
    "TreatAsAtomicUnit",
    "TreatAsGroupedWhenPropagatingVariantConditions",
    "ActiveVariant",
    "ActiveVariantBlock",
    "BlockChoice",
    "CheckFcnCallInpInsideContextMsg",
    "FunctionInterfaceSpec",
    "FunctionWithSeparateData",
    "GeneratePreprocessorConditionals",
    "IsSubsystemVirtual",
    "MemberBlocks",
    "MinAlgLoopOccurrences",
    "OverrideUsingVariant",
    "PropExecContextOutsideSubsystem",
    "RTWFcnName",
    "RTWFcnNameOpts",
    "RTWFileName",
    "RTWFileNameOpts",
    "RTWMemSecDataConstants",
    "RTWMemSecDataInternal",
    "RTWMemSecDataParameters",
    "RTWMemSecFuncExecute",
    "RTWMemSecFuncInitTerm",
    "RTWSystemCode",
    "SystemSampleTime",
    "TemplateBlock",
    "Variant",
    "VariantControl"
   ],
   "values":[
    "FromPortIcon",
    "ReadWrite",
    "",
    "All",
    "on",
    "on",
    "",
    "",
    "",
    "off",
    "void_void",
    "off",
    "off",
    "off",
    "",
    "off",
    "",
    "off",
    "",
    "Auto",
    "",
    "Auto",
    "Inherit from model",
    "Inherit from model",
    "Inherit from model",
    "Inherit from model",
    "Inherit from model",
    "Auto",
    "-1",
    "",
    "off",
    ""
   ],
   "tabs":[
    "Main",
    "-Other"
   ],
   "tabs_idx":[
    0,
    6
   ]
  },
  "viewer":{
   "jshandler":"webview/handlers/ElementHandler"
  },
  "obj_viewer":[
  ],
  "finder":{
   "blocktype":"SubSystem",
   "masktype":""
  }
 },
 {
  "sid":"CM200C_DmaCfgAndUse:683",
  "className":"Copyright Information",
  "icon":"WebViewIcon2",
  "name":"CopyRight2",
  "parent":"CM200C_DmaCfgAndUse:681",
  "inspector":{
   "params":[
    "none"
   ],
   "values":[
    "on"
   ],
   "tabs":[
   ],
   "tabs_idx":[
   ]
  },
  "viewer":{
   "jshandler":"webview/handlers/ElementHandler"
  },
  "obj_viewer":[
  ],
  "finder":{
   "blocktype":"SubSystem",
   "masktype":"Copyright Information"
  }
 },
 {
  "sid":"CM200C_DmaCfgAndUse:684",
  "className":"Simulink.SubSystem",
  "icon":"WebViewIcon3",
  "name":"Variant Subsystem",
  "parent":"CM200C_DmaCfgAndUse:681",
  "inspector":{
   "params":[
    "ShowPortLabels",
    "Permissions",
    "ErrorFcn",
    "PermitHierarchicalResolution",
    "TreatAsAtomicUnit",
    "TreatAsGroupedWhenPropagatingVariantConditions",
    "ActiveVariant",
    "ActiveVariantBlock",
    "BlockChoice",
    "CheckFcnCallInpInsideContextMsg",
    "FunctionInterfaceSpec",
    "FunctionWithSeparateData",
    "GeneratePreprocessorConditionals",
    "IsSubsystemVirtual",
    "MemberBlocks",
    "MinAlgLoopOccurrences",
    "OverrideUsingVariant",
    "PropExecContextOutsideSubsystem",
    "RTWFcnName",
    "RTWFcnNameOpts",
    "RTWFileName",
    "RTWFileNameOpts",
    "RTWMemSecDataConstants",
    "RTWMemSecDataInternal",
    "RTWMemSecDataParameters",
    "RTWMemSecFuncExecute",
    "RTWMemSecFuncInitTerm",
    "RTWSystemCode",
    "SystemSampleTime",
    "TemplateBlock",
    "Variant",
    "VariantControl"
   ],
   "values":[
    "FromPortIcon",
    "ReadWrite",
    "",
    "All",
    "off",
    "on",
    "",
    "CM200C_DmaCfgAndUse/DmaCfgAndUse/DmaEna2MilliSecToMotCtrlTrf/Variant Subsystem/ErrInj",
    "",
    "off",
    "void_void",
    "off",
    "off",
    "on",
    "",
    "off",
    "",
    "off",
    "",
    "Auto",
    "",
    "Auto",
    "Inherit from model",
    "Inherit from model",
    "Inherit from model",
    "Inherit from model",
    "Inherit from model",
    "Auto",
    "-1",
    "",
    "on",
    ""
   ],
   "tabs":[
    "Main",
    "-Other"
   ],
   "tabs_idx":[
    0,
    6
   ]
  },
  "viewer":{
   "jshandler":"webview/handlers/ElementHandler"
  },
  "obj_viewer":[
  ],
  "finder":{
   "blocktype":"SubSystem",
   "masktype":""
  }
 },
 {
  "sid":"CM200C_DmaCfgAndUse:685",
  "className":"Simulink.SubSystem",
  "icon":"WebViewIcon3",
  "name":"ErrInj",
  "parent":"CM200C_DmaCfgAndUse:684",
  "inspector":{
   "params":[
    "ShowPortLabels",
    "Permissions",
    "ErrorFcn",
    "PermitHierarchicalResolution",
    "TreatAsAtomicUnit",
    "TreatAsGroupedWhenPropagatingVariantConditions",
    "ActiveVariant",
    "ActiveVariantBlock",
    "BlockChoice",
    "CheckFcnCallInpInsideContextMsg",
    "FunctionInterfaceSpec",
    "FunctionWithSeparateData",
    "GeneratePreprocessorConditionals",
    "IsSubsystemVirtual",
    "MemberBlocks",
    "MinAlgLoopOccurrences",
    "OverrideUsingVariant",
    "PropExecContextOutsideSubsystem",
    "RTWFcnName",
    "RTWFcnNameOpts",
    "RTWFileName",
    "RTWFileNameOpts",
    "RTWMemSecDataConstants",
    "RTWMemSecDataInternal",
    "RTWMemSecDataParameters",
    "RTWMemSecFuncExecute",
    "RTWMemSecFuncInitTerm",
    "RTWSystemCode",
    "SystemSampleTime",
    "TemplateBlock",
    "Variant",
    "VariantControl"
   ],
   "values":[
    "FromPortIcon",
    "ReadWrite",
    "",
    "All",
    "off",
    "on",
    "",
    "",
    "",
    "off",
    "void_void",
    "off",
    "off",
    "on",
    "",
    "off",
    "",
    "off",
    "",
    "Auto",
    "",
    "Auto",
    "Inherit from model",
    "Inherit from model",
    "Inherit from model",
    "Inherit from model",
    "Inherit from model",
    "Auto",
    "-1",
    "",
    "off",
    "MCUDIAGCERRINJ == STD_ON"
   ],
   "tabs":[
    "Main",
    "-Other"
   ],
   "tabs_idx":[
    0,
    6
   ]
  },
  "viewer":{
   "jshandler":"webview/handlers/ElementHandler"
  },
  "obj_viewer":[
  ],
  "finder":{
   "blocktype":"SubSystem",
   "masktype":""
  }
 },
 {
  "sid":"CM200C_DmaCfgAndUse:686",
  "className":"Copyright Information",
  "icon":"WebViewIcon2",
  "name":"CopyRight2",
  "parent":"CM200C_DmaCfgAndUse:685",
  "inspector":{
   "params":[
    "none"
   ],
   "values":[
    "on"
   ],
   "tabs":[
   ],
   "tabs_idx":[
   ]
  },
  "viewer":{
   "jshandler":"webview/handlers/ElementHandler"
  },
  "obj_viewer":[
  ],
  "finder":{
   "blocktype":"SubSystem",
   "masktype":"Copyright Information"
  }
 },
 {
  "sid":"CM200C_DmaCfgAndUse:688",
  "className":"Simulink.SubSystem",
  "icon":"WebViewIcon3",
  "name":"If Action Subsystem",
  "parent":"CM200C_DmaCfgAndUse:685",
  "inspector":{
   "params":[
    "ShowPortLabels",
    "Permissions",
    "ErrorFcn",
    "PermitHierarchicalResolution",
    "TreatAsAtomicUnit",
    "TreatAsGroupedWhenPropagatingVariantConditions",
    "ActiveVariant",
    "ActiveVariantBlock",
    "BlockChoice",
    "CheckFcnCallInpInsideContextMsg",
    "FunctionInterfaceSpec",
    "FunctionWithSeparateData",
    "GeneratePreprocessorConditionals",
    "IsSubsystemVirtual",
    "MemberBlocks",
    "MinAlgLoopOccurrences",
    "OverrideUsingVariant",
    "PropExecContextOutsideSubsystem",
    "RTWFcnName",
    "RTWFcnNameOpts",
    "RTWFileName",
    "RTWFileNameOpts",
    "RTWMemSecDataConstants",
    "RTWMemSecDataInternal",
    "RTWMemSecDataParameters",
    "RTWMemSecFuncExecute",
    "RTWMemSecFuncInitTerm",
    "RTWSystemCode",
    "SystemSampleTime",
    "TemplateBlock",
    "Variant",
    "VariantControl"
   ],
   "values":[
    "FromPortIcon",
    "ReadWrite",
    "",
    "All",
    "on",
    "on",
    "",
    "",
    "",
    "off",
    "void_void",
    "off",
    "off",
    "off",
    "",
    "off",
    "",
    "off",
    "",
    "Auto",
    "",
    "Auto",
    "Inherit from model",
    "Inherit from model",
    "Inherit from model",
    "Inherit from model",
    "Inherit from model",
    "Auto",
    "-1",
    "",
    "off",
    ""
   ],
   "tabs":[
    "Main",
    "-Other"
   ],
   "tabs_idx":[
    0,
    6
   ]
  },
  "viewer":{
   "jshandler":"webview/handlers/ElementHandler"
  },
  "obj_viewer":[
  ],
  "finder":{
   "blocktype":"SubSystem",
   "masktype":""
  }
 },
 {
  "sid":"CM200C_DmaCfgAndUse:692",
  "className":"Copyright Information",
  "icon":"WebViewIcon2",
  "name":"CopyRight2",
  "parent":"CM200C_DmaCfgAndUse:688",
  "inspector":{
   "params":[
    "none"
   ],
   "values":[
    "on"
   ],
   "tabs":[
   ],
   "tabs_idx":[
   ]
  },
  "viewer":{
   "jshandler":"webview/handlers/ElementHandler"
  },
  "obj_viewer":[
  ],
  "finder":{
   "blocktype":"SubSystem",
   "masktype":"Copyright Information"
  }
 },
 {
  "sid":"CM200C_DmaCfgAndUse:702",
  "className":"Simulink.SubSystem",
  "icon":"WebViewIcon3",
  "name":"ReadErrInjReg",
  "parent":"CM200C_DmaCfgAndUse:685",
  "inspector":{
   "params":[
    "ShowPortLabels",
    "Permissions",
    "ErrorFcn",
    "PermitHierarchicalResolution",
    "TreatAsAtomicUnit",
    "TreatAsGroupedWhenPropagatingVariantConditions",
    "ActiveVariant",
    "ActiveVariantBlock",
    "BlockChoice",
    "CheckFcnCallInpInsideContextMsg",
    "FunctionInterfaceSpec",
    "FunctionWithSeparateData",
    "GeneratePreprocessorConditionals",
    "IsSubsystemVirtual",
    "MemberBlocks",
    "MinAlgLoopOccurrences",
    "OverrideUsingVariant",
    "PropExecContextOutsideSubsystem",
    "RTWFcnName",
    "RTWFcnNameOpts",
    "RTWFileName",
    "RTWFileNameOpts",
    "RTWMemSecDataConstants",
    "RTWMemSecDataInternal",
    "RTWMemSecDataParameters",
    "RTWMemSecFuncExecute",
    "RTWMemSecFuncInitTerm",
    "RTWSystemCode",
    "SystemSampleTime",
    "TemplateBlock",
    "Variant",
    "VariantControl"
   ],
   "values":[
    "FromPortIcon",
    "ReadWrite",
    "",
    "All",
    "off",
    "on",
    "",
    "",
    "",
    "off",
    "void_void",
    "off",
    "off",
    "on",
    "",
    "off",
    "",
    "off",
    "",
    "Auto",
    "",
    "Auto",
    "Inherit from model",
    "Inherit from model",
    "Inherit from model",
    "Inherit from model",
    "Inherit from model",
    "Auto",
    "-1",
    "",
    "off",
    ""
   ],
   "tabs":[
    "Main",
    "-Other"
   ],
   "tabs_idx":[
    0,
    6
   ]
  },
  "viewer":{
   "jshandler":"webview/handlers/ElementHandler"
  },
  "obj_viewer":[
  ],
  "finder":{
   "blocktype":"SubSystem",
   "masktype":""
  }
 },
 {
  "sid":"CM200C_DmaCfgAndUse:703",
  "className":"Copyright Information",
  "icon":"WebViewIcon2",
  "name":"CopyRight2",
  "parent":"CM200C_DmaCfgAndUse:702",
  "inspector":{
   "params":[
    "none"
   ],
   "values":[
    "on"
   ],
   "tabs":[
   ],
   "tabs_idx":[
   ]
  },
  "viewer":{
   "jshandler":"webview/handlers/ElementHandler"
  },
  "obj_viewer":[
  ],
  "finder":{
   "blocktype":"SubSystem",
   "masktype":"Copyright Information"
  }
 },
 {
  "sid":"CM200C_DmaCfgAndUse:710",
  "className":"Simulink.SubSystem",
  "icon":"WebViewIcon3",
  "name":"NoErrInj",
  "parent":"CM200C_DmaCfgAndUse:684",
  "inspector":{
   "params":[
    "ShowPortLabels",
    "Permissions",
    "ErrorFcn",
    "PermitHierarchicalResolution",
    "TreatAsAtomicUnit",
    "TreatAsGroupedWhenPropagatingVariantConditions",
    "ActiveVariant",
    "ActiveVariantBlock",
    "BlockChoice",
    "CheckFcnCallInpInsideContextMsg",
    "FunctionInterfaceSpec",
    "FunctionWithSeparateData",
    "GeneratePreprocessorConditionals",
    "IsSubsystemVirtual",
    "MemberBlocks",
    "MinAlgLoopOccurrences",
    "OverrideUsingVariant",
    "PropExecContextOutsideSubsystem",
    "RTWFcnName",
    "RTWFcnNameOpts",
    "RTWFileName",
    "RTWFileNameOpts",
    "RTWMemSecDataConstants",
    "RTWMemSecDataInternal",
    "RTWMemSecDataParameters",
    "RTWMemSecFuncExecute",
    "RTWMemSecFuncInitTerm",
    "RTWSystemCode",
    "SystemSampleTime",
    "TemplateBlock",
    "Variant",
    "VariantControl"
   ],
   "values":[
    "FromPortIcon",
    "ReadWrite",
    "",
    "All",
    "off",
    "on",
    "",
    "",
    "",
    "off",
    "void_void",
    "off",
    "off",
    "on",
    "",
    "off",
    "",
    "off",
    "",
    "Auto",
    "",
    "Auto",
    "Inherit from model",
    "Inherit from model",
    "Inherit from model",
    "Inherit from model",
    "Inherit from model",
    "Auto",
    "-1",
    "",
    "off",
    "MCUDIAGCERRINJ == STD_OFF"
   ],
   "tabs":[
    "Main",
    "-Other"
   ],
   "tabs_idx":[
    0,
    6
   ]
  },
  "viewer":{
   "jshandler":"webview/handlers/ElementHandler"
  },
  "obj_viewer":[
  ],
  "finder":{
   "blocktype":"SubSystem",
   "masktype":""
  }
 },
 {
  "sid":"CM200C_DmaCfgAndUse:711",
  "className":"Copyright Information",
  "icon":"WebViewIcon2",
  "name":"CopyRight2",
  "parent":"CM200C_DmaCfgAndUse:710",
  "inspector":{
   "params":[
    "none"
   ],
   "values":[
    "on"
   ],
   "tabs":[
   ],
   "tabs_idx":[
   ]
  },
  "viewer":{
   "jshandler":"webview/handlers/ElementHandler"
  },
  "obj_viewer":[
  ],
  "finder":{
   "blocktype":"SubSystem",
   "masktype":"Copyright Information"
  }
 },
 {
  "sid":"CM200C_DmaCfgAndUse:30",
  "className":"Simulink.SubSystem",
  "icon":"WebViewIcon3",
  "name":"DmaWaitForMotCtrlTo2MilliSecTrf",
  "parent":"CM200C_DmaCfgAndUse:6",
  "inspector":{
   "params":[
    "ShowPortLabels",
    "Permissions",
    "ErrorFcn",
    "PermitHierarchicalResolution",
    "TreatAsAtomicUnit",
    "TreatAsGroupedWhenPropagatingVariantConditions",
    "ActiveVariant",
    "ActiveVariantBlock",
    "BlockChoice",
    "CheckFcnCallInpInsideContextMsg",
    "FunctionInterfaceSpec",
    "FunctionWithSeparateData",
    "GeneratePreprocessorConditionals",
    "IsSubsystemVirtual",
    "MemberBlocks",
    "MinAlgLoopOccurrences",
    "OverrideUsingVariant",
    "PropExecContextOutsideSubsystem",
    "RTWFcnName",
    "RTWFcnNameOpts",
    "RTWFileName",
    "RTWFileNameOpts",
    "RTWMemSecDataConstants",
    "RTWMemSecDataInternal",
    "RTWMemSecDataParameters",
    "RTWMemSecFuncExecute",
    "RTWMemSecFuncInitTerm",
    "RTWSystemCode",
    "SystemSampleTime",
    "TemplateBlock",
    "Variant",
    "VariantControl"
   ],
   "values":[
    "FromPortIcon",
    "ReadWrite",
    "",
    "All",
    "on",
    "on",
    "",
    "",
    "",
    "off",
    "void_void",
    "off",
    "off",
    "off",
    "",
    "off",
    "",
    "off",
    "",
    "Auto",
    "",
    "Auto",
    "Inherit from model",
    "Inherit from model",
    "Inherit from model",
    "Inherit from model",
    "Inherit from model",
    "Auto",
    "-1",
    "",
    "off",
    ""
   ],
   "tabs":[
    "Main",
    "-Other"
   ],
   "tabs_idx":[
    0,
    6
   ]
  },
  "viewer":{
   "jshandler":"webview/handlers/ElementHandler"
  },
  "obj_viewer":[
  ],
  "finder":{
   "blocktype":"SubSystem",
   "masktype":""
  }
 },
 {
  "sid":"CM200C_DmaCfgAndUse:32",
  "className":"Copyright Information",
  "icon":"WebViewIcon2",
  "name":"CopyRight2",
  "parent":"CM200C_DmaCfgAndUse:30",
  "inspector":{
   "params":[
    "none"
   ],
   "values":[
    "on"
   ],
   "tabs":[
   ],
   "tabs_idx":[
   ]
  },
  "viewer":{
   "jshandler":"webview/handlers/ElementHandler"
  },
  "obj_viewer":[
  ],
  "finder":{
   "blocktype":"SubSystem",
   "masktype":"Copyright Information"
  }
 },
 {
  "sid":"CM200C_DmaCfgAndUse:133",
  "className":"Simulink.SubSystem",
  "icon":"WebViewIcon3",
  "name":"GetTiSpan1MicroSec32bit",
  "parent":"CM200C_DmaCfgAndUse:30",
  "inspector":{
   "params":[
    "ShowPortLabels",
    "Permissions",
    "ErrorFcn",
    "PermitHierarchicalResolution",
    "TreatAsAtomicUnit",
    "TreatAsGroupedWhenPropagatingVariantConditions",
    "ActiveVariant",
    "ActiveVariantBlock",
    "BlockChoice",
    "CheckFcnCallInpInsideContextMsg",
    "FunctionInterfaceSpec",
    "FunctionWithSeparateData",
    "GeneratePreprocessorConditionals",
    "IsSubsystemVirtual",
    "MemberBlocks",
    "MinAlgLoopOccurrences",
    "OverrideUsingVariant",
    "PropExecContextOutsideSubsystem",
    "RTWFcnName",
    "RTWFcnNameOpts",
    "RTWFileName",
    "RTWFileNameOpts",
    "RTWMemSecDataConstants",
    "RTWMemSecDataInternal",
    "RTWMemSecDataParameters",
    "RTWMemSecFuncExecute",
    "RTWMemSecFuncInitTerm",
    "RTWSystemCode",
    "SystemSampleTime",
    "TemplateBlock",
    "Variant",
    "VariantControl"
   ],
   "values":[
    "FromPortIcon",
    "ReadWrite",
    "",
    "All",
    "off",
    "on",
    "",
    "",
    "",
    "off",
    "void_void",
    "off",
    "off",
    "on",
    "",
    "off",
    "",
    "off",
    "",
    "Auto",
    "",
    "Auto",
    "Inherit from model",
    "Inherit from model",
    "Inherit from model",
    "Inherit from model",
    "Inherit from model",
    "Auto",
    "-1",
    "",
    "off",
    ""
   ],
   "tabs":[
    "Main",
    "-Other"
   ],
   "tabs_idx":[
    0,
    6
   ]
  },
  "viewer":{
   "jshandler":"webview/handlers/ElementHandler"
  },
  "obj_viewer":[
  ],
  "finder":{
   "blocktype":"SubSystem",
   "masktype":""
  }
 },
 {
  "sid":"CM200C_DmaCfgAndUse:134",
  "className":"Copyright Information",
  "icon":"WebViewIcon2",
  "name":"CopyRight2",
  "parent":"CM200C_DmaCfgAndUse:133",
  "inspector":{
   "params":[
    "none"
   ],
   "values":[
    "on"
   ],
   "tabs":[
   ],
   "tabs_idx":[
   ]
  },
  "viewer":{
   "jshandler":"webview/handlers/ElementHandler"
  },
  "obj_viewer":[
  ],
  "finder":{
   "blocktype":"SubSystem",
   "masktype":"Copyright Information"
  }
 },
 {
  "sid":"CM200C_DmaCfgAndUse:381",
  "className":"Simulink.SubSystem",
  "icon":"WebViewIcon3",
  "name":"If Action Subsystem",
  "parent":"CM200C_DmaCfgAndUse:30",
  "inspector":{
   "params":[
    "ShowPortLabels",
    "Permissions",
    "ErrorFcn",
    "PermitHierarchicalResolution",
    "TreatAsAtomicUnit",
    "TreatAsGroupedWhenPropagatingVariantConditions",
    "ActiveVariant",
    "ActiveVariantBlock",
    "BlockChoice",
    "CheckFcnCallInpInsideContextMsg",
    "FunctionInterfaceSpec",
    "FunctionWithSeparateData",
    "GeneratePreprocessorConditionals",
    "IsSubsystemVirtual",
    "MemberBlocks",
    "MinAlgLoopOccurrences",
    "OverrideUsingVariant",
    "PropExecContextOutsideSubsystem",
    "RTWFcnName",
    "RTWFcnNameOpts",
    "RTWFileName",
    "RTWFileNameOpts",
    "RTWMemSecDataConstants",
    "RTWMemSecDataInternal",
    "RTWMemSecDataParameters",
    "RTWMemSecFuncExecute",
    "RTWMemSecFuncInitTerm",
    "RTWSystemCode",
    "SystemSampleTime",
    "TemplateBlock",
    "Variant",
    "VariantControl"
   ],
   "values":[
    "FromPortIcon",
    "ReadWrite",
    "",
    "All",
    "on",
    "on",
    "",
    "",
    "",
    "off",
    "void_void",
    "off",
    "off",
    "off",
    "",
    "off",
    "",
    "off",
    "",
    "Auto",
    "",
    "Auto",
    "Inherit from model",
    "Inherit from model",
    "Inherit from model",
    "Inherit from model",
    "Inherit from model",
    "Auto",
    "-1",
    "",
    "off",
    ""
   ],
   "tabs":[
    "Main",
    "-Other"
   ],
   "tabs_idx":[
    0,
    6
   ]
  },
  "viewer":{
   "jshandler":"webview/handlers/ElementHandler"
  },
  "obj_viewer":[
  ],
  "finder":{
   "blocktype":"SubSystem",
   "masktype":""
  }
 },
 {
  "sid":"CM200C_DmaCfgAndUse:387",
  "className":"Copyright Information",
  "icon":"WebViewIcon2",
  "name":"CopyRight2",
  "parent":"CM200C_DmaCfgAndUse:381",
  "inspector":{
   "params":[
    "none"
   ],
   "values":[
    "on"
   ],
   "tabs":[
   ],
   "tabs_idx":[
   ]
  },
  "viewer":{
   "jshandler":"webview/handlers/ElementHandler"
  },
  "obj_viewer":[
  ],
  "finder":{
   "blocktype":"SubSystem",
   "masktype":"Copyright Information"
  }
 },
 {
  "sid":"CM200C_DmaCfgAndUse:607",
  "className":"Simulink.SubSystem",
  "icon":"WebViewIcon3",
  "name":"InjDmaErr",
  "parent":"CM200C_DmaCfgAndUse:6",
  "inspector":{
   "params":[
    "ShowPortLabels",
    "Permissions",
    "ErrorFcn",
    "PermitHierarchicalResolution",
    "TreatAsAtomicUnit",
    "TreatAsGroupedWhenPropagatingVariantConditions",
    "ActiveVariant",
    "ActiveVariantBlock",
    "BlockChoice",
    "CheckFcnCallInpInsideContextMsg",
    "FunctionInterfaceSpec",
    "FunctionWithSeparateData",
    "GeneratePreprocessorConditionals",
    "IsSubsystemVirtual",
    "MemberBlocks",
    "MinAlgLoopOccurrences",
    "OverrideUsingVariant",
    "PropExecContextOutsideSubsystem",
    "RTWFcnName",
    "RTWFcnNameOpts",
    "RTWFileName",
    "RTWFileNameOpts",
    "RTWMemSecDataConstants",
    "RTWMemSecDataInternal",
    "RTWMemSecDataParameters",
    "RTWMemSecFuncExecute",
    "RTWMemSecFuncInitTerm",
    "RTWSystemCode",
    "SystemSampleTime",
    "TemplateBlock",
    "Variant",
    "VariantControl"
   ],
   "values":[
    "FromPortIcon",
    "ReadWrite",
    "",
    "All",
    "on",
    "on",
    "",
    "",
    "",
    "off",
    "void_void",
    "off",
    "off",
    "off",
    "",
    "off",
    "",
    "off",
    "",
    "Auto",
    "",
    "Auto",
    "Inherit from model",
    "Inherit from model",
    "Inherit from model",
    "Inherit from model",
    "Inherit from model",
    "Auto",
    "-1",
    "",
    "off",
    ""
   ],
   "tabs":[
    "Main",
    "-Other"
   ],
   "tabs_idx":[
    0,
    6
   ]
  },
  "viewer":{
   "jshandler":"webview/handlers/ElementHandler"
  },
  "obj_viewer":[
  ],
  "finder":{
   "blocktype":"SubSystem",
   "masktype":""
  }
 },
 {
  "sid":"CM200C_DmaCfgAndUse:609",
  "className":"Copyright Information",
  "icon":"WebViewIcon2",
  "name":"CopyRight2",
  "parent":"CM200C_DmaCfgAndUse:607",
  "inspector":{
   "params":[
    "none"
   ],
   "values":[
    "on"
   ],
   "tabs":[
   ],
   "tabs_idx":[
   ]
  },
  "viewer":{
   "jshandler":"webview/handlers/ElementHandler"
  },
  "obj_viewer":[
  ],
  "finder":{
   "blocktype":"SubSystem",
   "masktype":"Copyright Information"
  }
 },
 {
  "sid":"CM200C_DmaCfgAndUse:610",
  "className":"Simulink.SubSystem",
  "icon":"WebViewIcon3",
  "name":"Variant Subsystem",
  "parent":"CM200C_DmaCfgAndUse:607",
  "inspector":{
   "params":[
    "ShowPortLabels",
    "Permissions",
    "ErrorFcn",
    "PermitHierarchicalResolution",
    "TreatAsAtomicUnit",
    "TreatAsGroupedWhenPropagatingVariantConditions",
    "ActiveVariant",
    "ActiveVariantBlock",
    "BlockChoice",
    "CheckFcnCallInpInsideContextMsg",
    "FunctionInterfaceSpec",
    "FunctionWithSeparateData",
    "GeneratePreprocessorConditionals",
    "IsSubsystemVirtual",
    "MemberBlocks",
    "MinAlgLoopOccurrences",
    "OverrideUsingVariant",
    "PropExecContextOutsideSubsystem",
    "RTWFcnName",
    "RTWFcnNameOpts",
    "RTWFileName",
    "RTWFileNameOpts",
    "RTWMemSecDataConstants",
    "RTWMemSecDataInternal",
    "RTWMemSecDataParameters",
    "RTWMemSecFuncExecute",
    "RTWMemSecFuncInitTerm",
    "RTWSystemCode",
    "SystemSampleTime",
    "TemplateBlock",
    "Variant",
    "VariantControl"
   ],
   "values":[
    "FromPortIcon",
    "ReadWrite",
    "",
    "All",
    "off",
    "on",
    "",
    "CM200C_DmaCfgAndUse/DmaCfgAndUse/InjDmaErr/Variant Subsystem/ErrInj",
    "",
    "off",
    "void_void",
    "off",
    "off",
    "on",
    "",
    "off",
    "",
    "off",
    "",
    "Auto",
    "",
    "Auto",
    "Inherit from model",
    "Inherit from model",
    "Inherit from model",
    "Inherit from model",
    "Inherit from model",
    "Auto",
    "-1",
    "",
    "on",
    ""
   ],
   "tabs":[
    "Main",
    "-Other"
   ],
   "tabs_idx":[
    0,
    6
   ]
  },
  "viewer":{
   "jshandler":"webview/handlers/ElementHandler"
  },
  "obj_viewer":[
  ],
  "finder":{
   "blocktype":"SubSystem",
   "masktype":""
  }
 },
 {
  "sid":"CM200C_DmaCfgAndUse:611",
  "className":"Simulink.SubSystem",
  "icon":"WebViewIcon3",
  "name":"ErrInj",
  "parent":"CM200C_DmaCfgAndUse:610",
  "inspector":{
   "params":[
    "ShowPortLabels",
    "Permissions",
    "ErrorFcn",
    "PermitHierarchicalResolution",
    "TreatAsAtomicUnit",
    "TreatAsGroupedWhenPropagatingVariantConditions",
    "ActiveVariant",
    "ActiveVariantBlock",
    "BlockChoice",
    "CheckFcnCallInpInsideContextMsg",
    "FunctionInterfaceSpec",
    "FunctionWithSeparateData",
    "GeneratePreprocessorConditionals",
    "IsSubsystemVirtual",
    "MemberBlocks",
    "MinAlgLoopOccurrences",
    "OverrideUsingVariant",
    "PropExecContextOutsideSubsystem",
    "RTWFcnName",
    "RTWFcnNameOpts",
    "RTWFileName",
    "RTWFileNameOpts",
    "RTWMemSecDataConstants",
    "RTWMemSecDataInternal",
    "RTWMemSecDataParameters",
    "RTWMemSecFuncExecute",
    "RTWMemSecFuncInitTerm",
    "RTWSystemCode",
    "SystemSampleTime",
    "TemplateBlock",
    "Variant",
    "VariantControl"
   ],
   "values":[
    "FromPortIcon",
    "ReadWrite",
    "",
    "All",
    "off",
    "on",
    "",
    "",
    "",
    "off",
    "void_void",
    "off",
    "off",
    "on",
    "",
    "off",
    "",
    "off",
    "",
    "Auto",
    "",
    "Auto",
    "Inherit from model",
    "Inherit from model",
    "Inherit from model",
    "Inherit from model",
    "Inherit from model",
    "Auto",
    "-1",
    "",
    "off",
    "MCUDIAGCERRINJ == STD_ON"
   ],
   "tabs":[
    "Main",
    "-Other"
   ],
   "tabs_idx":[
    0,
    6
   ]
  },
  "viewer":{
   "jshandler":"webview/handlers/ElementHandler"
  },
  "obj_viewer":[
  ],
  "finder":{
   "blocktype":"SubSystem",
   "masktype":""
  }
 },
 {
  "sid":"CM200C_DmaCfgAndUse:612",
  "className":"Copyright Information",
  "icon":"WebViewIcon2",
  "name":"CopyRight2",
  "parent":"CM200C_DmaCfgAndUse:611",
  "inspector":{
   "params":[
    "none"
   ],
   "values":[
    "on"
   ],
   "tabs":[
   ],
   "tabs_idx":[
   ]
  },
  "viewer":{
   "jshandler":"webview/handlers/ElementHandler"
  },
  "obj_viewer":[
  ],
  "finder":{
   "blocktype":"SubSystem",
   "masktype":"Copyright Information"
  }
 },
 {
  "sid":"CM200C_DmaCfgAndUse:614",
  "className":"Simulink.SubSystem",
  "icon":"WebViewIcon3",
  "name":"If Action Subsystem",
  "parent":"CM200C_DmaCfgAndUse:611",
  "inspector":{
   "params":[
    "ShowPortLabels",
    "Permissions",
    "ErrorFcn",
    "PermitHierarchicalResolution",
    "TreatAsAtomicUnit",
    "TreatAsGroupedWhenPropagatingVariantConditions",
    "ActiveVariant",
    "ActiveVariantBlock",
    "BlockChoice",
    "CheckFcnCallInpInsideContextMsg",
    "FunctionInterfaceSpec",
    "FunctionWithSeparateData",
    "GeneratePreprocessorConditionals",
    "IsSubsystemVirtual",
    "MemberBlocks",
    "MinAlgLoopOccurrences",
    "OverrideUsingVariant",
    "PropExecContextOutsideSubsystem",
    "RTWFcnName",
    "RTWFcnNameOpts",
    "RTWFileName",
    "RTWFileNameOpts",
    "RTWMemSecDataConstants",
    "RTWMemSecDataInternal",
    "RTWMemSecDataParameters",
    "RTWMemSecFuncExecute",
    "RTWMemSecFuncInitTerm",
    "RTWSystemCode",
    "SystemSampleTime",
    "TemplateBlock",
    "Variant",
    "VariantControl"
   ],
   "values":[
    "FromPortIcon",
    "ReadWrite",
    "",
    "All",
    "on",
    "on",
    "",
    "",
    "",
    "off",
    "void_void",
    "off",
    "off",
    "off",
    "",
    "off",
    "",
    "off",
    "",
    "Auto",
    "",
    "Auto",
    "Inherit from model",
    "Inherit from model",
    "Inherit from model",
    "Inherit from model",
    "Inherit from model",
    "Auto",
    "-1",
    "",
    "off",
    ""
   ],
   "tabs":[
    "Main",
    "-Other"
   ],
   "tabs_idx":[
    0,
    6
   ]
  },
  "viewer":{
   "jshandler":"webview/handlers/ElementHandler"
  },
  "obj_viewer":[
  ],
  "finder":{
   "blocktype":"SubSystem",
   "masktype":""
  }
 },
 {
  "sid":"CM200C_DmaCfgAndUse:616",
  "className":"Simulink.SubSystem",
  "icon":"WebViewIcon3",
  "name":"ClrErrInjReg",
  "parent":"CM200C_DmaCfgAndUse:614",
  "inspector":{
   "params":[
    "ShowPortLabels",
    "Permissions",
    "ErrorFcn",
    "PermitHierarchicalResolution",
    "TreatAsAtomicUnit",
    "TreatAsGroupedWhenPropagatingVariantConditions",
    "ActiveVariant",
    "ActiveVariantBlock",
    "BlockChoice",
    "CheckFcnCallInpInsideContextMsg",
    "FunctionInterfaceSpec",
    "FunctionWithSeparateData",
    "GeneratePreprocessorConditionals",
    "IsSubsystemVirtual",
    "MemberBlocks",
    "MinAlgLoopOccurrences",
    "OverrideUsingVariant",
    "PropExecContextOutsideSubsystem",
    "RTWFcnName",
    "RTWFcnNameOpts",
    "RTWFileName",
    "RTWFileNameOpts",
    "RTWMemSecDataConstants",
    "RTWMemSecDataInternal",
    "RTWMemSecDataParameters",
    "RTWMemSecFuncExecute",
    "RTWMemSecFuncInitTerm",
    "RTWSystemCode",
    "SystemSampleTime",
    "TemplateBlock",
    "Variant",
    "VariantControl"
   ],
   "values":[
    "FromPortIcon",
    "ReadWrite",
    "",
    "All",
    "off",
    "on",
    "",
    "",
    "",
    "off",
    "void_void",
    "off",
    "off",
    "on",
    "",
    "off",
    "",
    "off",
    "",
    "Auto",
    "",
    "Auto",
    "Inherit from model",
    "Inherit from model",
    "Inherit from model",
    "Inherit from model",
    "Inherit from model",
    "Auto",
    "-1",
    "",
    "off",
    ""
   ],
   "tabs":[
    "Main",
    "-Other"
   ],
   "tabs_idx":[
    0,
    6
   ]
  },
  "viewer":{
   "jshandler":"webview/handlers/ElementHandler"
  },
  "obj_viewer":[
  ],
  "finder":{
   "blocktype":"SubSystem",
   "masktype":""
  }
 },
 {
  "sid":"CM200C_DmaCfgAndUse:617",
  "className":"Copyright Information",
  "icon":"WebViewIcon2",
  "name":"CopyRight2",
  "parent":"CM200C_DmaCfgAndUse:616",
  "inspector":{
   "params":[
    "none"
   ],
   "values":[
    "on"
   ],
   "tabs":[
   ],
   "tabs_idx":[
   ]
  },
  "viewer":{
   "jshandler":"webview/handlers/ElementHandler"
  },
  "obj_viewer":[
  ],
  "finder":{
   "blocktype":"SubSystem",
   "masktype":"Copyright Information"
  }
 },
 {
  "sid":"CM200C_DmaCfgAndUse:620",
  "className":"Copyright Information",
  "icon":"WebViewIcon2",
  "name":"CopyRight2",
  "parent":"CM200C_DmaCfgAndUse:614",
  "inspector":{
   "params":[
    "none"
   ],
   "values":[
    "on"
   ],
   "tabs":[
   ],
   "tabs_idx":[
   ]
  },
  "viewer":{
   "jshandler":"webview/handlers/ElementHandler"
  },
  "obj_viewer":[
  ],
  "finder":{
   "blocktype":"SubSystem",
   "masktype":"Copyright Information"
  }
 },
 {
  "sid":"CM200C_DmaCfgAndUse:632",
  "className":"Simulink.SubSystem",
  "icon":"WebViewIcon3",
  "name":"If Action Subsystem1",
  "parent":"CM200C_DmaCfgAndUse:611",
  "inspector":{
   "params":[
    "ShowPortLabels",
    "Permissions",
    "ErrorFcn",
    "PermitHierarchicalResolution",
    "TreatAsAtomicUnit",
    "TreatAsGroupedWhenPropagatingVariantConditions",
    "ActiveVariant",
    "ActiveVariantBlock",
    "BlockChoice",
    "CheckFcnCallInpInsideContextMsg",
    "FunctionInterfaceSpec",
    "FunctionWithSeparateData",
    "GeneratePreprocessorConditionals",
    "IsSubsystemVirtual",
    "MemberBlocks",
    "MinAlgLoopOccurrences",
    "OverrideUsingVariant",
    "PropExecContextOutsideSubsystem",
    "RTWFcnName",
    "RTWFcnNameOpts",
    "RTWFileName",
    "RTWFileNameOpts",
    "RTWMemSecDataConstants",
    "RTWMemSecDataInternal",
    "RTWMemSecDataParameters",
    "RTWMemSecFuncExecute",
    "RTWMemSecFuncInitTerm",
    "RTWSystemCode",
    "SystemSampleTime",
    "TemplateBlock",
    "Variant",
    "VariantControl"
   ],
   "values":[
    "FromPortIcon",
    "ReadWrite",
    "",
    "All",
    "on",
    "on",
    "",
    "",
    "",
    "off",
    "void_void",
    "off",
    "off",
    "off",
    "",
    "off",
    "",
    "off",
    "",
    "Auto",
    "",
    "Auto",
    "Inherit from model",
    "Inherit from model",
    "Inherit from model",
    "Inherit from model",
    "Inherit from model",
    "Auto",
    "-1",
    "",
    "off",
    ""
   ],
   "tabs":[
    "Main",
    "-Other"
   ],
   "tabs_idx":[
    0,
    6
   ]
  },
  "viewer":{
   "jshandler":"webview/handlers/ElementHandler"
  },
  "obj_viewer":[
  ],
  "finder":{
   "blocktype":"SubSystem",
   "masktype":""
  }
 },
 {
  "sid":"CM200C_DmaCfgAndUse:634",
  "className":"Simulink.SubSystem",
  "icon":"WebViewIcon3",
  "name":"ClrErrInjReg",
  "parent":"CM200C_DmaCfgAndUse:632",
  "inspector":{
   "params":[
    "ShowPortLabels",
    "Permissions",
    "ErrorFcn",
    "PermitHierarchicalResolution",
    "TreatAsAtomicUnit",
    "TreatAsGroupedWhenPropagatingVariantConditions",
    "ActiveVariant",
    "ActiveVariantBlock",
    "BlockChoice",
    "CheckFcnCallInpInsideContextMsg",
    "FunctionInterfaceSpec",
    "FunctionWithSeparateData",
    "GeneratePreprocessorConditionals",
    "IsSubsystemVirtual",
    "MemberBlocks",
    "MinAlgLoopOccurrences",
    "OverrideUsingVariant",
    "PropExecContextOutsideSubsystem",
    "RTWFcnName",
    "RTWFcnNameOpts",
    "RTWFileName",
    "RTWFileNameOpts",
    "RTWMemSecDataConstants",
    "RTWMemSecDataInternal",
    "RTWMemSecDataParameters",
    "RTWMemSecFuncExecute",
    "RTWMemSecFuncInitTerm",
    "RTWSystemCode",
    "SystemSampleTime",
    "TemplateBlock",
    "Variant",
    "VariantControl"
   ],
   "values":[
    "FromPortIcon",
    "ReadWrite",
    "",
    "All",
    "off",
    "on",
    "",
    "",
    "",
    "off",
    "void_void",
    "off",
    "off",
    "on",
    "",
    "off",
    "",
    "off",
    "",
    "Auto",
    "",
    "Auto",
    "Inherit from model",
    "Inherit from model",
    "Inherit from model",
    "Inherit from model",
    "Inherit from model",
    "Auto",
    "-1",
    "",
    "off",
    ""
   ],
   "tabs":[
    "Main",
    "-Other"
   ],
   "tabs_idx":[
    0,
    6
   ]
  },
  "viewer":{
   "jshandler":"webview/handlers/ElementHandler"
  },
  "obj_viewer":[
  ],
  "finder":{
   "blocktype":"SubSystem",
   "masktype":""
  }
 },
 {
  "sid":"CM200C_DmaCfgAndUse:635",
  "className":"Copyright Information",
  "icon":"WebViewIcon2",
  "name":"CopyRight2",
  "parent":"CM200C_DmaCfgAndUse:634",
  "inspector":{
   "params":[
    "none"
   ],
   "values":[
    "on"
   ],
   "tabs":[
   ],
   "tabs_idx":[
   ]
  },
  "viewer":{
   "jshandler":"webview/handlers/ElementHandler"
  },
  "obj_viewer":[
  ],
  "finder":{
   "blocktype":"SubSystem",
   "masktype":"Copyright Information"
  }
 },
 {
  "sid":"CM200C_DmaCfgAndUse:637",
  "className":"Copyright Information",
  "icon":"WebViewIcon2",
  "name":"CopyRight2",
  "parent":"CM200C_DmaCfgAndUse:632",
  "inspector":{
   "params":[
    "none"
   ],
   "values":[
    "on"
   ],
   "tabs":[
   ],
   "tabs_idx":[
   ]
  },
  "viewer":{
   "jshandler":"webview/handlers/ElementHandler"
  },
  "obj_viewer":[
  ],
  "finder":{
   "blocktype":"SubSystem",
   "masktype":"Copyright Information"
  }
 },
 {
  "sid":"CM200C_DmaCfgAndUse:644",
  "className":"Simulink.SubSystem",
  "icon":"WebViewIcon3",
  "name":"If Action Subsystem2",
  "parent":"CM200C_DmaCfgAndUse:611",
  "inspector":{
   "params":[
    "ShowPortLabels",
    "Permissions",
    "ErrorFcn",
    "PermitHierarchicalResolution",
    "TreatAsAtomicUnit",
    "TreatAsGroupedWhenPropagatingVariantConditions",
    "ActiveVariant",
    "ActiveVariantBlock",
    "BlockChoice",
    "CheckFcnCallInpInsideContextMsg",
    "FunctionInterfaceSpec",
    "FunctionWithSeparateData",
    "GeneratePreprocessorConditionals",
    "IsSubsystemVirtual",
    "MemberBlocks",
    "MinAlgLoopOccurrences",
    "OverrideUsingVariant",
    "PropExecContextOutsideSubsystem",
    "RTWFcnName",
    "RTWFcnNameOpts",
    "RTWFileName",
    "RTWFileNameOpts",
    "RTWMemSecDataConstants",
    "RTWMemSecDataInternal",
    "RTWMemSecDataParameters",
    "RTWMemSecFuncExecute",
    "RTWMemSecFuncInitTerm",
    "RTWSystemCode",
    "SystemSampleTime",
    "TemplateBlock",
    "Variant",
    "VariantControl"
   ],
   "values":[
    "FromPortIcon",
    "ReadWrite",
    "",
    "All",
    "on",
    "on",
    "",
    "",
    "",
    "off",
    "void_void",
    "off",
    "off",
    "off",
    "",
    "off",
    "",
    "off",
    "",
    "Auto",
    "",
    "Auto",
    "Inherit from model",
    "Inherit from model",
    "Inherit from model",
    "Inherit from model",
    "Inherit from model",
    "Auto",
    "-1",
    "",
    "off",
    ""
   ],
   "tabs":[
    "Main",
    "-Other"
   ],
   "tabs_idx":[
    0,
    6
   ]
  },
  "viewer":{
   "jshandler":"webview/handlers/ElementHandler"
  },
  "obj_viewer":[
  ],
  "finder":{
   "blocktype":"SubSystem",
   "masktype":""
  }
 },
 {
  "sid":"CM200C_DmaCfgAndUse:646",
  "className":"Simulink.SubSystem",
  "icon":"WebViewIcon3",
  "name":"ClrErrInjReg",
  "parent":"CM200C_DmaCfgAndUse:644",
  "inspector":{
   "params":[
    "ShowPortLabels",
    "Permissions",
    "ErrorFcn",
    "PermitHierarchicalResolution",
    "TreatAsAtomicUnit",
    "TreatAsGroupedWhenPropagatingVariantConditions",
    "ActiveVariant",
    "ActiveVariantBlock",
    "BlockChoice",
    "CheckFcnCallInpInsideContextMsg",
    "FunctionInterfaceSpec",
    "FunctionWithSeparateData",
    "GeneratePreprocessorConditionals",
    "IsSubsystemVirtual",
    "MemberBlocks",
    "MinAlgLoopOccurrences",
    "OverrideUsingVariant",
    "PropExecContextOutsideSubsystem",
    "RTWFcnName",
    "RTWFcnNameOpts",
    "RTWFileName",
    "RTWFileNameOpts",
    "RTWMemSecDataConstants",
    "RTWMemSecDataInternal",
    "RTWMemSecDataParameters",
    "RTWMemSecFuncExecute",
    "RTWMemSecFuncInitTerm",
    "RTWSystemCode",
    "SystemSampleTime",
    "TemplateBlock",
    "Variant",
    "VariantControl"
   ],
   "values":[
    "FromPortIcon",
    "ReadWrite",
    "",
    "All",
    "off",
    "on",
    "",
    "",
    "",
    "off",
    "void_void",
    "off",
    "off",
    "on",
    "",
    "off",
    "",
    "off",
    "",
    "Auto",
    "",
    "Auto",
    "Inherit from model",
    "Inherit from model",
    "Inherit from model",
    "Inherit from model",
    "Inherit from model",
    "Auto",
    "-1",
    "",
    "off",
    ""
   ],
   "tabs":[
    "Main",
    "-Other"
   ],
   "tabs_idx":[
    0,
    6
   ]
  },
  "viewer":{
   "jshandler":"webview/handlers/ElementHandler"
  },
  "obj_viewer":[
  ],
  "finder":{
   "blocktype":"SubSystem",
   "masktype":""
  }
 },
 {
  "sid":"CM200C_DmaCfgAndUse:647",
  "className":"Copyright Information",
  "icon":"WebViewIcon2",
  "name":"CopyRight2",
  "parent":"CM200C_DmaCfgAndUse:646",
  "inspector":{
   "params":[
    "none"
   ],
   "values":[
    "on"
   ],
   "tabs":[
   ],
   "tabs_idx":[
   ]
  },
  "viewer":{
   "jshandler":"webview/handlers/ElementHandler"
  },
  "obj_viewer":[
  ],
  "finder":{
   "blocktype":"SubSystem",
   "masktype":"Copyright Information"
  }
 },
 {
  "sid":"CM200C_DmaCfgAndUse:648",
  "className":"Copyright Information",
  "icon":"WebViewIcon2",
  "name":"CopyRight2",
  "parent":"CM200C_DmaCfgAndUse:644",
  "inspector":{
   "params":[
    "none"
   ],
   "values":[
    "on"
   ],
   "tabs":[
   ],
   "tabs_idx":[
   ]
  },
  "viewer":{
   "jshandler":"webview/handlers/ElementHandler"
  },
  "obj_viewer":[
  ],
  "finder":{
   "blocktype":"SubSystem",
   "masktype":"Copyright Information"
  }
 },
 {
  "sid":"CM200C_DmaCfgAndUse:655",
  "className":"Simulink.SubSystem",
  "icon":"WebViewIcon3",
  "name":"ReadErrInjReg",
  "parent":"CM200C_DmaCfgAndUse:611",
  "inspector":{
   "params":[
    "ShowPortLabels",
    "Permissions",
    "ErrorFcn",
    "PermitHierarchicalResolution",
    "TreatAsAtomicUnit",
    "TreatAsGroupedWhenPropagatingVariantConditions",
    "ActiveVariant",
    "ActiveVariantBlock",
    "BlockChoice",
    "CheckFcnCallInpInsideContextMsg",
    "FunctionInterfaceSpec",
    "FunctionWithSeparateData",
    "GeneratePreprocessorConditionals",
    "IsSubsystemVirtual",
    "MemberBlocks",
    "MinAlgLoopOccurrences",
    "OverrideUsingVariant",
    "PropExecContextOutsideSubsystem",
    "RTWFcnName",
    "RTWFcnNameOpts",
    "RTWFileName",
    "RTWFileNameOpts",
    "RTWMemSecDataConstants",
    "RTWMemSecDataInternal",
    "RTWMemSecDataParameters",
    "RTWMemSecFuncExecute",
    "RTWMemSecFuncInitTerm",
    "RTWSystemCode",
    "SystemSampleTime",
    "TemplateBlock",
    "Variant",
    "VariantControl"
   ],
   "values":[
    "FromPortIcon",
    "ReadWrite",
    "",
    "All",
    "off",
    "on",
    "",
    "",
    "",
    "off",
    "void_void",
    "off",
    "off",
    "on",
    "",
    "off",
    "",
    "off",
    "",
    "Auto",
    "",
    "Auto",
    "Inherit from model",
    "Inherit from model",
    "Inherit from model",
    "Inherit from model",
    "Inherit from model",
    "Auto",
    "-1",
    "",
    "off",
    ""
   ],
   "tabs":[
    "Main",
    "-Other"
   ],
   "tabs_idx":[
    0,
    6
   ]
  },
  "viewer":{
   "jshandler":"webview/handlers/ElementHandler"
  },
  "obj_viewer":[
  ],
  "finder":{
   "blocktype":"SubSystem",
   "masktype":""
  }
 },
 {
  "sid":"CM200C_DmaCfgAndUse:656",
  "className":"Copyright Information",
  "icon":"WebViewIcon2",
  "name":"CopyRight2",
  "parent":"CM200C_DmaCfgAndUse:655",
  "inspector":{
   "params":[
    "none"
   ],
   "values":[
    "on"
   ],
   "tabs":[
   ],
   "tabs_idx":[
   ]
  },
  "viewer":{
   "jshandler":"webview/handlers/ElementHandler"
  },
  "obj_viewer":[
  ],
  "finder":{
   "blocktype":"SubSystem",
   "masktype":"Copyright Information"
  }
 },
 {
  "sid":"CM200C_DmaCfgAndUse:661",
  "className":"Simulink.SubSystem",
  "icon":"WebViewIcon3",
  "name":"InjMcuDiagcErr",
  "parent":"CM200C_DmaCfgAndUse:6",
  "inspector":{
   "params":[
    "ShowPortLabels",
    "Permissions",
    "ErrorFcn",
    "PermitHierarchicalResolution",
    "TreatAsAtomicUnit",
    "TreatAsGroupedWhenPropagatingVariantConditions",
    "ActiveVariant",
    "ActiveVariantBlock",
    "BlockChoice",
    "CheckFcnCallInpInsideContextMsg",
    "FunctionInterfaceSpec",
    "FunctionWithSeparateData",
    "GeneratePreprocessorConditionals",
    "IsSubsystemVirtual",
    "MemberBlocks",
    "MinAlgLoopOccurrences",
    "OverrideUsingVariant",
    "PropExecContextOutsideSubsystem",
    "RTWFcnName",
    "RTWFcnNameOpts",
    "RTWFileName",
    "RTWFileNameOpts",
    "RTWMemSecDataConstants",
    "RTWMemSecDataInternal",
    "RTWMemSecDataParameters",
    "RTWMemSecFuncExecute",
    "RTWMemSecFuncInitTerm",
    "RTWSystemCode",
    "SystemSampleTime",
    "TemplateBlock",
    "Variant",
    "VariantControl"
   ],
   "values":[
    "FromPortIcon",
    "ReadWrite",
    "",
    "All",
    "on",
    "on",
    "",
    "",
    "",
    "off",
    "void_void",
    "off",
    "off",
    "off",
    "",
    "off",
    "",
    "off",
    "",
    "Auto",
    "",
    "Auto",
    "Inherit from model",
    "Inherit from model",
    "Inherit from model",
    "Inherit from model",
    "Inherit from model",
    "Auto",
    "-1",
    "",
    "off",
    ""
   ],
   "tabs":[
    "Main",
    "-Other"
   ],
   "tabs_idx":[
    0,
    6
   ]
  },
  "viewer":{
   "jshandler":"webview/handlers/ElementHandler"
  },
  "obj_viewer":[
  ],
  "finder":{
   "blocktype":"SubSystem",
   "masktype":""
  }
 },
 {
  "sid":"CM200C_DmaCfgAndUse:663",
  "className":"Copyright Information",
  "icon":"WebViewIcon2",
  "name":"CopyRight2",
  "parent":"CM200C_DmaCfgAndUse:661",
  "inspector":{
   "params":[
    "none"
   ],
   "values":[
    "on"
   ],
   "tabs":[
   ],
   "tabs_idx":[
   ]
  },
  "viewer":{
   "jshandler":"webview/handlers/ElementHandler"
  },
  "obj_viewer":[
  ],
  "finder":{
   "blocktype":"SubSystem",
   "masktype":"Copyright Information"
  }
 },
 {
  "sid":"CM200C_DmaCfgAndUse:664",
  "className":"Simulink.SubSystem",
  "icon":"WebViewIcon3",
  "name":"Variant Subsystem",
  "parent":"CM200C_DmaCfgAndUse:661",
  "inspector":{
   "params":[
    "ShowPortLabels",
    "Permissions",
    "ErrorFcn",
    "PermitHierarchicalResolution",
    "TreatAsAtomicUnit",
    "TreatAsGroupedWhenPropagatingVariantConditions",
    "ActiveVariant",
    "ActiveVariantBlock",
    "BlockChoice",
    "CheckFcnCallInpInsideContextMsg",
    "FunctionInterfaceSpec",
    "FunctionWithSeparateData",
    "GeneratePreprocessorConditionals",
    "IsSubsystemVirtual",
    "MemberBlocks",
    "MinAlgLoopOccurrences",
    "OverrideUsingVariant",
    "PropExecContextOutsideSubsystem",
    "RTWFcnName",
    "RTWFcnNameOpts",
    "RTWFileName",
    "RTWFileNameOpts",
    "RTWMemSecDataConstants",
    "RTWMemSecDataInternal",
    "RTWMemSecDataParameters",
    "RTWMemSecFuncExecute",
    "RTWMemSecFuncInitTerm",
    "RTWSystemCode",
    "SystemSampleTime",
    "TemplateBlock",
    "Variant",
    "VariantControl"
   ],
   "values":[
    "FromPortIcon",
    "ReadWrite",
    "",
    "All",
    "off",
    "on",
    "",
    "CM200C_DmaCfgAndUse/DmaCfgAndUse/InjMcuDiagcErr/Variant Subsystem/ErrInj",
    "",
    "off",
    "void_void",
    "off",
    "off",
    "on",
    "",
    "off",
    "",
    "off",
    "",
    "Auto",
    "",
    "Auto",
    "Inherit from model",
    "Inherit from model",
    "Inherit from model",
    "Inherit from model",
    "Inherit from model",
    "Auto",
    "-1",
    "",
    "on",
    ""
   ],
   "tabs":[
    "Main",
    "-Other"
   ],
   "tabs_idx":[
    0,
    6
   ]
  },
  "viewer":{
   "jshandler":"webview/handlers/ElementHandler"
  },
  "obj_viewer":[
  ],
  "finder":{
   "blocktype":"SubSystem",
   "masktype":""
  }
 },
 {
  "sid":"CM200C_DmaCfgAndUse:665",
  "className":"Simulink.SubSystem",
  "icon":"WebViewIcon3",
  "name":"ErrInj",
  "parent":"CM200C_DmaCfgAndUse:664",
  "inspector":{
   "params":[
    "ShowPortLabels",
    "Permissions",
    "ErrorFcn",
    "PermitHierarchicalResolution",
    "TreatAsAtomicUnit",
    "TreatAsGroupedWhenPropagatingVariantConditions",
    "ActiveVariant",
    "ActiveVariantBlock",
    "BlockChoice",
    "CheckFcnCallInpInsideContextMsg",
    "FunctionInterfaceSpec",
    "FunctionWithSeparateData",
    "GeneratePreprocessorConditionals",
    "IsSubsystemVirtual",
    "MemberBlocks",
    "MinAlgLoopOccurrences",
    "OverrideUsingVariant",
    "PropExecContextOutsideSubsystem",
    "RTWFcnName",
    "RTWFcnNameOpts",
    "RTWFileName",
    "RTWFileNameOpts",
    "RTWMemSecDataConstants",
    "RTWMemSecDataInternal",
    "RTWMemSecDataParameters",
    "RTWMemSecFuncExecute",
    "RTWMemSecFuncInitTerm",
    "RTWSystemCode",
    "SystemSampleTime",
    "TemplateBlock",
    "Variant",
    "VariantControl"
   ],
   "values":[
    "FromPortIcon",
    "ReadWrite",
    "",
    "All",
    "off",
    "on",
    "",
    "",
    "",
    "off",
    "void_void",
    "off",
    "off",
    "on",
    "",
    "off",
    "",
    "off",
    "",
    "Auto",
    "",
    "Auto",
    "Inherit from model",
    "Inherit from model",
    "Inherit from model",
    "Inherit from model",
    "Inherit from model",
    "Auto",
    "-1",
    "",
    "off",
    "MCUDIAGCERRINJ == STD_ON"
   ],
   "tabs":[
    "Main",
    "-Other"
   ],
   "tabs_idx":[
    0,
    6
   ]
  },
  "viewer":{
   "jshandler":"webview/handlers/ElementHandler"
  },
  "obj_viewer":[
  ],
  "finder":{
   "blocktype":"SubSystem",
   "masktype":""
  }
 },
 {
  "sid":"CM200C_DmaCfgAndUse:666",
  "className":"Simulink.SubSystem",
  "icon":"WebViewIcon3",
  "name":"Action",
  "parent":"CM200C_DmaCfgAndUse:665",
  "inspector":{
   "params":[
    "ShowPortLabels",
    "Permissions",
    "ErrorFcn",
    "PermitHierarchicalResolution",
    "TreatAsAtomicUnit",
    "TreatAsGroupedWhenPropagatingVariantConditions",
    "ActiveVariant",
    "ActiveVariantBlock",
    "BlockChoice",
    "CheckFcnCallInpInsideContextMsg",
    "FunctionInterfaceSpec",
    "FunctionWithSeparateData",
    "GeneratePreprocessorConditionals",
    "IsSubsystemVirtual",
    "MemberBlocks",
    "MinAlgLoopOccurrences",
    "OverrideUsingVariant",
    "PropExecContextOutsideSubsystem",
    "RTWFcnName",
    "RTWFcnNameOpts",
    "RTWFileName",
    "RTWFileNameOpts",
    "RTWMemSecDataConstants",
    "RTWMemSecDataInternal",
    "RTWMemSecDataParameters",
    "RTWMemSecFuncExecute",
    "RTWMemSecFuncInitTerm",
    "RTWSystemCode",
    "SystemSampleTime",
    "TemplateBlock",
    "Variant",
    "VariantControl"
   ],
   "values":[
    "FromPortIcon",
    "ReadWrite",
    "",
    "All",
    "on",
    "on",
    "",
    "",
    "",
    "off",
    "void_void",
    "off",
    "off",
    "off",
    "",
    "off",
    "",
    "off",
    "",
    "Auto",
    "",
    "Auto",
    "Inherit from model",
    "Inherit from model",
    "Inherit from model",
    "Inherit from model",
    "Inherit from model",
    "Auto",
    "-1",
    "",
    "off",
    ""
   ],
   "tabs":[
    "Main",
    "-Other"
   ],
   "tabs_idx":[
    0,
    6
   ]
  },
  "viewer":{
   "jshandler":"webview/handlers/ElementHandler"
  },
  "obj_viewer":[
  ],
  "finder":{
   "blocktype":"SubSystem",
   "masktype":""
  }
 },
 {
  "sid":"CM200C_DmaCfgAndUse:668",
  "className":"Simulink.SubSystem",
  "icon":"WebViewIcon3",
  "name":"ClrErrInjReg",
  "parent":"CM200C_DmaCfgAndUse:666",
  "inspector":{
   "params":[
    "ShowPortLabels",
    "Permissions",
    "ErrorFcn",
    "PermitHierarchicalResolution",
    "TreatAsAtomicUnit",
    "TreatAsGroupedWhenPropagatingVariantConditions",
    "ActiveVariant",
    "ActiveVariantBlock",
    "BlockChoice",
    "CheckFcnCallInpInsideContextMsg",
    "FunctionInterfaceSpec",
    "FunctionWithSeparateData",
    "GeneratePreprocessorConditionals",
    "IsSubsystemVirtual",
    "MemberBlocks",
    "MinAlgLoopOccurrences",
    "OverrideUsingVariant",
    "PropExecContextOutsideSubsystem",
    "RTWFcnName",
    "RTWFcnNameOpts",
    "RTWFileName",
    "RTWFileNameOpts",
    "RTWMemSecDataConstants",
    "RTWMemSecDataInternal",
    "RTWMemSecDataParameters",
    "RTWMemSecFuncExecute",
    "RTWMemSecFuncInitTerm",
    "RTWSystemCode",
    "SystemSampleTime",
    "TemplateBlock",
    "Variant",
    "VariantControl"
   ],
   "values":[
    "FromPortIcon",
    "ReadWrite",
    "",
    "All",
    "off",
    "on",
    "",
    "",
    "",
    "off",
    "void_void",
    "off",
    "off",
    "on",
    "",
    "off",
    "",
    "off",
    "",
    "Auto",
    "",
    "Auto",
    "Inherit from model",
    "Inherit from model",
    "Inherit from model",
    "Inherit from model",
    "Inherit from model",
    "Auto",
    "-1",
    "",
    "off",
    ""
   ],
   "tabs":[
    "Main",
    "-Other"
   ],
   "tabs_idx":[
    0,
    6
   ]
  },
  "viewer":{
   "jshandler":"webview/handlers/ElementHandler"
  },
  "obj_viewer":[
  ],
  "finder":{
   "blocktype":"SubSystem",
   "masktype":""
  }
 },
 {
  "sid":"CM200C_DmaCfgAndUse:669",
  "className":"Copyright Information",
  "icon":"WebViewIcon2",
  "name":"CopyRight2",
  "parent":"CM200C_DmaCfgAndUse:668",
  "inspector":{
   "params":[
    "none"
   ],
   "values":[
    "on"
   ],
   "tabs":[
   ],
   "tabs_idx":[
   ]
  },
  "viewer":{
   "jshandler":"webview/handlers/ElementHandler"
  },
  "obj_viewer":[
  ],
  "finder":{
   "blocktype":"SubSystem",
   "masktype":"Copyright Information"
  }
 },
 {
  "sid":"CM200C_DmaCfgAndUse:671",
  "className":"Copyright Information",
  "icon":"WebViewIcon2",
  "name":"CopyRight2",
  "parent":"CM200C_DmaCfgAndUse:666",
  "inspector":{
   "params":[
    "none"
   ],
   "values":[
    "on"
   ],
   "tabs":[
   ],
   "tabs_idx":[
   ]
  },
  "viewer":{
   "jshandler":"webview/handlers/ElementHandler"
  },
  "obj_viewer":[
  ],
  "finder":{
   "blocktype":"SubSystem",
   "masktype":"Copyright Information"
  }
 },
 {
  "sid":"CM200C_DmaCfgAndUse:673",
  "className":"Copyright Information",
  "icon":"WebViewIcon2",
  "name":"CopyRight2",
  "parent":"CM200C_DmaCfgAndUse:665",
  "inspector":{
   "params":[
    "none"
   ],
   "values":[
    "on"
   ],
   "tabs":[
   ],
   "tabs_idx":[
   ]
  },
  "viewer":{
   "jshandler":"webview/handlers/ElementHandler"
  },
  "obj_viewer":[
  ],
  "finder":{
   "blocktype":"SubSystem",
   "masktype":"Copyright Information"
  }
 },
 {
  "sid":"CM200C_DmaCfgAndUse:675",
  "className":"Simulink.SubSystem",
  "icon":"WebViewIcon3",
  "name":"ReadErrInjReg",
  "parent":"CM200C_DmaCfgAndUse:665",
  "inspector":{
   "params":[
    "ShowPortLabels",
    "Permissions",
    "ErrorFcn",
    "PermitHierarchicalResolution",
    "TreatAsAtomicUnit",
    "TreatAsGroupedWhenPropagatingVariantConditions",
    "ActiveVariant",
    "ActiveVariantBlock",
    "BlockChoice",
    "CheckFcnCallInpInsideContextMsg",
    "FunctionInterfaceSpec",
    "FunctionWithSeparateData",
    "GeneratePreprocessorConditionals",
    "IsSubsystemVirtual",
    "MemberBlocks",
    "MinAlgLoopOccurrences",
    "OverrideUsingVariant",
    "PropExecContextOutsideSubsystem",
    "RTWFcnName",
    "RTWFcnNameOpts",
    "RTWFileName",
    "RTWFileNameOpts",
    "RTWMemSecDataConstants",
    "RTWMemSecDataInternal",
    "RTWMemSecDataParameters",
    "RTWMemSecFuncExecute",
    "RTWMemSecFuncInitTerm",
    "RTWSystemCode",
    "SystemSampleTime",
    "TemplateBlock",
    "Variant",
    "VariantControl"
   ],
   "values":[
    "FromPortIcon",
    "ReadWrite",
    "",
    "All",
    "off",
    "on",
    "",
    "",
    "",
    "off",
    "void_void",
    "off",
    "off",
    "on",
    "",
    "off",
    "",
    "off",
    "",
    "Auto",
    "",
    "Auto",
    "Inherit from model",
    "Inherit from model",
    "Inherit from model",
    "Inherit from model",
    "Inherit from model",
    "Auto",
    "-1",
    "",
    "off",
    ""
   ],
   "tabs":[
    "Main",
    "-Other"
   ],
   "tabs_idx":[
    0,
    6
   ]
  },
  "viewer":{
   "jshandler":"webview/handlers/ElementHandler"
  },
  "obj_viewer":[
  ],
  "finder":{
   "blocktype":"SubSystem",
   "masktype":""
  }
 },
 {
  "sid":"CM200C_DmaCfgAndUse:676",
  "className":"Copyright Information",
  "icon":"WebViewIcon2",
  "name":"CopyRight2",
  "parent":"CM200C_DmaCfgAndUse:675",
  "inspector":{
   "params":[
    "none"
   ],
   "values":[
    "on"
   ],
   "tabs":[
   ],
   "tabs_idx":[
   ]
  },
  "viewer":{
   "jshandler":"webview/handlers/ElementHandler"
  },
  "obj_viewer":[
  ],
  "finder":{
   "blocktype":"SubSystem",
   "masktype":"Copyright Information"
  }
 },
 {
  "sid":"CM200C_DmaCfgAndUse:568",
  "className":"Simulink.SubSystem",
  "icon":"WebViewIcon3",
  "name":"Subsystem",
  "parent":"CM200C_DmaCfgAndUse",
  "inspector":{
   "params":[
    "ShowPortLabels",
    "Permissions",
    "ErrorFcn",
    "PermitHierarchicalResolution",
    "TreatAsAtomicUnit",
    "TreatAsGroupedWhenPropagatingVariantConditions",
    "ActiveVariant",
    "ActiveVariantBlock",
    "BlockChoice",
    "CheckFcnCallInpInsideContextMsg",
    "FunctionInterfaceSpec",
    "FunctionWithSeparateData",
    "GeneratePreprocessorConditionals",
    "IsSubsystemVirtual",
    "MemberBlocks",
    "MinAlgLoopOccurrences",
    "OverrideUsingVariant",
    "PropExecContextOutsideSubsystem",
    "RTWFcnName",
    "RTWFcnNameOpts",
    "RTWFileName",
    "RTWFileNameOpts",
    "RTWMemSecDataConstants",
    "RTWMemSecDataInternal",
    "RTWMemSecDataParameters",
    "RTWMemSecFuncExecute",
    "RTWMemSecFuncInitTerm",
    "RTWSystemCode",
    "SystemSampleTime",
    "TemplateBlock",
    "Variant",
    "VariantControl"
   ],
   "values":[
    "FromPortIcon",
    "ReadWrite",
    "",
    "All",
    "off",
    "on",
    "",
    "",
    "",
    "off",
    "void_void",
    "off",
    "off",
    "on",
    "",
    "off",
    "",
    "off",
    "",
    "Auto",
    "",
    "Auto",
    "Inherit from model",
    "Inherit from model",
    "Inherit from model",
    "Inherit from model",
    "Inherit from model",
    "Auto",
    "-1",
    "",
    "off",
    ""
   ],
   "tabs":[
    "Main",
    "-Other"
   ],
   "tabs_idx":[
    0,
    6
   ]
  },
  "viewer":{
   "jshandler":"webview/handlers/ElementHandler"
  },
  "obj_viewer":[
  ],
  "finder":{
   "blocktype":"SubSystem",
   "masktype":""
  }
 },
 {
  "sid":"CM200C_DmaCfgAndUse:569",
  "className":"Copyright Information",
  "icon":"WebViewIcon2",
  "name":"CopyRight2",
  "parent":"CM200C_DmaCfgAndUse:568",
  "inspector":{
   "params":[
    "none"
   ],
   "values":[
    "on"
   ],
   "tabs":[
   ],
   "tabs_idx":[
   ]
  },
  "viewer":{
   "jshandler":"webview/handlers/ElementHandler"
  },
  "obj_viewer":[
  ],
  "finder":{
   "blocktype":"SubSystem",
   "masktype":"Copyright Information"
  }
 },
 {
  "sid":"CM200C_DmaCfgAndUse:570",
  "className":"Simulink.SubSystem",
  "icon":"WebViewIcon3",
  "name":"Enabled Subsystem",
  "parent":"CM200C_DmaCfgAndUse:568",
  "inspector":{
   "params":[
    "ShowPortLabels",
    "Permissions",
    "ErrorFcn",
    "PermitHierarchicalResolution",
    "TreatAsAtomicUnit",
    "TreatAsGroupedWhenPropagatingVariantConditions",
    "ActiveVariant",
    "ActiveVariantBlock",
    "BlockChoice",
    "CheckFcnCallInpInsideContextMsg",
    "FunctionInterfaceSpec",
    "FunctionWithSeparateData",
    "GeneratePreprocessorConditionals",
    "IsSubsystemVirtual",
    "MemberBlocks",
    "MinAlgLoopOccurrences",
    "OverrideUsingVariant",
    "PropExecContextOutsideSubsystem",
    "RTWFcnName",
    "RTWFcnNameOpts",
    "RTWFileName",
    "RTWFileNameOpts",
    "RTWMemSecDataConstants",
    "RTWMemSecDataInternal",
    "RTWMemSecDataParameters",
    "RTWMemSecFuncExecute",
    "RTWMemSecFuncInitTerm",
    "RTWSystemCode",
    "SystemSampleTime",
    "TemplateBlock",
    "Variant",
    "VariantControl"
   ],
   "values":[
    "FromPortIcon",
    "ReadWrite",
    "",
    "All",
    "on",
    "on",
    "",
    "",
    "",
    "off",
    "void_void",
    "off",
    "off",
    "off",
    "",
    "off",
    "",
    "off",
    "",
    "Auto",
    "",
    "Auto",
    "Inherit from model",
    "Inherit from model",
    "Inherit from model",
    "Inherit from model",
    "Inherit from model",
    "Auto",
    "-1",
    "",
    "off",
    ""
   ],
   "tabs":[
    "Main",
    "-Other"
   ],
   "tabs_idx":[
    0,
    6
   ]
  },
  "viewer":{
   "jshandler":"webview/handlers/ElementHandler"
  },
  "obj_viewer":[
  ],
  "finder":{
   "blocktype":"SubSystem",
   "masktype":""
  }
 },
 {
  "sid":"CM200C_DmaCfgAndUse:572",
  "className":"Copyright Information",
  "icon":"WebViewIcon2",
  "name":"CopyRight2",
  "parent":"CM200C_DmaCfgAndUse:570",
  "inspector":{
   "params":[
    "none"
   ],
   "values":[
    "on"
   ],
   "tabs":[
   ],
   "tabs_idx":[
   ]
  },
  "viewer":{
   "jshandler":"webview/handlers/ElementHandler"
  },
  "obj_viewer":[
  ],
  "finder":{
   "blocktype":"SubSystem",
   "masktype":"Copyright Information"
  }
 }
]