[
 {
  "sid":"CM200C_DmaCfgAndUse:667",
  "className":"Simulink.ActionPort",
  "icon":"WebViewIcon4",
  "name":"Action Port",
  "parent":"CM200C_DmaCfgAndUse:666",
  "inspector":{
   "params":[
    "InitializeStates",
    "PropagateVarSize"
   ],
   "values":[
    "held",
    "Only when execution is resumed"
   ],
   "tabs":[
   ],
   "tabs_idx":[
   ]
  },
  "viewer":{
   "jshandler":"webview/handlers/ElementHandler"
  },
  "obj_viewer":[
  ],
  "finder":{
   "blocktype":"ActionPort",
   "masktype":""
  }
 },
 {
  "sid":"CM200C_DmaCfgAndUse:671",
  "className":"Copyright Information",
  "icon":"WebViewIcon2",
  "name":"CopyRight2",
  "parent":"CM200C_DmaCfgAndUse:666",
  "inspector":{
   "params":[
    "none"
   ],
   "values":[
    "on"
   ],
   "tabs":[
   ],
   "tabs_idx":[
   ]
  },
  "viewer":{
   "jshandler":"webview/handlers/ContainerHandler"
  },
  "obj_viewer":[
  ],
  "finder":{
   "blocktype":"SubSystem",
   "masktype":"Copyright Information"
  }
 },
 {
  "sid":"CM200C_DmaCfgAndUse:668",
  "className":"Simulink.SubSystem",
  "icon":"WebViewIcon3",
  "name":"ClrErrInjReg",
  "parent":"CM200C_DmaCfgAndUse:666",
  "inspector":{
   "params":[
    "ShowPortLabels",
    "Permissions",
    "ErrorFcn",
    "PermitHierarchicalResolution",
    "TreatAsAtomicUnit",
    "TreatAsGroupedWhenPropagatingVariantConditions",
    "ActiveVariant",
    "ActiveVariantBlock",
    "BlockChoice",
    "CheckFcnCallInpInsideContextMsg",
    "FunctionInterfaceSpec",
    "FunctionWithSeparateData",
    "GeneratePreprocessorConditionals",
    "IsSubsystemVirtual",
    "MemberBlocks",
    "MinAlgLoopOccurrences",
    "OverrideUsingVariant",
    "PropExecContextOutsideSubsystem",
    "RTWFcnName",
    "RTWFcnNameOpts",
    "RTWFileName",
    "RTWFileNameOpts",
    "RTWMemSecDataConstants",
    "RTWMemSecDataInternal",
    "RTWMemSecDataParameters",
    "RTWMemSecFuncExecute",
    "RTWMemSecFuncInitTerm",
    "RTWSystemCode",
    "SystemSampleTime",
    "TemplateBlock",
    "Variant",
    "VariantControl"
   ],
   "values":[
    "FromPortIcon",
    "ReadWrite",
    "",
    "All",
    "off",
    "on",
    "",
    "",
    "",
    "off",
    "void_void",
    "off",
    "off",
    "on",
    "",
    "off",
    "",
    "off",
    "",
    "Auto",
    "",
    "Auto",
    "Inherit from model",
    "Inherit from model",
    "Inherit from model",
    "Inherit from model",
    "Inherit from model",
    "Auto",
    "-1",
    "",
    "off",
    ""
   ],
   "tabs":[
    "Main",
    "-Other"
   ],
   "tabs_idx":[
    0,
    6
   ]
  },
  "viewer":{
   "jshandler":"webview/handlers/ContainerHandler"
  },
  "obj_viewer":[
  ],
  "finder":{
   "blocktype":"SubSystem",
   "masktype":""
  }
 },
 {
  "sid":"CM200C_DmaCfgAndUse:672",
  "className":"Simulink.Terminator",
  "icon":"WebViewIcon4",
  "name":"DMASSDCEN15_Out1",
  "parent":"CM200C_DmaCfgAndUse:666",
  "inspector":{
   "params":[
   ],
   "values":[
   ],
   "tabs":[
   ],
   "tabs_idx":[
   ]
  },
  "viewer":{
   "jshandler":"webview/handlers/ElementHandler"
  },
  "obj_viewer":[
  ],
  "finder":{
   "blocktype":"Terminator",
   "masktype":""
  }
 },
 {
  "sid":"CM200C_DmaCfgAndUse:670",
  "className":"Simulink.Constant",
  "icon":"WebViewIcon4",
  "name":"Constant",
  "parent":"CM200C_DmaCfgAndUse:666",
  "inspector":{
   "params":[
    "Value",
    "VectorParams1D",
    "SampleTime",
    "OutMin",
    "OutMax",
    "OutDataTypeStr",
    "LockScale",
    "FramePeriod"
   ],
   "values":[
    "0",
    "on",
    "inf",
    "[]",
    "[]",
    "uint32",
    "off",
    "inf"
   ],
   "tabs":[
    "Main",
    "Signal Attributes",
    "-Other"
   ],
   "tabs_idx":[
    0,
    3,
    7
   ]
  },
  "viewer":{
   "jshandler":"webview/handlers/ElementHandler"
  },
  "obj_viewer":[
  ],
  "finder":{
   "blocktype":"Constant",
   "masktype":""
  }
 },
 {
  "sid":"CM200C_DmaCfgAndUse:670#out:1",
  "className":"Simulink.Line",
  "icon":"WebViewIcon5",
  "name":"",
  "parent":"CM200C_DmaCfgAndUse:666",
  "inspector":{
   "params":[
    "SignalNameFromLabel",
    "MustResolveToSignal",
    "ShowPropagatedSignal",
    "DataLogging",
    "TestPoint",
    "SignalObjectPackage",
    "StorageClass",
    "Description",
    "documentLink"
   ],
   "values":[
    "",
    "off",
    "off",
    "off",
    "off",
    "Simulink",
    "Auto",
    "",
    ""
   ],
   "tabs":[
    "Logging and Accessibility",
    "Code Generation",
    "Documentation"
   ],
   "tabs_idx":[
    3,
    5,
    7
   ]
  },
  "viewer":{
   "jshandler":"webview/handlers/ElementHandler"
  },
  "obj_viewer":[
  ],
  "finder":[
  ]
 }
]