[
 {
  "sid":"CM200C_DmaCfgAndUse:574",
  "className":"Simulink.Outport",
  "icon":"WebViewIcon4",
  "name":"Init",
  "parent":"CM200C_DmaCfgAndUse:570",
  "inspector":{
   "params":[
    "Port",
    "IconDisplay",
    "OutMin",
    "OutMax",
    "OutDataTypeStr",
    "LockScale",
    "Unit",
    "PortDimensions",
    "VarSizeSig",
    "SampleTime",
    "SignalType",
    "BusOutputAsStruct",
    "InitialOutput",
    "OutputWhenDisabled",
    "SourceOfInitialOutputValue"
   ],
   "values":[
    "1",
    "Port number",
    "[]",
    "[]",
    "Inherit: auto",
    "off",
    "inherit",
    "-1",
    "Inherit",
    "-1",
    "auto",
    "off",
    "[]",
    "held",
    "Dialog"
   ],
   "tabs":[
    "Main",
    "Signal Attributes",
    "-Other"
   ],
   "tabs_idx":[
    0,
    2,
    11
   ]
  },
  "viewer":{
   "jshandler":"webview/handlers/ElementHandler"
  },
  "obj_viewer":[
  ],
  "finder":{
   "blocktype":"Outport",
   "masktype":""
  }
 },
 {
  "sid":"CM200C_DmaCfgAndUse:571",
  "className":"Simulink.EnablePort",
  "icon":"WebViewIcon4",
  "name":"Enable",
  "parent":"CM200C_DmaCfgAndUse:570",
  "inspector":{
   "params":[
    "StatesWhenEnabling",
    "PropagateVarSize",
    "ShowOutputPort",
    "OutDataTypeStr",
    "Interpolate",
    "OutMax",
    "OutMin",
    "PortDimensions",
    "SampleTime",
    "ZeroCross"
   ],
   "values":[
    "held",
    "Only when enabling",
    "off",
    "double",
    "on",
    "[]",
    "[]",
    "1",
    "-1",
    "on"
   ],
   "tabs":[
    "Main",
    "Signal Attributes",
    "-Other"
   ],
   "tabs_idx":[
    0,
    3,
    4
   ]
  },
  "viewer":{
   "jshandler":"webview/handlers/ElementHandler"
  },
  "obj_viewer":[
  ],
  "finder":{
   "blocktype":"EnablePort",
   "masktype":""
  }
 },
 {
  "sid":"CM200C_DmaCfgAndUse:573",
  "className":"Simulink.SFunction",
  "icon":"WebViewIcon4",
  "name":"Function Call Trigger",
  "parent":"CM200C_DmaCfgAndUse:570",
  "inspector":{
   "params":[
    "sample_time",
    "numberOfIterations"
   ],
   "values":[
    "0.002",
    "1"
   ],
   "tabs":[
   ],
   "tabs_idx":[
   ]
  },
  "viewer":{
   "jshandler":"webview/handlers/ElementHandler"
  },
  "obj_viewer":[
  ],
  "finder":{
   "blocktype":"S-Function",
   "masktype":"Function-Call Generator"
  }
 },
 {
  "sid":"CM200C_DmaCfgAndUse:572",
  "className":"Copyright Information",
  "icon":"WebViewIcon2",
  "name":"CopyRight2",
  "parent":"CM200C_DmaCfgAndUse:570",
  "inspector":{
   "params":[
    "none"
   ],
   "values":[
    "on"
   ],
   "tabs":[
   ],
   "tabs_idx":[
   ]
  },
  "viewer":{
   "jshandler":"webview/handlers/ContainerHandler"
  },
  "obj_viewer":[
  ],
  "finder":{
   "blocktype":"SubSystem",
   "masktype":"Copyright Information"
  }
 },
 {
  "sid":"CM200C_DmaCfgAndUse:573#out:1",
  "className":"Simulink.Line",
  "icon":"WebViewIcon5",
  "name":"",
  "parent":"CM200C_DmaCfgAndUse:570",
  "inspector":{
   "params":[
    "SignalNameFromLabel",
    "MustResolveToSignal",
    "ShowPropagatedSignal",
    "DataLogging",
    "TestPoint",
    "SignalObjectPackage",
    "StorageClass",
    "Description",
    "documentLink"
   ],
   "values":[
    "",
    "off",
    "off",
    "off",
    "off",
    "Simulink",
    "Auto",
    "",
    ""
   ],
   "tabs":[
    "Logging and Accessibility",
    "Code Generation",
    "Documentation"
   ],
   "tabs_idx":[
    3,
    5,
    7
   ]
  },
  "viewer":{
   "jshandler":"webview/handlers/ElementHandler"
  },
  "obj_viewer":[
  ],
  "finder":[
  ]
 }
]