[
 {
  "hid":1,
  "sid":"CM200C_DmaCfgAndUse",
  "esid":"",
  "parent":"root",
  "children":[
   2,
   3,
   60
  ],
  "name":"CM200C_DmaCfgAndUse",
  "label":"CM200C_DmaCfgAndUse",
  "fullname":"CM200C_DmaCfgAndUse",
  "icon":"WebViewIcon0",
  "svg":"support/slwebview_files/CM200C_DmaCfgAndUse_d.svg",
  "thumbnail":"support/slwebview_files/CM200C_DmaCfgAndUse_d.png",
  "backingUrl":"support/slwebview_files/CM200C_DmaCfgAndUse_d.json",
  "elements":[
   ":5",
   ":3",
   ":2",
   ":339",
   ":1",
   ":4",
   ":6",
   ":10",
   ":112",
   ":113",
   ":114",
   ":115",
   ":116",
   ":117",
   ":118",
   ":119",
   ":152",
   ":170",
   ":171",
   ":172",
   ":169",
   ":222",
   ":224",
   ":226",
   ":228",
   ":230",
   ":232",
   ":252",
   ":253",
   ":254",
   ":255",
   ":256",
   ":257",
   ":540",
   ":541",
   ":542",
   ":543",
   ":568",
   ":6#out:1",
   ":6#out:2",
   ":6#out:3",
   ":6#out:7",
   ":6#out:6",
   ":6#out:5",
   ":6#out:8",
   ":152#out:1",
   ":169#out:1",
   ":170#out:1",
   ":171#out:1",
   ":172#out:1",
   ":6#out:4",
   ":222#out:1",
   ":224#out:1",
   ":226#out:1",
   ":228#out:1",
   ":230#out:1",
   ":232#out:1",
   ":6#out:9",
   ":6#out:10",
   ":6#out:11",
   ":6#out:12",
   ":6#out:13",
   ":6#out:14",
   ":10#out:1",
   ":540#out:1",
   ":541#out:1",
   ":542#out:1",
   ":543#out:1",
   ":568#out:1"
  ],
  "sameAsElement":0
 },
 {
  "hid":2,
  "sid":"CM200C_DmaCfgAndUse:4",
  "esid":"CM200C_DmaCfgAndUse:4",
  "parent":1,
  "children":[
  ],
  "name":"CopyRight2",
  "label":"CopyRight2",
  "fullname":"CM200C_DmaCfgAndUse/CopyRight2",
  "icon":"WebViewIcon2",
  "svg":"support/slwebview_files/CM200C_DmaCfgAndUse_4_d.svg",
  "thumbnail":"support/slwebview_files/CM200C_DmaCfgAndUse_4_d.png",
  "backingUrl":"support/slwebview_files/CM200C_DmaCfgAndUse_4_d.json",
  "elements":[
  ],
  "sameAsElement":1
 },
 {
  "hid":3,
  "sid":"CM200C_DmaCfgAndUse:6",
  "esid":"CM200C_DmaCfgAndUse:6",
  "parent":1,
  "children":[
   4,
   5,
   7,
   13,
   24,
   30,
   49
  ],
  "name":"DmaCfgAndUse",
  "label":"DmaCfgAndUse",
  "fullname":"CM200C_DmaCfgAndUse/DmaCfgAndUse",
  "icon":"WebViewIcon3",
  "svg":"support/slwebview_files/CM200C_DmaCfgAndUse_6_d.svg",
  "thumbnail":"support/slwebview_files/CM200C_DmaCfgAndUse_6_d.png",
  "backingUrl":"support/slwebview_files/CM200C_DmaCfgAndUse_6_d.json",
  "elements":[
   ":183",
   ":7",
   ":11",
   ":17",
   ":27",
   ":28",
   ":30",
   ":29",
   ":34",
   ":65",
   ":66",
   ":67",
   ":75",
   ":101",
   ":102",
   ":103",
   ":100",
   ":130",
   ":151",
   ":154",
   ":155",
   ":157",
   ":159",
   ":210",
   ":212",
   ":214",
   ":216",
   ":218",
   ":220",
   ":246",
   ":247",
   ":248",
   ":249",
   ":250",
   ":251",
   ":318",
   ":386",
   ":388",
   ":425",
   ":426",
   ":607",
   ":661",
   ":681",
   ":7#out:1",
   ":27#out:1",
   ":29#out:1",
   ":17#out:3",
   ":17#out:2",
   ":17#out:1",
   ":30#out:1",
   ":151#out:1",
   ":220#out:1",
   ":210#out:1",
   ":218#out:1",
   ":216#out:1",
   ":212#out:1",
   ":214#out:1",
   ":159#out:1",
   ":154#out:1",
   ":155#out:1",
   ":157#out:1",
   ":30#out:2",
   ":11#out:1",
   ":11#out:6",
   ":11#out:2",
   ":11#out:3",
   ":11#out:5",
   ":11#out:4",
   ":425#out:1",
   ":426#out:1",
   ":681#out:2",
   ":34#out:1",
   ":681#out:3",
   ":681#out:1",
   ":681#out:4"
  ],
  "sameAsElement":1
 },
 {
  "hid":4,
  "sid":"CM200C_DmaCfgAndUse:28",
  "esid":"CM200C_DmaCfgAndUse:28",
  "parent":3,
  "children":[
  ],
  "name":"CopyRight2",
  "label":"CopyRight2",
  "fullname":"CM200C_DmaCfgAndUse/DmaCfgAndUse/CopyRight2",
  "icon":"WebViewIcon2",
  "svg":"support/slwebview_files/CM200C_DmaCfgAndUse_28_d.svg",
  "thumbnail":"support/slwebview_files/CM200C_DmaCfgAndUse_28_d.png",
  "backingUrl":"support/slwebview_files/CM200C_DmaCfgAndUse_28_d.json",
  "elements":[
  ],
  "sameAsElement":1
 },
 {
  "hid":5,
  "sid":"CM200C_DmaCfgAndUse:11",
  "esid":"CM200C_DmaCfgAndUse:11",
  "parent":3,
  "children":[
   6
  ],
  "name":"DmaCfgAndUseInit1",
  "label":"DmaCfgAndUseInit1",
  "fullname":"CM200C_DmaCfgAndUse/DmaCfgAndUse/DmaCfgAndUseInit1",
  "icon":"WebViewIcon3",
  "svg":"support/slwebview_files/CM200C_DmaCfgAndUse_11_d.svg",
  "thumbnail":"support/slwebview_files/CM200C_DmaCfgAndUse_11_d.png",
  "backingUrl":"support/slwebview_files/CM200C_DmaCfgAndUse_11_d.json",
  "elements":[
   ":323",
   ":13",
   ":14",
   ":184",
   ":185",
   ":188",
   ":189",
   ":192",
   ":194",
   ":198",
   ":200",
   ":202",
   ":204",
   ":206",
   ":208",
   ":234",
   ":235",
   ":236",
   ":237",
   ":238",
   ":239",
   ":240",
   ":241",
   ":242",
   ":243",
   ":244",
   ":245",
   ":304",
   ":305",
   ":307",
   ":303",
   ":309",
   ":310",
   ":311",
   ":312",
   ":184#out:1",
   ":188#out:1",
   ":192#out:1",
   ":198#out:1",
   ":202#out:1",
   ":206#out:1",
   ":240#out:1",
   ":241#out:1",
   ":242#out:1",
   ":243#out:1",
   ":244#out:1",
   ":245#out:1",
   ":303#out:1",
   ":304#out:1",
   ":305#out:1",
   ":307#out:1"
  ],
  "sameAsElement":1
 },
 {
  "hid":6,
  "sid":"CM200C_DmaCfgAndUse:14",
  "esid":"CM200C_DmaCfgAndUse:14",
  "parent":5,
  "children":[
  ],
  "name":"CopyRight2",
  "label":"CopyRight2",
  "fullname":"CM200C_DmaCfgAndUse/DmaCfgAndUse/DmaCfgAndUseInit1/CopyRight2",
  "icon":"WebViewIcon2",
  "svg":"support/slwebview_files/CM200C_DmaCfgAndUse_14_d.svg",
  "thumbnail":"support/slwebview_files/CM200C_DmaCfgAndUse_14_d.png",
  "backingUrl":"support/slwebview_files/CM200C_DmaCfgAndUse_14_d.json",
  "elements":[
  ],
  "sameAsElement":1
 },
 {
  "hid":7,
  "sid":"CM200C_DmaCfgAndUse:17",
  "esid":"CM200C_DmaCfgAndUse:17",
  "parent":3,
  "children":[
   8,
   10,
   11
  ],
  "name":"DmaCfgAndUsePer1",
  "label":"DmaCfgAndUsePer1",
  "fullname":"CM200C_DmaCfgAndUse/DmaCfgAndUse/DmaCfgAndUsePer1",
  "icon":"WebViewIcon3",
  "svg":"support/slwebview_files/CM200C_DmaCfgAndUse_17_d.svg",
  "thumbnail":"support/slwebview_files/CM200C_DmaCfgAndUse_17_d.png",
  "backingUrl":"support/slwebview_files/CM200C_DmaCfgAndUse_17_d.json",
  "elements":[
   ":319",
   ":18",
   ":19",
   ":48",
   ":50",
   ":52",
   ":59",
   ":129",
   ":179",
   ":320",
   ":321",
   ":322",
   ":59#out:1",
   ":320#out:1",
   ":321#out:1",
   ":322#out:1"
  ],
  "sameAsElement":1
 },
 {
  "hid":8,
  "sid":"CM200C_DmaCfgAndUse:179",
  "esid":"CM200C_DmaCfgAndUse:179",
  "parent":7,
  "children":[
   9
  ],
  "name":"Adc1CfgAndUseAdc1EnaCnvn",
  "label":"Adc1CfgAndUseAdc1EnaCnvn",
  "fullname":"CM200C_DmaCfgAndUse/DmaCfgAndUse/DmaCfgAndUsePer1/Adc1CfgAndUseAdc1EnaCnvn",
  "icon":"WebViewIcon3",
  "svg":"support/slwebview_files/CM200C_DmaCfgAndUse_179_d.svg",
  "thumbnail":"support/slwebview_files/CM200C_DmaCfgAndUse_179_d.png",
  "backingUrl":"support/slwebview_files/CM200C_DmaCfgAndUse_179_d.json",
  "elements":[
   ":180"
  ],
  "sameAsElement":1
 },
 {
  "hid":9,
  "sid":"CM200C_DmaCfgAndUse:180",
  "esid":"CM200C_DmaCfgAndUse:180",
  "parent":8,
  "children":[
  ],
  "name":"CopyRight2",
  "label":"CopyRight2",
  "fullname":"CM200C_DmaCfgAndUse/DmaCfgAndUse/DmaCfgAndUsePer1/Adc1CfgAndUseAdc1EnaCnvn/CopyRight2",
  "icon":"WebViewIcon2",
  "svg":"support/slwebview_files/CM200C_DmaCfgAndUse_180_d.svg",
  "thumbnail":"support/slwebview_files/CM200C_DmaCfgAndUse_180_d.png",
  "backingUrl":"support/slwebview_files/CM200C_DmaCfgAndUse_180_d.json",
  "elements":[
  ],
  "sameAsElement":1
 },
 {
  "hid":10,
  "sid":"CM200C_DmaCfgAndUse:19",
  "esid":"CM200C_DmaCfgAndUse:19",
  "parent":7,
  "children":[
  ],
  "name":"CopyRight2",
  "label":"CopyRight2",
  "fullname":"CM200C_DmaCfgAndUse/DmaCfgAndUse/DmaCfgAndUsePer1/CopyRight2",
  "icon":"WebViewIcon2",
  "svg":"support/slwebview_files/CM200C_DmaCfgAndUse_19_d.svg",
  "thumbnail":"support/slwebview_files/CM200C_DmaCfgAndUse_19_d.png",
  "backingUrl":"support/slwebview_files/CM200C_DmaCfgAndUse_19_d.json",
  "elements":[
  ],
  "sameAsElement":1
 },
 {
  "hid":11,
  "sid":"CM200C_DmaCfgAndUse:59",
  "esid":"CM200C_DmaCfgAndUse:59",
  "parent":7,
  "children":[
   12
  ],
  "name":"GetRefTmr1MicroSec32bit",
  "label":"GetRefTmr1MicroSec32bit",
  "fullname":"CM200C_DmaCfgAndUse/DmaCfgAndUse/DmaCfgAndUsePer1/GetRefTmr1MicroSec32bit",
  "icon":"WebViewIcon3",
  "svg":"support/slwebview_files/CM200C_DmaCfgAndUse_59_d.svg",
  "thumbnail":"support/slwebview_files/CM200C_DmaCfgAndUse_59_d.png",
  "backingUrl":"support/slwebview_files/CM200C_DmaCfgAndUse_59_d.json",
  "elements":[
   ":61",
   ":131",
   ":132",
   ":132#out:1"
  ],
  "sameAsElement":1
 },
 {
  "hid":12,
  "sid":"CM200C_DmaCfgAndUse:61",
  "esid":"CM200C_DmaCfgAndUse:61",
  "parent":11,
  "children":[
  ],
  "name":"CopyRight2",
  "label":"CopyRight2",
  "fullname":"CM200C_DmaCfgAndUse/DmaCfgAndUse/DmaCfgAndUsePer1/GetRefTmr1MicroSec32bit/CopyRight2",
  "icon":"WebViewIcon2",
  "svg":"support/slwebview_files/CM200C_DmaCfgAndUse_61_d.svg",
  "thumbnail":"support/slwebview_files/CM200C_DmaCfgAndUse_61_d.png",
  "backingUrl":"support/slwebview_files/CM200C_DmaCfgAndUse_61_d.json",
  "elements":[
  ],
  "sameAsElement":1
 },
 {
  "hid":13,
  "sid":"CM200C_DmaCfgAndUse:681",
  "esid":"CM200C_DmaCfgAndUse:681",
  "parent":3,
  "children":[
   14,
   15
  ],
  "name":"DmaEna2MilliSecToMotCtrlTrf",
  "label":"DmaEna2MilliSecToMotCtrlTrf",
  "fullname":"CM200C_DmaCfgAndUse/DmaCfgAndUse/DmaEna2MilliSecToMotCtrlTrf",
  "icon":"WebViewIcon3",
  "svg":"support/slwebview_files/CM200C_DmaCfgAndUse_681_d.svg",
  "thumbnail":"support/slwebview_files/CM200C_DmaCfgAndUse_681_d.png",
  "backingUrl":"support/slwebview_files/CM200C_DmaCfgAndUse_681_d.json",
  "elements":[
   ":682",
   ":683",
   ":684",
   ":727",
   ":728",
   ":729",
   ":726",
   ":684#out:2",
   ":684#out:1",
   ":684#out:3",
   ":684#out:4"
  ],
  "sameAsElement":1
 },
 {
  "hid":14,
  "sid":"CM200C_DmaCfgAndUse:683",
  "esid":"CM200C_DmaCfgAndUse:683",
  "parent":13,
  "children":[
  ],
  "name":"CopyRight2",
  "label":"CopyRight2",
  "fullname":"CM200C_DmaCfgAndUse/DmaCfgAndUse/DmaEna2MilliSecToMotCtrlTrf/CopyRight2",
  "icon":"WebViewIcon2",
  "svg":"support/slwebview_files/CM200C_DmaCfgAndUse_683_d.svg",
  "thumbnail":"support/slwebview_files/CM200C_DmaCfgAndUse_683_d.png",
  "backingUrl":"support/slwebview_files/CM200C_DmaCfgAndUse_683_d.json",
  "elements":[
  ],
  "sameAsElement":1
 },
 {
  "hid":15,
  "sid":"CM200C_DmaCfgAndUse:684",
  "esid":"CM200C_DmaCfgAndUse:684",
  "parent":13,
  "children":[
   16,
   22
  ],
  "name":"Variant Subsystem",
  "label":"Variant Subsystem",
  "fullname":"CM200C_DmaCfgAndUse/DmaCfgAndUse/DmaEna2MilliSecToMotCtrlTrf/Variant Subsystem",
  "icon":"WebViewIcon3",
  "svg":"support/slwebview_files/CM200C_DmaCfgAndUse_684_d.svg",
  "thumbnail":"support/slwebview_files/CM200C_DmaCfgAndUse_684_d.png",
  "backingUrl":"support/slwebview_files/CM200C_DmaCfgAndUse_684_d.json",
  "elements":[
   ":725",
   ":685",
   ":710",
   ":722",
   ":723",
   ":724",
   ":721"
  ],
  "sameAsElement":1
 },
 {
  "hid":16,
  "sid":"CM200C_DmaCfgAndUse:685",
  "esid":"CM200C_DmaCfgAndUse:685",
  "parent":15,
  "children":[
   17,
   18,
   20
  ],
  "name":"ErrInj",
  "label":"ErrInj",
  "fullname":"CM200C_DmaCfgAndUse/DmaCfgAndUse/DmaEna2MilliSecToMotCtrlTrf/Variant Subsystem/ErrInj",
  "icon":"WebViewIcon3",
  "svg":"support/slwebview_files/CM200C_DmaCfgAndUse_685_d.svg",
  "thumbnail":"support/slwebview_files/CM200C_DmaCfgAndUse_685_d.png",
  "backingUrl":"support/slwebview_files/CM200C_DmaCfgAndUse_685_d.json",
  "elements":[
   ":702",
   ":688",
   ":687",
   ":707",
   ":708",
   ":709",
   ":706",
   ":686",
   ":702#out:1",
   ":687#out:1",
   ":688#out:3",
   ":688#out:1",
   ":688#out:2",
   ":688#out:4"
  ],
  "sameAsElement":1
 },
 {
  "hid":17,
  "sid":"CM200C_DmaCfgAndUse:686",
  "esid":"CM200C_DmaCfgAndUse:686",
  "parent":16,
  "children":[
  ],
  "name":"CopyRight2",
  "label":"CopyRight2",
  "fullname":"CM200C_DmaCfgAndUse/DmaCfgAndUse/DmaEna2MilliSecToMotCtrlTrf/Variant Subsystem/ErrInj/CopyRight2",
  "icon":"WebViewIcon2",
  "svg":"support/slwebview_files/CM200C_DmaCfgAndUse_686_d.svg",
  "thumbnail":"support/slwebview_files/CM200C_DmaCfgAndUse_686_d.png",
  "backingUrl":"support/slwebview_files/CM200C_DmaCfgAndUse_686_d.json",
  "elements":[
  ],
  "sameAsElement":1
 },
 {
  "hid":18,
  "sid":"CM200C_DmaCfgAndUse:688",
  "esid":"CM200C_DmaCfgAndUse:688",
  "parent":16,
  "children":[
   19
  ],
  "name":"If Action Subsystem",
  "label":"If Action Subsystem",
  "fullname":"CM200C_DmaCfgAndUse/DmaCfgAndUse/DmaEna2MilliSecToMotCtrlTrf/Variant Subsystem/ErrInj/If Action Subsystem",
  "icon":"WebViewIcon3",
  "svg":"support/slwebview_files/CM200C_DmaCfgAndUse_688_d.svg",
  "thumbnail":"support/slwebview_files/CM200C_DmaCfgAndUse_688_d.png",
  "backingUrl":"support/slwebview_files/CM200C_DmaCfgAndUse_688_d.json",
  "elements":[
   ":701",
   ":689",
   ":692",
   ":698",
   ":699",
   ":700",
   ":697",
   ":693",
   ":694",
   ":695",
   ":696",
   ":696#out:1",
   ":695#out:1",
   ":694#out:1",
   ":693#out:1"
  ],
  "sameAsElement":1
 },
 {
  "hid":19,
  "sid":"CM200C_DmaCfgAndUse:692",
  "esid":"CM200C_DmaCfgAndUse:692",
  "parent":18,
  "children":[
  ],
  "name":"CopyRight2",
  "label":"CopyRight2",
  "fullname":"CM200C_DmaCfgAndUse/DmaCfgAndUse/DmaEna2MilliSecToMotCtrlTrf/Variant Subsystem/ErrInj/If Action Subsystem/CopyRight2",
  "icon":"WebViewIcon2",
  "svg":"support/slwebview_files/CM200C_DmaCfgAndUse_692_d.svg",
  "thumbnail":"support/slwebview_files/CM200C_DmaCfgAndUse_692_d.png",
  "backingUrl":"support/slwebview_files/CM200C_DmaCfgAndUse_692_d.json",
  "elements":[
  ],
  "sameAsElement":1
 },
 {
  "hid":20,
  "sid":"CM200C_DmaCfgAndUse:702",
  "esid":"CM200C_DmaCfgAndUse:702",
  "parent":16,
  "children":[
   21
  ],
  "name":"ReadErrInjReg",
  "label":"ReadErrInjReg",
  "fullname":"CM200C_DmaCfgAndUse/DmaCfgAndUse/DmaEna2MilliSecToMotCtrlTrf/Variant Subsystem/ErrInj/ReadErrInjReg",
  "icon":"WebViewIcon3",
  "svg":"support/slwebview_files/CM200C_DmaCfgAndUse_702_d.svg",
  "thumbnail":"support/slwebview_files/CM200C_DmaCfgAndUse_702_d.png",
  "backingUrl":"support/slwebview_files/CM200C_DmaCfgAndUse_702_d.json",
  "elements":[
   ":703",
   ":705",
   ":704",
   ":704#out:1"
  ],
  "sameAsElement":1
 },
 {
  "hid":21,
  "sid":"CM200C_DmaCfgAndUse:703",
  "esid":"CM200C_DmaCfgAndUse:703",
  "parent":20,
  "children":[
  ],
  "name":"CopyRight2",
  "label":"CopyRight2",
  "fullname":"CM200C_DmaCfgAndUse/DmaCfgAndUse/DmaEna2MilliSecToMotCtrlTrf/Variant Subsystem/ErrInj/ReadErrInjReg/CopyRight2",
  "icon":"WebViewIcon2",
  "svg":"support/slwebview_files/CM200C_DmaCfgAndUse_703_d.svg",
  "thumbnail":"support/slwebview_files/CM200C_DmaCfgAndUse_703_d.png",
  "backingUrl":"support/slwebview_files/CM200C_DmaCfgAndUse_703_d.json",
  "elements":[
  ],
  "sameAsElement":1
 },
 {
  "hid":22,
  "sid":"CM200C_DmaCfgAndUse:710",
  "esid":"CM200C_DmaCfgAndUse:710",
  "parent":15,
  "children":[
   23
  ],
  "name":"NoErrInj",
  "label":"NoErrInj",
  "fullname":"CM200C_DmaCfgAndUse/DmaCfgAndUse/DmaEna2MilliSecToMotCtrlTrf/Variant Subsystem/NoErrInj",
  "icon":"WebViewIcon3",
  "svg":"support/slwebview_files/CM200C_DmaCfgAndUse_710_d.svg",
  "thumbnail":"support/slwebview_files/CM200C_DmaCfgAndUse_710_d.png",
  "backingUrl":"support/slwebview_files/CM200C_DmaCfgAndUse_710_d.json",
  "elements":[
   ":720",
   ":717",
   ":718",
   ":719",
   ":716",
   ":712",
   ":713",
   ":714",
   ":715",
   ":711",
   ":715#out:1",
   ":714#out:1",
   ":713#out:1",
   ":712#out:1"
  ],
  "sameAsElement":1
 },
 {
  "hid":23,
  "sid":"CM200C_DmaCfgAndUse:711",
  "esid":"CM200C_DmaCfgAndUse:711",
  "parent":22,
  "children":[
  ],
  "name":"CopyRight2",
  "label":"CopyRight2",
  "fullname":"CM200C_DmaCfgAndUse/DmaCfgAndUse/DmaEna2MilliSecToMotCtrlTrf/Variant Subsystem/NoErrInj/CopyRight2",
  "icon":"WebViewIcon2",
  "svg":"support/slwebview_files/CM200C_DmaCfgAndUse_711_d.svg",
  "thumbnail":"support/slwebview_files/CM200C_DmaCfgAndUse_711_d.png",
  "backingUrl":"support/slwebview_files/CM200C_DmaCfgAndUse_711_d.json",
  "elements":[
  ],
  "sameAsElement":1
 },
 {
  "hid":24,
  "sid":"CM200C_DmaCfgAndUse:30",
  "esid":"CM200C_DmaCfgAndUse:30",
  "parent":3,
  "children":[
   25,
   26,
   28
  ],
  "name":"DmaWaitForMotCtrlTo2MilliSecTrf",
  "label":"DmaWaitForMotCtrlTo2MilliSecTrf",
  "fullname":"CM200C_DmaCfgAndUse/DmaCfgAndUse/DmaWaitForMotCtrlTo2MilliSecTrf",
  "icon":"WebViewIcon3",
  "svg":"support/slwebview_files/CM200C_DmaCfgAndUse_30_d.svg",
  "thumbnail":"support/slwebview_files/CM200C_DmaCfgAndUse_30_d.png",
  "backingUrl":"support/slwebview_files/CM200C_DmaCfgAndUse_30_d.json",
  "elements":[
   ":314",
   ":31",
   ":32",
   ":69",
   ":149",
   ":196",
   ":288",
   ":315",
   ":316",
   ":128",
   ":133",
   ":317",
   ":380",
   ":381",
   ":385",
   ":389",
   ":315#out:1",
   ":316#out:1",
   ":128#out:1",
   ":149#out:1",
   ":133#out:1",
   ":380#out:1",
   ":385#out:1"
  ],
  "sameAsElement":1
 },
 {
  "hid":25,
  "sid":"CM200C_DmaCfgAndUse:32",
  "esid":"CM200C_DmaCfgAndUse:32",
  "parent":24,
  "children":[
  ],
  "name":"CopyRight2",
  "label":"CopyRight2",
  "fullname":"CM200C_DmaCfgAndUse/DmaCfgAndUse/DmaWaitForMotCtrlTo2MilliSecTrf/CopyRight2",
  "icon":"WebViewIcon2",
  "svg":"support/slwebview_files/CM200C_DmaCfgAndUse_32_d.svg",
  "thumbnail":"support/slwebview_files/CM200C_DmaCfgAndUse_32_d.png",
  "backingUrl":"support/slwebview_files/CM200C_DmaCfgAndUse_32_d.json",
  "elements":[
  ],
  "sameAsElement":1
 },
 {
  "hid":26,
  "sid":"CM200C_DmaCfgAndUse:133",
  "esid":"CM200C_DmaCfgAndUse:133",
  "parent":24,
  "children":[
   27
  ],
  "name":"GetTiSpan1MicroSec32bit",
  "label":"GetTiSpan1MicroSec32bit",
  "fullname":"CM200C_DmaCfgAndUse/DmaCfgAndUse/DmaWaitForMotCtrlTo2MilliSecTrf/GetTiSpan1MicroSec32bit",
  "icon":"WebViewIcon3",
  "svg":"support/slwebview_files/CM200C_DmaCfgAndUse_133_d.svg",
  "thumbnail":"support/slwebview_files/CM200C_DmaCfgAndUse_133_d.png",
  "backingUrl":"support/slwebview_files/CM200C_DmaCfgAndUse_133_d.json",
  "elements":[
   ":134",
   ":136",
   ":135",
   ":137",
   ":135#out:1"
  ],
  "sameAsElement":1
 },
 {
  "hid":27,
  "sid":"CM200C_DmaCfgAndUse:134",
  "esid":"CM200C_DmaCfgAndUse:134",
  "parent":26,
  "children":[
  ],
  "name":"CopyRight2",
  "label":"CopyRight2",
  "fullname":"CM200C_DmaCfgAndUse/DmaCfgAndUse/DmaWaitForMotCtrlTo2MilliSecTrf/GetTiSpan1MicroSec32bit/CopyRight2",
  "icon":"WebViewIcon2",
  "svg":"support/slwebview_files/CM200C_DmaCfgAndUse_134_d.svg",
  "thumbnail":"support/slwebview_files/CM200C_DmaCfgAndUse_134_d.png",
  "backingUrl":"support/slwebview_files/CM200C_DmaCfgAndUse_134_d.json",
  "elements":[
  ],
  "sameAsElement":1
 },
 {
  "hid":28,
  "sid":"CM200C_DmaCfgAndUse:381",
  "esid":"CM200C_DmaCfgAndUse:381",
  "parent":24,
  "children":[
   29
  ],
  "name":"If Action Subsystem",
  "label":"If Action Subsystem",
  "fullname":"CM200C_DmaCfgAndUse/DmaCfgAndUse/DmaWaitForMotCtrlTo2MilliSecTrf/If Action Subsystem",
  "icon":"WebViewIcon3",
  "svg":"support/slwebview_files/CM200C_DmaCfgAndUse_381_d.svg",
  "thumbnail":"support/slwebview_files/CM200C_DmaCfgAndUse_381_d.png",
  "backingUrl":"support/slwebview_files/CM200C_DmaCfgAndUse_381_d.json",
  "elements":[
   ":383",
   ":382",
   ":379",
   ":387",
   ":382#out:1"
  ],
  "sameAsElement":1
 },
 {
  "hid":29,
  "sid":"CM200C_DmaCfgAndUse:387",
  "esid":"CM200C_DmaCfgAndUse:387",
  "parent":28,
  "children":[
  ],
  "name":"CopyRight2",
  "label":"CopyRight2",
  "fullname":"CM200C_DmaCfgAndUse/DmaCfgAndUse/DmaWaitForMotCtrlTo2MilliSecTrf/If Action Subsystem/CopyRight2",
  "icon":"WebViewIcon2",
  "svg":"support/slwebview_files/CM200C_DmaCfgAndUse_387_d.svg",
  "thumbnail":"support/slwebview_files/CM200C_DmaCfgAndUse_387_d.png",
  "backingUrl":"support/slwebview_files/CM200C_DmaCfgAndUse_387_d.json",
  "elements":[
  ],
  "sameAsElement":1
 },
 {
  "hid":30,
  "sid":"CM200C_DmaCfgAndUse:607",
  "esid":"CM200C_DmaCfgAndUse:607",
  "parent":3,
  "children":[
   31,
   32
  ],
  "name":"InjDmaErr",
  "label":"InjDmaErr",
  "fullname":"CM200C_DmaCfgAndUse/DmaCfgAndUse/InjDmaErr",
  "icon":"WebViewIcon3",
  "svg":"support/slwebview_files/CM200C_DmaCfgAndUse_607_d.svg",
  "thumbnail":"support/slwebview_files/CM200C_DmaCfgAndUse_607_d.png",
  "backingUrl":"support/slwebview_files/CM200C_DmaCfgAndUse_607_d.json",
  "elements":[
   ":608",
   ":609",
   ":610"
  ],
  "sameAsElement":1
 },
 {
  "hid":31,
  "sid":"CM200C_DmaCfgAndUse:609",
  "esid":"CM200C_DmaCfgAndUse:609",
  "parent":30,
  "children":[
  ],
  "name":"CopyRight2",
  "label":"CopyRight2",
  "fullname":"CM200C_DmaCfgAndUse/DmaCfgAndUse/InjDmaErr/CopyRight2",
  "icon":"WebViewIcon2",
  "svg":"support/slwebview_files/CM200C_DmaCfgAndUse_609_d.svg",
  "thumbnail":"support/slwebview_files/CM200C_DmaCfgAndUse_609_d.png",
  "backingUrl":"support/slwebview_files/CM200C_DmaCfgAndUse_609_d.json",
  "elements":[
  ],
  "sameAsElement":1
 },
 {
  "hid":32,
  "sid":"CM200C_DmaCfgAndUse:610",
  "esid":"CM200C_DmaCfgAndUse:610",
  "parent":30,
  "children":[
   33
  ],
  "name":"Variant Subsystem",
  "label":"Variant Subsystem",
  "fullname":"CM200C_DmaCfgAndUse/DmaCfgAndUse/InjDmaErr/Variant Subsystem",
  "icon":"WebViewIcon3",
  "svg":"support/slwebview_files/CM200C_DmaCfgAndUse_610_d.svg",
  "thumbnail":"support/slwebview_files/CM200C_DmaCfgAndUse_610_d.png",
  "backingUrl":"support/slwebview_files/CM200C_DmaCfgAndUse_610_d.json",
  "elements":[
   ":660",
   ":611"
  ],
  "sameAsElement":1
 },
 {
  "hid":33,
  "sid":"CM200C_DmaCfgAndUse:611",
  "esid":"CM200C_DmaCfgAndUse:611",
  "parent":32,
  "children":[
   34,
   35,
   39,
   43,
   47
  ],
  "name":"ErrInj",
  "label":"ErrInj",
  "fullname":"CM200C_DmaCfgAndUse/DmaCfgAndUse/InjDmaErr/Variant Subsystem/ErrInj",
  "icon":"WebViewIcon3",
  "svg":"support/slwebview_files/CM200C_DmaCfgAndUse_611_d.svg",
  "thumbnail":"support/slwebview_files/CM200C_DmaCfgAndUse_611_d.png",
  "backingUrl":"support/slwebview_files/CM200C_DmaCfgAndUse_611_d.json",
  "elements":[
   ":659",
   ":655",
   ":614",
   ":613",
   ":653",
   ":632",
   ":612",
   ":654",
   ":644",
   ":655#out:1",
   ":613#out:1",
   ":653#out:1",
   ":654#out:1"
  ],
  "sameAsElement":1
 },
 {
  "hid":34,
  "sid":"CM200C_DmaCfgAndUse:612",
  "esid":"CM200C_DmaCfgAndUse:612",
  "parent":33,
  "children":[
  ],
  "name":"CopyRight2",
  "label":"CopyRight2",
  "fullname":"CM200C_DmaCfgAndUse/DmaCfgAndUse/InjDmaErr/Variant Subsystem/ErrInj/CopyRight2",
  "icon":"WebViewIcon2",
  "svg":"support/slwebview_files/CM200C_DmaCfgAndUse_612_d.svg",
  "thumbnail":"support/slwebview_files/CM200C_DmaCfgAndUse_612_d.png",
  "backingUrl":"support/slwebview_files/CM200C_DmaCfgAndUse_612_d.json",
  "elements":[
  ],
  "sameAsElement":1
 },
 {
  "hid":35,
  "sid":"CM200C_DmaCfgAndUse:614",
  "esid":"CM200C_DmaCfgAndUse:614",
  "parent":33,
  "children":[
   36,
   38
  ],
  "name":"If Action Subsystem",
  "label":"If Action Subsystem",
  "fullname":"CM200C_DmaCfgAndUse/DmaCfgAndUse/InjDmaErr/Variant Subsystem/ErrInj/If Action Subsystem",
  "icon":"WebViewIcon3",
  "svg":"support/slwebview_files/CM200C_DmaCfgAndUse_614_d.svg",
  "thumbnail":"support/slwebview_files/CM200C_DmaCfgAndUse_614_d.png",
  "backingUrl":"support/slwebview_files/CM200C_DmaCfgAndUse_614_d.json",
  "elements":[
   ":630",
   ":631",
   ":615",
   ":620",
   ":623",
   ":621",
   ":627",
   ":618",
   ":628",
   ":625",
   ":624",
   ":622",
   ":629",
   ":619",
   ":626",
   ":616",
   ":627#out:1",
   ":618#out:1",
   ":625#out:1",
   ":628#out:1",
   ":623#out:1",
   ":629#out:1",
   ":619#out:1",
   ":626#out:1",
   ":624#out:1"
  ],
  "sameAsElement":1
 },
 {
  "hid":36,
  "sid":"CM200C_DmaCfgAndUse:616",
  "esid":"CM200C_DmaCfgAndUse:616",
  "parent":35,
  "children":[
   37
  ],
  "name":"ClrErrInjReg",
  "label":"ClrErrInjReg",
  "fullname":"CM200C_DmaCfgAndUse/DmaCfgAndUse/InjDmaErr/Variant Subsystem/ErrInj/If Action Subsystem/ClrErrInjReg",
  "icon":"WebViewIcon3",
  "svg":"support/slwebview_files/CM200C_DmaCfgAndUse_616_d.svg",
  "thumbnail":"support/slwebview_files/CM200C_DmaCfgAndUse_616_d.png",
  "backingUrl":"support/slwebview_files/CM200C_DmaCfgAndUse_616_d.json",
  "elements":[
   ":617"
  ],
  "sameAsElement":1
 },
 {
  "hid":37,
  "sid":"CM200C_DmaCfgAndUse:617",
  "esid":"CM200C_DmaCfgAndUse:617",
  "parent":36,
  "children":[
  ],
  "name":"CopyRight2",
  "label":"CopyRight2",
  "fullname":"CM200C_DmaCfgAndUse/DmaCfgAndUse/InjDmaErr/Variant Subsystem/ErrInj/If Action Subsystem/ClrErrInjReg/CopyRight2",
  "icon":"WebViewIcon2",
  "svg":"support/slwebview_files/CM200C_DmaCfgAndUse_617_d.svg",
  "thumbnail":"support/slwebview_files/CM200C_DmaCfgAndUse_617_d.png",
  "backingUrl":"support/slwebview_files/CM200C_DmaCfgAndUse_617_d.json",
  "elements":[
  ],
  "sameAsElement":1
 },
 {
  "hid":38,
  "sid":"CM200C_DmaCfgAndUse:620",
  "esid":"CM200C_DmaCfgAndUse:620",
  "parent":35,
  "children":[
  ],
  "name":"CopyRight2",
  "label":"CopyRight2",
  "fullname":"CM200C_DmaCfgAndUse/DmaCfgAndUse/InjDmaErr/Variant Subsystem/ErrInj/If Action Subsystem/CopyRight2",
  "icon":"WebViewIcon2",
  "svg":"support/slwebview_files/CM200C_DmaCfgAndUse_620_d.svg",
  "thumbnail":"support/slwebview_files/CM200C_DmaCfgAndUse_620_d.png",
  "backingUrl":"support/slwebview_files/CM200C_DmaCfgAndUse_620_d.json",
  "elements":[
  ],
  "sameAsElement":1
 },
 {
  "hid":39,
  "sid":"CM200C_DmaCfgAndUse:632",
  "esid":"CM200C_DmaCfgAndUse:632",
  "parent":33,
  "children":[
   40,
   42
  ],
  "name":"If Action Subsystem1",
  "label":"If Action Subsystem1",
  "fullname":"CM200C_DmaCfgAndUse/DmaCfgAndUse/InjDmaErr/Variant Subsystem/ErrInj/If Action Subsystem1",
  "icon":"WebViewIcon3",
  "svg":"support/slwebview_files/CM200C_DmaCfgAndUse_632_d.svg",
  "thumbnail":"support/slwebview_files/CM200C_DmaCfgAndUse_632_d.png",
  "backingUrl":"support/slwebview_files/CM200C_DmaCfgAndUse_632_d.json",
  "elements":[
   ":643",
   ":633",
   ":637",
   ":639",
   ":638",
   ":641",
   ":636",
   ":642",
   ":640",
   ":634",
   ":641#out:1",
   ":636#out:1",
   ":640#out:1",
   ":642#out:1",
   ":639#out:1"
  ],
  "sameAsElement":1
 },
 {
  "hid":40,
  "sid":"CM200C_DmaCfgAndUse:634",
  "esid":"CM200C_DmaCfgAndUse:634",
  "parent":39,
  "children":[
   41
  ],
  "name":"ClrErrInjReg",
  "label":"ClrErrInjReg",
  "fullname":"CM200C_DmaCfgAndUse/DmaCfgAndUse/InjDmaErr/Variant Subsystem/ErrInj/If Action Subsystem1/ClrErrInjReg",
  "icon":"WebViewIcon3",
  "svg":"support/slwebview_files/CM200C_DmaCfgAndUse_634_d.svg",
  "thumbnail":"support/slwebview_files/CM200C_DmaCfgAndUse_634_d.png",
  "backingUrl":"support/slwebview_files/CM200C_DmaCfgAndUse_634_d.json",
  "elements":[
   ":635"
  ],
  "sameAsElement":1
 },
 {
  "hid":41,
  "sid":"CM200C_DmaCfgAndUse:635",
  "esid":"CM200C_DmaCfgAndUse:635",
  "parent":40,
  "children":[
  ],
  "name":"CopyRight2",
  "label":"CopyRight2",
  "fullname":"CM200C_DmaCfgAndUse/DmaCfgAndUse/InjDmaErr/Variant Subsystem/ErrInj/If Action Subsystem1/ClrErrInjReg/CopyRight2",
  "icon":"WebViewIcon2",
  "svg":"support/slwebview_files/CM200C_DmaCfgAndUse_635_d.svg",
  "thumbnail":"support/slwebview_files/CM200C_DmaCfgAndUse_635_d.png",
  "backingUrl":"support/slwebview_files/CM200C_DmaCfgAndUse_635_d.json",
  "elements":[
  ],
  "sameAsElement":1
 },
 {
  "hid":42,
  "sid":"CM200C_DmaCfgAndUse:637",
  "esid":"CM200C_DmaCfgAndUse:637",
  "parent":39,
  "children":[
  ],
  "name":"CopyRight2",
  "label":"CopyRight2",
  "fullname":"CM200C_DmaCfgAndUse/DmaCfgAndUse/InjDmaErr/Variant Subsystem/ErrInj/If Action Subsystem1/CopyRight2",
  "icon":"WebViewIcon2",
  "svg":"support/slwebview_files/CM200C_DmaCfgAndUse_637_d.svg",
  "thumbnail":"support/slwebview_files/CM200C_DmaCfgAndUse_637_d.png",
  "backingUrl":"support/slwebview_files/CM200C_DmaCfgAndUse_637_d.json",
  "elements":[
  ],
  "sameAsElement":1
 },
 {
  "hid":43,
  "sid":"CM200C_DmaCfgAndUse:644",
  "esid":"CM200C_DmaCfgAndUse:644",
  "parent":33,
  "children":[
   44,
   46
  ],
  "name":"If Action Subsystem2",
  "label":"If Action Subsystem2",
  "fullname":"CM200C_DmaCfgAndUse/DmaCfgAndUse/InjDmaErr/Variant Subsystem/ErrInj/If Action Subsystem2",
  "icon":"WebViewIcon3",
  "svg":"support/slwebview_files/CM200C_DmaCfgAndUse_644_d.svg",
  "thumbnail":"support/slwebview_files/CM200C_DmaCfgAndUse_644_d.png",
  "backingUrl":"support/slwebview_files/CM200C_DmaCfgAndUse_644_d.json",
  "elements":[
   ":652",
   ":645",
   ":648",
   ":646",
   ":651",
   ":649",
   ":650",
   ":651#out:1"
  ],
  "sameAsElement":1
 },
 {
  "hid":44,
  "sid":"CM200C_DmaCfgAndUse:646",
  "esid":"CM200C_DmaCfgAndUse:646",
  "parent":43,
  "children":[
   45
  ],
  "name":"ClrErrInjReg",
  "label":"ClrErrInjReg",
  "fullname":"CM200C_DmaCfgAndUse/DmaCfgAndUse/InjDmaErr/Variant Subsystem/ErrInj/If Action Subsystem2/ClrErrInjReg",
  "icon":"WebViewIcon3",
  "svg":"support/slwebview_files/CM200C_DmaCfgAndUse_646_d.svg",
  "thumbnail":"support/slwebview_files/CM200C_DmaCfgAndUse_646_d.png",
  "backingUrl":"support/slwebview_files/CM200C_DmaCfgAndUse_646_d.json",
  "elements":[
   ":647"
  ],
  "sameAsElement":1
 },
 {
  "hid":45,
  "sid":"CM200C_DmaCfgAndUse:647",
  "esid":"CM200C_DmaCfgAndUse:647",
  "parent":44,
  "children":[
  ],
  "name":"CopyRight2",
  "label":"CopyRight2",
  "fullname":"CM200C_DmaCfgAndUse/DmaCfgAndUse/InjDmaErr/Variant Subsystem/ErrInj/If Action Subsystem2/ClrErrInjReg/CopyRight2",
  "icon":"WebViewIcon2",
  "svg":"support/slwebview_files/CM200C_DmaCfgAndUse_647_d.svg",
  "thumbnail":"support/slwebview_files/CM200C_DmaCfgAndUse_647_d.png",
  "backingUrl":"support/slwebview_files/CM200C_DmaCfgAndUse_647_d.json",
  "elements":[
  ],
  "sameAsElement":1
 },
 {
  "hid":46,
  "sid":"CM200C_DmaCfgAndUse:648",
  "esid":"CM200C_DmaCfgAndUse:648",
  "parent":43,
  "children":[
  ],
  "name":"CopyRight2",
  "label":"CopyRight2",
  "fullname":"CM200C_DmaCfgAndUse/DmaCfgAndUse/InjDmaErr/Variant Subsystem/ErrInj/If Action Subsystem2/CopyRight2",
  "icon":"WebViewIcon2",
  "svg":"support/slwebview_files/CM200C_DmaCfgAndUse_648_d.svg",
  "thumbnail":"support/slwebview_files/CM200C_DmaCfgAndUse_648_d.png",
  "backingUrl":"support/slwebview_files/CM200C_DmaCfgAndUse_648_d.json",
  "elements":[
  ],
  "sameAsElement":1
 },
 {
  "hid":47,
  "sid":"CM200C_DmaCfgAndUse:655",
  "esid":"CM200C_DmaCfgAndUse:655",
  "parent":33,
  "children":[
   48
  ],
  "name":"ReadErrInjReg",
  "label":"ReadErrInjReg",
  "fullname":"CM200C_DmaCfgAndUse/DmaCfgAndUse/InjDmaErr/Variant Subsystem/ErrInj/ReadErrInjReg",
  "icon":"WebViewIcon3",
  "svg":"support/slwebview_files/CM200C_DmaCfgAndUse_655_d.svg",
  "thumbnail":"support/slwebview_files/CM200C_DmaCfgAndUse_655_d.png",
  "backingUrl":"support/slwebview_files/CM200C_DmaCfgAndUse_655_d.json",
  "elements":[
   ":656",
   ":658",
   ":657",
   ":657#out:1"
  ],
  "sameAsElement":1
 },
 {
  "hid":48,
  "sid":"CM200C_DmaCfgAndUse:656",
  "esid":"CM200C_DmaCfgAndUse:656",
  "parent":47,
  "children":[
  ],
  "name":"CopyRight2",
  "label":"CopyRight2",
  "fullname":"CM200C_DmaCfgAndUse/DmaCfgAndUse/InjDmaErr/Variant Subsystem/ErrInj/ReadErrInjReg/CopyRight2",
  "icon":"WebViewIcon2",
  "svg":"support/slwebview_files/CM200C_DmaCfgAndUse_656_d.svg",
  "thumbnail":"support/slwebview_files/CM200C_DmaCfgAndUse_656_d.png",
  "backingUrl":"support/slwebview_files/CM200C_DmaCfgAndUse_656_d.json",
  "elements":[
  ],
  "sameAsElement":1
 },
 {
  "hid":49,
  "sid":"CM200C_DmaCfgAndUse:661",
  "esid":"CM200C_DmaCfgAndUse:661",
  "parent":3,
  "children":[
   50,
   51
  ],
  "name":"InjMcuDiagcErr",
  "label":"InjMcuDiagcErr",
  "fullname":"CM200C_DmaCfgAndUse/DmaCfgAndUse/InjMcuDiagcErr",
  "icon":"WebViewIcon3",
  "svg":"support/slwebview_files/CM200C_DmaCfgAndUse_661_d.svg",
  "thumbnail":"support/slwebview_files/CM200C_DmaCfgAndUse_661_d.png",
  "backingUrl":"support/slwebview_files/CM200C_DmaCfgAndUse_661_d.json",
  "elements":[
   ":662",
   ":663",
   ":664"
  ],
  "sameAsElement":1
 },
 {
  "hid":50,
  "sid":"CM200C_DmaCfgAndUse:663",
  "esid":"CM200C_DmaCfgAndUse:663",
  "parent":49,
  "children":[
  ],
  "name":"CopyRight2",
  "label":"CopyRight2",
  "fullname":"CM200C_DmaCfgAndUse/DmaCfgAndUse/InjMcuDiagcErr/CopyRight2",
  "icon":"WebViewIcon2",
  "svg":"support/slwebview_files/CM200C_DmaCfgAndUse_663_d.svg",
  "thumbnail":"support/slwebview_files/CM200C_DmaCfgAndUse_663_d.png",
  "backingUrl":"support/slwebview_files/CM200C_DmaCfgAndUse_663_d.json",
  "elements":[
  ],
  "sameAsElement":1
 },
 {
  "hid":51,
  "sid":"CM200C_DmaCfgAndUse:664",
  "esid":"CM200C_DmaCfgAndUse:664",
  "parent":49,
  "children":[
   52
  ],
  "name":"Variant Subsystem",
  "label":"Variant Subsystem",
  "fullname":"CM200C_DmaCfgAndUse/DmaCfgAndUse/InjMcuDiagcErr/Variant Subsystem",
  "icon":"WebViewIcon3",
  "svg":"support/slwebview_files/CM200C_DmaCfgAndUse_664_d.svg",
  "thumbnail":"support/slwebview_files/CM200C_DmaCfgAndUse_664_d.png",
  "backingUrl":"support/slwebview_files/CM200C_DmaCfgAndUse_664_d.json",
  "elements":[
   ":680",
   ":665"
  ],
  "sameAsElement":1
 },
 {
  "hid":52,
  "sid":"CM200C_DmaCfgAndUse:665",
  "esid":"CM200C_DmaCfgAndUse:665",
  "parent":51,
  "children":[
   53,
   57,
   58
  ],
  "name":"ErrInj",
  "label":"ErrInj",
  "fullname":"CM200C_DmaCfgAndUse/DmaCfgAndUse/InjMcuDiagcErr/Variant Subsystem/ErrInj",
  "icon":"WebViewIcon3",
  "svg":"support/slwebview_files/CM200C_DmaCfgAndUse_665_d.svg",
  "thumbnail":"support/slwebview_files/CM200C_DmaCfgAndUse_665_d.png",
  "backingUrl":"support/slwebview_files/CM200C_DmaCfgAndUse_665_d.json",
  "elements":[
   ":679",
   ":675",
   ":666",
   ":674",
   ":673",
   ":675#out:1",
   ":674#out:1"
  ],
  "sameAsElement":1
 },
 {
  "hid":53,
  "sid":"CM200C_DmaCfgAndUse:666",
  "esid":"CM200C_DmaCfgAndUse:666",
  "parent":52,
  "children":[
   54,
   56
  ],
  "name":"Action",
  "label":"Action",
  "fullname":"CM200C_DmaCfgAndUse/DmaCfgAndUse/InjMcuDiagcErr/Variant Subsystem/ErrInj/Action",
  "icon":"WebViewIcon3",
  "svg":"support/slwebview_files/CM200C_DmaCfgAndUse_666_d.svg",
  "thumbnail":"support/slwebview_files/CM200C_DmaCfgAndUse_666_d.png",
  "backingUrl":"support/slwebview_files/CM200C_DmaCfgAndUse_666_d.json",
  "elements":[
   ":667",
   ":671",
   ":668",
   ":672",
   ":670",
   ":670#out:1"
  ],
  "sameAsElement":1
 },
 {
  "hid":54,
  "sid":"CM200C_DmaCfgAndUse:668",
  "esid":"CM200C_DmaCfgAndUse:668",
  "parent":53,
  "children":[
   55
  ],
  "name":"ClrErrInjReg",
  "label":"ClrErrInjReg",
  "fullname":"CM200C_DmaCfgAndUse/DmaCfgAndUse/InjMcuDiagcErr/Variant Subsystem/ErrInj/Action/ClrErrInjReg",
  "icon":"WebViewIcon3",
  "svg":"support/slwebview_files/CM200C_DmaCfgAndUse_668_d.svg",
  "thumbnail":"support/slwebview_files/CM200C_DmaCfgAndUse_668_d.png",
  "backingUrl":"support/slwebview_files/CM200C_DmaCfgAndUse_668_d.json",
  "elements":[
   ":669"
  ],
  "sameAsElement":1
 },
 {
  "hid":55,
  "sid":"CM200C_DmaCfgAndUse:669",
  "esid":"CM200C_DmaCfgAndUse:669",
  "parent":54,
  "children":[
  ],
  "name":"CopyRight2",
  "label":"CopyRight2",
  "fullname":"CM200C_DmaCfgAndUse/DmaCfgAndUse/InjMcuDiagcErr/Variant Subsystem/ErrInj/Action/ClrErrInjReg/CopyRight2",
  "icon":"WebViewIcon2",
  "svg":"support/slwebview_files/CM200C_DmaCfgAndUse_669_d.svg",
  "thumbnail":"support/slwebview_files/CM200C_DmaCfgAndUse_669_d.png",
  "backingUrl":"support/slwebview_files/CM200C_DmaCfgAndUse_669_d.json",
  "elements":[
  ],
  "sameAsElement":1
 },
 {
  "hid":56,
  "sid":"CM200C_DmaCfgAndUse:671",
  "esid":"CM200C_DmaCfgAndUse:671",
  "parent":53,
  "children":[
  ],
  "name":"CopyRight2",
  "label":"CopyRight2",
  "fullname":"CM200C_DmaCfgAndUse/DmaCfgAndUse/InjMcuDiagcErr/Variant Subsystem/ErrInj/Action/CopyRight2",
  "icon":"WebViewIcon2",
  "svg":"support/slwebview_files/CM200C_DmaCfgAndUse_671_d.svg",
  "thumbnail":"support/slwebview_files/CM200C_DmaCfgAndUse_671_d.png",
  "backingUrl":"support/slwebview_files/CM200C_DmaCfgAndUse_671_d.json",
  "elements":[
  ],
  "sameAsElement":1
 },
 {
  "hid":57,
  "sid":"CM200C_DmaCfgAndUse:673",
  "esid":"CM200C_DmaCfgAndUse:673",
  "parent":52,
  "children":[
  ],
  "name":"CopyRight2",
  "label":"CopyRight2",
  "fullname":"CM200C_DmaCfgAndUse/DmaCfgAndUse/InjMcuDiagcErr/Variant Subsystem/ErrInj/CopyRight2",
  "icon":"WebViewIcon2",
  "svg":"support/slwebview_files/CM200C_DmaCfgAndUse_673_d.svg",
  "thumbnail":"support/slwebview_files/CM200C_DmaCfgAndUse_673_d.png",
  "backingUrl":"support/slwebview_files/CM200C_DmaCfgAndUse_673_d.json",
  "elements":[
  ],
  "sameAsElement":1
 },
 {
  "hid":58,
  "sid":"CM200C_DmaCfgAndUse:675",
  "esid":"CM200C_DmaCfgAndUse:675",
  "parent":52,
  "children":[
   59
  ],
  "name":"ReadErrInjReg",
  "label":"ReadErrInjReg",
  "fullname":"CM200C_DmaCfgAndUse/DmaCfgAndUse/InjMcuDiagcErr/Variant Subsystem/ErrInj/ReadErrInjReg",
  "icon":"WebViewIcon3",
  "svg":"support/slwebview_files/CM200C_DmaCfgAndUse_675_d.svg",
  "thumbnail":"support/slwebview_files/CM200C_DmaCfgAndUse_675_d.png",
  "backingUrl":"support/slwebview_files/CM200C_DmaCfgAndUse_675_d.json",
  "elements":[
   ":676",
   ":678",
   ":677",
   ":677#out:1"
  ],
  "sameAsElement":1
 },
 {
  "hid":59,
  "sid":"CM200C_DmaCfgAndUse:676",
  "esid":"CM200C_DmaCfgAndUse:676",
  "parent":58,
  "children":[
  ],
  "name":"CopyRight2",
  "label":"CopyRight2",
  "fullname":"CM200C_DmaCfgAndUse/DmaCfgAndUse/InjMcuDiagcErr/Variant Subsystem/ErrInj/ReadErrInjReg/CopyRight2",
  "icon":"WebViewIcon2",
  "svg":"support/slwebview_files/CM200C_DmaCfgAndUse_676_d.svg",
  "thumbnail":"support/slwebview_files/CM200C_DmaCfgAndUse_676_d.png",
  "backingUrl":"support/slwebview_files/CM200C_DmaCfgAndUse_676_d.json",
  "elements":[
  ],
  "sameAsElement":1
 },
 {
  "hid":60,
  "sid":"CM200C_DmaCfgAndUse:568",
  "esid":"CM200C_DmaCfgAndUse:568",
  "parent":1,
  "children":[
   61,
   62
  ],
  "name":"Subsystem",
  "label":"Subsystem",
  "fullname":"CM200C_DmaCfgAndUse/Subsystem",
  "icon":"WebViewIcon3",
  "svg":"support/slwebview_files/CM200C_DmaCfgAndUse_568_d.svg",
  "thumbnail":"support/slwebview_files/CM200C_DmaCfgAndUse_568_d.png",
  "backingUrl":"support/slwebview_files/CM200C_DmaCfgAndUse_568_d.json",
  "elements":[
   ":570",
   ":575",
   ":576",
   ":569",
   ":570#out:1",
   ":575#out:1"
  ],
  "sameAsElement":1
 },
 {
  "hid":61,
  "sid":"CM200C_DmaCfgAndUse:569",
  "esid":"CM200C_DmaCfgAndUse:569",
  "parent":60,
  "children":[
  ],
  "name":"CopyRight2",
  "label":"CopyRight2",
  "fullname":"CM200C_DmaCfgAndUse/Subsystem/CopyRight2",
  "icon":"WebViewIcon2",
  "svg":"support/slwebview_files/CM200C_DmaCfgAndUse_569_d.svg",
  "thumbnail":"support/slwebview_files/CM200C_DmaCfgAndUse_569_d.png",
  "backingUrl":"support/slwebview_files/CM200C_DmaCfgAndUse_569_d.json",
  "elements":[
  ],
  "sameAsElement":1
 },
 {
  "hid":62,
  "sid":"CM200C_DmaCfgAndUse:570",
  "esid":"CM200C_DmaCfgAndUse:570",
  "parent":60,
  "children":[
   63
  ],
  "name":"Enabled Subsystem",
  "label":"Enabled Subsystem",
  "fullname":"CM200C_DmaCfgAndUse/Subsystem/Enabled Subsystem",
  "icon":"WebViewIcon3",
  "svg":"support/slwebview_files/CM200C_DmaCfgAndUse_570_d.svg",
  "thumbnail":"support/slwebview_files/CM200C_DmaCfgAndUse_570_d.png",
  "backingUrl":"support/slwebview_files/CM200C_DmaCfgAndUse_570_d.json",
  "elements":[
   ":574",
   ":571",
   ":573",
   ":572",
   ":573#out:1"
  ],
  "sameAsElement":1
 },
 {
  "hid":63,
  "sid":"CM200C_DmaCfgAndUse:572",
  "esid":"CM200C_DmaCfgAndUse:572",
  "parent":62,
  "children":[
  ],
  "name":"CopyRight2",
  "label":"CopyRight2",
  "fullname":"CM200C_DmaCfgAndUse/Subsystem/Enabled Subsystem/CopyRight2",
  "icon":"WebViewIcon2",
  "svg":"support/slwebview_files/CM200C_DmaCfgAndUse_572_d.svg",
  "thumbnail":"support/slwebview_files/CM200C_DmaCfgAndUse_572_d.png",
  "backingUrl":"support/slwebview_files/CM200C_DmaCfgAndUse_572_d.json",
  "elements":[
  ],
  "sameAsElement":1
 }
]