<?xml version="1.0" encoding="UTF-8"?>
<!--EDRS Version 1.0-->
<global>
   <file name="C:\\component\\AR202A_MicroCtrlrSuprt_Impl\\include\\P1M\\R7F701311\\enca_regs.h" comment="">
      <struct name="ENCA0" comment="" line="121" attributes="volatile extern">
         <scalar name="CNT" comment="" line="121" base_type="uint16" attributes="volatile extern" complete_type="uint16" init_mode="PERMANENT" init_modes_allowed="4" init_range="min..max" global_assert="disabled" assert_range="disabled"/>
         <struct name="CTL" comment="" line="121" attributes="volatile extern">
            <scalar name="UINT16" comment="" line="121" base_type="uint16" attributes="volatile extern" complete_type="uint16" init_mode="PERMANENT" init_modes_allowed="4" init_range="min..max" global_assert="disabled" assert_range="disabled"/>
         </struct>
         <struct name="IOC1" comment="" line="121" attributes="volatile extern">
            <scalar name="UINT8" comment="" line="121" base_type="uint8" attributes="volatile extern" complete_type="uint8" init_mode="PERMANENT" init_modes_allowed="4" init_range="min..max" global_assert="disabled" assert_range="disabled"/>
         </struct>
         <struct name="TS" comment="" line="121" attributes="volatile extern">
            <scalar name="UINT8" comment="" line="121" base_type="uint8" attributes="volatile extern" complete_type="uint8" init_mode="PERMANENT" init_modes_allowed="4" init_range="min..max" global_assert="disabled" assert_range="disabled"/>
         </struct>
         <struct name="TT" comment="" line="121" attributes="volatile extern">
            <scalar name="UINT8" comment="" line="121" base_type="uint8" attributes="volatile extern" complete_type="uint8" init_mode="PERMANENT" init_modes_allowed="4" init_range="min..max" global_assert="disabled" assert_range="disabled"/>
         </struct>
      </struct>
   </file>
   <file name="C:\\component\\CM510A_MotAg3Meas_Impl\\src\\CDD_MotAg3Meas.c" comment="">
      <function name="GetMotAg3Mecl_Oper" comment="" line="144" main_generator_called="MAIN_GENERATOR" attributes="unused">
         <pointer name="arg1" comment="" line="144" complete_type="uint16 *" init_mode="MAIN_GENERATOR" init_modes_allowed="10" initialize_pointer="May-be NULL" number_allocated="max" init_pointed="MAIN_GENERATOR">
            <scalar comment="" line="144" base_type="uint16" complete_type="uint16" init_mode="MAIN_GENERATOR" init_modes_allowed="10" init_range="min..max" global_assert="unsupported" assert_range="unsupported"/>
         </pointer>
      </function>
      <function name="MotAg3MeasInit1" comment="" line="192" main_generator_called="MAIN_GENERATOR" attributes="unused"/>
   </file>
   <file name="C:\\component\\CM510A_MotAg3Meas_Impl\\tools\\contract\\Rte_CDD_MotAg3Meas.h" comment="">
      <function name="Rte_Read_CDD_MotAg3Meas_MotAgMecl3Polarity_Val" comment="" line="78" main_generator_called="disabled" attributes="extern">
         <pointer name="arg1" comment="" line="78" complete_type="int8 *" init_mode="disabled" initialize_pointer="disabled" number_allocated="disabled" init_pointed="MULTI">
            <scalar comment="" line="78" base_type="int8" complete_type="int8" init_mode="PERMANENT" init_modes_allowed="4" init_range="min..max" global_assert="unsupported" assert_range="unsupported"/>
         </pointer>
         <scalar name="return" comment="" line="78" base_type="uint8" complete_type="uint8" init_mode="PERMANENT" init_modes_allowed="4" init_range="min..max" global_assert="unsupported" assert_range="unsupported"/>
      </function>
   </file>
</global>
