<?xml version="1.0" encoding="UTF-8"?>

<project name="Polyspace" files="2" includes="18" ap_cg_cycle="0" ap_cg_direct_cycle="0" pshv="0" unpshv="0">
<file name="C:\component\ES248B_MotAgArbn_Impl\src\CDD_MotAgArbn_MotCtrl.c" total_lines="137" lines_without_cmt="79" comf="17" fco="0">
<function name="SigAvlChkRev" path="9" goto="0" vg="5" calling="1" calls="0" param="5" stmt="11" level="2" return="1" vocf="3.2" flin="32" fxln="14" ncalls="0">
</function>
<function name="MotAgArbnPer1" path="2" goto="0" vg="2" calling="0" calls="1" param="0" stmt="10" level="1" return="0" vocf="2.8" flin="30" fxln="15" ncalls="1">
</function>
</file>
<file name="C:\component\ES248B_MotAgArbn_Impl\src\CDD_MotAgArbn.c" total_lines="118" lines_without_cmt="8" comf="100" fco="0">
<function name="CDD_MotAgArbn_Init1" path="1" goto="0" vg="1" calling="0" calls="0" param="0" stmt="0" level="1" return="0" vocf="1.2" flin="9" fxln="0" ncalls="0">
</function>
</file>
</project>
