<?xml version="1.0" encoding="UTF-8"?>

<MISRA-C-Report version="1.3">


<CodeStruct Name="" File="C:\component\ES239B_HwAgCorrln_Impl\src\HwAgCorrln.c" Line="0" Column="0">

<Rule Name="19.1" Mode="advisory" Report="warning" Id="1">
<Loc File="C:\component\ES239B_HwAgCorrln_Impl\src\HwAgCorrln.c" Line="121" Column="0">
</Loc>
<Message>
#include statements in a file shall only be preceded by other preprocessor directives or comments.
</Message>
</Rule>

<Rule Name="19.11" Mode="required" Report="warning" Id="2">
<Loc File="C:\component\ES239B_HwAgCorrln_Impl\src\HwAgCorrln.c" Line="203" Column="0">
</Loc>
<Message>
`FLTINJENA' is not defined.
</Message>
</Rule>

<Rule Name="19.1" Mode="advisory" Report="warning" Id="3">
<Loc File="C:\component\ES239B_HwAgCorrln_Impl\src\HwAgCorrln.c" Line="219" Column="0">
</Loc>
<Message>
#include statements in a file shall only be preceded by other preprocessor directives or comments.
</Message>
</Rule>

</CodeStruct>

<CodeStruct Name="HwAgCorrlnPer1" File="C:\component\ES239B_HwAgCorrln_Impl\src\HwAgCorrln.c" Line="158" Column="5">

<Rule Name="9.1" Mode="required" Report="warning" Id="4">
<Loc File="C:\component\ES239B_HwAgCorrln_Impl\src\HwAgCorrln.c" Line="181" Column="44">
</Loc>
<Message>
All automatic variables shall have been assigned a value before being used.
</Message>
</Rule>

<Rule Name="9.1" Mode="required" Report="warning" Id="5">
<Loc File="C:\component\ES239B_HwAgCorrln_Impl\src\HwAgCorrln.c" Line="182" Column="80">
</Loc>
<Message>
All automatic variables shall have been assigned a value before being used.
</Message>
</Rule>

<Rule Name="21.1" Mode="required" Report="warning" Id="6">
<Loc File="C:\component\ES239B_HwAgCorrln_Impl\src\HwAgCorrln.c" Line="183" Column="100">
</Loc>
<Message>
Minimisation of run-time failures.
</Message>
</Rule>

<Rule Name="21.1" Mode="required" Report="warning" Id="7">
<Loc File="C:\component\ES239B_HwAgCorrln_Impl\src\HwAgCorrln.c" Line="186" Column="9">
</Loc>
<Message>
Minimisation of run-time failures.
</Message>
</Rule>

</CodeStruct>

<CodeStruct Name="HwAgSigAvlChk" File="C:\component\ES239B_HwAgCorrln_Impl\src\HwAgCorrln.c" Line="235" Column="15">

<Rule Name="21.1" Mode="required" Report="warning" Id="8">
<Loc File="C:\component\ES239B_HwAgCorrln_Impl\src\HwAgCorrln.c" Line="242" Column="30">
</Loc>
<Message>
Minimisation of run-time failures.
</Message>
</Rule>

<Rule Name="21.1" Mode="required" Report="warning" Id="9">
<Loc File="C:\component\ES239B_HwAgCorrln_Impl\src\HwAgCorrln.c" Line="244" Column="11">
</Loc>
<Message>
Minimisation of run-time failures.
</Message>
</Rule>

<Rule Name="21.1" Mode="required" Report="warning" Id="10">
<Loc File="C:\component\ES239B_HwAgCorrln_Impl\src\HwAgCorrln.c" Line="251" Column="8">
</Loc>
<Message>
Minimisation of run-time failures.
</Message>
</Rule>

</CodeStruct>

</MISRA-C-Report>
