<?xml version="1.0" encoding="UTF-8"?>

<MISRA-C-Report version="1.3">


<CodeStruct Name="" File="C:\component\CM410B_SnsrMeasStrt_Impl\src\CDD_SnsrMeasStrt_Irq.c" Line="0" Column="0">

<Rule Name="19.1" Mode="advisory" Report="warning" Id="2">
<Loc File="C:\component\CM410B_SnsrMeasStrt_Impl\src\CDD_SnsrMeasStrt_Irq.c" Line="61" Column="0">
</Loc>
<Message>
#include statements in a file shall only be preceded by other preprocessor directives or comments.
</Message>
</Rule>

</CodeStruct>

<CodeStruct Name="" File="C:\component\CM410B_SnsrMeasStrt_Impl\src\CDD_SnsrMeasStrt.c" Line="0" Column="0">

<Rule Name="19.1" Mode="advisory" Report="warning" Id="1">
<Loc File="C:\component\CM410B_SnsrMeasStrt_Impl\src\CDD_SnsrMeasStrt.c" Line="167" Column="0">
</Loc>
<Message>
#include statements in a file shall only be preceded by other preprocessor directives or comments.
</Message>
</Rule>

</CodeStruct>

<CodeStruct Name="SnsrMeasStrtIrq" File="C:\component\CM410B_SnsrMeasStrt_Impl\src\CDD_SnsrMeasStrt_Irq.c" Line="46" Column="5">

<Rule Name="21.1" Mode="required" Report="warning" Id="3">
<Loc File="C:\component\CM410B_SnsrMeasStrt_Impl\src\CDD_SnsrMeasStrt_Irq.c" Line="54" Column="31">
</Loc>
<Message>
Minimisation of run-time failures.
</Message>
</Rule>

<Rule Name="21.1" Mode="required" Report="warning" Id="4">
<Loc File="C:\component\CM410B_SnsrMeasStrt_Impl\src\CDD_SnsrMeasStrt_Irq.c" Line="54" Column="53">
</Loc>
<Message>
Minimisation of run-time failures.
</Message>
</Rule>

</CodeStruct>

</MISRA-C-Report>
