<?xml version="1.0" encoding="UTF-8"?>

<MISRA-C-Report version="1.3">


<CodeStruct Name="" File="C:\Component\CM640C_MotAg1Meas_Impl\include\CDD_MotAg1Meas_MotCtrl_MemMap.h" Line="0" Column="0">

<Rule Name="19.15" Mode="required" Report="warning" Id="6">
<Loc File="C:\Component\CM640C_MotAg1Meas_Impl\include\CDD_MotAg1Meas_MotCtrl_MemMap.h" Line="1" Column="0">
</Loc>
<Message>
Precautions shall be taken in order to prevent the contents of a header file being included twice.
</Message>
</Rule>

<Rule Name="19.6" Mode="required" Report="warning" Id="7">
<Loc File="C:\Component\CM640C_MotAg1Meas_Impl\include\CDD_MotAg1Meas_MotCtrl_MemMap.h" Line="25" Column="0">
</Loc>
<Message>
#undef shall not be used.
</Message>
</Rule>

<Rule Name="19.6" Mode="required" Report="warning" Id="8">
<Loc File="C:\Component\CM640C_MotAg1Meas_Impl\include\CDD_MotAg1Meas_MotCtrl_MemMap.h" Line="31" Column="0">
</Loc>
<Message>
#undef shall not be used.
</Message>
</Rule>

</CodeStruct>

<CodeStruct Name="" File="C:\Component\CM640C_MotAg1Meas_Impl\src\CDD_MotAg1Meas.c" Line="0" Column="0">

<Rule Name="19.1" Mode="advisory" Report="warning" Id="2">
<Loc File="C:\Component\CM640C_MotAg1Meas_Impl\src\CDD_MotAg1Meas.c" Line="761" Column="0">
</Loc>
<Message>
#include statements in a file shall only be preceded by other preprocessor directives or comments.
</Message>
</Rule>

<Rule Name="19.1" Mode="advisory" Report="warning" Id="3">
<Loc File="C:\Component\CM640C_MotAg1Meas_Impl\src\CDD_MotAg1Meas.c" Line="1319" Column="0">
</Loc>
<Message>
#include statements in a file shall only be preceded by other preprocessor directives or comments.
</Message>
</Rule>

<Rule Name="19.1" Mode="advisory" Report="warning" Id="4">
<Loc File="C:\Component\CM640C_MotAg1Meas_Impl\src\CDD_MotAg1Meas.c" Line="1328" Column="0">
</Loc>
<Message>
#include statements in a file shall only be preceded by other preprocessor directives or comments.
</Message>
</Rule>

<Rule Name="19.1" Mode="advisory" Report="warning" Id="5">
<Loc File="C:\Component\CM640C_MotAg1Meas_Impl\src\CDD_MotAg1Meas.c" Line="1542" Column="0">
</Loc>
<Message>
#include statements in a file shall only be preceded by other preprocessor directives or comments.
</Message>
</Rule>

</CodeStruct>

<CodeStruct Name="" File="C:\Component\CM640C_MotAg1Meas_Impl\src\CDD_MotAg1Meas_MotCtrl.c" Line="0" Column="0">

<Rule Name="19.1" Mode="advisory" Report="warning" Id="1">
<Loc File="C:\Component\CM640C_MotAg1Meas_Impl\src\CDD_MotAg1Meas_MotCtrl.c" Line="91" Column="0">
</Loc>
<Message>
#include statements in a file shall only be preceded by other preprocessor directives or comments.
</Message>
</Rule>

</CodeStruct>

<CodeStruct Name="MotAg1MeasPer2" File="C:\Component\CM640C_MotAg1Meas_Impl\src\CDD_MotAg1Meas.c" Line="1064" Column="5">

<Rule Name="21.1" Mode="required" Report="warning" Id="9">
<Loc File="C:\Component\CM640C_MotAg1Meas_Impl\src\CDD_MotAg1Meas.c" Line="1110" Column="26">
</Loc>
<Message>
Minimisation of run-time failures.
</Message>
</Rule>

<Rule Name="21.1" Mode="required" Report="warning" Id="10">
<Loc File="C:\Component\CM640C_MotAg1Meas_Impl\src\CDD_MotAg1Meas.c" Line="1110" Column="70">
</Loc>
<Message>
Minimisation of run-time failures.
</Message>
</Rule>

<Rule Name="21.1" Mode="required" Report="warning" Id="11">
<Loc File="C:\Component\CM640C_MotAg1Meas_Impl\src\CDD_MotAg1Meas.c" Line="1116" Column="16">
</Loc>
<Message>
Minimisation of run-time failures.
</Message>
</Rule>

<Rule Name="21.1" Mode="required" Report="warning" Id="12">
<Loc File="C:\Component\CM640C_MotAg1Meas_Impl\src\CDD_MotAg1Meas.c" Line="1119" Column="16">
</Loc>
<Message>
Minimisation of run-time failures.
</Message>
</Rule>

<Rule Name="9.1" Mode="required" Report="warning" Id="13">
<Loc File="C:\Component\CM640C_MotAg1Meas_Impl\src\CDD_MotAg1Meas.c" Line="1123" Column="19">
</Loc>
<Message>
All automatic variables shall have been assigned a value before being used.
</Message>
</Rule>

<Rule Name="21.1" Mode="required" Report="warning" Id="14">
<Loc File="C:\Component\CM640C_MotAg1Meas_Impl\src\CDD_MotAg1Meas.c" Line="1132" Column="16">
</Loc>
<Message>
Minimisation of run-time failures.
</Message>
</Rule>

<Rule Name="21.1" Mode="required" Report="warning" Id="15">
<Loc File="C:\Component\CM640C_MotAg1Meas_Impl\src\CDD_MotAg1Meas.c" Line="1135" Column="19">
</Loc>
<Message>
Minimisation of run-time failures.
</Message>
</Rule>

<Rule Name="21.1" Mode="required" Report="warning" Id="16">
<Loc File="C:\Component\CM640C_MotAg1Meas_Impl\src\CDD_MotAg1Meas.c" Line="1139" Column="24">
</Loc>
<Message>
Minimisation of run-time failures.
</Message>
</Rule>

<Rule Name="21.1" Mode="required" Report="warning" Id="17">
<Loc File="C:\Component\CM640C_MotAg1Meas_Impl\src\CDD_MotAg1Meas.c" Line="1144" Column="47">
</Loc>
<Message>
Minimisation of run-time failures.
</Message>
</Rule>

<Rule Name="21.1" Mode="required" Report="warning" Id="18">
<Loc File="C:\Component\CM640C_MotAg1Meas_Impl\src\CDD_MotAg1Meas.c" Line="1145" Column="24">
</Loc>
<Message>
Minimisation of run-time failures.
</Message>
</Rule>

<Rule Name="21.1" Mode="required" Report="warning" Id="19">
<Loc File="C:\Component\CM640C_MotAg1Meas_Impl\src\CDD_MotAg1Meas.c" Line="1160" Column="17">
</Loc>
<Message>
Minimisation of run-time failures.
</Message>
</Rule>

<Rule Name="21.1" Mode="required" Report="warning" Id="20">
<Loc File="C:\Component\CM640C_MotAg1Meas_Impl\src\CDD_MotAg1Meas.c" Line="1175" Column="16">
</Loc>
<Message>
Minimisation of run-time failures.
</Message>
</Rule>

<Rule Name="21.1" Mode="required" Report="warning" Id="21">
<Loc File="C:\Component\CM640C_MotAg1Meas_Impl\src\CDD_MotAg1Meas.c" Line="1186" Column="16">
</Loc>
<Message>
Minimisation of run-time failures.
</Message>
</Rule>

<Rule Name="21.1" Mode="required" Report="warning" Id="22">
<Loc File="C:\Component\CM640C_MotAg1Meas_Impl\src\CDD_MotAg1Meas.c" Line="1192" Column="16">
</Loc>
<Message>
Minimisation of run-time failures.
</Message>
</Rule>

<Rule Name="21.1" Mode="required" Report="warning" Id="23">
<Loc File="C:\Component\CM640C_MotAg1Meas_Impl\src\CDD_MotAg1Meas.c" Line="1201" Column="24">
</Loc>
<Message>
Minimisation of run-time failures.
</Message>
</Rule>

<Rule Name="9.1" Mode="required" Report="warning" Id="24">
<Loc File="C:\Component\CM640C_MotAg1Meas_Impl\src\CDD_MotAg1Meas.c" Line="1220" Column="68">
</Loc>
<Message>
All automatic variables shall have been assigned a value before being used.
</Message>
</Rule>

<Rule Name="21.1" Mode="required" Report="warning" Id="25">
<Loc File="C:\Component\CM640C_MotAg1Meas_Impl\src\CDD_MotAg1Meas.c" Line="1221" Column="72">
</Loc>
<Message>
Minimisation of run-time failures.
</Message>
</Rule>

</CodeStruct>

<CodeStruct Name="MotAg1CoeffTblRead_Oper" File="C:\Component\CM640C_MotAg1Meas_Impl\src\CDD_MotAg1Meas.c" Line="781" Column="5">

<Rule Name="12.12" Mode="required" Report="warning" Id="26">
<Loc File="C:\Component\CM640C_MotAg1Meas_Impl\src\CDD_MotAg1Meas.c" Line="793" Column="85">
</Loc>
<Message>
The underlying bit representations of floating-point values shall not be used.
</Message>
</Rule>

<Rule Name="12.12" Mode="required" Report="warning" Id="27">
<Loc File="C:\Component\CM640C_MotAg1Meas_Impl\src\CDD_MotAg1Meas.c" Line="793" Column="165">
</Loc>
<Message>
The underlying bit representations of floating-point values shall not be used.
</Message>
</Rule>

<Rule Name="21.1" Mode="required" Report="warning" Id="28">
<Loc File="C:\Component\CM640C_MotAg1Meas_Impl\src\CDD_MotAg1Meas.c" Line="795" Column="33">
</Loc>
<Message>
Minimisation of run-time failures.
</Message>
</Rule>

<Rule Name="21.1" Mode="required" Report="warning" Id="29">
<Loc File="C:\Component\CM640C_MotAg1Meas_Impl\src\CDD_MotAg1Meas.c" Line="795" Column="56">
</Loc>
<Message>
Minimisation of run-time failures.
</Message>
</Rule>

<Rule Name="12.12" Mode="required" Report="warning" Id="30">
<Loc File="C:\Component\CM640C_MotAg1Meas_Impl\src\CDD_MotAg1Meas.c" Line="795" Column="76">
</Loc>
<Message>
The underlying bit representations of floating-point values shall not be used.
</Message>
</Rule>

<Rule Name="21.1" Mode="required" Report="warning" Id="31">
<Loc File="C:\Component\CM640C_MotAg1Meas_Impl\src\CDD_MotAg1Meas.c" Line="795" Column="100">
</Loc>
<Message>
Minimisation of run-time failures.
</Message>
</Rule>

</CodeStruct>

<CodeStruct Name="CalcCorrnTbl" File="C:\Component\CM640C_MotAg1Meas_Impl\src\CDD_MotAg1Meas.c" Line="1338" Column="12">

<Rule Name="21.1" Mode="required" Report="warning" Id="32">
<Loc File="C:\Component\CM640C_MotAg1Meas_Impl\src\CDD_MotAg1Meas.c" Line="1374" Column="72">
</Loc>
<Message>
Minimisation of run-time failures.
</Message>
</Rule>

<Rule Name="12.12" Mode="required" Report="warning" Id="33">
<Loc File="C:\Component\CM640C_MotAg1Meas_Impl\src\CDD_MotAg1Meas.c" Line="1374" Column="92">
</Loc>
<Message>
The underlying bit representations of floating-point values shall not be used.
</Message>
</Rule>

<Rule Name="21.1" Mode="required" Report="warning" Id="34">
<Loc File="C:\Component\CM640C_MotAg1Meas_Impl\src\CDD_MotAg1Meas.c" Line="1374" Column="116">
</Loc>
<Message>
Minimisation of run-time failures.
</Message>
</Rule>

<Rule Name="12.12" Mode="required" Report="warning" Id="35">
<Loc File="C:\Component\CM640C_MotAg1Meas_Impl\src\CDD_MotAg1Meas.c" Line="1375" Column="138">
</Loc>
<Message>
The underlying bit representations of floating-point values shall not be used.
</Message>
</Rule>

<Rule Name="9.1" Mode="required" Report="warning" Id="36">
<Loc File="C:\Component\CM640C_MotAg1Meas_Impl\src\CDD_MotAg1Meas.c" Line="1381" Column="105">
</Loc>
<Message>
All automatic variables shall have been assigned a value before being used.
</Message>
</Rule>

<Rule Name="21.1" Mode="required" Report="warning" Id="37">
<Loc File="C:\Component\CM640C_MotAg1Meas_Impl\src\CDD_MotAg1Meas.c" Line="1382" Column="118">
</Loc>
<Message>
Minimisation of run-time failures.
</Message>
</Rule>

<Rule Name="12.12" Mode="required" Report="warning" Id="38">
<Loc File="C:\Component\CM640C_MotAg1Meas_Impl\src\CDD_MotAg1Meas.c" Line="1382" Column="138">
</Loc>
<Message>
The underlying bit representations of floating-point values shall not be used.
</Message>
</Rule>

<Rule Name="21.1" Mode="required" Report="warning" Id="39">
<Loc File="C:\Component\CM640C_MotAg1Meas_Impl\src\CDD_MotAg1Meas.c" Line="1383" Column="118">
</Loc>
<Message>
Minimisation of run-time failures.
</Message>
</Rule>

<Rule Name="12.12" Mode="required" Report="warning" Id="40">
<Loc File="C:\Component\CM640C_MotAg1Meas_Impl\src\CDD_MotAg1Meas.c" Line="1383" Column="138">
</Loc>
<Message>
The underlying bit representations of floating-point values shall not be used.
</Message>
</Rule>

<Rule Name="9.1" Mode="required" Report="warning" Id="41">
<Loc File="C:\Component\CM640C_MotAg1Meas_Impl\src\CDD_MotAg1Meas.c" Line="1401" Column="50">
</Loc>
<Message>
All automatic variables shall have been assigned a value before being used.
</Message>
</Rule>

<Rule Name="9.1" Mode="required" Report="warning" Id="42">
<Loc File="C:\Component\CM640C_MotAg1Meas_Impl\src\CDD_MotAg1Meas.c" Line="1420" Column="89">
</Loc>
<Message>
All automatic variables shall have been assigned a value before being used.
</Message>
</Rule>

<Rule Name="9.1" Mode="required" Report="warning" Id="43">
<Loc File="C:\Component\CM640C_MotAg1Meas_Impl\src\CDD_MotAg1Meas.c" Line="1421" Column="89">
</Loc>
<Message>
All automatic variables shall have been assigned a value before being used.
</Message>
</Rule>

<Rule Name="21.1" Mode="required" Report="warning" Id="44">
<Loc File="C:\Component\CM640C_MotAg1Meas_Impl\src\CDD_MotAg1Meas.c" Line="1433" Column="115">
</Loc>
<Message>
Minimisation of run-time failures.
</Message>
</Rule>

<Rule Name="21.1" Mode="required" Report="warning" Id="45">
<Loc File="C:\Component\CM640C_MotAg1Meas_Impl\src\CDD_MotAg1Meas.c" Line="1450" Column="26">
</Loc>
<Message>
Minimisation of run-time failures.
</Message>
</Rule>

<Rule Name="9.1" Mode="required" Report="warning" Id="46">
<Loc File="C:\Component\CM640C_MotAg1Meas_Impl\src\CDD_MotAg1Meas.c" Line="1450" Column="147">
</Loc>
<Message>
All automatic variables shall have been assigned a value before being used.
</Message>
</Rule>

<Rule Name="9.1" Mode="required" Report="warning" Id="47">
<Loc File="C:\Component\CM640C_MotAg1Meas_Impl\src\CDD_MotAg1Meas.c" Line="1456" Column="74">
</Loc>
<Message>
All automatic variables shall have been assigned a value before being used.
</Message>
</Rule>

<Rule Name="21.1" Mode="required" Report="warning" Id="48">
<Loc File="C:\Component\CM640C_MotAg1Meas_Impl\src\CDD_MotAg1Meas.c" Line="1461" Column="155">
</Loc>
<Message>
Minimisation of run-time failures.
</Message>
</Rule>

<Rule Name="21.1" Mode="required" Report="warning" Id="49">
<Loc File="C:\Component\CM640C_MotAg1Meas_Impl\src\CDD_MotAg1Meas.c" Line="1470" Column="26">
</Loc>
<Message>
Minimisation of run-time failures.
</Message>
</Rule>

</CodeStruct>

<CodeStruct Name="MotAg1MeasPer3" File="C:\Component\CM640C_MotAg1Meas_Impl\src\CDD_MotAg1Meas.c" Line="1274" Column="5">

<Rule Name="21.1" Mode="required" Report="warning" Id="50">
<Loc File="C:\Component\CM640C_MotAg1Meas_Impl\src\CDD_MotAg1Meas.c" Line="1286" Column="16">
</Loc>
<Message>
Minimisation of run-time failures.
</Message>
</Rule>

<Rule Name="21.1" Mode="required" Report="warning" Id="51">
<Loc File="C:\Component\CM640C_MotAg1Meas_Impl\src\CDD_MotAg1Meas.c" Line="1286" Column="41">
</Loc>
<Message>
Minimisation of run-time failures.
</Message>
</Rule>

<Rule Name="9.1" Mode="required" Report="warning" Id="52">
<Loc File="C:\Component\CM640C_MotAg1Meas_Impl\src\CDD_MotAg1Meas.c" Line="1294" Column="84">
</Loc>
<Message>
All automatic variables shall have been assigned a value before being used.
</Message>
</Rule>

<Rule Name="21.1" Mode="required" Report="warning" Id="53">
<Loc File="C:\Component\CM640C_MotAg1Meas_Impl\src\CDD_MotAg1Meas.c" Line="1303" Column="73">
</Loc>
<Message>
Minimisation of run-time failures.
</Message>
</Rule>

<Rule Name="9.1" Mode="required" Report="warning" Id="54">
<Loc File="C:\Component\CM640C_MotAg1Meas_Impl\src\CDD_MotAg1Meas.c" Line="1304" Column="70">
</Loc>
<Message>
All automatic variables shall have been assigned a value before being used.
</Message>
</Rule>

</CodeStruct>

<CodeStruct Name="MotAg1MeasInit1" File="C:\Component\CM640C_MotAg1Meas_Impl\src\CDD_MotAg1Meas.c" Line="875" Column="5">

<Rule Name="9.1" Mode="required" Report="warning" Id="55">
<Loc File="C:\Component\CM640C_MotAg1Meas_Impl\src\CDD_MotAg1Meas.c" Line="1002" Column="12">
</Loc>
<Message>
All automatic variables shall have been assigned a value before being used.
</Message>
</Rule>

</CodeStruct>

<CodeStruct Name="MotAg1MeasPer1" File="C:\Component\CM640C_MotAg1Meas_Impl\src\CDD_MotAg1Meas_MotCtrl.c" Line="48" Column="5">

<Rule Name="21.1" Mode="required" Report="warning" Id="56">
<Loc File="C:\Component\CM640C_MotAg1Meas_Impl\src\CDD_MotAg1Meas_MotCtrl.c" Line="65" Column="8">
</Loc>
<Message>
Minimisation of run-time failures.
</Message>
</Rule>

<Rule Name="21.1" Mode="required" Report="warning" Id="57">
<Loc File="C:\Component\CM640C_MotAg1Meas_Impl\src\CDD_MotAg1Meas_MotCtrl.c" Line="65" Column="33">
</Loc>
<Message>
Minimisation of run-time failures.
</Message>
</Rule>

<Rule Name="9.1" Mode="required" Report="warning" Id="58">
<Loc File="C:\Component\CM640C_MotAg1Meas_Impl\src\CDD_MotAg1Meas_MotCtrl.c" Line="65" Column="71">
</Loc>
<Message>
All automatic variables shall have been assigned a value before being used.
</Message>
</Rule>

<Rule Name="21.1" Mode="required" Report="warning" Id="59">
<Loc File="C:\Component\CM640C_MotAg1Meas_Impl\src\CDD_MotAg1Meas_MotCtrl.c" Line="75" Column="41">
</Loc>
<Message>
Minimisation of run-time failures.
</Message>
</Rule>

<Rule Name="21.1" Mode="required" Report="warning" Id="60">
<Loc File="C:\Component\CM640C_MotAg1Meas_Impl\src\CDD_MotAg1Meas_MotCtrl.c" Line="87" Column="8">
</Loc>
<Message>
Minimisation of run-time failures.
</Message>
</Rule>

</CodeStruct>

<CodeStruct Name="MotAg1CoeffTblWr_Oper" File="C:\Component\CM640C_MotAg1Meas_Impl\src\CDD_MotAg1Meas.c" Line="831" Column="5">

<Rule Name="12.12" Mode="required" Report="warning" Id="61">
<Loc File="C:\Component\CM640C_MotAg1Meas_Impl\src\CDD_MotAg1Meas.c" Line="843" Column="85">
</Loc>
<Message>
The underlying bit representations of floating-point values shall not be used.
</Message>
</Rule>

<Rule Name="12.12" Mode="required" Report="warning" Id="62">
<Loc File="C:\Component\CM640C_MotAg1Meas_Impl\src\CDD_MotAg1Meas.c" Line="843" Column="165">
</Loc>
<Message>
The underlying bit representations of floating-point values shall not be used.
</Message>
</Rule>

<Rule Name="21.1" Mode="required" Report="warning" Id="63">
<Loc File="C:\Component\CM640C_MotAg1Meas_Impl\src\CDD_MotAg1Meas.c" Line="845" Column="18">
</Loc>
<Message>
Minimisation of run-time failures.
</Message>
</Rule>

<Rule Name="12.12" Mode="required" Report="warning" Id="64">
<Loc File="C:\Component\CM640C_MotAg1Meas_Impl\src\CDD_MotAg1Meas.c" Line="845" Column="38">
</Loc>
<Message>
The underlying bit representations of floating-point values shall not be used.
</Message>
</Rule>

<Rule Name="21.1" Mode="required" Report="warning" Id="65">
<Loc File="C:\Component\CM640C_MotAg1Meas_Impl\src\CDD_MotAg1Meas.c" Line="845" Column="62">
</Loc>
<Message>
Minimisation of run-time failures.
</Message>
</Rule>

<Rule Name="21.1" Mode="required" Report="warning" Id="66">
<Loc File="C:\Component\CM640C_MotAg1Meas_Impl\src\CDD_MotAg1Meas.c" Line="845" Column="124">
</Loc>
<Message>
Minimisation of run-time failures.
</Message>
</Rule>

</CodeStruct>

</MISRA-C-Report>
