<?pst parser version="1.0" encoding="UTF-8"?>
<DiffFile>
<Header>
--
-- File created by Polyspace / Comments Diff
-- Copyright 1999-2016 MathWorks, Inc.
--
</Header>

<File Name="MotRefMdl.c" NewName="MotRefMdl.c">

        <Rule Name="8.1" RuleID="29" File="MotRefMdl.c" Line="696" Col="6">
            <IsViolated/>
            <Diff Reason="NO_MATCH_FOUND" File="MotRefMdl.c" Line="696">
            </Diff>
        </Rule>

        <Rule Name="8.10" RuleID="5" File="MotRefMdl.c" Line="696" Col="0">
            <IsViolated/>
            <Diff Reason="NO_MATCH_FOUND" File="MotRefMdl.c" Line="696">
            </Diff>
        </Rule>
</File>
</DiffFile>
