<?xml version="1.0" encoding="UTF-8"?>

<MISRA-C-Report version="1.3">


<CodeStruct Name="" File="C:\component\SF104A_MotCurrRegCfg_Impl\src\MotCurrRegCfg.c" Line="0" Column="0">

<Rule Name="19.1" Mode="advisory" Report="warning" Id="1">
<Loc File="C:\component\SF104A_MotCurrRegCfg_Impl\src\MotCurrRegCfg.c" Line="463" Column="0">
</Loc>
<Message>
#include statements in a file shall only be preceded by other preprocessor directives or comments.
</Message>
</Rule>

</CodeStruct>

<CodeStruct Name="MotCurrRegCfgInit1" File="C:\component\SF104A_MotCurrRegCfg_Impl\src\MotCurrRegCfg.c" Line="213" Column="5">

<Rule Name="21.1" Mode="required" Report="warning" Id="2">
<Loc File="C:\component\SF104A_MotCurrRegCfg_Impl\src\MotCurrRegCfg.c" Line="220" Column="108">
</Loc>
<Message>
Minimisation of run-time failures.
</Message>
</Rule>

</CodeStruct>

<CodeStruct Name="MotCurrRegCfgPer1" File="C:\component\SF104A_MotCurrRegCfg_Impl\src\MotCurrRegCfg.c" Line="266" Column="5">

<Rule Name="5.1" Mode="required" Report="warning" Id="3">
<Loc File="C:\component\SF104A_MotCurrRegCfg_Impl\src\MotCurrRegCfg.c" Line="283" Column="16">
</Loc>
<Message>
Identifiers "AbsltMtrVelFiltLp_MotRadPerSec_T_f32" (MotCurrRegCfg.c line 282 column 16) and "AbsltMtrVelFiltLp_MotRadPerSec_T_u11p5" (MotCurrRegCfg.c line 283 column 16) have the same first 33 characters.
</Message>
</Rule>

<Rule Name="9.1" Mode="required" Report="warning" Id="4">
<Loc File="C:\component\SF104A_MotCurrRegCfg_Impl\src\MotCurrRegCfg.c" Line="315" Column="55">
</Loc>
<Message>
All automatic variables shall have been assigned a value before being used.
</Message>
</Rule>

<Rule Name="21.1" Mode="required" Report="warning" Id="5">
<Loc File="C:\component\SF104A_MotCurrRegCfg_Impl\src\MotCurrRegCfg.c" Line="316" Column="95">
</Loc>
<Message>
Minimisation of run-time failures.
</Message>
</Rule>

<Rule Name="21.1" Mode="required" Report="warning" Id="6">
<Loc File="C:\component\SF104A_MotCurrRegCfg_Impl\src\MotCurrRegCfg.c" Line="317" Column="4">
</Loc>
<Message>
Minimisation of run-time failures.
</Message>
</Rule>

<Rule Name="9.1" Mode="required" Report="warning" Id="7">
<Loc File="C:\component\SF104A_MotCurrRegCfg_Impl\src\MotCurrRegCfg.c" Line="335" Column="65">
</Loc>
<Message>
All automatic variables shall have been assigned a value before being used.
</Message>
</Rule>

<Rule Name="9.1" Mode="required" Report="warning" Id="8">
<Loc File="C:\component\SF104A_MotCurrRegCfg_Impl\src\MotCurrRegCfg.c" Line="335" Column="101">
</Loc>
<Message>
All automatic variables shall have been assigned a value before being used.
</Message>
</Rule>

<Rule Name="9.1" Mode="required" Report="warning" Id="9">
<Loc File="C:\component\SF104A_MotCurrRegCfg_Impl\src\MotCurrRegCfg.c" Line="335" Column="139">
</Loc>
<Message>
All automatic variables shall have been assigned a value before being used.
</Message>
</Rule>

<Rule Name="9.1" Mode="required" Report="warning" Id="10">
<Loc File="C:\component\SF104A_MotCurrRegCfg_Impl\src\MotCurrRegCfg.c" Line="335" Column="171">
</Loc>
<Message>
All automatic variables shall have been assigned a value before being used.
</Message>
</Rule>

<Rule Name="9.1" Mode="required" Report="warning" Id="11">
<Loc File="C:\component\SF104A_MotCurrRegCfg_Impl\src\MotCurrRegCfg.c" Line="353" Column="12">
</Loc>
<Message>
All automatic variables shall have been assigned a value before being used.
</Message>
</Rule>

<Rule Name="11.5" Mode="required" Report="warning" Id="12">
<Loc File="C:\component\SF104A_MotCurrRegCfg_Impl\src\MotCurrRegCfg.c" Line="357" Column="87">
</Loc>
<Message>
A cast shall not be performed that removes any const or volatile qualification
from the type addressed by a pointer.
</Message>
</Rule>

<Rule Name="11.5" Mode="required" Report="warning" Id="13">
<Loc File="C:\component\SF104A_MotCurrRegCfg_Impl\src\MotCurrRegCfg.c" Line="358" Column="70">
</Loc>
<Message>
A cast shall not be performed that removes any const or volatile qualification
from the type addressed by a pointer.
</Message>
</Rule>

<Rule Name="12.3" Mode="required" Report="warning" Id="14">
<Loc File="C:\component\SF104A_MotCurrRegCfg_Impl\src\MotCurrRegCfg.c" Line="359" Column="77">
</Loc>
<Message>
The sizeof operator should not be used on expressions that contain side effects.
</Message>
</Rule>

<Rule Name="11.5" Mode="required" Report="warning" Id="15">
<Loc File="C:\component\SF104A_MotCurrRegCfg_Impl\src\MotCurrRegCfg.c" Line="359" Column="86">
</Loc>
<Message>
A cast shall not be performed that removes any const or volatile qualification
from the type addressed by a pointer.
</Message>
</Rule>

<Rule Name="12.3" Mode="required" Report="warning" Id="16">
<Loc File="C:\component\SF104A_MotCurrRegCfg_Impl\src\MotCurrRegCfg.c" Line="359" Column="171">
</Loc>
<Message>
The sizeof operator should not be used on expressions that contain side effects.
</Message>
</Rule>

<Rule Name="11.5" Mode="required" Report="warning" Id="17">
<Loc File="C:\component\SF104A_MotCurrRegCfg_Impl\src\MotCurrRegCfg.c" Line="359" Column="181">
</Loc>
<Message>
A cast shall not be performed that removes any const or volatile qualification
from the type addressed by a pointer.
</Message>
</Rule>

<Rule Name="11.5" Mode="required" Report="warning" Id="18">
<Loc File="C:\component\SF104A_MotCurrRegCfg_Impl\src\MotCurrRegCfg.c" Line="366" Column="83">
</Loc>
<Message>
A cast shall not be performed that removes any const or volatile qualification
from the type addressed by a pointer.
</Message>
</Rule>

<Rule Name="11.5" Mode="required" Report="warning" Id="19">
<Loc File="C:\component\SF104A_MotCurrRegCfg_Impl\src\MotCurrRegCfg.c" Line="367" Column="70">
</Loc>
<Message>
A cast shall not be performed that removes any const or volatile qualification
from the type addressed by a pointer.
</Message>
</Rule>

<Rule Name="12.3" Mode="required" Report="warning" Id="20">
<Loc File="C:\component\SF104A_MotCurrRegCfg_Impl\src\MotCurrRegCfg.c" Line="368" Column="77">
</Loc>
<Message>
The sizeof operator should not be used on expressions that contain side effects.
</Message>
</Rule>

<Rule Name="11.5" Mode="required" Report="warning" Id="21">
<Loc File="C:\component\SF104A_MotCurrRegCfg_Impl\src\MotCurrRegCfg.c" Line="368" Column="86">
</Loc>
<Message>
A cast shall not be performed that removes any const or volatile qualification
from the type addressed by a pointer.
</Message>
</Rule>

<Rule Name="12.3" Mode="required" Report="warning" Id="22">
<Loc File="C:\component\SF104A_MotCurrRegCfg_Impl\src\MotCurrRegCfg.c" Line="368" Column="171">
</Loc>
<Message>
The sizeof operator should not be used on expressions that contain side effects.
</Message>
</Rule>

<Rule Name="11.5" Mode="required" Report="warning" Id="23">
<Loc File="C:\component\SF104A_MotCurrRegCfg_Impl\src\MotCurrRegCfg.c" Line="368" Column="181">
</Loc>
<Message>
A cast shall not be performed that removes any const or volatile qualification
from the type addressed by a pointer.
</Message>
</Rule>

<Rule Name="11.5" Mode="required" Report="warning" Id="24">
<Loc File="C:\component\SF104A_MotCurrRegCfg_Impl\src\MotCurrRegCfg.c" Line="373" Column="87">
</Loc>
<Message>
A cast shall not be performed that removes any const or volatile qualification
from the type addressed by a pointer.
</Message>
</Rule>

<Rule Name="11.5" Mode="required" Report="warning" Id="25">
<Loc File="C:\component\SF104A_MotCurrRegCfg_Impl\src\MotCurrRegCfg.c" Line="374" Column="70">
</Loc>
<Message>
A cast shall not be performed that removes any const or volatile qualification
from the type addressed by a pointer.
</Message>
</Rule>

<Rule Name="12.3" Mode="required" Report="warning" Id="26">
<Loc File="C:\component\SF104A_MotCurrRegCfg_Impl\src\MotCurrRegCfg.c" Line="375" Column="77">
</Loc>
<Message>
The sizeof operator should not be used on expressions that contain side effects.
</Message>
</Rule>

<Rule Name="11.5" Mode="required" Report="warning" Id="27">
<Loc File="C:\component\SF104A_MotCurrRegCfg_Impl\src\MotCurrRegCfg.c" Line="375" Column="86">
</Loc>
<Message>
A cast shall not be performed that removes any const or volatile qualification
from the type addressed by a pointer.
</Message>
</Rule>

<Rule Name="12.3" Mode="required" Report="warning" Id="28">
<Loc File="C:\component\SF104A_MotCurrRegCfg_Impl\src\MotCurrRegCfg.c" Line="375" Column="171">
</Loc>
<Message>
The sizeof operator should not be used on expressions that contain side effects.
</Message>
</Rule>

<Rule Name="11.5" Mode="required" Report="warning" Id="29">
<Loc File="C:\component\SF104A_MotCurrRegCfg_Impl\src\MotCurrRegCfg.c" Line="375" Column="181">
</Loc>
<Message>
A cast shall not be performed that removes any const or volatile qualification
from the type addressed by a pointer.
</Message>
</Rule>

<Rule Name="11.5" Mode="required" Report="warning" Id="30">
<Loc File="C:\component\SF104A_MotCurrRegCfg_Impl\src\MotCurrRegCfg.c" Line="380" Column="83">
</Loc>
<Message>
A cast shall not be performed that removes any const or volatile qualification
from the type addressed by a pointer.
</Message>
</Rule>

<Rule Name="11.5" Mode="required" Report="warning" Id="31">
<Loc File="C:\component\SF104A_MotCurrRegCfg_Impl\src\MotCurrRegCfg.c" Line="381" Column="70">
</Loc>
<Message>
A cast shall not be performed that removes any const or volatile qualification
from the type addressed by a pointer.
</Message>
</Rule>

<Rule Name="12.3" Mode="required" Report="warning" Id="32">
<Loc File="C:\component\SF104A_MotCurrRegCfg_Impl\src\MotCurrRegCfg.c" Line="382" Column="77">
</Loc>
<Message>
The sizeof operator should not be used on expressions that contain side effects.
</Message>
</Rule>

<Rule Name="11.5" Mode="required" Report="warning" Id="33">
<Loc File="C:\component\SF104A_MotCurrRegCfg_Impl\src\MotCurrRegCfg.c" Line="382" Column="86">
</Loc>
<Message>
A cast shall not be performed that removes any const or volatile qualification
from the type addressed by a pointer.
</Message>
</Rule>

<Rule Name="12.3" Mode="required" Report="warning" Id="34">
<Loc File="C:\component\SF104A_MotCurrRegCfg_Impl\src\MotCurrRegCfg.c" Line="382" Column="171">
</Loc>
<Message>
The sizeof operator should not be used on expressions that contain side effects.
</Message>
</Rule>

<Rule Name="11.5" Mode="required" Report="warning" Id="35">
<Loc File="C:\component\SF104A_MotCurrRegCfg_Impl\src\MotCurrRegCfg.c" Line="382" Column="181">
</Loc>
<Message>
A cast shall not be performed that removes any const or volatile qualification
from the type addressed by a pointer.
</Message>
</Rule>

<Rule Name="21.1" Mode="required" Report="warning" Id="36">
<Loc File="C:\component\SF104A_MotCurrRegCfg_Impl\src\MotCurrRegCfg.c" Line="395" Column="43">
</Loc>
<Message>
Minimisation of run-time failures.
</Message>
</Rule>

<Rule Name="11.5" Mode="required" Report="warning" Id="37">
<Loc File="C:\component\SF104A_MotCurrRegCfg_Impl\src\MotCurrRegCfg.c" Line="395" Column="44">
</Loc>
<Message>
A cast shall not be performed that removes any const or volatile qualification
from the type addressed by a pointer.
</Message>
</Rule>

<Rule Name="12.3" Mode="required" Report="warning" Id="38">
<Loc File="C:\component\SF104A_MotCurrRegCfg_Impl\src\MotCurrRegCfg.c" Line="395" Column="139">
</Loc>
<Message>
The sizeof operator should not be used on expressions that contain side effects.
</Message>
</Rule>

<Rule Name="11.5" Mode="required" Report="warning" Id="39">
<Loc File="C:\component\SF104A_MotCurrRegCfg_Impl\src\MotCurrRegCfg.c" Line="395" Column="148">
</Loc>
<Message>
A cast shall not be performed that removes any const or volatile qualification
from the type addressed by a pointer.
</Message>
</Rule>

<Rule Name="12.3" Mode="required" Report="warning" Id="40">
<Loc File="C:\component\SF104A_MotCurrRegCfg_Impl\src\MotCurrRegCfg.c" Line="395" Column="235">
</Loc>
<Message>
The sizeof operator should not be used on expressions that contain side effects.
</Message>
</Rule>

<Rule Name="11.5" Mode="required" Report="warning" Id="41">
<Loc File="C:\component\SF104A_MotCurrRegCfg_Impl\src\MotCurrRegCfg.c" Line="395" Column="245">
</Loc>
<Message>
A cast shall not be performed that removes any const or volatile qualification
from the type addressed by a pointer.
</Message>
</Rule>

<Rule Name="21.1" Mode="required" Report="warning" Id="42">
<Loc File="C:\component\SF104A_MotCurrRegCfg_Impl\src\MotCurrRegCfg.c" Line="396" Column="43">
</Loc>
<Message>
Minimisation of run-time failures.
</Message>
</Rule>

<Rule Name="11.5" Mode="required" Report="warning" Id="43">
<Loc File="C:\component\SF104A_MotCurrRegCfg_Impl\src\MotCurrRegCfg.c" Line="396" Column="44">
</Loc>
<Message>
A cast shall not be performed that removes any const or volatile qualification
from the type addressed by a pointer.
</Message>
</Rule>

<Rule Name="12.3" Mode="required" Report="warning" Id="44">
<Loc File="C:\component\SF104A_MotCurrRegCfg_Impl\src\MotCurrRegCfg.c" Line="396" Column="134">
</Loc>
<Message>
The sizeof operator should not be used on expressions that contain side effects.
</Message>
</Rule>

<Rule Name="11.5" Mode="required" Report="warning" Id="45">
<Loc File="C:\component\SF104A_MotCurrRegCfg_Impl\src\MotCurrRegCfg.c" Line="396" Column="143">
</Loc>
<Message>
A cast shall not be performed that removes any const or volatile qualification
from the type addressed by a pointer.
</Message>
</Rule>

<Rule Name="12.3" Mode="required" Report="warning" Id="46">
<Loc File="C:\component\SF104A_MotCurrRegCfg_Impl\src\MotCurrRegCfg.c" Line="396" Column="225">
</Loc>
<Message>
The sizeof operator should not be used on expressions that contain side effects.
</Message>
</Rule>

<Rule Name="11.5" Mode="required" Report="warning" Id="47">
<Loc File="C:\component\SF104A_MotCurrRegCfg_Impl\src\MotCurrRegCfg.c" Line="396" Column="235">
</Loc>
<Message>
A cast shall not be performed that removes any const or volatile qualification
from the type addressed by a pointer.
</Message>
</Rule>

<Rule Name="21.1" Mode="required" Report="warning" Id="48">
<Loc File="C:\component\SF104A_MotCurrRegCfg_Impl\src\MotCurrRegCfg.c" Line="397" Column="43">
</Loc>
<Message>
Minimisation of run-time failures.
</Message>
</Rule>

<Rule Name="11.5" Mode="required" Report="warning" Id="49">
<Loc File="C:\component\SF104A_MotCurrRegCfg_Impl\src\MotCurrRegCfg.c" Line="397" Column="44">
</Loc>
<Message>
A cast shall not be performed that removes any const or volatile qualification
from the type addressed by a pointer.
</Message>
</Rule>

<Rule Name="12.3" Mode="required" Report="warning" Id="50">
<Loc File="C:\component\SF104A_MotCurrRegCfg_Impl\src\MotCurrRegCfg.c" Line="397" Column="139">
</Loc>
<Message>
The sizeof operator should not be used on expressions that contain side effects.
</Message>
</Rule>

<Rule Name="11.5" Mode="required" Report="warning" Id="51">
<Loc File="C:\component\SF104A_MotCurrRegCfg_Impl\src\MotCurrRegCfg.c" Line="397" Column="148">
</Loc>
<Message>
A cast shall not be performed that removes any const or volatile qualification
from the type addressed by a pointer.
</Message>
</Rule>

<Rule Name="12.3" Mode="required" Report="warning" Id="52">
<Loc File="C:\component\SF104A_MotCurrRegCfg_Impl\src\MotCurrRegCfg.c" Line="397" Column="235">
</Loc>
<Message>
The sizeof operator should not be used on expressions that contain side effects.
</Message>
</Rule>

<Rule Name="11.5" Mode="required" Report="warning" Id="53">
<Loc File="C:\component\SF104A_MotCurrRegCfg_Impl\src\MotCurrRegCfg.c" Line="397" Column="245">
</Loc>
<Message>
A cast shall not be performed that removes any const or volatile qualification
from the type addressed by a pointer.
</Message>
</Rule>

<Rule Name="21.1" Mode="required" Report="warning" Id="54">
<Loc File="C:\component\SF104A_MotCurrRegCfg_Impl\src\MotCurrRegCfg.c" Line="398" Column="43">
</Loc>
<Message>
Minimisation of run-time failures.
</Message>
</Rule>

<Rule Name="11.5" Mode="required" Report="warning" Id="55">
<Loc File="C:\component\SF104A_MotCurrRegCfg_Impl\src\MotCurrRegCfg.c" Line="398" Column="44">
</Loc>
<Message>
A cast shall not be performed that removes any const or volatile qualification
from the type addressed by a pointer.
</Message>
</Rule>

<Rule Name="12.3" Mode="required" Report="warning" Id="56">
<Loc File="C:\component\SF104A_MotCurrRegCfg_Impl\src\MotCurrRegCfg.c" Line="398" Column="134">
</Loc>
<Message>
The sizeof operator should not be used on expressions that contain side effects.
</Message>
</Rule>

<Rule Name="11.5" Mode="required" Report="warning" Id="57">
<Loc File="C:\component\SF104A_MotCurrRegCfg_Impl\src\MotCurrRegCfg.c" Line="398" Column="143">
</Loc>
<Message>
A cast shall not be performed that removes any const or volatile qualification
from the type addressed by a pointer.
</Message>
</Rule>

<Rule Name="12.3" Mode="required" Report="warning" Id="58">
<Loc File="C:\component\SF104A_MotCurrRegCfg_Impl\src\MotCurrRegCfg.c" Line="398" Column="225">
</Loc>
<Message>
The sizeof operator should not be used on expressions that contain side effects.
</Message>
</Rule>

<Rule Name="11.5" Mode="required" Report="warning" Id="59">
<Loc File="C:\component\SF104A_MotCurrRegCfg_Impl\src\MotCurrRegCfg.c" Line="398" Column="235">
</Loc>
<Message>
A cast shall not be performed that removes any const or volatile qualification
from the type addressed by a pointer.
</Message>
</Rule>

<Rule Name="9.1" Mode="required" Report="warning" Id="60">
<Loc File="C:\component\SF104A_MotCurrRegCfg_Impl\src\MotCurrRegCfg.c" Line="413" Column="111">
</Loc>
<Message>
All automatic variables shall have been assigned a value before being used.
</Message>
</Rule>

<Rule Name="9.1" Mode="required" Report="warning" Id="61">
<Loc File="C:\component\SF104A_MotCurrRegCfg_Impl\src\MotCurrRegCfg.c" Line="414" Column="111">
</Loc>
<Message>
All automatic variables shall have been assigned a value before being used.
</Message>
</Rule>

<Rule Name="9.1" Mode="required" Report="warning" Id="62">
<Loc File="C:\component\SF104A_MotCurrRegCfg_Impl\src\MotCurrRegCfg.c" Line="420" Column="40">
</Loc>
<Message>
All automatic variables shall have been assigned a value before being used.
</Message>
</Rule>

<Rule Name="9.1" Mode="required" Report="warning" Id="63">
<Loc File="C:\component\SF104A_MotCurrRegCfg_Impl\src\MotCurrRegCfg.c" Line="421" Column="40">
</Loc>
<Message>
All automatic variables shall have been assigned a value before being used.
</Message>
</Rule>

<Rule Name="9.1" Mode="required" Report="warning" Id="64">
<Loc File="C:\component\SF104A_MotCurrRegCfg_Impl\src\MotCurrRegCfg.c" Line="422" Column="69">
</Loc>
<Message>
All automatic variables shall have been assigned a value before being used.
</Message>
</Rule>

<Rule Name="9.1" Mode="required" Report="warning" Id="65">
<Loc File="C:\component\SF104A_MotCurrRegCfg_Impl\src\MotCurrRegCfg.c" Line="441" Column="135">
</Loc>
<Message>
All automatic variables shall have been assigned a value before being used.
</Message>
</Rule>

<Rule Name="9.1" Mode="required" Report="warning" Id="66">
<Loc File="C:\component\SF104A_MotCurrRegCfg_Impl\src\MotCurrRegCfg.c" Line="441" Column="167">
</Loc>
<Message>
All automatic variables shall have been assigned a value before being used.
</Message>
</Rule>

<Rule Name="9.1" Mode="required" Report="warning" Id="67">
<Loc File="C:\component\SF104A_MotCurrRegCfg_Impl\src\MotCurrRegCfg.c" Line="442" Column="135">
</Loc>
<Message>
All automatic variables shall have been assigned a value before being used.
</Message>
</Rule>

</CodeStruct>

</MISRA-C-Report>
