<?xml version="1.0" encoding="UTF-8"?>
<MISRA-C-Report-Summary>
<File Mode="advisory" Error="0" Warning="1" Total="1">
<Name>
C:\component\SF104A_MotCurrRegCfg_Impl\src\MotCurrRegCfg.c</Name>
</File>
<File Mode="required" Error="0" Warning="66" Total="66">
<Name>
C:\component\SF104A_MotCurrRegCfg_Impl\src\MotCurrRegCfg.c</Name>
</File>
<Rule Name="11.5" Count="28" Mode="required" Severity="warning">
<Message>
A cast shall not be performed that removes any const or volatile qualification</Message>
</Rule>
<Rule Name="12.3" Count="16" Mode="required" Severity="warning">
<Message>
The sizeof operator should not be used on expressions that contain side effects.</Message>
</Rule>
<Rule Name="9.1" Count="14" Mode="required" Severity="warning">
<Message>
All automatic variables shall have been assigned a value before being used.</Message>
</Rule>
<Rule Name="21.1" Count="7" Mode="required" Severity="warning">
<Message>
Minimisation of run-time failures.</Message>
</Rule>
<Rule Name="19.1" Count="1" Mode="advisory" Severity="warning">
<Message>
#include statements in a file shall only be preceded by other preprocessor directives or comments.</Message>
</Rule>
<Rule Name="5.1" Count="1" Mode="required" Severity="warning">
<Message>
Identifiers "AbsltMtrVelFiltLp_MotRadPerSec_T_f32" (MotCurrRegCfg.c line 282 col ...</Message>
</Rule>
</MISRA-C-Report-Summary>
