<?xml version="1.0" encoding="UTF-8"?>

<MISRA-C-Report version="1.3">


<CodeStruct Name="" File="C:\Component\SF033A_VehSigCdng_Impl\src\VehSigCdng.c" Line="0" Column="0">

<Rule Name="19.1" Mode="advisory" Report="warning" Id="1">
<Loc File="C:\Component\SF033A_VehSigCdng_Impl\src\VehSigCdng.c" Line="149" Column="0">
</Loc>
<Message>
#include statements in a file shall only be preceded by other preprocessor directives or comments.
</Message>
</Rule>

<Rule Name="19.1" Mode="advisory" Report="warning" Id="2">
<Loc File="C:\Component\SF033A_VehSigCdng_Impl\src\VehSigCdng.c" Line="308" Column="0">
</Loc>
<Message>
#include statements in a file shall only be preceded by other preprocessor directives or comments.
</Message>
</Rule>

<Rule Name="19.11" Mode="required" Report="warning" Id="3">
<Loc File="C:\Component\SF033A_VehSigCdng_Impl\src\VehSigCdng.c" Line="355" Column="0">
</Loc>
<Message>
`FLTINJENA' is not defined.
</Message>
</Rule>

<Rule Name="19.11" Mode="required" Report="warning" Id="4">
<Loc File="C:\Component\SF033A_VehSigCdng_Impl\src\VehSigCdng.c" Line="410" Column="0">
</Loc>
<Message>
`FLTINJENA' is not defined.
</Message>
</Rule>

<Rule Name="19.11" Mode="required" Report="warning" Id="5">
<Loc File="C:\Component\SF033A_VehSigCdng_Impl\src\VehSigCdng.c" Line="461" Column="0">
</Loc>
<Message>
`FLTINJENA' is not defined.
</Message>
</Rule>

<Rule Name="5.1" Mode="required" Report="warning" Id="6">
<Loc File="C:\Component\SF033A_VehSigCdng_Impl\src\VehSigCdng.c" Line="507" Column="65">
</Loc>
<Message>
Identifiers "VehYawRateVldSerlCom_Cnt_T_logl" (VehSigCdng.c line 507 column 65) and "VehYawRateVldSerlCom_Cnt_T_logl" (VehSigCdng.c line 93 column 65) have the same first 31 characters.
</Message>
</Rule>

<Rule Name="19.11" Mode="required" Report="warning" Id="7">
<Loc File="C:\Component\SF033A_VehSigCdng_Impl\src\VehSigCdng.c" Line="516" Column="0">
</Loc>
<Message>
`FLTINJENA' is not defined.
</Message>
</Rule>

<Rule Name="5.1" Mode="required" Report="warning" Id="8">
<Loc File="C:\Component\SF033A_VehSigCdng_Impl\src\VehSigCdng.c" Line="563" Column="65">
</Loc>
<Message>
Identifiers "VehLatAEstimd_MtrPerSecSqd_T_f32" (VehSigCdng.c line 563 column 65) and "VehLatAEstimd_MtrPerSecSqd_T_f32" (VehSigCdng.c line 101 column 65) have the same first 32 characters.
</Message>
</Rule>

</CodeStruct>

<CodeStruct Name="VehSigCdng_VehLatA" File="C:\Component\SF033A_VehSigCdng_Impl\src\VehSigCdng.c" Line="451" Column="12">

<Rule Name="21.1" Mode="required" Report="warning" Id="9">
<Loc File="C:\Component\SF033A_VehSigCdng_Impl\src\VehSigCdng.c" Line="473" Column="66">
</Loc>
<Message>
Minimisation of run-time failures.
</Message>
</Rule>

<Rule Name="21.1" Mode="required" Report="warning" Id="10">
<Loc File="C:\Component\SF033A_VehSigCdng_Impl\src\VehSigCdng.c" Line="485" Column="11">
</Loc>
<Message>
Minimisation of run-time failures.
</Message>
</Rule>

</CodeStruct>

<CodeStruct Name="VehSigCdng_VehYawRate" File="C:\Component\SF033A_VehSigCdng_Impl\src\VehSigCdng.c" Line="506" Column="12">

<Rule Name="21.1" Mode="required" Report="warning" Id="11">
<Loc File="C:\Component\SF033A_VehSigCdng_Impl\src\VehSigCdng.c" Line="523" Column="68">
</Loc>
<Message>
Minimisation of run-time failures.
</Message>
</Rule>

<Rule Name="21.1" Mode="required" Report="warning" Id="12">
<Loc File="C:\Component\SF033A_VehSigCdng_Impl\src\VehSigCdng.c" Line="535" Column="11">
</Loc>
<Message>
Minimisation of run-time failures.
</Message>
</Rule>

</CodeStruct>

<CodeStruct Name="VehSigCdng_VehSpd" File="C:\Component\SF033A_VehSigCdng_Impl\src\VehSigCdng.c" Line="326" Column="12">

<Rule Name="21.1" Mode="required" Report="warning" Id="13">
<Loc File="C:\Component\SF033A_VehSigCdng_Impl\src\VehSigCdng.c" Line="341" Column="103">
</Loc>
<Message>
Minimisation of run-time failures.
</Message>
</Rule>

<Rule Name="21.1" Mode="required" Report="warning" Id="14">
<Loc File="C:\Component\SF033A_VehSigCdng_Impl\src\VehSigCdng.c" Line="364" Column="54">
</Loc>
<Message>
Minimisation of run-time failures.
</Message>
</Rule>

<Rule Name="21.1" Mode="required" Report="warning" Id="15">
<Loc File="C:\Component\SF033A_VehSigCdng_Impl\src\VehSigCdng.c" Line="379" Column="13">
</Loc>
<Message>
Minimisation of run-time failures.
</Message>
</Rule>

</CodeStruct>

<CodeStruct Name="VehSigCdngInit1" File="C:\Component\SF033A_VehSigCdng_Impl\src\VehSigCdng.c" Line="161" Column="5">

<Rule Name="21.1" Mode="required" Report="warning" Id="16">
<Loc File="C:\Component\SF033A_VehSigCdng_Impl\src\VehSigCdng.c" Line="167" Column="98">
</Loc>
<Message>
Minimisation of run-time failures.
</Message>
</Rule>

</CodeStruct>

<CodeStruct Name="VehSigCdng_VehLgtA" File="C:\Component\SF033A_VehSigCdng_Impl\src\VehSigCdng.c" Line="399" Column="12">

<Rule Name="21.1" Mode="required" Report="warning" Id="17">
<Loc File="C:\Component\SF033A_VehSigCdng_Impl\src\VehSigCdng.c" Line="418" Column="62">
</Loc>
<Message>
Minimisation of run-time failures.
</Message>
</Rule>

<Rule Name="21.1" Mode="required" Report="warning" Id="18">
<Loc File="C:\Component\SF033A_VehSigCdng_Impl\src\VehSigCdng.c" Line="430" Column="11">
</Loc>
<Message>
Minimisation of run-time failures.
</Message>
</Rule>

</CodeStruct>

<CodeStruct Name="VehSigCdngPer1" File="C:\Component\SF033A_VehSigCdng_Impl\src\VehSigCdng.c" Line="225" Column="5">

<Rule Name="5.1" Mode="required" Report="warning" Id="19">
<Loc File="C:\Component\SF033A_VehSigCdng_Impl\src\VehSigCdng.c" Line="239" Column="12">
</Loc>
<Message>
Identifiers "VehYawRateVldSerlCom_Cnt_T_logl" (VehSigCdng.c line 93 column 65) and "VehYawRateVldSerlCom_Cnt_T_logl" (VehSigCdng.c line 239 column 12) have the same first 31 characters.
</Message>
</Rule>

<Rule Name="5.1" Mode="required" Report="warning" Id="20">
<Loc File="C:\Component\SF033A_VehSigCdng_Impl\src\VehSigCdng.c" Line="252" Column="12">
</Loc>
<Message>
Identifiers "VehLatAEstimd_MtrPerSecSqd_T_f32" (VehSigCdng.c line 101 column 65) and "VehLatAEstimd_MtrPerSecSqd_T_f32" (VehSigCdng.c line 252 column 12) have the same first 32 characters.
</Message>
</Rule>

<Rule Name="9.1" Mode="required" Report="warning" Id="21">
<Loc File="C:\Component\SF033A_VehSigCdng_Impl\src\VehSigCdng.c" Line="269" Column="22">
</Loc>
<Message>
All automatic variables shall have been assigned a value before being used.
</Message>
</Rule>

<Rule Name="9.1" Mode="required" Report="warning" Id="22">
<Loc File="C:\Component\SF033A_VehSigCdng_Impl\src\VehSigCdng.c" Line="269" Column="47">
</Loc>
<Message>
All automatic variables shall have been assigned a value before being used.
</Message>
</Rule>

<Rule Name="9.1" Mode="required" Report="warning" Id="23">
<Loc File="C:\Component\SF033A_VehSigCdng_Impl\src\VehSigCdng.c" Line="270" Column="22">
</Loc>
<Message>
All automatic variables shall have been assigned a value before being used.
</Message>
</Rule>

<Rule Name="9.1" Mode="required" Report="warning" Id="24">
<Loc File="C:\Component\SF033A_VehSigCdng_Impl\src\VehSigCdng.c" Line="270" Column="44">
</Loc>
<Message>
All automatic variables shall have been assigned a value before being used.
</Message>
</Rule>

<Rule Name="9.1" Mode="required" Report="warning" Id="25">
<Loc File="C:\Component\SF033A_VehSigCdng_Impl\src\VehSigCdng.c" Line="271" Column="22">
</Loc>
<Message>
All automatic variables shall have been assigned a value before being used.
</Message>
</Rule>

<Rule Name="9.1" Mode="required" Report="warning" Id="26">
<Loc File="C:\Component\SF033A_VehSigCdng_Impl\src\VehSigCdng.c" Line="274" Column="23">
</Loc>
<Message>
All automatic variables shall have been assigned a value before being used.
</Message>
</Rule>

<Rule Name="9.1" Mode="required" Report="warning" Id="27">
<Loc File="C:\Component\SF033A_VehSigCdng_Impl\src\VehSigCdng.c" Line="274" Column="53">
</Loc>
<Message>
All automatic variables shall have been assigned a value before being used.
</Message>
</Rule>

<Rule Name="9.1" Mode="required" Report="warning" Id="28">
<Loc File="C:\Component\SF033A_VehSigCdng_Impl\src\VehSigCdng.c" Line="278" Column="23">
</Loc>
<Message>
All automatic variables shall have been assigned a value before being used.
</Message>
</Rule>

<Rule Name="9.1" Mode="required" Report="warning" Id="29">
<Loc File="C:\Component\SF033A_VehSigCdng_Impl\src\VehSigCdng.c" Line="278" Column="53">
</Loc>
<Message>
All automatic variables shall have been assigned a value before being used.
</Message>
</Rule>

<Rule Name="9.1" Mode="required" Report="warning" Id="30">
<Loc File="C:\Component\SF033A_VehSigCdng_Impl\src\VehSigCdng.c" Line="282" Column="26">
</Loc>
<Message>
All automatic variables shall have been assigned a value before being used.
</Message>
</Rule>

<Rule Name="9.1" Mode="required" Report="warning" Id="31">
<Loc File="C:\Component\SF033A_VehSigCdng_Impl\src\VehSigCdng.c" Line="282" Column="57">
</Loc>
<Message>
All automatic variables shall have been assigned a value before being used.
</Message>
</Rule>

<Rule Name="5.1" Mode="required" Report="warning" Id="32">
<Loc File="C:\Component\SF033A_VehSigCdng_Impl\src\VehSigCdng.c" Line="507" Column="65">
</Loc>
<Message>
Identifiers "VehYawRateVldSerlCom_Cnt_T_logl" (VehSigCdng.c line 507 column 65) and "VehYawRateVldSerlCom_Cnt_T_logl" (VehSigCdng.c line 239 column 12) have the same first 31 characters.
</Message>
</Rule>

<Rule Name="5.1" Mode="required" Report="warning" Id="33">
<Loc File="C:\Component\SF033A_VehSigCdng_Impl\src\VehSigCdng.c" Line="563" Column="65">
</Loc>
<Message>
Identifiers "VehLatAEstimd_MtrPerSecSqd_T_f32" (VehSigCdng.c line 563 column 65) and "VehLatAEstimd_MtrPerSecSqd_T_f32" (VehSigCdng.c line 252 column 12) have the same first 32 characters.
</Message>
</Rule>

</CodeStruct>

</MISRA-C-Report>
