<?xml version="1.0" encoding="UTF-8"?>

<MISRA-C-Report version="1.3">


<CodeStruct Name="" File="C:\component\ES005A_TmplMonr_Impl\src\TmplMonr.c" Line="0" Column="0">

<Rule Name="19.1" Mode="advisory" Report="warning" Id="1">
<Loc File="C:\component\ES005A_TmplMonr_Impl\src\TmplMonr.c" Line="663" Column="0">
</Loc>
<Message>
#include statements in a file shall only be preceded by other preprocessor directives or comments.
</Message>
</Rule>

<Rule Name="19.1" Mode="advisory" Report="warning" Id="2">
<Loc File="C:\component\ES005A_TmplMonr_Impl\src\TmplMonr.c" Line="925" Column="0">
</Loc>
<Message>
#include statements in a file shall only be preceded by other preprocessor directives or comments.
</Message>
</Rule>

<Rule Name="19.1" Mode="advisory" Report="warning" Id="3">
<Loc File="C:\component\ES005A_TmplMonr_Impl\src\TmplMonr.c" Line="933" Column="0">
</Loc>
<Message>
#include statements in a file shall only be preceded by other preprocessor directives or comments.
</Message>
</Rule>

<Rule Name="19.1" Mode="advisory" Report="warning" Id="4">
<Loc File="C:\component\ES005A_TmplMonr_Impl\src\TmplMonr.c" Line="1318" Column="0">
</Loc>
<Message>
#include statements in a file shall only be preceded by other preprocessor directives or comments.
</Message>
</Rule>

</CodeStruct>

<CodeStruct Name="TmplMonrPer1" File="C:\component\ES005A_TmplMonr_Impl\src\TmplMonr.c" Line="764" Column="5">

<Rule Name="21.1" Mode="required" Report="warning" Id="5">
<Loc File="C:\component\ES005A_TmplMonr_Impl\src\TmplMonr.c" Line="788" Column="12">
</Loc>
<Message>
Minimisation of run-time failures.
</Message>
</Rule>

<Rule Name="21.1" Mode="required" Report="warning" Id="6">
<Loc File="C:\component\ES005A_TmplMonr_Impl\src\TmplMonr.c" Line="788" Column="31">
</Loc>
<Message>
Minimisation of run-time failures.
</Message>
</Rule>

<Rule Name="9.1" Mode="required" Report="warning" Id="7">
<Loc File="C:\component\ES005A_TmplMonr_Impl\src\TmplMonr.c" Line="800" Column="20">
</Loc>
<Message>
All automatic variables shall have been assigned a value before being used.
</Message>
</Rule>

<Rule Name="21.1" Mode="required" Report="warning" Id="8">
<Loc File="C:\component\ES005A_TmplMonr_Impl\src\TmplMonr.c" Line="808" Column="24">
</Loc>
<Message>
Minimisation of run-time failures.
</Message>
</Rule>

<Rule Name="21.1" Mode="required" Report="warning" Id="9">
<Loc File="C:\component\ES005A_TmplMonr_Impl\src\TmplMonr.c" Line="818" Column="28">
</Loc>
<Message>
Minimisation of run-time failures.
</Message>
</Rule>

<Rule Name="9.1" Mode="required" Report="warning" Id="10">
<Loc File="C:\component\ES005A_TmplMonr_Impl\src\TmplMonr.c" Line="832" Column="37">
</Loc>
<Message>
All automatic variables shall have been assigned a value before being used.
</Message>
</Rule>

<Rule Name="9.1" Mode="required" Report="warning" Id="11">
<Loc File="C:\component\ES005A_TmplMonr_Impl\src\TmplMonr.c" Line="853" Column="17">
</Loc>
<Message>
All automatic variables shall have been assigned a value before being used.
</Message>
</Rule>

</CodeStruct>

<CodeStruct Name="TmplMonrInit1" File="C:\component\ES005A_TmplMonr_Impl\src\TmplMonr.c" Line="694" Column="5">

<Rule Name="21.1" Mode="required" Report="warning" Id="12">
<Loc File="C:\component\ES005A_TmplMonr_Impl\src\TmplMonr.c" Line="708" Column="8">
</Loc>
<Message>
Minimisation of run-time failures.
</Message>
</Rule>

<Rule Name="21.1" Mode="required" Report="warning" Id="13">
<Loc File="C:\component\ES005A_TmplMonr_Impl\src\TmplMonr.c" Line="708" Column="27">
</Loc>
<Message>
Minimisation of run-time failures.
</Message>
</Rule>

<Rule Name="21.1" Mode="required" Report="warning" Id="14">
<Loc File="C:\component\ES005A_TmplMonr_Impl\src\TmplMonr.c" Line="709" Column="8">
</Loc>
<Message>
Minimisation of run-time failures.
</Message>
</Rule>

<Rule Name="21.1" Mode="required" Report="warning" Id="15">
<Loc File="C:\component\ES005A_TmplMonr_Impl\src\TmplMonr.c" Line="710" Column="8">
</Loc>
<Message>
Minimisation of run-time failures.
</Message>
</Rule>

<Rule Name="21.1" Mode="required" Report="warning" Id="16">
<Loc File="C:\component\ES005A_TmplMonr_Impl\src\TmplMonr.c" Line="711" Column="8">
</Loc>
<Message>
Minimisation of run-time failures.
</Message>
</Rule>

<Rule Name="21.1" Mode="required" Report="warning" Id="17">
<Loc File="C:\component\ES005A_TmplMonr_Impl\src\TmplMonr.c" Line="712" Column="8">
</Loc>
<Message>
Minimisation of run-time failures.
</Message>
</Rule>

<Rule Name="21.1" Mode="required" Report="warning" Id="18">
<Loc File="C:\component\ES005A_TmplMonr_Impl\src\TmplMonr.c" Line="713" Column="8">
</Loc>
<Message>
Minimisation of run-time failures.
</Message>
</Rule>

</CodeStruct>

<CodeStruct Name="TMFInitTestCase12" File="C:\component\ES005A_TmplMonr_Impl\src\TmplMonr.c" Line="1111" Column="12">

<Rule Name="9.1" Mode="required" Report="warning" Id="19">
<Loc File="C:\component\ES005A_TmplMonr_Impl\src\TmplMonr.c" Line="1118" Column="12">
</Loc>
<Message>
All automatic variables shall have been assigned a value before being used.
</Message>
</Rule>

<Rule Name="21.1" Mode="required" Report="warning" Id="20">
<Loc File="C:\component\ES005A_TmplMonr_Impl\src\TmplMonr.c" Line="1120" Column="65">
</Loc>
<Message>
Minimisation of run-time failures.
</Message>
</Rule>

<Rule Name="21.1" Mode="required" Report="warning" Id="21">
<Loc File="C:\component\ES005A_TmplMonr_Impl\src\TmplMonr.c" Line="1127" Column="53">
</Loc>
<Message>
Minimisation of run-time failures.
</Message>
</Rule>

</CodeStruct>

<CodeStruct Name="TMFInitTestCase17" File="C:\component\ES005A_TmplMonr_Impl\src\TmplMonr.c" Line="1139" Column="12">

<Rule Name="9.1" Mode="required" Report="warning" Id="22">
<Loc File="C:\component\ES005A_TmplMonr_Impl\src\TmplMonr.c" Line="1148" Column="12">
</Loc>
<Message>
All automatic variables shall have been assigned a value before being used.
</Message>
</Rule>

<Rule Name="21.1" Mode="required" Report="warning" Id="23">
<Loc File="C:\component\ES005A_TmplMonr_Impl\src\TmplMonr.c" Line="1150" Column="65">
</Loc>
<Message>
Minimisation of run-time failures.
</Message>
</Rule>

<Rule Name="21.1" Mode="required" Report="warning" Id="24">
<Loc File="C:\component\ES005A_TmplMonr_Impl\src\TmplMonr.c" Line="1160" Column="53">
</Loc>
<Message>
Minimisation of run-time failures.
</Message>
</Rule>

</CodeStruct>

<CodeStruct Name="TMFInitTestCase52" File="C:\component\ES005A_TmplMonr_Impl\src\TmplMonr.c" Line="1246" Column="12">

<Rule Name="9.1" Mode="required" Report="warning" Id="25">
<Loc File="C:\component\ES005A_TmplMonr_Impl\src\TmplMonr.c" Line="1255" Column="12">
</Loc>
<Message>
All automatic variables shall have been assigned a value before being used.
</Message>
</Rule>

<Rule Name="21.1" Mode="required" Report="warning" Id="26">
<Loc File="C:\component\ES005A_TmplMonr_Impl\src\TmplMonr.c" Line="1260" Column="16">
</Loc>
<Message>
Minimisation of run-time failures.
</Message>
</Rule>

<Rule Name="21.1" Mode="required" Report="warning" Id="27">
<Loc File="C:\component\ES005A_TmplMonr_Impl\src\TmplMonr.c" Line="1261" Column="16">
</Loc>
<Message>
Minimisation of run-time failures.
</Message>
</Rule>

<Rule Name="21.1" Mode="required" Report="warning" Id="28">
<Loc File="C:\component\ES005A_TmplMonr_Impl\src\TmplMonr.c" Line="1262" Column="61">
</Loc>
<Message>
Minimisation of run-time failures.
</Message>
</Rule>

<Rule Name="21.1" Mode="required" Report="warning" Id="29">
<Loc File="C:\component\ES005A_TmplMonr_Impl\src\TmplMonr.c" Line="1267" Column="20">
</Loc>
<Message>
Minimisation of run-time failures.
</Message>
</Rule>

<Rule Name="9.1" Mode="required" Report="warning" Id="30">
<Loc File="C:\component\ES005A_TmplMonr_Impl\src\TmplMonr.c" Line="1281" Column="29">
</Loc>
<Message>
All automatic variables shall have been assigned a value before being used.
</Message>
</Rule>

<Rule Name="21.1" Mode="required" Report="warning" Id="31">
<Loc File="C:\component\ES005A_TmplMonr_Impl\src\TmplMonr.c" Line="1283" Column="81">
</Loc>
<Message>
Minimisation of run-time failures.
</Message>
</Rule>

<Rule Name="21.1" Mode="required" Report="warning" Id="32">
<Loc File="C:\component\ES005A_TmplMonr_Impl\src\TmplMonr.c" Line="1287" Column="81">
</Loc>
<Message>
Minimisation of run-time failures.
</Message>
</Rule>

<Rule Name="21.1" Mode="required" Report="warning" Id="33">
<Loc File="C:\component\ES005A_TmplMonr_Impl\src\TmplMonr.c" Line="1292" Column="24">
</Loc>
<Message>
Minimisation of run-time failures.
</Message>
</Rule>

<Rule Name="21.1" Mode="required" Report="warning" Id="34">
<Loc File="C:\component\ES005A_TmplMonr_Impl\src\TmplMonr.c" Line="1294" Column="69">
</Loc>
<Message>
Minimisation of run-time failures.
</Message>
</Rule>

<Rule Name="21.1" Mode="required" Report="warning" Id="35">
<Loc File="C:\component\ES005A_TmplMonr_Impl\src\TmplMonr.c" Line="1299" Column="12">
</Loc>
<Message>
Minimisation of run-time failures.
</Message>
</Rule>

<Rule Name="21.1" Mode="required" Report="warning" Id="36">
<Loc File="C:\component\ES005A_TmplMonr_Impl\src\TmplMonr.c" Line="1301" Column="20">
</Loc>
<Message>
Minimisation of run-time failures.
</Message>
</Rule>

</CodeStruct>

<CodeStruct Name="TMFInitTestCase9To10Case14To16" File="C:\component\ES005A_TmplMonr_Impl\src\TmplMonr.c" Line="1070" Column="12">

<Rule Name="21.1" Mode="required" Report="warning" Id="37">
<Loc File="C:\component\ES005A_TmplMonr_Impl\src\TmplMonr.c" Line="1074" Column="12">
</Loc>
<Message>
Minimisation of run-time failures.
</Message>
</Rule>

<Rule Name="9.1" Mode="required" Report="warning" Id="38">
<Loc File="C:\component\ES005A_TmplMonr_Impl\src\TmplMonr.c" Line="1080" Column="20">
</Loc>
<Message>
All automatic variables shall have been assigned a value before being used.
</Message>
</Rule>

<Rule Name="21.1" Mode="required" Report="warning" Id="39">
<Loc File="C:\component\ES005A_TmplMonr_Impl\src\TmplMonr.c" Line="1085" Column="81">
</Loc>
<Message>
Minimisation of run-time failures.
</Message>
</Rule>

<Rule Name="21.1" Mode="required" Report="warning" Id="40">
<Loc File="C:\component\ES005A_TmplMonr_Impl\src\TmplMonr.c" Line="1089" Column="81">
</Loc>
<Message>
Minimisation of run-time failures.
</Message>
</Rule>

</CodeStruct>

<CodeStruct Name="TMFInitTest" File="C:\component\ES005A_TmplMonr_Impl\src\TmplMonr.c" Line="943" Column="12">

<Rule Name="21.1" Mode="required" Report="warning" Id="41">
<Loc File="C:\component\ES005A_TmplMonr_Impl\src\TmplMonr.c" Line="949" Column="16">
</Loc>
<Message>
Minimisation of run-time failures.
</Message>
</Rule>

<Rule Name="9.1" Mode="required" Report="warning" Id="42">
<Loc File="C:\component\ES005A_TmplMonr_Impl\src\TmplMonr.c" Line="1024" Column="29">
</Loc>
<Message>
All automatic variables shall have been assigned a value before being used.
</Message>
</Rule>

<Rule Name="21.1" Mode="required" Report="warning" Id="43">
<Loc File="C:\component\ES005A_TmplMonr_Impl\src\TmplMonr.c" Line="1026" Column="81">
</Loc>
<Message>
Minimisation of run-time failures.
</Message>
</Rule>

</CodeStruct>

<CodeStruct Name="TMFInitTestCase18" File="C:\component\ES005A_TmplMonr_Impl\src\TmplMonr.c" Line="1172" Column="12">

<Rule Name="9.1" Mode="required" Report="warning" Id="44">
<Loc File="C:\component\ES005A_TmplMonr_Impl\src\TmplMonr.c" Line="1181" Column="14">
</Loc>
<Message>
All automatic variables shall have been assigned a value before being used.
</Message>
</Rule>

<Rule Name="21.1" Mode="required" Report="warning" Id="45">
<Loc File="C:\component\ES005A_TmplMonr_Impl\src\TmplMonr.c" Line="1188" Column="61">
</Loc>
<Message>
Minimisation of run-time failures.
</Message>
</Rule>

<Rule Name="21.1" Mode="required" Report="warning" Id="46">
<Loc File="C:\component\ES005A_TmplMonr_Impl\src\TmplMonr.c" Line="1195" Column="20">
</Loc>
<Message>
Minimisation of run-time failures.
</Message>
</Rule>

<Rule Name="21.1" Mode="required" Report="warning" Id="47">
<Loc File="C:\component\ES005A_TmplMonr_Impl\src\TmplMonr.c" Line="1218" Column="24">
</Loc>
<Message>
Minimisation of run-time failures.
</Message>
</Rule>

<Rule Name="21.1" Mode="required" Report="warning" Id="48">
<Loc File="C:\component\ES005A_TmplMonr_Impl\src\TmplMonr.c" Line="1221" Column="24">
</Loc>
<Message>
Minimisation of run-time failures.
</Message>
</Rule>

<Rule Name="21.1" Mode="required" Report="warning" Id="49">
<Loc File="C:\component\ES005A_TmplMonr_Impl\src\TmplMonr.c" Line="1226" Column="73">
</Loc>
<Message>
Minimisation of run-time failures.
</Message>
</Rule>

<Rule Name="21.1" Mode="required" Report="warning" Id="50">
<Loc File="C:\component\ES005A_TmplMonr_Impl\src\TmplMonr.c" Line="1227" Column="24">
</Loc>
<Message>
Minimisation of run-time failures.
</Message>
</Rule>

</CodeStruct>

</MISRA-C-Report>
