<?xml version="1.0" encoding="UTF-8"?>
<Navig version="1.0">
<Files>
<F id="1" n="C:\Program Files\MATLAB\R2013b\polyspace\verifier\cxx\cinclude\stdarg.h"/>
<F id="2" n="C:\Component\AR201A_ArCplrSuprt_Impl\include\ASR4.0.3\Platform_Types.h"/>
<F id="3" n="C:\Component\AR200A_ArSuprt_Impl\include\ASR4.0.3\Std_Types.h"/>
<F id="4" n="C:\Component\TL103A_CplrSuprt\include\2013.5.5\ansi\math.h"/>
<F id="5" n="C:\Component\AR104A_NxtrFil_Impl\include\NxtrFil.h"/>
<F id="6" n="C:\Component\SF043A_TqOscn_Impl\tools\contract\Rte_Type.h"/>
<F id="7" n="C:\Component\SF043A_TqOscn_Impl\tools\contract\Rte_TqOscn.h"/>
<F id="8" n="C:\Component\AR100A_NxtrMath_Impl\include\NxtrMath.h"/>
<F id="9" n="C:\Component\AR103A_NxtrFixdPt_Impl\include\NxtrFixdPt.h"/>
<F id="10" n="C:\Component\SF043A_TqOscn_Impl\src\TqOscn.c"/>
<F id="11" n="C-STUBS\__polyspace__stdstubs.c"/>
<F id="12" n="C:\Program Files\MATLAB\R2013b\polyspace\verifier\cxx\cinclude\__polyspace__std_decls.h"/>
<F id="13" n="C:\Program Files\MATLAB\R2013b\polyspace\verifier\cxx\cinclude\assert.h"/>
<F id="14" n="C:\Program Files\MATLAB\R2013b\polyspace\verifier\cxx\cinclude\__polyspace__libc_defs.h"/>
<F id="15" n="C:\Component\SF043A_TqOscn_Impl\tools\contract\Rte_TqOscn_Type.h"/>
<F id="16" n="C:\Component\SF043A_TqOscn_Impl\tools\contract\Rte.h"/>
<F id="17" n="C:\Component\AR201A_ArCplrSuprt_Impl\include\ASR4.0.3\Compiler.h"/>
<F id="18" n="C:\Component\AR201A_ArCplrSuprt_Impl\tools\contract\Compiler_Cfg.h"/>
<F id="19" n="C:\Component\AR201A_ArCplrSuprt_Impl\tools\contract\Renesas_Compiler.h"/>
<F id="20" n="C:\Component\SF043A_TqOscn_Impl\tools\contract\Rte_UserTypes.h"/>
<F id="21" n="C:\Component\AR999A_ArchGlbPrm_Impl\include\ArchGlbPrm.h"/>
<F id="22" n="C:\Component\SF043A_TqOscn_Impl\tools\contract\Rte_DataHandleType.h"/>
<F id="23" n="C:\Component\AR200A_ArSuprt_Impl\tools\contract\MemMap.h"/>
<F id="24" n="C:\Component\SF043A_TqOscn_Impl\tools\contract\TqOscn_MemMap.h"/>
<F id="25" n="C:\Component\SF043A_TqOscn_Impl\tools\contract\FltInj.h"/>
</Files>
<Definitions>
<D id="1" f="5" l="200" c="99" n="FilHpRecPtr" t="4" d="1"/>
<D id="2" f="11" l="211" c="21" n="size_t" t="7" d="1"/>
<D id="3" f="5" l="128" c="99" n="FilLpRecPtr" t="4" d="1"/>
<D id="4" f="11" l="213" c="12" n="ptrdiff_t" t="7" d="1"/>
<D id="5" f="11" l="216" c="21" n="wchar_t" t="7" d="1"/>
<D id="6" f="11" l="621" c="13" n="_polyspace_random_int" t="5" d="1"/>
<D id="7" f="5" l="151" c="104" n="TiStep" t="4" d="1"/>
<D id="8" f="11" l="613" c="23" n="_polyspace_random_uchar" t="5" d="1"/>
<D id="9" f="10" l="250" c="16" n="TqOscnDcExcdd_Cnt_T_logl" t="4" d="1"/>
<D id="10" f="8" l="533" c="104" n="RngLo" t="4" d="1"/>
<D id="11" f="10" l="526" c="31" n="PhaAg_MatRad_T_f32" t="4" d="1"/>
<D id="12" f="11" l="605" c="14" n="_polyspace_random_char" t="5" d="1"/>
<D id="13" f="10" l="260" c="16" n="TqOscnPhaAgSin_Uls_T_f32" t="4" d="1"/>
<D id="14" f="8" l="534" c="104" n="RngHi" t="4" d="1"/>
<D id="15" f="5" l="104" c="107" n="FilLpRecPtr" t="4" d="1"/>
<D id="16" f="10" l="251" c="16" n="HwOscnActv_Cnt_T_logl" t="4" d="1"/>
<D id="17" f="10" l="270" c="16" n="TqOscnFrqAbslt_Hz_T_u8p8" t="4" d="1"/>
<D id="18" f="11" l="623" c="24" n="random" t="4" d="1"/>
<D id="19" f="10" l="261" c="16" n="TqOscnAmpAbslt_MotNwtMtr_T_f32" t="4" d="1"/>
<D id="20" f="10" l="252" c="16" n="NonZeroAmpFlg_Cnt_T_logl" t="4" d="1"/>
<D id="21" f="11" l="631" c="25" n="random" t="4" d="1"/>
<D id="22" f="5" l="152" c="107" n="FilHpRecPtr" t="4" d="1"/>
<D id="23" f="10" l="271" c="16" n="EfcTqOscnFrqAbslt_Hz_T_u8p8" t="4" d="1"/>
<D id="24" f="10" l="262" c="16" n="SatTqOscnAmpAbslt_MotNwtMtr_T_f32" t="4" d="1"/>
<D id="25" f="10" l="470" c="16" n="DynLwrLmtAmp_MotNwtMtr_T_f32" t="4" d="1"/>
<D id="26" f="8" l="609" c="104" n="Denom" t="4" d="1"/>
<D id="27" f="10" l="272" c="16" n="FrqIndex1_Cnt_T_u16" t="4" d="1"/>
<D id="28" f="10" l="263" c="16" n="PhaAg_MatRad_T_f32" t="4" d="1"/>
<D id="29" f="10" l="254" c="16" n="TqOscnPhaAg_MatRad_T_f32" t="4" d="1"/>
<D id="30" f="10" l="471" c="16" n="DynUprLmtAmp_MotNwtMtr_T_f32" t="4" d="1"/>
<D id="31" f="11" l="615" c="34" n="random" t="4" d="1"/>
<D id="32" f="10" l="273" c="16" n="FrqIndex2_Cnt_T_u16" t="4" d="1"/>
<D id="33" f="10" l="264" c="16" n="PhaAgInc_MatRad_T_f32" t="4" d="1"/>
<D id="34" f="8" l="548" c="104" n="Denom" t="4" d="1"/>
<D id="35" f="10" l="255" c="16" n="HwOscnMotAmp_MotNwtMtr_T_f32" t="4" d="1"/>
<D id="36" f="10" l="472" c="16" n="PreLmtAmplitude_MotNwtMtr_T_f32" t="4" d="1"/>
<D id="37" f="11" l="637" c="23" n="_polyspace_random_ulong" t="5" d="1"/>
<D id="38" f="10" l="526" c="16" n="ChkFlg" t="5" d="1"/>
<D id="39" f="11" l="607" c="25" n="random" t="4" d="1"/>
<D id="40" f="10" l="274" c="16" n="TqOscnAmp_MotNwtMtr_T_u5p11" t="4" d="1"/>
<D id="41" f="10" l="265" c="16" n="LimdAmp_MotNwtMtr_T_f32" t="4" d="1"/>
<D id="42" f="10" l="256" c="16" n="HwOscnFrq_HZ_T_f32" t="4" d="1"/>
<D id="43" f="10" l="473" c="16" n="RateLimdAmp_MotNwtMtr_T_f32" t="4" d="1"/>
<D id="44" f="11" l="644" c="16" n="_polyspace_random_double" t="5" d="1"/>
<D id="45" f="10" l="464" c="16" n="AmpRateLim" t="5" d="1"/>
<D id="46" f="11" l="629" c="14" n="_polyspace_random_long" t="5" d="1"/>
<D id="47" f="10" l="266" c="16" n="RateLimdAmp_MotNwtMtr_T_f32" t="4" d="1"/>
<D id="48" f="10" l="257" c="16" n="TqOscnFrqAbslt_Hz_T_f32" t="4" d="1"/>
<D id="49" f="10" l="248" c="16" n="HwOscnEna_Cnt_T_logl" t="4" d="1"/>
<D id="50" f="11" l="3691" c="4" n="__polyspace_nb_varargs" t="1" d="1"/>
<D id="51" f="5" l="176" c="107" n="FilHpRecPtr" t="4" d="1"/>
<D id="52" f="10" l="464" c="35" n="CmdAmp_MotNwtMtr_T_f32" t="4" d="1"/>
<D id="53" f="10" l="528" c="16" n="TqOscnPhaAg_MatRad_T_f32" t="4" d="1"/>
<D id="54" f="10" l="267" c="16" n="HwOscnRisngRampRate_MotNwtMtrPerSec_T_f32" t="4" d="1"/>
<D id="55" f="10" l="258" c="16" n="TqOscnCmd_MotNwtMtr_T_f32" t="4" d="1"/>
<D id="56" f="10" l="249" c="16" n="DCCmp_Cnt_T_logl" t="4" d="1"/>
<D id="57" f="10" l="268" c="16" n="HwOscnFallRampRate_MotNwtMtrPerSec_T_f32" t="4" d="1"/>
<D id="58" f="10" l="259" c="16" n="PreFinalCmd_MotNwtMtr_T_f32" t="4" d="1"/>
<D id="59" f="11" l="639" c="34" n="random" t="4" d="1"/>
<D id="60" f="11" l="3690" c="7" n="__polyspace_vararg" t="1" d="1"/>
<D id="61" f="11" l="646" c="27" n="random" t="4" d="1"/>
<D id="62" f="10" l="465" c="96" n="HwOscnRisngRampRate_MotNwtMtrPerSec_T_f32" t="4" d="1"/>
<D id="63" f="10" l="466" c="96" n="HwOscnFallRampRate_MotNwtMtrPerSec_T_f32" t="4" d="1"/>
<D id="64" f="10" l="467" c="96" n="HwOscnEna_Cnt_T_logl" t="4" d="1"/>
<D id="65" f="10" l="468" c="97" n="NonZeroAmpFlg_Cnt_T_logl" t="4" d="1"/>
<D id="66" f="11" l="7036" c="14" n="_polyspace_compare_function_type" t="7" d="1"/>
<D id="67" f="5" l="40" c="1" n="FilHpRec1" t="7" d="1"/>
<D id="68" f="5" l="35" c="1" n="FilLpRec1" t="7" d="1"/>
<D id="69" f="7" l="48" c="7" n="Rte_CDS_TqOscn" t="6" d="1"/>
<D id="70" f="11" l="12340" c="16" n="__polyspace_absolute_address" t="1" d="1"/>
<D id="71" f="11" l="11480" c="23" n="random" t="4" d="1"/>
<D id="72" f="11" l="11496" c="21" n="HUGE_VAL" t="1" d="1"/>
<D id="73" f="11" l="11478" c="12" n="_polyspace_random_long_double" t="2" d="1"/>
<D id="74" f="11" l="11497" c="21" n="HUGE_VALF" t="1" d="1"/>
<D id="75" f="11" l="11498" c="21" n="HUGE_VALL" t="1" d="1"/>
<D id="76" f="7" l="60" c="11" n="Pim_PrevRisngRampRate" t="9" d="1"/>
<D id="77" f="3" l="141" c="2" n="Std_VersionInfoType" t="7" d="1"/>
<D id="78" f="7" l="51" c="11" n="Pim_AmpRampSt" t="9" d="1"/>
<D id="79" f="7" l="61" c="11" n="Pim_dTqOscnNonZeroAmpFlg" t="9" d="1"/>
<D id="80" f="5" l="33" c="12" n="FilSt" t="9" d="1"/>
<D id="81" f="7" l="62" c="11" n="Pim_dTqOscnPreFinalCmd" t="9" d="1"/>
<D id="82" f="7" l="53" c="11" n="Pim_PrevActv" t="9" d="1"/>
<D id="83" f="5" l="34" c="12" n="FilGain" t="9" d="1"/>
<D id="84" f="7" l="63" c="11" n="Pim_dTqOscnRateLimdAmp" t="9" d="1"/>
<D id="85" f="7" l="54" c="11" n="Pim_PrevDcThdExcdd" t="9" d="1"/>
<D id="86" f="7" l="64" c="11" n="Pim_dTqOscnSinCmd" t="9" d="1"/>
<D id="87" f="7" l="55" c="11" n="Pim_PrevEna" t="9" d="1"/>
<D id="88" f="6" l="41" c="14" n="Ary1D_u5p11_5" t="7" d="1"/>
<D id="89" f="7" l="52" c="13" n="Pim_PreFinalCmdLpFil" t="9" d="1"/>
<D id="90" f="7" l="56" c="11" n="Pim_PrevFallRampRate" t="9" d="1"/>
<D id="91" f="6" l="44" c="13" n="Ary1D_u8p8_5" t="7" d="1"/>
<D id="92" f="7" l="57" c="11" n="Pim_PrevLimdAmp" t="9" d="1"/>
<D id="93" f="1" l="45" c="14" n="__va_list" t="7" d="1"/>
<D id="94" f="7" l="58" c="11" n="Pim_PrevPhaAg" t="9" d="1"/>
<D id="95" f="7" l="110" c="8" n="Rte_Prm_TqOscn_TqOscnUseRampRateCal_Logl" t="2" d="0"/>
<D id="96" f="7" l="71" c="42" n="Rte_Inst_TqOscn" t="1" d="0"/>
<D id="97" f="7" l="59" c="11" n="Pim_PrevPhaAgInc" t="9" d="1"/>
<D id="98" f="5" l="82" c="14" n="FilLpUpdGain" t="2" d="1"/>
<D id="99" f="6" l="35" c="15" n="u5p11" t="7" d="1"/>
<D id="100" f="1" l="50" c="18" n="__gnuc_va_list" t="7" d="1"/>
<D id="101" f="4" l="51" c="17" n="double_t" t="7" d="1"/>
<D id="102" f="4" l="52" c="17" n="float_t" t="7" d="1"/>
<D id="103" f="4" l="731" c="6" n="expf" t="2" d="0"/>
<D id="104" f="4" l="741" c="6" n="sqrtf" t="2" d="0"/>
<D id="105" f="6" l="38" c="15" n="u8p8" t="7" d="1"/>
<D id="106" f="5" l="39" c="24" n="CorrnFac" t="9" d="1"/>
<D id="107" f="5" l="82" c="35" n="FrqPole" t="4" d="1"/>
<D id="108" f="4" l="742" c="6" n="fabsf" t="2" d="0"/>
<D id="109" f="4" l="724" c="6" n="atan2f" t="2" d="0"/>
<D id="110" f="5" l="38" c="16" n="FilLpRec" t="9" d="1"/>
<D id="111" f="4" l="725" c="6" n="cosf" t="2" d="0"/>
<D id="112" f="4" l="726" c="6" n="sinf" t="2" d="0"/>
<D id="113" f="7" l="108" c="8" n="Rte_Prm_TqOscn_TqOscnFallRampRateCal_Val" t="2" d="0"/>
<D id="114" f="7" l="109" c="8" n="Rte_Prm_TqOscn_TqOscnRisngRampRateCal_Val" t="2" d="0"/>
<D id="115" f="1" l="49" c="18" n="va_list" t="7" d="1"/>
<D id="116" f="7" l="99" c="15" n="Rte_Read_TqOscn_HwOscnEna_Logl" t="2" d="0"/>
<D id="117" f="7" l="76" c="37" n="Rte_Instance" t="7" d="1"/>
<D id="118" f="4" l="748" c="6" n="fmodf" t="2" d="0"/>
<D id="119" f="3" l="140" c="10" n="sw_patch_version" t="9" d="1"/>
<D id="120" f="2" l="110" c="31" n="uint32" t="7" d="1"/>
<D id="121" f="2" l="112" c="31" n="sint8_least" t="7" d="1"/>
<D id="122" f="2" l="103" c="31" n="boolean" t="7" d="1"/>
<D id="123" f="2" l="113" c="31" n="uint8_least" t="7" d="1"/>
<D id="124" f="3" l="136" c="10" n="vendorID" t="9" d="1"/>
<D id="125" f="7" l="112" c="13" n="Rte_Prm_TqOscn_TqOscnAmpLimY_Ary1D" t="2" d="0"/>
<D id="126" f="7" l="100" c="15" n="Rte_Read_TqOscn_HwOscnFallRampRate_Val" t="2" d="0"/>
<D id="127" f="2" l="114" c="31" n="sint16_least" t="7" d="1"/>
<D id="128" f="8" l="330" c="31" n="Inp1" t="4" d="1"/>
<D id="129" f="2" l="105" c="31" n="sint8" t="7" d="1"/>
<D id="130" f="8" l="205" c="39" n="Inp" t="4" d="1"/>
<D id="131" f="3" l="137" c="10" n="moduleID" t="9" d="1"/>
<D id="132" f="7" l="101" c="15" n="Rte_Read_TqOscn_HwOscnFrq_Val" t="2" d="0"/>
<D id="133" f="8" l="421" c="31" n="Inp1" t="4" d="1"/>
<D id="134" f="2" l="115" c="31" n="uint16_least" t="7" d="1"/>
<D id="135" f="2" l="106" c="31" n="uint8" t="7" d="1"/>
<D id="136" f="3" l="138" c="10" n="sw_major_version" t="9" d="1"/>
<D id="137" f="8" l="304" c="31" n="Inp1" t="4" d="1"/>
<D id="138" f="3" l="132" c="14" n="Std_ReturnType" t="7" d="1"/>
<D id="139" f="5" l="150" c="14" n="FilHpUpdGain" t="2" d="1"/>
<D id="140" f="7" l="102" c="15" n="Rte_Read_TqOscn_HwOscnMotAmp_Val" t="2" d="0"/>
<D id="141" f="8" l="462" c="29" n="Inp" t="4" d="1"/>
<D id="142" f="5" l="103" c="42" n="Inp" t="4" d="1"/>
<D id="143" f="2" l="116" c="31" n="sint32_least" t="7" d="1"/>
<D id="144" f="2" l="107" c="31" n="sint16" t="7" d="1"/>
<D id="145" f="3" l="125" c="22" n="StatusType" t="7" d="1"/>
<D id="146" f="3" l="139" c="10" n="sw_minor_version" t="9" d="1"/>
<D id="147" f="10" l="241" c="5" n="TqOscnPer1" t="2" d="1"/>
<D id="148" f="7" l="103" c="15" n="Rte_Read_TqOscn_HwOscnRisngRampRate_Val" t="2" d="0"/>
<D id="149" f="7" l="117" c="12" n="Rte_Prm_TqOscn_TqOscnFrqIn_Ary1D" t="2" d="0"/>
<D id="150" f="8" l="504" c="31" n="Inp" t="4" d="1"/>
<D id="151" f="2" l="117" c="31" n="uint32_least" t="7" d="1"/>
<D id="152" f="2" l="108" c="31" n="uint16" t="7" d="1"/>
<D id="153" f="8" l="265" c="29" n="Inp1" t="4" d="1"/>
<D id="154" f="2" l="127" c="31" n="sint64" t="7" d="1"/>
<D id="155" f="7" l="104" c="15" n="Rte_Write_TqOscn_HwOscnActv_Logl" t="2" d="0"/>
<D id="156" f="5" l="125" c="32" n="Inp" t="4" d="1"/>
<D id="157" f="2" l="109" c="31" n="sint32" t="7" d="1"/>
<D id="158" f="5" l="125" c="14" n="FilLpInit" t="2" d="1"/>
<D id="159" f="8" l="356" c="29" n="Inp1" t="4" d="1"/>
<D id="160" f="5" l="83" c="104" n="TiStep" t="4" d="1"/>
<D id="161" f="2" l="128" c="31" n="uint64" t="7" d="1"/>
<D id="162" f="8" l="241" c="15" n="Sign_s08_s32" t="2" d="1"/>
<D id="163" f="7" l="105" c="15" n="Rte_Write_TqOscn_HwOscnCmd_Val" t="2" d="0"/>
<D id="164" f="8" l="330" c="16" n="Min_u32" t="2" d="1"/>
<D id="165" f="8" l="291" c="31" n="Inp1" t="4" d="1"/>
<D id="166" f="8" l="317" c="31" n="Inp1" t="4" d="1"/>
<D id="167" f="8" l="490" c="31" n="Inp" t="4" d="1"/>
<D id="168" f="2" l="138" c="31" n="float32" t="7" d="1"/>
<D id="169" f="5" l="103" c="17" n="FilLpUpdOutp_f32" t="2" d="1"/>
<D id="170" f="7" l="106" c="15" n="Rte_Write_TqOscn_HwOscnDcThdExcdd_Logl" t="2" d="0"/>
<D id="171" f="8" l="421" c="16" n="Max_u32" t="2" d="1"/>
<D id="172" f="8" l="382" c="31" n="Inp1" t="4" d="1"/>
<D id="173" f="8" l="408" c="31" n="Inp1" t="4" d="1"/>
<D id="174" f="8" l="448" c="29" n="Inp" t="4" d="1"/>
<D id="175" f="5" l="150" c="35" n="FrqPole" t="4" d="1"/>
<D id="176" f="9" l="204" c="16" n="FloatToFixdWithRound_s32_f32" t="2" d="1"/>
<D id="177" f="8" l="532" c="33" n="Inp" t="4" d="1"/>
<D id="178" f="2" l="139" c="31" n="float64" t="7" d="1"/>
<D id="179" f="8" l="304" c="16" n="Min_u16" t="2" d="1"/>
<D id="180" f="9" l="232" c="16" n="FloatToFixdWithRound_u32_f32" t="2" d="1"/>
<D id="181" f="8" l="560" c="33" n="Inp" t="4" d="1"/>
<D id="182" f="8" l="343" c="33" n="Inp1" t="4" d="1"/>
<D id="183" f="9" l="303" c="44" n="Inp" t="4" d="1"/>
<D id="184" f="8" l="152" c="34" n="Inp1" t="4" d="1"/>
<D id="185" f="9" l="204" c="53" n="Inp" t="4" d="1"/>
<D id="186" f="8" l="278" c="29" n="Inp1" t="4" d="1"/>
<D id="187" f="9" l="331" c="44" n="Inp" t="4" d="1"/>
<D id="188" f="8" l="253" c="15" n="Sign_s08_f32" t="2" d="1"/>
<D id="189" f="9" l="303" c="17" n="FixdToFloat_f32_s16" t="2" d="1"/>
<D id="190" f="8" l="241" c="35" n="Inp" t="4" d="1"/>
<D id="191" f="8" l="518" c="31" n="Inp" t="4" d="1"/>
<D id="192" f="9" l="232" c="53" n="Inp" t="4" d="1"/>
<D id="193" f="8" l="434" c="33" n="Inp1" t="4" d="1"/>
<D id="194" f="8" l="504" c="16" n="Lim_s32" t="2" d="1"/>
<D id="195" f="9" l="331" c="17" n="FixdToFloat_f32_u16" t="2" d="1"/>
<D id="196" f="9" l="261" c="16" n="FloatToFixd_s32_f32" t="2" d="1"/>
<D id="197" f="8" l="369" c="29" n="Inp1" t="4" d="1"/>
<D id="198" f="8" l="217" c="15" n="Sign_s08_s08" t="2" d="1"/>
<D id="199" f="8" l="462" c="15" n="Lim_u08" t="2" d="1"/>
<D id="200" f="8" l="205" c="17" n="Abslt_f32_f32" t="2" d="1"/>
<D id="201" f="9" l="190" c="16" n="FloatToFixdWithRound_s16_f32" t="2" d="1"/>
<D id="202" f="8" l="152" c="17" n="Blnd_f32" t="2" d="1"/>
<D id="203" f="9" l="261" c="44" n="Inp" t="4" d="1"/>
<D id="204" f="10" l="184" c="5" n="TqOscnInit1" t="2" d="1"/>
<D id="205" f="5" l="175" c="42" n="Inp" t="4" d="1"/>
<D id="206" f="8" l="217" c="34" n="Inp" t="4" d="1"/>
<D id="207" f="8" l="572" c="33" n="Inp" t="4" d="1"/>
<D id="208" f="8" l="395" c="31" n="Inp1" t="4" d="1"/>
<D id="209" f="8" l="476" c="31" n="Inp" t="4" d="1"/>
<D id="210" f="9" l="190" c="53" n="Inp" t="4" d="1"/>
<D id="211" f="8" l="532" c="17" n="Lim_f32" t="2" d="1"/>
<D id="212" f="5" l="84" c="107" n="FilLpRecPtr" t="4" d="1"/>
<D id="213" f="8" l="265" c="15" n="Min_s08" t="2" d="1"/>
<D id="214" f="8" l="291" c="16" n="Min_s16" t="2" d="1"/>
<D id="215" f="8" l="560" c="17" n="Sin_f32" t="2" d="1"/>
<D id="216" f="8" l="317" c="16" n="Min_s32" t="2" d="1"/>
<D id="217" f="8" l="343" c="17" n="Min_f32" t="2" d="1"/>
<D id="218" f="8" l="490" c="16" n="Lim_u16" t="2" d="1"/>
<D id="219" f="8" l="608" c="33" n="Numer" t="4" d="1"/>
<D id="220" f="8" l="166" c="15" n="Abslt_u08_s08" t="2" d="1"/>
<D id="221" f="8" l="192" c="16" n="Abslt_u32_s32" t="2" d="1"/>
<D id="222" f="8" l="229" c="15" n="Sign_s08_s16" t="2" d="1"/>
<D id="223" f="8" l="356" c="15" n="Max_s08" t="2" d="1"/>
<D id="224" f="8" l="382" c="16" n="Max_s16" t="2" d="1"/>
<D id="225" f="9" l="218" c="16" n="FloatToFixdWithRound_u16_f32" t="2" d="1"/>
<D id="226" f="8" l="408" c="16" n="Max_s32" t="2" d="1"/>
<D id="227" f="8" l="434" c="17" n="Max_f32" t="2" d="1"/>
<D id="228" f="5" l="197" c="32" n="Inp" t="4" d="1"/>
<D id="229" f="9" l="317" c="44" n="Inp" t="4" d="1"/>
<D id="230" f="5" l="197" c="14" n="FilHpInit" t="2" d="1"/>
<D id="231" f="8" l="253" c="36" n="Inp" t="4" d="1"/>
<D id="232" f="9" l="218" c="53" n="Inp" t="4" d="1"/>
<D id="233" f="9" l="345" c="44" n="Inp" t="4" d="1"/>
<D id="234" f="9" l="317" c="17" n="FixdToFloat_f32_s32" t="2" d="1"/>
<D id="235" f="8" l="584" c="33" n="Inp" t="4" d="1"/>
<D id="236" f="9" l="247" c="16" n="FloatToFixd_s16_f32" t="2" d="1"/>
<D id="237" f="8" l="518" c="16" n="Lim_u32" t="2" d="1"/>
<D id="238" f="9" l="345" c="17" n="FixdToFloat_f32_u32" t="2" d="1"/>
<D id="239" f="8" l="448" c="15" n="Lim_s08" t="2" d="1"/>
<D id="240" f="9" l="275" c="16" n="FloatToFixd_u16_f32" t="2" d="1"/>
<D id="241" f="8" l="572" c="17" n="Cos_f32" t="2" d="1"/>
<D id="242" f="5" l="175" c="17" n="FilHpUpdOutp_f32" t="2" d="1"/>
<D id="243" f="9" l="303" c="57" n="Mplr" t="4" d="1"/>
<D id="244" f="9" l="204" c="66" n="Mplr" t="4" d="1"/>
<D id="245" f="8" l="166" c="35" n="Inp" t="4" d="1"/>
<D id="246" f="9" l="247" c="44" n="Inp" t="4" d="1"/>
<D id="247" f="9" l="331" c="57" n="Mplr" t="4" d="1"/>
<D id="248" f="9" l="232" c="66" n="Mplr" t="4" d="1"/>
<D id="249" f="8" l="229" c="35" n="Inp" t="4" d="1"/>
<D id="250" f="9" l="275" c="44" n="Inp" t="4" d="1"/>
<D id="251" f="8" l="278" c="15" n="Min_u08" t="2" d="1"/>
<D id="252" f="8" l="608" c="17" n="Mod_f32" t="2" d="1"/>
<D id="253" f="11" l="587" c="4" n="errno" t="1" d="1"/>
<D id="254" f="8" l="369" c="15" n="Max_u08" t="2" d="1"/>
<D id="255" f="8" l="395" c="16" n="Max_u16" t="2" d="1"/>
<D id="256" f="8" l="476" c="16" n="Lim_s16" t="2" d="1"/>
<D id="257" f="8" l="192" c="37" n="Inp" t="4" d="1"/>
<D id="258" f="8" l="520" c="95" n="RngHi" t="4" d="1"/>
<D id="259" f="8" l="450" c="94" n="RngHi" t="4" d="1"/>
<D id="260" f="9" l="261" c="57" n="Mplr" t="4" d="1"/>
<D id="261" f="8" l="547" c="17" n="Arctan2_f32" t="2" d="1"/>
<D id="262" f="8" l="331" c="95" n="Inp2" t="4" d="1"/>
<D id="263" f="8" l="584" c="17" n="Exp_f32" t="2" d="1"/>
<D id="264" f="9" l="190" c="66" n="Mplr" t="4" d="1"/>
<D id="265" f="8" l="179" c="16" n="Abslt_u16_s16" t="2" d="1"/>
<D id="266" f="8" l="422" c="95" n="Inp2" t="4" d="1"/>
<D id="267" f="8" l="596" c="34" n="Inp" t="4" d="1"/>
<D id="268" f="8" l="305" c="95" n="Inp2" t="4" d="1"/>
<D id="269" f="9" l="289" c="16" n="FloatToFixd_u32_f32" t="2" d="1"/>
<D id="270" f="9" l="317" c="57" n="Mplr" t="4" d="1"/>
<D id="271" f="8" l="370" c="86" n="Inp2" t="4" d="1"/>
<D id="272" f="9" l="218" c="66" n="Mplr" t="4" d="1"/>
<D id="273" f="9" l="345" c="57" n="Mplr" t="4" d="1"/>
<D id="274" f="8" l="505" c="95" n="RngLo" t="4" d="1"/>
<D id="275" f="8" l="547" c="37" n="Numer" t="4" d="1"/>
<D id="276" f="8" l="596" c="17" n="Sqrt_f32" t="2" d="1"/>
<D id="277" f="9" l="289" c="44" n="Inp" t="4" d="1"/>
<D id="278" f="8" l="463" c="94" n="RngLo" t="4" d="1"/>
<D id="279" f="8" l="506" c="95" n="RngHi" t="4" d="1"/>
<D id="280" f="5" l="126" c="96" n="FrqPole" t="4" d="1"/>
<D id="281" f="9" l="247" c="57" n="Mplr" t="4" d="1"/>
<D id="282" f="8" l="464" c="94" n="RngHi" t="4" d="1"/>
<D id="283" f="9" l="275" c="57" n="Mplr" t="4" d="1"/>
<D id="284" f="8" l="179" c="37" n="Inp" t="4" d="1"/>
<D id="285" f="5" l="127" c="96" n="TiStep" t="4" d="1"/>
<D id="286" f="8" l="292" c="95" n="Inp2" t="4" d="1"/>
<D id="287" f="8" l="318" c="95" n="Inp2" t="4" d="1"/>
<D id="288" f="8" l="344" c="96" n="Inp2" t="4" d="1"/>
<D id="289" f="8" l="491" c="95" n="RngLo" t="4" d="1"/>
<D id="290" f="8" l="153" c="97" n="Inp2" t="4" d="1"/>
<D id="291" f="8" l="383" c="95" n="Inp2" t="4" d="1"/>
<D id="292" f="8" l="409" c="95" n="Inp2" t="4" d="1"/>
<D id="293" f="8" l="435" c="96" n="Inp2" t="4" d="1"/>
<D id="294" f="8" l="492" c="95" n="RngHi" t="4" d="1"/>
<D id="295" f="8" l="154" c="97" n="Fac" t="4" d="1"/>
<D id="296" f="8" l="266" c="86" n="Inp2" t="4" d="1"/>
<D id="297" f="8" l="519" c="95" n="RngLo" t="4" d="1"/>
<D id="298" f="8" l="357" c="86" n="Inp2" t="4" d="1"/>
<D id="299" f="8" l="449" c="94" n="RngLo" t="4" d="1"/>
<D id="300" f="9" l="289" c="57" n="Mplr" t="4" d="1"/>
<D id="301" f="8" l="396" c="95" n="Inp2" t="4" d="1"/>
<D id="302" f="8" l="477" c="95" n="RngLo" t="4" d="1"/>
<D id="303" f="8" l="279" c="86" n="Inp2" t="4" d="1"/>
<D id="304" f="8" l="478" c="95" n="RngHi" t="4" d="1"/>
<D id="305" f="5" l="198" c="96" n="FrqPole" t="4" d="1"/>
<D id="306" f="5" l="199" c="96" n="TiStep" t="4" d="1"/>
</Definitions>
<Uses>
<U id="1" f="10" l="421" c="10" d="96" a="0"/>
<U id="2" f="10" l="530" c="19" d="96" a="0"/>
<U id="3" f="10" l="503" c="10" d="96" a="0"/>
<U id="4" f="10" l="403" c="12" d="200" a="0"/>
<U id="5" f="11" l="640" c="11" d="59" a="0"/>
<U id="6" f="10" l="315" c="20" d="23" a="0"/>
<U id="7" f="10" l="434" c="10" d="96" a="0"/>
<U id="8" f="10" l="505" c="11" d="43" a="0"/>
<U id="9" f="11" l="632" c="11" d="21" a="0"/>
<U id="10" f="10" l="104" c="23" d="168" a="0"/>
<U id="11" f="10" l="391" c="10" d="96" a="0"/>
<U id="12" f="10" l="373" c="10" d="96" a="0"/>
<U id="13" f="10" l="320" c="24" d="23" a="0"/>
<U id="14" f="10" l="361" c="12" d="29" a="0"/>
<U id="15" f="10" l="355" c="10" d="96" a="0"/>
<U id="16" f="11" l="624" c="11" d="18" a="0"/>
<U id="17" f="10" l="292" c="20" d="17" a="0"/>
<U id="18" f="10" l="424" c="49" d="20" a="0"/>
<U id="19" f="10" l="303" c="24" d="27" a="1"/>
<U id="20" f="11" l="616" c="11" d="31" a="0"/>
<U id="21" f="10" l="384" c="10" d="96" a="0"/>
<U id="22" f="9" l="192" c="111" d="264" a="0"/>
<U id="23" f="10" l="285" c="19" d="49" a="0"/>
<U id="24" f="10" l="331" c="24" d="40" a="1"/>
<U id="25" f="10" l="424" c="13" d="9" a="0"/>
<U id="26" f="10" l="320" c="80" d="149" a="0"/>
<U id="27" f="10" l="322" c="24" d="40" a="1"/>
<U id="28" f="10" l="304" c="33" d="91" a="0"/>
<U id="29" f="10" l="194" c="20" d="76" a="0"/>
<U id="30" f="10" l="385" c="10" d="96" a="0"/>
<U id="31" f="11" l="608" c="11" d="39" a="0"/>
<U id="32" f="10" l="312" c="16" d="23" a="1"/>
<U id="33" f="10" l="280" c="14" d="132" a="0"/>
<U id="34" f="10" l="290" c="50" d="240" a="0"/>
<U id="35" f="10" l="403" c="43" d="58" a="0"/>
<U id="36" f="10" l="195" c="20" d="90" a="0"/>
<U id="37" f="10" l="412" c="16" d="9" a="1"/>
<U id="38" f="10" l="307" c="32" d="27" a="1"/>
<U id="39" f="10" l="331" c="80" d="125" a="0"/>
<U id="40" f="5" l="155" c="113" d="175" a="0"/>
<U id="41" f="10" l="281" c="14" d="126" a="0"/>
<U id="42" f="10" l="322" c="80" d="125" a="0"/>
<U id="43" f="10" l="475" c="11" d="64" a="0"/>
<U id="44" f="10" l="350" c="16" d="41" a="1"/>
<U id="45" f="10" l="372" c="50" d="38" a="0"/>
<U id="46" f="10" l="431" c="16" d="16" a="1"/>
<U id="47" f="10" l="196" c="20" d="97" a="0"/>
<U id="48" f="10" l="410" c="18" d="56" a="0"/>
<U id="49" f="10" l="413" c="16" d="55" a="1"/>
<U id="50" f="5" l="155" c="141" d="175" a="0"/>
<U id="51" f="10" l="282" c="14" d="148" a="0"/>
<U id="52" f="10" l="390" c="69" d="47" a="0"/>
<U id="53" f="10" l="403" c="26" d="169" a="0"/>
<U id="54" f="11" l="647" c="11" d="61" a="0"/>
<U id="55" f="10" l="292" c="50" d="91" a="0"/>
<U id="56" f="10" l="312" c="54" d="17" a="0"/>
<U id="57" f="10" l="351" c="16" d="54" a="1"/>
<U id="58" f="5" l="155" c="123" d="7" a="0"/>
<U id="59" f="10" l="403" c="90" d="89" a="0"/>
<U id="60" f="10" l="532" c="43" d="11" a="0"/>
<U id="61" f="10" l="341" c="35" d="92" a="0"/>
<U id="62" f="10" l="390" c="42" d="13" a="0"/>
<U id="63" f="10" l="421" c="63" d="9" a="0"/>
<U id="64" f="10" l="405" c="16" d="56" a="1"/>
<U id="65" f="10" l="482" c="50" d="52" a="0"/>
<U id="66" f="10" l="512" c="17" d="65" a="0"/>
<U id="67" f="10" l="515" c="15" d="43" a="0"/>
<U id="68" f="10" l="526" c="23" d="168" a="0"/>
<U id="69" f="10" l="290" c="70" d="48" a="0"/>
<U id="70" f="10" l="532" c="16" d="53" a="1"/>
<U id="71" f="10" l="326" c="24" d="32" a="1"/>
<U id="72" f="10" l="363" c="42" d="29" a="0"/>
<U id="73" f="10" l="317" c="24" d="40" a="1"/>
<U id="74" f="10" l="344" c="79" d="54" a="0"/>
<U id="75" f="10" l="352" c="16" d="57" a="1"/>
<U id="76" f="10" l="421" c="27" d="85" a="0"/>
<U id="77" f="5" l="155" c="151" d="7" a="0"/>
<U id="78" f="9" l="192" c="105" d="210" a="0"/>
<U id="79" f="10" l="342" c="35" d="97" a="0"/>
<U id="80" f="10" l="530" c="36" d="82" a="0"/>
<U id="81" f="10" l="315" c="53" d="91" a="0"/>
<U id="82" f="10" l="389" c="10" d="96" a="0"/>
<U id="83" f="10" l="410" c="65" d="85" a="0"/>
<U id="84" f="10" l="290" c="16" d="17" a="1"/>
<U id="85" f="10" l="312" c="46" d="218" a="0"/>
<U id="86" f="10" l="327" c="33" d="91" a="0"/>
<U id="87" f="10" l="419" c="50" d="58" a="0"/>
<U id="88" f="10" l="403" c="73" d="96" a="0"/>
<U id="89" f="10" l="437" c="14" d="163" a="0"/>
<U id="90" f="10" l="503" c="27" d="78" a="0"/>
<U id="91" f="10" l="309" c="24" d="17" a="1"/>
<U id="92" f="10" l="329" c="32" d="32" a="1"/>
<U id="93" f="10" l="341" c="18" d="96" a="0"/>
<U id="94" f="10" l="335" c="16" d="19" a="1"/>
<U id="95" f="10" l="343" c="35" d="90" a="0"/>
<U id="96" f="10" l="363" c="16" d="28" a="1"/>
<U id="97" f="10" l="317" c="80" d="125" a="0"/>
<U id="98" f="10" l="438" c="14" d="170" a="0"/>
<U id="99" f="10" l="342" c="18" d="96" a="0"/>
<U id="100" f="10" l="107" c="27" d="168" a="0"/>
<U id="101" f="10" l="280" c="45" d="42" a="1"/>
<U id="102" f="10" l="320" c="57" d="91" a="0"/>
<U id="103" f="10" l="336" c="16" d="24" a="1"/>
<U id="104" f="10" l="344" c="35" d="76" a="0"/>
<U id="105" f="10" l="410" c="48" d="96" a="0"/>
<U id="106" f="10" l="304" c="92" d="27" a="0"/>
<U id="107" f="10" l="331" c="56" d="88" a="0"/>
<U id="108" f="10" l="322" c="56" d="88" a="0"/>
<U id="109" f="10" l="377" c="59" d="41" a="0"/>
<U id="110" f="10" l="294" c="24" d="17" a="1"/>
<U id="111" f="10" l="439" c="14" d="155" a="0"/>
<U id="112" f="10" l="281" c="54" d="57" a="1"/>
<U id="113" f="10" l="304" c="56" d="149" a="0"/>
<U id="114" f="10" l="343" c="18" d="96" a="0"/>
<U id="115" f="10" l="427" c="16" d="16" a="1"/>
<U id="116" f="10" l="434" c="63" d="16" a="0"/>
<U id="117" f="10" l="482" c="16" d="36" a="1"/>
<U id="118" f="10" l="337" c="16" d="41" a="1"/>
<U id="119" f="10" l="418" c="16" d="9" a="1"/>
<U id="120" f="10" l="309" c="53" d="91" a="0"/>
<U id="121" f="10" l="507" c="17" d="65" a="0"/>
<U id="122" f="10" l="536" c="16" d="53" a="1"/>
<U id="123" f="10" l="285" c="70" d="87" a="0"/>
<U id="124" f="10" l="367" c="42" d="29" a="0"/>
<U id="125" f="10" l="434" c="27" d="82" a="0"/>
<U id="126" f="10" l="278" c="14" d="140" a="0"/>
<U id="127" f="10" l="344" c="18" d="96" a="0"/>
<U id="128" f="10" l="338" c="16" d="48" a="1"/>
<U id="129" f="10" l="350" c="84" d="96" a="0"/>
<U id="130" f="10" l="419" c="16" d="55" a="1"/>
<U id="131" f="10" l="373" c="63" d="29" a="0"/>
<U id="132" f="10" l="388" c="50" d="215" a="0"/>
<U id="133" f="10" l="437" c="53" d="55" a="0"/>
<U id="134" f="10" l="279" c="14" d="116" a="0"/>
<U id="135" f="10" l="296" c="24" d="17" a="0"/>
<U id="136" f="10" l="289" c="50" d="200" a="0"/>
<U id="137" f="10" l="391" c="27" d="81" a="0"/>
<U id="138" f="10" l="539" c="15" d="53" a="0"/>
<U id="139" f="10" l="339" c="16" d="33" a="1"/>
<U id="140" f="10" l="294" c="53" d="91" a="0"/>
<U id="141" f="10" l="373" c="27" d="94" a="0"/>
<U id="142" f="10" l="110" c="88" d="122" a="0"/>
<U id="143" f="10" l="282" c="55" d="54" a="1"/>
<U id="144" f="10" l="285" c="53" d="96" a="0"/>
<U id="145" f="10" l="192" c="55" d="89" a="0"/>
<U id="146" f="10" l="355" c="27" d="87" a="0"/>
<U id="147" f="10" l="359" c="79" d="94" a="0"/>
<U id="148" f="10" l="367" c="16" d="28" a="1"/>
<U id="149" f="10" l="438" c="53" d="9" a="0"/>
<U id="150" f="10" l="494" c="16" d="25" a="1"/>
<U id="151" f="10" l="292" c="73" d="149" a="0"/>
<U id="152" f="10" l="349" c="16" d="33" a="1"/>
<U id="153" f="10" l="391" c="55" d="58" a="0"/>
<U id="154" f="10" l="464" c="27" d="168" a="0"/>
<U id="155" f="10" l="437" c="45" d="211" a="0"/>
<U id="156" f="10" l="111" c="88" d="122" a="0"/>
<U id="157" f="10" l="337" c="82" d="24" a="0"/>
<U id="158" f="10" l="351" c="85" d="76" a="0"/>
<U id="159" f="10" l="317" c="56" d="88" a="0"/>
<U id="160" f="10" l="495" c="16" d="30" a="1"/>
<U id="161" f="10" l="327" c="92" d="32" a="0"/>
<U id="162" f="10" l="336" c="74" d="200" a="0"/>
<U id="163" f="10" l="384" c="27" d="84" a="0"/>
<U id="164" f="10" l="192" c="38" d="96" a="0"/>
<U id="165" f="10" l="315" c="76" d="149" a="0"/>
<U id="166" f="10" l="359" c="62" d="96" a="0"/>
<U id="167" f="10" l="485" c="17" d="95" a="0"/>
<U id="168" f="10" l="327" c="56" d="149" a="0"/>
<U id="169" f="10" l="352" c="85" d="90" a="0"/>
<U id="170" f="10" l="299" c="24" d="17" a="1"/>
<U id="171" f="10" l="335" c="66" d="195" a="0"/>
<U id="172" f="10" l="337" c="74" d="211" a="0"/>
<U id="173" f="10" l="384" c="55" d="47" a="0"/>
<U id="174" f="10" l="385" c="27" d="79" a="0"/>
<U id="175" f="10" l="478" c="16" d="36" a="1"/>
<U id="176" f="10" l="372" c="57" d="28" a="0"/>
<U id="177" f="10" l="351" c="68" d="96" a="0"/>
<U id="178" f="10" l="289" c="16" d="48" a="1"/>
<U id="179" f="10" l="336" c="66" d="211" a="0"/>
<U id="180" f="10" l="341" c="87" d="41" a="0"/>
<U id="181" f="10" l="503" c="87" d="43" a="0"/>
<U id="182" f="10" l="488" c="16" d="25" a="1"/>
<U id="183" f="10" l="338" c="74" d="195" a="0"/>
<U id="184" f="10" l="385" c="55" d="20" a="0"/>
<U id="185" f="10" l="352" c="68" d="96" a="0"/>
<U id="186" f="10" l="359" c="36" d="33" a="0"/>
<U id="187" f="10" l="342" c="87" d="33" a="0"/>
<U id="188" f="10" l="489" c="16" d="30" a="1"/>
<U id="189" f="10" l="339" c="74" d="48" a="0"/>
<U id="190" f="10" l="296" c="55" d="91" a="0"/>
<U id="191" f="10" l="299" c="53" d="91" a="0"/>
<U id="192" f="10" l="335" c="86" d="40" a="0"/>
<U id="193" f="10" l="309" c="76" d="149" a="0"/>
<U id="194" f="10" l="343" c="87" d="57" a="0"/>
<U id="195" f="10" l="494" c="74" d="63" a="0"/>
<U id="196" f="10" l="439" c="47" d="16" a="0"/>
<U id="197" f="10" l="389" c="63" d="13" a="0"/>
<U id="198" f="10" l="279" c="46" d="49" a="1"/>
<U id="199" f="10" l="338" c="94" d="23" a="0"/>
<U id="200" f="10" l="495" c="74" d="62" a="0"/>
<U id="201" f="10" l="389" c="27" d="86" a="0"/>
<U id="202" f="10" l="289" c="64" d="42" a="0"/>
<U id="203" f="10" l="349" c="84" d="96" a="0"/>
<U id="204" f="10" l="294" c="76" d="149" a="0"/>
<U id="205" f="10" l="494" c="66" d="211" a="0"/>
<U id="206" f="10" l="108" c="88" d="168" a="0"/>
<U id="207" f="10" l="377" c="48" d="45" a="0"/>
<U id="208" f="10" l="495" c="66" d="211" a="0"/>
<U id="209" f="10" l="109" c="88" d="168" a="0"/>
<U id="210" f="10" l="278" c="48" d="35" a="1"/>
<U id="211" f="10" l="488" c="74" d="113" a="0"/>
<U id="212" f="10" l="336" c="88" d="35" a="0"/>
<U id="213" f="10" l="489" c="74" d="114" a="0"/>
<U id="214" f="10" l="488" c="66" d="211" a="0"/>
<U id="215" f="10" l="499" c="83" d="36" a="0"/>
<U id="216" f="10" l="499" c="74" d="211" a="0"/>
<U id="217" f="10" l="465" c="88" d="168" a="0"/>
<U id="218" f="10" l="388" c="58" d="29" a="0"/>
<U id="219" f="10" l="489" c="66" d="211" a="0"/>
<U id="220" f="10" l="296" c="78" d="149" a="0"/>
<U id="221" f="10" l="299" c="76" d="149" a="0"/>
<U id="222" f="10" l="466" c="88" d="168" a="0"/>
<U id="223" f="10" l="467" c="88" d="122" a="0"/>
<U id="224" f="10" l="468" c="88" d="122" a="0"/>
<U id="225" f="10" l="320" c="219" d="149" a="0"/>
<U id="226" f="10" l="380" c="99" d="49" a="0"/>
<U id="227" f="10" l="304" c="119" d="17" a="0"/>
<U id="228" f="10" l="350" c="101" d="92" a="0"/>
<U id="229" f="10" l="322" c="201" d="88" a="0"/>
<U id="230" f="10" l="320" c="149" d="149" a="0"/>
<U id="231" f="10" l="381" c="100" d="20" a="1"/>
<U id="232" f="10" l="327" c="119" d="23" a="0"/>
<U id="233" f="10" l="378" c="99" d="54" a="0"/>
<U id="234" f="10" l="379" c="99" d="57" a="0"/>
<U id="235" f="10" l="500" c="180" d="78" a="0"/>
<U id="236" f="10" l="309" c="112" d="27" a="0"/>
<U id="237" f="10" l="349" c="101" d="97" a="0"/>
<U id="238" f="10" l="355" c="103" d="49" a="0"/>
<U id="239" f="10" l="501" c="180" d="78" a="0"/>
<U id="240" f="10" l="322" c="152" d="125" a="0"/>
<U id="241" f="10" l="500" c="117" d="25" a="0"/>
<U id="242" f="10" l="320" c="126" d="91" a="0"/>
<U id="243" f="10" l="500" c="163" d="96" a="0"/>
<U id="244" f="10" l="501" c="117" d="30" a="0"/>
<U id="245" f="10" l="322" c="225" d="125" a="0"/>
<U id="246" f="10" l="501" c="163" d="96" a="0"/>
<U id="247" f="10" l="331" c="118" d="32" a="0"/>
<U id="248" f="10" l="336" c="125" d="19" a="0"/>
<U id="249" f="10" l="322" c="128" d="88" a="0"/>
<U id="250" f="10" l="299" c="122" d="91" a="0"/>
<U id="251" f="10" l="296" c="124" d="91" a="0"/>
<U id="252" f="10" l="320" c="196" d="91" a="0"/>
<U id="253" f="10" l="299" c="215" d="149" a="0"/>
<U id="254" f="10" l="296" c="217" d="149" a="0"/>
<U id="255" f="10" l="299" c="145" d="149" a="0"/>
<U id="256" f="10" l="296" c="147" d="149" a="0"/>
<U id="257" f="10" l="299" c="192" d="91" a="0"/>
<U id="258" f="10" l="296" c="194" d="91" a="0"/>
<U id="259" f="7" l="60" c="2" d="168" a="0"/>
<U id="260" f="7" l="51" c="2" d="168" a="0"/>
<U id="261" f="7" l="61" c="2" d="122" a="0"/>
<U id="262" f="7" l="52" c="2" d="68" a="0"/>
<U id="263" f="7" l="62" c="2" d="168" a="0"/>
<U id="264" f="7" l="53" c="2" d="122" a="0"/>
<U id="265" f="7" l="63" c="2" d="168" a="0"/>
<U id="266" f="5" l="33" c="4" d="168" a="0"/>
<U id="267" f="7" l="54" c="2" d="122" a="0"/>
<U id="268" f="7" l="64" c="2" d="168" a="0"/>
<U id="269" f="5" l="34" c="4" d="168" a="0"/>
<U id="270" f="7" l="55" c="2" d="122" a="0"/>
<U id="271" f="7" l="56" c="2" d="168" a="0"/>
<U id="272" f="7" l="57" c="2" d="168" a="0"/>
<U id="273" f="1" l="50" c="8" d="93" a="0"/>
<U id="274" f="7" l="58" c="2" d="168" a="0"/>
<U id="275" f="5" l="38" c="4" d="68" a="0"/>
<U id="276" f="6" l="41" c="8" d="99" a="0"/>
<U id="277" f="7" l="59" c="2" d="168" a="0"/>
<U id="278" f="7" l="99" c="0" d="138" a="0"/>
<U id="279" f="5" l="39" c="4" d="168" a="0"/>
<U id="280" f="6" l="44" c="8" d="105" a="0"/>
<U id="281" f="6" l="35" c="8" d="152" a="0"/>
<U id="282" f="1" l="84" c="7" d="115" a="0"/>
<U id="283" f="6" l="38" c="8" d="152" a="0"/>
<U id="284" f="1" l="49" c="8" d="93" a="0"/>
<U id="285" f="5" l="86" c="8" d="212" a="0"/>
<U id="286" f="11" l="11481" c="9" d="71" a="0"/>
<U id="287" f="7" l="100" c="0" d="138" a="0"/>
<U id="288" f="7" l="110" c="0" d="122" a="0"/>
<U id="289" f="7" l="101" c="0" d="138" a="0"/>
<U id="290" f="7" l="102" c="0" d="138" a="0"/>
<U id="291" f="7" l="103" c="0" d="138" a="0"/>
<U id="292" f="7" l="104" c="0" d="138" a="0"/>
<U id="293" f="7" l="105" c="0" d="138" a="0"/>
<U id="294" f="7" l="106" c="0" d="138" a="0"/>
<U id="295" f="3" l="140" c="3" d="135" a="0"/>
<U id="296" f="7" l="107" c="0" d="138" a="0"/>
<U id="297" f="7" l="71" c="20" d="69" a="0"/>
<U id="298" f="7" l="108" c="0" d="168" a="0"/>
<U id="299" f="7" l="109" c="0" d="168" a="0"/>
<U id="300" f="1" l="84" c="39" d="115" a="0"/>
<U id="301" f="7" l="112" c="6" d="99" a="0"/>
<U id="302" f="3" l="136" c="3" d="152" a="0"/>
<U id="303" f="7" l="76" c="21" d="69" a="0"/>
<U id="304" f="3" l="137" c="3" d="152" a="0"/>
<U id="305" f="5" l="86" c="21" d="83" a="0"/>
<U id="306" f="5" l="130" c="8" d="3" a="0"/>
<U id="307" f="5" l="202" c="8" d="158" a="0"/>
<U id="308" f="3" l="138" c="3" d="135" a="0"/>
<U id="309" f="5" l="131" c="8" d="98" a="0"/>
<U id="310" f="5" l="203" c="8" d="139" a="0"/>
<U id="311" f="3" l="132" c="8" d="135" a="0"/>
<U id="312" f="3" l="139" c="3" d="135" a="0"/>
<U id="313" f="7" l="117" c="6" d="105" a="0"/>
<U id="314" f="5" l="106" c="8" d="15" a="0"/>
<U id="315" f="5" l="82" c="27" d="168" a="0"/>
<U id="316" f="5" l="154" c="8" d="22" a="0"/>
<U id="317" f="5" l="86" c="62" d="107" a="0"/>
<U id="318" f="5" l="86" c="72" d="160" a="0"/>
<U id="319" f="5" l="156" c="8" d="98" a="0"/>
<U id="320" f="5" l="86" c="38" d="263" a="0"/>
<U id="321" f="7" l="99" c="46" d="122" a="0"/>
<U id="322" f="5" l="83" c="96" d="168" a="0"/>
<U id="323" f="5" l="84" c="96" d="68" a="0"/>
<U id="324" f="5" l="103" c="9" d="168" a="0"/>
<U id="325" f="8" l="330" c="9" d="120" a="0"/>
<U id="326" f="9" l="220" c="10" d="152" a="0"/>
<U id="327" f="8" l="421" c="9" d="120" a="0"/>
<U id="328" f="9" l="303" c="9" d="168" a="0"/>
<U id="329" f="5" l="130" c="29" d="156" a="0"/>
<U id="330" f="8" l="241" c="9" d="129" a="0"/>
<U id="331" f="9" l="204" c="9" d="157" a="0"/>
<U id="332" f="9" l="331" c="9" d="168" a="0"/>
<U id="333" f="8" l="304" c="9" d="152" a="0"/>
<U id="334" f="9" l="232" c="9" d="120" a="0"/>
<U id="335" f="8" l="205" c="9" d="168" a="0"/>
<U id="336" f="8" l="152" c="9" d="168" a="0"/>
<U id="337" f="8" l="504" c="9" d="157" a="0"/>
<U id="338" f="5" l="130" c="21" d="80" a="0"/>
<U id="339" f="9" l="261" c="9" d="157" a="0"/>
<U id="340" f="8" l="532" c="9" d="168" a="0"/>
<U id="341" f="5" l="131" c="39" d="3" a="0"/>
<U id="342" f="8" l="560" c="9" d="168" a="0"/>
<U id="343" f="8" l="320" c="30" d="166" a="0"/>
<U id="344" f="8" l="343" c="9" d="168" a="0"/>
<U id="345" f="9" l="190" c="9" d="144" a="0"/>
<U id="346" f="5" l="203" c="30" d="306" a="0"/>
<U id="347" f="8" l="253" c="9" d="129" a="0"/>
<U id="348" f="5" l="203" c="21" d="305" a="0"/>
<U id="349" f="8" l="550" c="19" d="275" a="0"/>
<U id="350" f="8" l="411" c="30" d="173" a="0"/>
<U id="351" f="9" l="305" c="10" d="168" a="0"/>
<U id="352" f="8" l="434" c="9" d="168" a="0"/>
<U id="353" f="8" l="217" c="9" d="129" a="0"/>
<U id="354" f="9" l="333" c="10" d="168" a="0"/>
<U id="355" f="8" l="462" c="9" d="135" a="0"/>
<U id="356" f="8" l="291" c="9" d="144" a="0"/>
<U id="357" f="5" l="131" c="31" d="285" a="0"/>
<U id="358" f="9" l="234" c="10" d="120" a="0"/>
<U id="359" f="8" l="317" c="9" d="157" a="0"/>
<U id="360" f="8" l="490" c="9" d="152" a="0"/>
<U id="361" f="8" l="320" c="22" d="287" a="0"/>
<U id="362" f="5" l="131" c="22" d="280" a="0"/>
<U id="363" f="8" l="192" c="9" d="120" a="0"/>
<U id="364" f="9" l="317" c="9" d="168" a="0"/>
<U id="365" f="9" l="305" c="29" d="183" a="0"/>
<U id="366" f="9" l="305" c="20" d="168" a="0"/>
<U id="367" f="8" l="382" c="9" d="144" a="0"/>
<U id="368" f="9" l="218" c="9" d="152" a="0"/>
<U id="369" f="9" l="345" c="9" d="168" a="0"/>
<U id="370" f="8" l="611" c="12" d="118" a="0"/>
<U id="371" f="5" l="202" c="32" d="306" a="0"/>
<U id="372" f="9" l="333" c="29" d="187" a="0"/>
<U id="373" f="8" l="408" c="9" d="157" a="0"/>
<U id="374" f="8" l="411" c="22" d="292" a="0"/>
<U id="375" f="5" l="202" c="23" d="305" a="0"/>
<U id="376" f="9" l="333" c="20" d="168" a="0"/>
<U id="377" f="8" l="572" c="9" d="168" a="0"/>
<U id="378" f="5" l="175" c="9" d="168" a="0"/>
<U id="379" f="9" l="303" c="49" d="168" a="0"/>
<U id="380" f="5" l="106" c="21" d="80" a="0"/>
<U id="381" f="9" l="234" c="29" d="192" a="0"/>
<U id="382" f="9" l="263" c="10" d="157" a="0"/>
<U id="383" f="8" l="265" c="9" d="129" a="0"/>
<U id="384" f="9" l="331" c="49" d="168" a="0"/>
<U id="385" f="8" l="522" c="30" d="258" a="0"/>
<U id="386" f="8" l="522" c="21" d="258" a="0"/>
<U id="387" f="9" l="291" c="10" d="120" a="0"/>
<U id="388" f="8" l="166" c="9" d="135" a="0"/>
<U id="389" f="8" l="320" c="14" d="166" a="0"/>
<U id="390" f="8" l="608" c="9" d="168" a="0"/>
<U id="391" f="9" l="247" c="9" d="144" a="0"/>
<U id="392" f="8" l="333" c="30" d="128" a="0"/>
<U id="393" f="5" l="202" c="42" d="1" a="0"/>
<U id="394" f="8" l="229" c="9" d="129" a="0"/>
<U id="395" f="8" l="356" c="9" d="129" a="0"/>
<U id="396" f="8" l="518" c="9" d="120" a="0"/>
<U id="397" f="8" l="550" c="12" d="109" a="0"/>
<U id="398" f="10" l="192" c="1" d="158" a="0"/>
<U id="399" f="9" l="275" c="9" d="152" a="0"/>
<U id="400" f="5" l="106" c="31" d="142" a="0"/>
<U id="401" f="8" l="205" c="31" d="168" a="0"/>
<U id="402" f="8" l="411" c="14" d="173" a="0"/>
<U id="403" f="8" l="424" c="30" d="133" a="0"/>
<U id="404" f="8" l="522" c="40" d="191" a="0"/>
<U id="405" f="9" l="291" c="29" d="277" a="0"/>
<U id="406" f="8" l="231" c="14" d="249" a="0"/>
<U id="407" f="5" l="154" c="21" d="106" a="0"/>
<U id="408" f="9" l="261" c="49" d="168" a="0"/>
<U id="409" f="8" l="452" c="30" d="259" a="0"/>
<U id="410" f="8" l="207" c="12" d="108" a="0"/>
<U id="411" f="8" l="281" c="30" d="186" a="0"/>
<U id="412" f="8" l="452" c="21" d="259" a="0"/>
<U id="413" f="5" l="106" c="59" d="15" a="0"/>
<U id="414" f="8" l="547" c="9" d="168" a="0"/>
<U id="415" f="8" l="307" c="30" d="137" a="0"/>
<U id="416" f="8" l="480" c="30" d="304" a="0"/>
<U id="417" f="5" l="106" c="50" d="80" a="0"/>
<U id="418" f="8" l="584" c="9" d="168" a="0"/>
<U id="419" f="8" l="156" c="29" d="295" a="0"/>
<U id="420" f="8" l="333" c="22" d="262" a="0"/>
<U id="421" f="8" l="480" c="21" d="304" a="0"/>
<U id="422" f="9" l="319" c="10" d="168" a="0"/>
<U id="423" f="8" l="330" c="24" d="120" a="0"/>
<U id="424" f="8" l="448" c="9" d="129" a="0"/>
<U id="425" f="9" l="220" c="43" d="272" a="0"/>
<U id="426" f="5" l="103" c="34" d="168" a="0"/>
<U id="427" f="8" l="372" c="30" d="197" a="0"/>
<U id="428" f="5" l="154" c="40" d="263" a="0"/>
<U id="429" f="9" l="206" c="13" d="185" a="0"/>
<U id="430" f="9" l="347" c="10" d="168" a="0"/>
<U id="431" f="8" l="395" c="9" d="152" a="0"/>
<U id="432" f="8" l="476" c="9" d="144" a="0"/>
<U id="433" f="7" l="100" c="54" d="168" a="0"/>
<U id="434" f="8" l="231" c="24" d="129" a="0"/>
<U id="435" f="8" l="166" c="29" d="129" a="0"/>
<U id="436" f="8" l="192" c="30" d="157" a="0"/>
<U id="437" f="8" l="424" c="22" d="266" a="0"/>
<U id="438" f="8" l="452" c="40" d="174" a="0"/>
<U id="439" f="8" l="421" c="24" d="120" a="0"/>
<U id="440" f="5" l="156" c="30" d="7" a="0"/>
<U id="441" f="8" l="480" c="40" d="209" a="0"/>
<U id="442" f="8" l="522" c="14" d="191" a="0"/>
<U id="443" f="8" l="562" c="12" d="112" a="0"/>
<U id="444" f="5" l="156" c="21" d="175" a="0"/>
<U id="445" f="9" l="319" c="29" d="229" a="0"/>
<U id="446" f="8" l="278" c="9" d="135" a="0"/>
<U id="447" f="8" l="182" c="40" d="152" a="0"/>
<U id="448" f="8" l="281" c="22" d="303" a="0"/>
<U id="449" f="9" l="319" c="20" d="168" a="0"/>
<U id="450" f="8" l="307" c="22" d="268" a="0"/>
<U id="451" f="9" l="347" c="29" d="233" a="0"/>
<U id="452" f="8" l="179" c="9" d="152" a="0"/>
<U id="453" f="8" l="304" c="24" d="152" a="0"/>
<U id="454" f="7" l="101" c="45" d="168" a="0"/>
<U id="455" f="8" l="333" c="14" d="128" a="0"/>
<U id="456" f="9" l="249" c="10" d="144" a="0"/>
<U id="457" f="9" l="347" c="20" d="168" a="0"/>
<U id="458" f="9" l="317" c="49" d="168" a="0"/>
<U id="459" f="8" l="243" c="14" d="190" a="0"/>
<U id="460" f="8" l="346" c="30" d="182" a="0"/>
<U id="461" f="8" l="508" c="30" d="279" a="0"/>
<U id="462" f="8" l="369" c="9" d="135" a="0"/>
<U id="463" f="8" l="372" c="22" d="271" a="0"/>
<U id="464" f="8" l="508" c="21" d="279" a="0"/>
<U id="465" f="9" l="220" c="26" d="168" a="0"/>
<U id="466" f="9" l="277" c="10" d="152" a="0"/>
<U id="467" f="9" l="345" c="49" d="168" a="0"/>
<U id="468" f="8" l="536" c="30" d="14" a="0"/>
<U id="469" f="5" l="156" c="40" d="22" a="0"/>
<U id="470" f="8" l="547" c="29" d="168" a="0"/>
<U id="471" f="5" l="125" c="24" d="168" a="0"/>
<U id="472" f="8" l="182" c="59" d="284" a="0"/>
<U id="473" f="8" l="255" c="40" d="129" a="0"/>
<U id="474" f="8" l="424" c="14" d="133" a="0"/>
<U id="475" f="8" l="536" c="21" d="14" a="0"/>
<U id="476" f="8" l="596" c="9" d="168" a="0"/>
<U id="477" f="8" l="437" c="30" d="193" a="0"/>
<U id="478" f="8" l="504" c="24" d="157" a="0"/>
<U id="479" f="8" l="452" c="14" d="174" a="0"/>
<U id="480" f="8" l="611" c="25" d="26" a="0"/>
<U id="481" f="9" l="192" c="13" d="210" a="0"/>
<U id="482" f="8" l="281" c="14" d="186" a="0"/>
<U id="483" f="5" l="107" c="15" d="15" a="0"/>
<U id="484" f="9" l="289" c="9" d="120" a="0"/>
<U id="485" f="8" l="243" c="24" d="129" a="0"/>
<U id="486" f="8" l="294" c="30" d="165" a="0"/>
<U id="487" f="8" l="307" c="14" d="137" a="0"/>
<U id="488" f="8" l="480" c="14" d="209" a="0"/>
<U id="489" f="8" l="508" c="40" d="150" a="0"/>
<U id="490" f="8" l="462" c="23" d="135" a="0"/>
<U id="491" f="8" l="182" c="14" d="284" a="0"/>
<U id="492" f="5" l="202" c="18" d="228" a="0"/>
<U id="493" f="9" l="247" c="49" d="168" a="0"/>
<U id="494" f="8" l="346" c="22" d="288" a="0"/>
<U id="495" f="8" l="536" c="40" d="177" a="0"/>
<U id="496" f="8" l="372" c="14" d="197" a="0"/>
<U id="497" f="8" l="574" c="12" d="111" a="0"/>
<U id="498" f="9" l="206" c="70" d="157" a="0"/>
<U id="499" f="9" l="220" c="18" d="120" a="0"/>
<U id="500" f="10" l="194" c="3" d="96" a="0"/>
<U id="501" f="10" l="250" c="8" d="122" a="0"/>
<U id="502" f="9" l="275" c="49" d="168" a="0"/>
<U id="503" f="8" l="385" c="30" d="172" a="0"/>
<U id="504" f="8" l="466" c="30" d="282" a="0"/>
<U id="505" f="8" l="466" c="21" d="282" a="0"/>
<U id="506" f="5" l="202" c="55" d="110" a="0"/>
<U id="507" f="8" l="437" c="22" d="293" a="0"/>
<U id="508" f="8" l="494" c="30" d="294" a="0"/>
<U id="509" f="5" l="150" c="27" d="168" a="0"/>
<U id="510" f="8" l="182" c="33" d="284" a="0"/>
<U id="511" f="8" l="255" c="14" d="231" a="0"/>
<U id="512" f="8" l="494" c="21" d="294" a="0"/>
<U id="513" f="8" l="532" c="25" d="168" a="0"/>
<U id="514" f="8" l="182" c="24" d="152" a="0"/>
<U id="515" f="8" l="268" c="30" d="153" a="0"/>
<U id="516" f="10" l="260" c="8" d="168" a="0"/>
<U id="517" f="7" l="103" c="55" d="168" a="0"/>
<U id="518" f="8" l="156" c="14" d="184" a="0"/>
<U id="519" f="8" l="169" c="39" d="135" a="0"/>
<U id="520" f="8" l="195" c="40" d="120" a="0"/>
<U id="521" f="8" l="294" c="22" d="286" a="0"/>
<U id="522" f="9" l="206" c="89" d="185" a="0"/>
<U id="523" f="9" l="220" c="37" d="232" a="0"/>
<U id="524" f="10" l="195" c="3" d="96" a="0"/>
<U id="525" f="10" l="251" c="8" d="122" a="0"/>
<U id="526" f="8" l="153" c="89" d="168" a="0"/>
<U id="527" f="8" l="265" c="23" d="129" a="0"/>
<U id="528" f="8" l="291" c="24" d="144" a="0"/>
<U id="529" f="8" l="370" c="80" d="135" a="0"/>
<U id="530" f="8" l="560" c="25" d="168" a="0"/>
<U id="531" f="8" l="317" c="24" d="157" a="0"/>
<U id="532" f="8" l="343" c="25" d="168" a="0"/>
<U id="533" f="8" l="490" c="24" d="152" a="0"/>
<U id="534" f="8" l="219" c="14" d="206" a="0"/>
<U id="535" f="8" l="320" c="37" d="287" a="0"/>
<U id="536" f="8" l="346" c="14" d="182" a="0"/>
<U id="537" f="8" l="466" c="40" d="141" a="0"/>
<U id="538" f="8" l="508" c="14" d="150" a="0"/>
<U id="539" f="8" l="152" c="26" d="168" a="0"/>
<U id="540" f="9" l="204" c="45" d="168" a="0"/>
<U id="541" f="8" l="359" c="30" d="159" a="0"/>
<U id="542" f="5" l="106" c="72" d="83" a="0"/>
<U id="543" f="8" l="385" c="22" d="291" a="0"/>
<U id="544" f="8" l="494" c="40" d="167" a="0"/>
<U id="545" f="8" l="536" c="14" d="177" a="0"/>
<U id="546" f="5" l="178" c="40" d="205" a="0"/>
<U id="547" f="9" l="206" c="53" d="244" a="0"/>
<U id="548" f="9" l="305" c="35" d="243" a="0"/>
<U id="549" f="10" l="270" c="8" d="152" a="0"/>
<U id="550" f="8" l="179" c="30" d="144" a="0"/>
<U id="551" f="8" l="356" c="23" d="129" a="0"/>
<U id="552" f="8" l="382" c="24" d="144" a="0"/>
<U id="553" f="9" l="232" c="45" d="168" a="0"/>
<U id="554" f="8" l="550" c="26" d="34" a="0"/>
<U id="555" f="10" l="261" c="8" d="168" a="0"/>
<U id="556" f="8" l="154" c="89" d="168" a="0"/>
<U id="557" f="8" l="408" c="24" d="157" a="0"/>
<U id="558" f="8" l="434" c="25" d="168" a="0"/>
<U id="559" f="8" l="195" c="59" d="257" a="0"/>
<U id="560" f="8" l="411" c="37" d="292" a="0"/>
<U id="561" f="8" l="437" c="14" d="193" a="0"/>
<U id="562" f="8" l="611" c="18" d="219" a="0"/>
<U id="563" f="9" l="333" c="35" d="247" a="0"/>
<U id="564" f="10" l="196" c="3" d="96" a="0"/>
<U id="565" f="10" l="252" c="8" d="122" a="0"/>
<U id="566" f="7" l="106" c="54" d="122" a="0"/>
<U id="567" f="9" l="263" c="34" d="260" a="0"/>
<U id="568" f="8" l="231" c="37" d="129" a="0"/>
<U id="569" f="8" l="268" c="22" d="296" a="0"/>
<U id="570" f="8" l="586" c="12" d="103" a="0"/>
<U id="571" f="9" l="192" c="61" d="264" a="0"/>
<U id="572" f="9" l="234" c="35" d="248" a="0"/>
<U id="573" f="8" l="219" c="24" d="129" a="0"/>
<U id="574" f="8" l="294" c="14" d="165" a="0"/>
<U id="575" f="9" l="303" c="37" d="144" a="0"/>
<U id="576" f="10" l="271" c="8" d="152" a="0"/>
<U id="577" f="7" l="105" c="46" d="168" a="0"/>
<U id="578" f="8" l="195" c="14" d="257" a="0"/>
<U id="579" f="5" l="203" c="38" d="1" a="0"/>
<U id="580" f="10" l="262" c="8" d="168" a="0"/>
<U id="581" f="7" l="102" c="48" d="168" a="0"/>
<U id="582" f="9" l="331" c="37" d="152" a="0"/>
<U id="583" f="8" l="359" c="22" d="298" a="0"/>
<U id="584" f="10" l="470" c="8" d="168" a="0"/>
<U id="585" f="8" l="241" c="28" d="157" a="0"/>
<U id="586" f="8" l="518" c="24" d="120" a="0"/>
<U id="587" f="9" l="261" c="36" d="168" a="0"/>
<U id="588" f="8" l="385" c="14" d="172" a="0"/>
<U id="589" f="8" l="466" c="14" d="141" a="0"/>
<U id="590" f="8" l="448" c="23" d="129" a="0"/>
<U id="591" f="5" l="175" c="34" d="168" a="0"/>
<U id="592" f="8" l="398" c="30" d="208" a="0"/>
<U id="593" f="5" l="154" c="63" d="175" a="0"/>
<U id="594" f="5" l="178" c="23" d="169" a="0"/>
<U id="595" f="9" l="206" c="36" d="168" a="0"/>
<U id="596" f="8" l="572" c="25" d="168" a="0"/>
<U id="597" f="8" l="494" c="14" d="167" a="0"/>
<U id="598" f="8" l="522" c="64" d="191" a="0"/>
<U id="599" f="5" l="106" c="37" d="15" a="0"/>
<U id="600" f="9" l="190" c="45" d="168" a="0"/>
<U id="601" f="10" l="272" c="8" d="152" a="0"/>
<U id="602" f="8" l="169" c="32" d="245" a="0"/>
<U id="603" f="8" l="195" c="33" d="257" a="0"/>
<U id="604" f="8" l="268" c="14" d="153" a="0"/>
<U id="605" f="5" l="156" c="53" d="110" a="0"/>
<U id="606" f="9" l="291" c="35" d="300" a="0"/>
<U id="607" f="10" l="263" c="8" d="168" a="0"/>
<U id="608" f="8" l="195" c="24" d="120" a="0"/>
<U id="609" f="5" l="106" c="83" d="15" a="0"/>
<U id="610" f="5" l="178" c="60" d="110" a="0"/>
<U id="611" f="9" l="192" c="44" d="168" a="0"/>
<U id="612" f="9" l="234" c="18" d="168" a="0"/>
<U id="613" f="10" l="254" c="8" d="168" a="0"/>
<U id="614" f="10" l="390" c="8" d="58" a="1"/>
<U id="615" f="10" l="471" c="8" d="168" a="0"/>
<U id="616" f="9" l="289" c="49" d="168" a="0"/>
<U id="617" f="10" l="526" c="7" d="168" a="0"/>
<U id="618" f="8" l="169" c="14" d="245" a="0"/>
<U id="619" f="8" l="278" c="23" d="135" a="0"/>
<U id="620" f="8" l="608" c="25" d="168" a="0"/>
<U id="621" f="8" l="207" c="18" d="130" a="0"/>
<U id="622" f="8" l="562" c="17" d="181" a="0"/>
<U id="623" f="9" l="249" c="42" d="281" a="0"/>
<U id="624" f="10" l="372" c="8" d="29" a="1"/>
<U id="625" f="8" l="333" c="37" d="262" a="0"/>
<U id="626" f="8" l="359" c="14" d="159" a="0"/>
<U id="627" f="5" l="107" c="28" d="80" a="0"/>
<U id="628" f="5" l="154" c="73" d="7" a="0"/>
<U id="629" f="7" l="104" c="48" d="122" a="0"/>
<U id="630" f="8" l="243" c="37" d="129" a="0"/>
<U id="631" f="8" l="598" c="12" d="104" a="0"/>
<U id="632" f="9" l="277" c="42" d="283" a="0"/>
<U id="633" f="10" l="273" c="8" d="152" a="0"/>
<U id="634" f="10" l="464" c="7" d="168" a="0"/>
<U id="635" f="8" l="398" c="22" d="301" a="0"/>
<U id="636" f="9" l="206" c="28" d="157" a="0"/>
<U id="637" f="10" l="264" c="8" d="168" a="0"/>
<U id="638" f="8" l="266" c="80" d="129" a="0"/>
<U id="639" f="8" l="369" c="23" d="135" a="0"/>
<U id="640" f="8" l="395" c="24" d="152" a="0"/>
<U id="641" f="8" l="476" c="24" d="144" a="0"/>
<U id="642" f="8" l="452" c="64" d="174" a="0"/>
<U id="643" f="8" l="522" c="56" d="297" a="0"/>
<U id="644" f="10" l="255" c="8" d="168" a="0"/>
<U id="645" f="10" l="472" c="8" d="168" a="0"/>
<U id="646" f="5" l="197" c="24" d="168" a="0"/>
<U id="647" f="8" l="424" c="37" d="266" a="0"/>
<U id="648" f="8" l="522" c="47" d="297" a="0"/>
<U id="649" f="9" l="263" c="18" d="168" a="0"/>
<U id="650" f="8" l="169" c="24" d="135" a="0"/>
<U id="651" f="8" l="480" c="64" d="209" a="0"/>
<U id="652" f="8" l="253" c="28" d="168" a="0"/>
<U id="653" f="9" l="218" c="45" d="168" a="0"/>
<U id="654" f="9" l="192" c="36" d="157" a="0"/>
<U id="655" f="9" l="291" c="18" d="168" a="0"/>
<U id="656" f="8" l="357" c="80" d="129" a="0"/>
<U id="657" f="8" l="281" c="37" d="303" a="0"/>
<U id="658" f="9" l="319" c="35" d="270" a="0"/>
<U id="659" f="10" l="274" c="8" d="152" a="0"/>
<U id="660" f="8" l="584" c="25" d="168" a="0"/>
<U id="661" f="7" l="107" c="47" d="168" a="0"/>
<U id="662" f="8" l="156" c="45" d="295" a="0"/>
<U id="663" f="8" l="255" c="27" d="129" a="0"/>
<U id="664" f="8" l="307" c="37" d="268" a="0"/>
<U id="665" f="9" l="206" c="47" d="185" a="0"/>
<U id="666" f="10" l="265" c="8" d="168" a="0"/>
<U id="667" f="9" l="347" c="35" d="273" a="0"/>
<U id="668" f="10" l="256" c="8" d="168" a="0"/>
<U id="669" f="10" l="473" c="8" d="168" a="0"/>
<U id="670" f="8" l="217" c="28" d="129" a="0"/>
<U id="671" f="5" l="200" c="88" d="67" a="0"/>
<U id="672" f="8" l="372" c="37" d="271" a="0"/>
<U id="673" f="8" l="398" c="14" d="208" a="0"/>
<U id="674" f="9" l="263" c="28" d="203" a="0"/>
<U id="675" f="8" l="452" c="56" d="299" a="0"/>
<U id="676" f="9" l="192" c="55" d="210" a="0"/>
<U id="677" f="9" l="204" c="58" d="168" a="0"/>
<U id="678" f="9" l="317" c="37" d="157" a="0"/>
<U id="679" f="8" l="452" c="47" d="299" a="0"/>
<U id="680" f="8" l="574" c="17" d="207" a="0"/>
<U id="681" f="9" l="247" c="36" d="168" a="0"/>
<U id="682" f="8" l="480" c="56" d="302" a="0"/>
<U id="683" f="10" l="266" c="8" d="168" a="0"/>
<U id="684" f="9" l="232" c="58" d="168" a="0"/>
<U id="685" f="9" l="345" c="37" d="120" a="0"/>
<U id="686" f="8" l="480" c="47" d="302" a="0"/>
<U id="687" f="9" l="192" c="28" d="144" a="0"/>
<U id="688" f="10" l="257" c="8" d="168" a="0"/>
<U id="689" f="9" l="275" c="36" d="168" a="0"/>
<U id="690" f="8" l="508" c="64" d="150" a="0"/>
<U id="691" f="10" l="248" c="8" d="122" a="0"/>
<U id="692" f="9" l="249" c="26" d="168" a="0"/>
<U id="693" f="5" l="104" c="96" d="68" a="0"/>
<U id="694" f="8" l="536" c="64" d="177" a="0"/>
<U id="695" f="5" l="178" c="17" d="205" a="0"/>
<U id="696" f="10" l="528" c="8" d="168" a="0"/>
<U id="697" f="8" l="219" c="37" d="129" a="0"/>
<U id="698" f="8" l="346" c="37" d="288" a="0"/>
<U id="699" f="9" l="277" c="26" d="168" a="0"/>
<U id="700" f="10" l="267" c="8" d="168" a="0"/>
<U id="701" f="10" l="258" c="8" d="168" a="0"/>
<U id="702" f="8" l="279" c="80" d="135" a="0"/>
<U id="703" f="10" l="249" c="8" d="122" a="0"/>
<U id="704" f="5" l="151" c="96" d="168" a="0"/>
<U id="705" f="8" l="437" c="37" d="293" a="0"/>
<U id="706" f="8" l="229" c="28" d="144" a="0"/>
<U id="707" f="8" l="182" c="48" d="144" a="0"/>
<U id="708" f="9" l="249" c="36" d="246" a="0"/>
<U id="709" f="8" l="156" c="38" d="290" a="0"/>
<U id="710" f="8" l="508" c="56" d="274" a="0"/>
<U id="711" f="9" l="190" c="58" d="168" a="0"/>
<U id="712" f="8" l="294" c="37" d="286" a="0"/>
<U id="713" f="8" l="508" c="47" d="274" a="0"/>
<U id="714" f="9" l="249" c="18" d="157" a="0"/>
<U id="715" f="9" l="277" c="36" d="250" a="0"/>
<U id="716" f="10" l="268" c="8" d="168" a="0"/>
<U id="717" f="8" l="466" c="64" d="141" a="0"/>
<U id="718" f="8" l="536" c="56" d="10" a="0"/>
<U id="719" f="8" l="586" c="17" d="235" a="0"/>
<U id="720" f="9" l="206" c="95" d="244" a="0"/>
<U id="721" f="10" l="259" c="8" d="168" a="0"/>
<U id="722" f="5" l="152" c="96" d="67" a="0"/>
<U id="723" f="8" l="536" c="47" d="10" a="0"/>
<U id="724" f="5" l="106" c="96" d="80" a="0"/>
<U id="725" f="9" l="277" c="18" d="120" a="0"/>
<U id="726" f="8" l="494" c="64" d="167" a="0"/>
<U id="727" f="10" l="377" c="8" d="47" a="1"/>
<U id="728" f="8" l="520" c="88" d="120" a="0"/>
<U id="729" f="8" l="596" c="26" d="168" a="0"/>
<U id="730" f="7" l="107" c="68" d="152" a="0"/>
<U id="731" f="8" l="385" c="37" d="291" a="0"/>
<U id="732" f="10" l="359" c="8" d="29" a="1"/>
<U id="733" f="9" l="192" c="94" d="168" a="0"/>
<U id="734" f="8" l="331" c="88" d="120" a="0"/>
<U id="735" f="8" l="268" c="37" d="296" a="0"/>
<U id="736" f="8" l="169" c="46" d="129" a="0"/>
<U id="737" f="8" l="466" c="56" d="278" a="0"/>
<U id="738" f="5" l="178" c="74" d="51" a="0"/>
<U id="739" f="8" l="422" c="88" d="120" a="0"/>
<U id="740" f="9" l="218" c="58" d="168" a="0"/>
<U id="741" f="8" l="466" c="47" d="278" a="0"/>
<U id="742" f="9" l="206" c="78" d="168" a="0"/>
<U id="743" f="8" l="359" c="37" d="298" a="0"/>
<U id="744" f="8" l="494" c="56" d="289" a="0"/>
<U id="745" f="8" l="450" c="88" d="129" a="0"/>
<U id="746" f="8" l="494" c="47" d="289" a="0"/>
<U id="747" f="5" l="178" c="47" d="51" a="0"/>
<U id="748" f="8" l="533" c="96" d="168" a="0"/>
<U id="749" f="9" l="289" c="36" d="168" a="0"/>
<U id="750" f="10" l="388" c="8" d="13" a="1"/>
<U id="751" f="8" l="305" c="88" d="152" a="0"/>
<U id="752" f="9" l="192" c="86" d="157" a="0"/>
<U id="753" f="8" l="169" c="56" d="245" a="0"/>
<U id="754" f="8" l="195" c="48" d="157" a="0"/>
<U id="755" f="8" l="534" c="96" d="168" a="0"/>
<U id="756" f="5" l="126" c="88" d="168" a="0"/>
<U id="757" f="8" l="505" c="88" d="157" a="0"/>
<U id="758" f="8" l="398" c="37" d="301" a="0"/>
<U id="759" f="8" l="598" c="18" d="267" a="0"/>
<U id="760" f="5" l="127" c="88" d="168" a="0"/>
<U id="761" f="9" l="192" c="78" d="144" a="0"/>
<U id="762" f="8" l="344" c="88" d="168" a="0"/>
<U id="763" f="8" l="506" c="88" d="157" a="0"/>
<U id="764" f="5" l="155" c="88" d="276" a="0"/>
<U id="765" f="5" l="128" c="88" d="68" a="0"/>
<U id="766" f="10" l="499" c="8" d="43" a="1"/>
<U id="767" f="8" l="435" c="88" d="168" a="0"/>
<U id="768" f="5" l="176" c="96" d="67" a="0"/>
<U id="769" f="8" l="463" c="88" d="135" a="0"/>
<U id="770" f="8" l="292" c="88" d="144" a="0"/>
<U id="771" f="8" l="318" c="88" d="157" a="0"/>
<U id="772" f="8" l="491" c="88" d="152" a="0"/>
<U id="773" f="8" l="609" c="96" d="168" a="0"/>
<U id="774" f="8" l="383" c="88" d="144" a="0"/>
<U id="775" f="8" l="464" c="88" d="135" a="0"/>
<U id="776" f="8" l="409" c="88" d="157" a="0"/>
<U id="777" f="8" l="492" c="88" d="152" a="0"/>
<U id="778" f="5" l="178" c="87" d="106" a="0"/>
<U id="779" f="8" l="548" c="96" d="168" a="0"/>
<U id="780" f="8" l="519" c="88" d="120" a="0"/>
<U id="781" f="8" l="449" c="88" d="129" a="0"/>
<U id="782" f="8" l="396" c="88" d="152" a="0"/>
<U id="783" f="8" l="477" c="88" d="144" a="0"/>
<U id="784" f="5" l="198" c="88" d="168" a="0"/>
<U id="785" f="8" l="478" c="88" d="144" a="0"/>
<U id="786" f="5" l="199" c="88" d="168" a="0"/>
</Uses>
<Blocks>
<B id="1" t="ppcrmif" f="10" l="395" c="9">
<BEGIN l="395" c="37"/>
<END l="397" c="5"/>
</B>
<B id="2" t="routine" f="10" l="184" c="5">
<BEGIN l="185" c="0"/>
<END l="201" c="0"/>
</B>
<B id="3" t="else" f="10" l="429" c="8">
<BEGIN l="430" c="8"/>
<END l="432" c="8"/>
</B>
<B id="4" t="if" f="10" l="424" c="8">
<BEGIN l="426" c="8"/>
<END l="428" c="8"/>
<ELSE d="3"/>
</B>
<B id="5" t="else" f="10" l="416" c="8">
<BEGIN l="417" c="8"/>
<END l="420" c="8"/>
</B>
<B id="6" t="if" f="10" l="410" c="8">
<BEGIN l="411" c="8"/>
<END l="414" c="8"/>
<ELSE d="5"/>
</B>
<B id="7" t="if" f="10" l="403" c="8">
<BEGIN l="404" c="8"/>
<END l="406" c="8"/>
</B>
<B id="8" t="else" f="10" l="365" c="8">
<BEGIN l="366" c="8"/>
<END l="368" c="8"/>
</B>
<B id="9" t="if" f="10" l="361" c="8">
<BEGIN l="362" c="8"/>
<END l="364" c="8"/>
<ELSE d="8"/>
</B>
<B id="10" t="while" f="10" l="327" c="24">
<BEGIN l="328" c="24"/>
<END l="330" c="24"/>
</B>
<B id="11" t="else" f="10" l="324" c="16">
<BEGIN l="325" c="16"/>
<END l="332" c="16"/>
<SUB d="10"/>
</B>
<B id="12" t="if" f="10" l="320" c="21">
<BEGIN l="321" c="16"/>
<END l="323" c="16"/>
<ELSE d="11"/>
</B>
<B id="13" t="else" f="10" l="320" c="16">
<BEGIN l="320" c="21"/>
<END l="332" c="16"/>
<SUB d="12"/>
</B>
<B id="14" t="if" f="10" l="315" c="16">
<BEGIN l="316" c="16"/>
<END l="319" c="16"/>
<ELSE d="13"/>
</B>
<B id="15" t="while" f="10" l="304" c="24">
<BEGIN l="305" c="24"/>
<END l="308" c="24"/>
</B>
<B id="16" t="else" f="10" l="301" c="16">
<BEGIN l="302" c="16"/>
<END l="310" c="16"/>
<SUB d="15"/>
</B>
<B id="17" t="if" f="10" l="296" c="21">
<BEGIN l="297" c="16"/>
<END l="300" c="16"/>
<ELSE d="16"/>
</B>
<B id="18" t="else" f="10" l="296" c="16">
<BEGIN l="296" c="21"/>
<END l="310" c="16"/>
<SUB d="17"/>
</B>
<B id="19" t="if" f="10" l="292" c="16">
<BEGIN l="293" c="16"/>
<END l="295" c="16"/>
<ELSE d="18"/>
</B>
<B id="20" t="else" f="10" l="346" c="8">
<BEGIN l="347" c="8"/>
<END l="354" c="8"/>
</B>
<B id="21" t="if" f="10" l="285" c="8">
<BEGIN l="286" c="8"/>
<END l="345" c="8"/>
<SUB d="14"/>
<SUB d="19"/>
<ELSE d="20"/>
</B>
<B id="22" t="routine" f="10" l="241" c="5">
<BEGIN l="242" c="0"/>
<END l="444" c="0"/>
<SUB d="4"/>
<SUB d="6"/>
<SUB d="7"/>
<SUB d="9"/>
<SUB d="21"/>
</B>
<B id="23" t="else" f="10" l="510" c="8">
<BEGIN l="511" c="8"/>
<END l="513" c="8"/>
</B>
<B id="24" t="if" f="10" l="505" c="8">
<BEGIN l="506" c="8"/>
<END l="508" c="8"/>
<ELSE d="23"/>
</B>
<B id="25" t="else" f="10" l="492" c="8">
<BEGIN l="493" c="8"/>
<END l="497" c="8"/>
</B>
<B id="26" t="if" f="10" l="485" c="8">
<BEGIN l="486" c="8"/>
<END l="490" c="8"/>
<ELSE d="25"/>
</B>
<B id="27" t="else" f="10" l="480" c="8">
<BEGIN l="481" c="8"/>
<END l="483" c="8"/>
</B>
<B id="28" t="if" f="10" l="475" c="8">
<BEGIN l="476" c="8"/>
<END l="479" c="8"/>
<ELSE d="27"/>
</B>
<B id="29" t="routine" f="10" l="464" c="16">
<BEGIN l="469" c="0"/>
<END l="517" c="0"/>
<SUB d="24"/>
<SUB d="26"/>
<SUB d="28"/>
</B>
<B id="30" t="else" f="10" l="534" c="8">
<BEGIN l="535" c="8"/>
<END l="537" c="8"/>
</B>
<B id="31" t="if" f="10" l="530" c="8">
<BEGIN l="531" c="8"/>
<END l="533" c="8"/>
<ELSE d="30"/>
</B>
<B id="32" t="routine" f="10" l="526" c="16">
<BEGIN l="527" c="0"/>
<END l="540" c="0"/>
<SUB d="31"/>
</B>
<B id="33" t="ppcif" f="12" l="15" c="0">
<BEGIN l="15" c="27"/>
<END l="330" c="0"/>
</B>
<B id="34" t="ppcif" f="12" l="25" c="0">
<BEGIN l="25" c="19"/>
<END l="155" c="0"/>
</B>
<B id="35" t="ppcrmif" f="12" l="46" c="0">
<BEGIN l="46" c="93"/>
<END l="91" c="0"/>
</B>
<B id="36" t="ppcrmif" f="12" l="94" c="0">
<BEGIN l="94" c="91"/>
<END l="153" c="0"/>
</B>
<B id="37" t="ppcrmelse" f="12" l="155" c="0">
<BEGIN l="155" c="35"/>
<END l="328" c="0"/>
</B>
<B id="38" t="ppcif" f="13" l="11" c="0">
<BEGIN l="11" c="27"/>
<END l="36" c="0"/>
</B>
<B id="39" t="ppcrmif" f="13" l="14" c="0">
<BEGIN l="14" c="19"/>
<END l="29" c="0"/>
</B>
<B id="40" t="ppcelse" f="13" l="29" c="0">
<BEGIN l="29" c="5"/>
<END l="33" c="0"/>
</B>
<B id="41" t="ppcif" f="1" l="22" c="0">
<BEGIN l="22" c="17"/>
<END l="109" c="0"/>
</B>
<B id="42" t="ppcrmif" f="1" l="39" c="0">
<BEGIN l="39" c="66"/>
<END l="43" c="0"/>
</B>
<B id="43" t="ppcelse" f="1" l="43" c="0">
<BEGIN l="43" c="60"/>
<END l="47" c="0"/>
</B>
<B id="44" t="ppcrmif" f="1" l="52" c="0">
<BEGIN l="52" c="18"/>
<END l="58" c="0"/>
</B>
<B id="45" t="ppcrmif" f="1" l="62" c="0">
<BEGIN l="62" c="33"/>
<END l="80" c="0"/>
</B>
<B id="46" t="ppcelse" f="1" l="80" c="0">
<BEGIN l="80" c="31"/>
<END l="93" c="0"/>
</B>
<B id="47" t="ppcrmif" f="1" l="96" c="0">
<BEGIN l="96" c="14"/>
<END l="106" c="0"/>
</B>
<B id="48" t="ppcif" f="14" l="3" c="0">
<BEGIN l="3" c="29"/>
<END l="348" c="0"/>
</B>
<B id="49" t="ppcif" f="14" l="61" c="0">
<BEGIN l="63" c="27"/>
<END l="66" c="0"/>
</B>
<B id="50" t="ppcrmif" f="14" l="165" c="0">
<BEGIN l="165" c="17"/>
<END l="206" c="0"/>
</B>
<B id="51" t="ppcrmif" f="14" l="209" c="0">
<BEGIN l="209" c="37"/>
<END l="211" c="0"/>
</B>
<B id="52" t="ppcrmif" f="14" l="213" c="0">
<BEGIN l="213" c="44"/>
<END l="321" c="0"/>
</B>
<B id="53" t="ppcif" f="14" l="323" c="0">
<BEGIN l="323" c="18"/>
<END l="346" c="0"/>
</B>
<B id="54" t="ppcrmif" f="14" l="326" c="0">
<BEGIN l="326" c="18"/>
<END l="328" c="0"/>
</B>
<B id="55" t="ppcrmif" f="14" l="329" c="0">
<BEGIN l="329" c="63"/>
<END l="331" c="0"/>
</B>
<B id="56" t="ppcrmif" f="14" l="332" c="0">
<BEGIN l="332" c="64"/>
<END l="334" c="0"/>
</B>
<B id="57" t="ppcrmif" f="14" l="335" c="0">
<BEGIN l="335" c="16"/>
<END l="340" c="0"/>
</B>
<B id="58" t="ppcif" f="14" l="343" c="0">
<BEGIN l="343" c="57"/>
<END l="345" c="0"/>
</B>
<B id="59" t="type" f="7" l="48" c="7">
<BEGIN l="48" c="20"/>
<END l="66" c="0"/>
</B>
<B id="60" t="ppcif" f="7" l="24" c="0">
<BEGIN l="24" c="21"/>
<END l="316" c="0"/>
</B>
<B id="61" t="ppcrmif" f="7" l="27" c="0">
<BEGIN l="27" c="35"/>
<END l="29" c="0"/>
</B>
<B id="62" t="ppcrmif" f="7" l="33" c="0">
<BEGIN l="33" c="19"/>
<END l="36" c="0"/>
</B>
<B id="63" t="ppcif" f="7" l="111" c="0">
<BEGIN l="111" c="37"/>
<END l="113" c="0"/>
</B>
<B id="64" t="ppcrmelse" f="7" l="113" c="0">
<BEGIN l="113" c="6"/>
<END l="115" c="0"/>
</B>
<B id="65" t="ppcif" f="7" l="116" c="0">
<BEGIN l="116" c="37"/>
<END l="118" c="0"/>
</B>
<B id="66" t="ppcrmelse" f="7" l="118" c="0">
<BEGIN l="118" c="6"/>
<END l="120" c="0"/>
</B>
<B id="67" t="ppcrmif" f="7" l="300" c="0">
<BEGIN l="300" c="19"/>
<END l="302" c="0"/>
</B>
<B id="68" t="ppcif" f="7" l="305" c="0">
<BEGIN l="305" c="26"/>
<END l="313" c="0"/>
</B>
<B id="69" t="ppcif" f="7" l="306" c="0">
<BEGIN l="306" c="25"/>
<END l="310" c="0"/>
</B>
<B id="70" t="ppcrmif" f="7" l="307" c="0">
<BEGIN l="307" c="37"/>
<END l="309" c="0"/>
</B>
<B id="71" t="ppcrmelse" f="7" l="310" c="0">
<BEGIN l="310" c="7"/>
<END l="312" c="0"/>
</B>
<B id="72" t="ppcif" f="15" l="24" c="0">
<BEGIN l="24" c="26"/>
<END l="55" c="0"/>
</B>
<B id="73" t="ppcrmif" f="15" l="27" c="0">
<BEGIN l="27" c="19"/>
<END l="30" c="0"/>
</B>
<B id="74" t="ppcrmif" f="15" l="39" c="0">
<BEGIN l="39" c="19"/>
<END l="41" c="0"/>
</B>
<B id="75" t="ppcif" f="15" l="44" c="0">
<BEGIN l="44" c="26"/>
<END l="52" c="0"/>
</B>
<B id="76" t="ppcif" f="15" l="45" c="0">
<BEGIN l="45" c="25"/>
<END l="49" c="0"/>
</B>
<B id="77" t="ppcrmif" f="15" l="46" c="0">
<BEGIN l="46" c="37"/>
<END l="48" c="0"/>
</B>
<B id="78" t="ppcrmelse" f="15" l="49" c="0">
<BEGIN l="49" c="7"/>
<END l="51" c="0"/>
</B>
<B id="79" t="ppcif" f="6" l="24" c="0">
<BEGIN l="24" c="19"/>
<END l="63" c="0"/>
</B>
<B id="80" t="ppcif" f="6" l="52" c="0">
<BEGIN l="52" c="26"/>
<END l="60" c="0"/>
</B>
<B id="81" t="ppcif" f="6" l="53" c="0">
<BEGIN l="53" c="25"/>
<END l="57" c="0"/>
</B>
<B id="82" t="ppcrmif" f="6" l="54" c="0">
<BEGIN l="54" c="37"/>
<END l="56" c="0"/>
</B>
<B id="83" t="ppcrmelse" f="6" l="57" c="0">
<BEGIN l="57" c="7"/>
<END l="59" c="0"/>
</B>
<B id="84" t="ppcif" f="16" l="25" c="0">
<BEGIN l="25" c="14"/>
<END l="93" c="0"/>
</B>
<B id="85" t="ppcrmif" f="16" l="43" c="0">
<BEGIN l="43" c="46"/>
<END l="45" c="0"/>
</B>
<B id="86" t="ppcrmif" f="16" l="47" c="0">
<BEGIN l="47" c="28"/>
<END l="49" c="0"/>
</B>
<B id="87" t="ppcif" f="16" l="82" c="0">
<BEGIN l="82" c="26"/>
<END l="90" c="0"/>
</B>
<B id="88" t="ppcif" f="16" l="83" c="0">
<BEGIN l="83" c="25"/>
<END l="87" c="0"/>
</B>
<B id="89" t="ppcrmif" f="16" l="84" c="0">
<BEGIN l="84" c="37"/>
<END l="86" c="0"/>
</B>
<B id="90" t="ppcrmelse" f="16" l="87" c="0">
<BEGIN l="87" c="7"/>
<END l="89" c="0"/>
</B>
<B id="91" t="type" f="3" l="135" c="0">
<BEGIN l="135" c="0"/>
<END l="141" c="0"/>
</B>
<B id="92" t="ppcif" f="3" l="56" c="0">
<BEGIN l="56" c="19"/>
<END l="154" c="0"/>
</B>
<B id="93" t="ppcif" f="3" l="122" c="0">
<BEGIN l="122" c="26"/>
<END l="126" c="0"/>
</B>
<B id="94" t="ppcif" f="2" l="43" c="0">
<BEGIN l="43" c="24"/>
<END l="150" c="0"/>
</B>
<B id="95" t="ppcif" f="2" l="81" c="0">
<BEGIN l="81" c="13"/>
<END l="83" c="0"/>
</B>
<B id="96" t="ppcif" f="2" l="85" c="0">
<BEGIN l="85" c="14"/>
<END l="87" c="0"/>
</B>
<B id="97" t="ppcrmif" f="2" l="119" c="0">
<BEGIN l="119" c="46"/>
<END l="125" c="0"/>
</B>
<B id="98" t="ppcelse" f="2" l="125" c="0">
<BEGIN l="125" c="6"/>
<END l="129" c="0"/>
</B>
<B id="99" t="ppcrmif" f="2" l="131" c="0">
<BEGIN l="131" c="46"/>
<END l="137" c="0"/>
</B>
<B id="100" t="ppcelse" f="2" l="137" c="0">
<BEGIN l="137" c="6"/>
<END l="140" c="0"/>
</B>
<B id="101" t="ppcif" f="17" l="43" c="0">
<BEGIN l="43" c="18"/>
<END l="202" c="0"/>
</B>
<B id="102" t="ppcif" f="17" l="88" c="0">
<BEGIN l="88" c="17"/>
<END l="90" c="0"/>
</B>
<B id="103" t="ppcif" f="18" l="19" c="0">
<BEGIN l="19" c="22"/>
<END l="23" c="0"/>
</B>
<B id="104" t="ppcif" f="19" l="19" c="0">
<BEGIN l="19" c="26"/>
<END l="23" c="0"/>
</B>
<B id="105" t="ppcif" f="20" l="33" c="0">
<BEGIN l="33" c="24"/>
<END l="60" c="0"/>
</B>
<B id="106" t="ppcif" f="20" l="49" c="0">
<BEGIN l="49" c="26"/>
<END l="57" c="0"/>
</B>
<B id="107" t="ppcrmif" f="20" l="50" c="0">
<BEGIN l="50" c="25"/>
<END l="54" c="0"/>
</B>
<B id="108" t="ppcelse" f="20" l="54" c="0">
<BEGIN l="54" c="7"/>
<END l="56" c="0"/>
</B>
<B id="109" t="type" f="5" l="32" c="15">
<BEGIN l="32" c="15"/>
<END l="35" c="0"/>
</B>
<B id="110" t="type" f="5" l="37" c="15">
<BEGIN l="37" c="15"/>
<END l="40" c="0"/>
</B>
<B id="111" t="ppcif" f="5" l="19" c="0">
<BEGIN l="19" c="17"/>
<END l="206" c="0"/>
</B>
<B id="112" t="routine" f="5" l="82" c="14">
<BEGIN l="85" c="0"/>
<END l="87" c="0"/>
</B>
<B id="113" t="routine" f="5" l="103" c="17">
<BEGIN l="105" c="0"/>
<END l="108" c="0"/>
</B>
<B id="114" t="routine" f="5" l="125" c="14">
<BEGIN l="129" c="0"/>
<END l="132" c="0"/>
</B>
<B id="115" t="routine" f="5" l="150" c="14">
<BEGIN l="153" c="0"/>
<END l="157" c="0"/>
</B>
<B id="116" t="routine" f="5" l="175" c="17">
<BEGIN l="177" c="0"/>
<END l="179" c="0"/>
</B>
<B id="117" t="routine" f="5" l="197" c="14">
<BEGIN l="201" c="0"/>
<END l="204" c="0"/>
</B>
<B id="118" t="ppcif" f="21" l="19" c="0">
<BEGIN l="19" c="20"/>
<END l="65" c="0"/>
</B>
<B id="119" t="ppcif" f="8" l="20" c="0">
<BEGIN l="20" c="18"/>
<END l="614" c="0"/>
</B>
<B id="120" t="routine" f="8" l="152" c="17">
<BEGIN l="155" c="0"/>
<END l="157" c="0"/>
</B>
<B id="121" t="routine" f="8" l="166" c="15">
<BEGIN l="167" c="0"/>
<END l="170" c="0"/>
</B>
<B id="122" t="routine" f="8" l="179" c="16">
<BEGIN l="180" c="0"/>
<END l="183" c="0"/>
</B>
<B id="123" t="else" f="8" l="195" c="40">
<BEGIN l="195" c="40"/>
<END l="195" c="63"/>
</B>
<B id="124" t="if" f="8" l="195" c="22">
<BEGIN l="195" c="24"/>
<END l="195" c="36"/>
<ELSE d="123"/>
</B>
<B id="125" t="routine" f="8" l="192" c="16">
<BEGIN l="193" c="0"/>
<END l="196" c="0"/>
<SUB d="124"/>
</B>
<B id="126" t="routine" f="8" l="205" c="17">
<BEGIN l="206" c="0"/>
<END l="208" c="0"/>
</B>
<B id="127" t="else" f="8" l="219" c="37">
<BEGIN l="219" c="37"/>
<END l="219" c="45"/>
</B>
<B id="128" t="if" f="8" l="219" c="22">
<BEGIN l="219" c="24"/>
<END l="219" c="32"/>
<ELSE d="127"/>
</B>
<B id="129" t="routine" f="8" l="217" c="15">
<BEGIN l="218" c="0"/>
<END l="220" c="0"/>
<SUB d="128"/>
</B>
<B id="130" t="else" f="8" l="231" c="37">
<BEGIN l="231" c="37"/>
<END l="231" c="45"/>
</B>
<B id="131" t="if" f="8" l="231" c="22">
<BEGIN l="231" c="24"/>
<END l="231" c="32"/>
<ELSE d="130"/>
</B>
<B id="132" t="routine" f="8" l="229" c="15">
<BEGIN l="230" c="0"/>
<END l="232" c="0"/>
<SUB d="131"/>
</B>
<B id="133" t="else" f="8" l="243" c="37">
<BEGIN l="243" c="37"/>
<END l="243" c="45"/>
</B>
<B id="134" t="if" f="8" l="243" c="22">
<BEGIN l="243" c="24"/>
<END l="243" c="32"/>
<ELSE d="133"/>
</B>
<B id="135" t="routine" f="8" l="241" c="15">
<BEGIN l="242" c="0"/>
<END l="244" c="0"/>
<SUB d="134"/>
</B>
<B id="136" t="else" f="8" l="255" c="40">
<BEGIN l="255" c="40"/>
<END l="255" c="48"/>
</B>
<B id="137" t="if" f="8" l="255" c="25">
<BEGIN l="255" c="27"/>
<END l="255" c="35"/>
<ELSE d="136"/>
</B>
<B id="138" t="routine" f="8" l="253" c="15">
<BEGIN l="254" c="0"/>
<END l="256" c="0"/>
<SUB d="137"/>
</B>
<B id="139" t="routine" f="8" l="265" c="15">
<BEGIN l="267" c="0"/>
<END l="269" c="0"/>
</B>
<B id="140" t="routine" f="8" l="278" c="15">
<BEGIN l="280" c="0"/>
<END l="282" c="0"/>
</B>
<B id="141" t="routine" f="8" l="291" c="16">
<BEGIN l="293" c="0"/>
<END l="295" c="0"/>
</B>
<B id="142" t="routine" f="8" l="304" c="16">
<BEGIN l="306" c="0"/>
<END l="308" c="0"/>
</B>
<B id="143" t="else" f="8" l="320" c="37">
<BEGIN l="320" c="37"/>
<END l="320" c="40"/>
</B>
<B id="144" t="if" f="8" l="320" c="28">
<BEGIN l="320" c="30"/>
<END l="320" c="33"/>
<ELSE d="143"/>
</B>
<B id="145" t="routine" f="8" l="317" c="16">
<BEGIN l="319" c="0"/>
<END l="321" c="0"/>
<SUB d="144"/>
</B>
<B id="146" t="else" f="8" l="333" c="37">
<BEGIN l="333" c="37"/>
<END l="333" c="40"/>
</B>
<B id="147" t="if" f="8" l="333" c="28">
<BEGIN l="333" c="30"/>
<END l="333" c="33"/>
<ELSE d="146"/>
</B>
<B id="148" t="routine" f="8" l="330" c="16">
<BEGIN l="332" c="0"/>
<END l="334" c="0"/>
<SUB d="147"/>
</B>
<B id="149" t="else" f="8" l="346" c="37">
<BEGIN l="346" c="37"/>
<END l="346" c="40"/>
</B>
<B id="150" t="if" f="8" l="346" c="28">
<BEGIN l="346" c="30"/>
<END l="346" c="33"/>
<ELSE d="149"/>
</B>
<B id="151" t="routine" f="8" l="343" c="17">
<BEGIN l="345" c="0"/>
<END l="347" c="0"/>
<SUB d="150"/>
</B>
<B id="152" t="routine" f="8" l="356" c="15">
<BEGIN l="358" c="0"/>
<END l="360" c="0"/>
</B>
<B id="153" t="routine" f="8" l="369" c="15">
<BEGIN l="371" c="0"/>
<END l="373" c="0"/>
</B>
<B id="154" t="routine" f="8" l="382" c="16">
<BEGIN l="384" c="0"/>
<END l="386" c="0"/>
</B>
<B id="155" t="routine" f="8" l="395" c="16">
<BEGIN l="397" c="0"/>
<END l="399" c="0"/>
</B>
<B id="156" t="else" f="8" l="411" c="37">
<BEGIN l="411" c="37"/>
<END l="411" c="40"/>
</B>
<B id="157" t="if" f="8" l="411" c="28">
<BEGIN l="411" c="30"/>
<END l="411" c="33"/>
<ELSE d="156"/>
</B>
<B id="158" t="routine" f="8" l="408" c="16">
<BEGIN l="410" c="0"/>
<END l="412" c="0"/>
<SUB d="157"/>
</B>
<B id="159" t="else" f="8" l="424" c="37">
<BEGIN l="424" c="37"/>
<END l="424" c="40"/>
</B>
<B id="160" t="if" f="8" l="424" c="28">
<BEGIN l="424" c="30"/>
<END l="424" c="33"/>
<ELSE d="159"/>
</B>
<B id="161" t="routine" f="8" l="421" c="16">
<BEGIN l="423" c="0"/>
<END l="425" c="0"/>
<SUB d="160"/>
</B>
<B id="162" t="else" f="8" l="437" c="37">
<BEGIN l="437" c="37"/>
<END l="437" c="40"/>
</B>
<B id="163" t="if" f="8" l="437" c="28">
<BEGIN l="437" c="30"/>
<END l="437" c="33"/>
<ELSE d="162"/>
</B>
<B id="164" t="routine" f="8" l="434" c="17">
<BEGIN l="436" c="0"/>
<END l="438" c="0"/>
<SUB d="163"/>
</B>
<B id="165" t="routine" f="8" l="448" c="15">
<BEGIN l="451" c="0"/>
<END l="453" c="0"/>
</B>
<B id="166" t="routine" f="8" l="462" c="15">
<BEGIN l="465" c="0"/>
<END l="467" c="0"/>
</B>
<B id="167" t="routine" f="8" l="476" c="16">
<BEGIN l="479" c="0"/>
<END l="481" c="0"/>
</B>
<B id="168" t="routine" f="8" l="490" c="16">
<BEGIN l="493" c="0"/>
<END l="495" c="0"/>
</B>
<B id="169" t="else" f="8" l="508" c="38">
<BEGIN l="508" c="38"/>
<END l="508" c="67"/>
</B>
<B id="170" t="if" f="8" l="508" c="28">
<BEGIN l="508" c="30"/>
<END l="508" c="34"/>
<ELSE d="169"/>
</B>
<B id="171" t="routine" f="8" l="504" c="16">
<BEGIN l="507" c="0"/>
<END l="509" c="0"/>
<SUB d="170"/>
</B>
<B id="172" t="else" f="8" l="522" c="38">
<BEGIN l="522" c="38"/>
<END l="522" c="67"/>
</B>
<B id="173" t="if" f="8" l="522" c="28">
<BEGIN l="522" c="30"/>
<END l="522" c="34"/>
<ELSE d="172"/>
</B>
<B id="174" t="routine" f="8" l="518" c="16">
<BEGIN l="521" c="0"/>
<END l="523" c="0"/>
<SUB d="173"/>
</B>
<B id="175" t="else" f="8" l="536" c="38">
<BEGIN l="536" c="38"/>
<END l="536" c="67"/>
</B>
<B id="176" t="if" f="8" l="536" c="28">
<BEGIN l="536" c="30"/>
<END l="536" c="34"/>
<ELSE d="175"/>
</B>
<B id="177" t="routine" f="8" l="532" c="17">
<BEGIN l="535" c="0"/>
<END l="537" c="0"/>
<SUB d="176"/>
</B>
<B id="178" t="routine" f="8" l="547" c="17">
<BEGIN l="549" c="0"/>
<END l="551" c="0"/>
</B>
<B id="179" t="routine" f="8" l="560" c="17">
<BEGIN l="561" c="0"/>
<END l="563" c="0"/>
</B>
<B id="180" t="routine" f="8" l="572" c="17">
<BEGIN l="573" c="0"/>
<END l="575" c="0"/>
</B>
<B id="181" t="routine" f="8" l="584" c="17">
<BEGIN l="585" c="0"/>
<END l="587" c="0"/>
</B>
<B id="182" t="routine" f="8" l="596" c="17">
<BEGIN l="597" c="0"/>
<END l="599" c="0"/>
</B>
<B id="183" t="routine" f="8" l="608" c="17">
<BEGIN l="610" c="0"/>
<END l="612" c="0"/>
</B>
<B id="184" t="ppcif" f="4" l="13" c="0">
<BEGIN l="13" c="16"/>
<END l="823" c="0"/>
</B>
<B id="185" t="ppcrmif" f="4" l="14" c="0">
<BEGIN l="14" c="14"/>
<END l="16" c="0"/>
</B>
<B id="186" t="ppcif" f="4" l="18" c="0">
<BEGIN l="18" c="23"/>
<END l="819" c="0"/>
</B>
<B id="187" t="ppcrmif" f="4" l="20" c="0">
<BEGIN l="20" c="18"/>
<END l="22" c="0"/>
</B>
<B id="188" t="ppcrmif" f="4" l="26" c="0">
<BEGIN l="26" c="67"/>
<END l="28" c="0"/>
</B>
<B id="189" t="ppcrmelif" f="4" l="28" c="0">
<BEGIN l="28" c="5"/>
<END l="30" c="0"/>
</B>
<B id="190" t="ppcrmelif" f="4" l="30" c="0">
<BEGIN l="30" c="5"/>
<END l="33" c="0"/>
</B>
<B id="191" t="ppcrmelif" f="4" l="33" c="0">
<BEGIN l="33" c="5"/>
<END l="38" c="0"/>
</B>
<B id="192" t="ppcrmelse" f="4" l="38" c="0">
<BEGIN l="38" c="5"/>
<END l="40" c="0"/>
</B>
<B id="193" t="ppcrmif" f="4" l="42" c="0">
<BEGIN l="42" c="23"/>
<END l="44" c="0"/>
</B>
<B id="194" t="ppcrmelif" f="4" l="44" c="0">
<BEGIN l="44" c="5"/>
<END l="47" c="0"/>
</B>
<B id="195" t="ppcrmelif" f="4" l="47" c="0">
<BEGIN l="47" c="5"/>
<END l="50" c="0"/>
</B>
<B id="196" t="ppcrmelse" f="4" l="50" c="0">
<BEGIN l="50" c="5"/>
<END l="53" c="0"/>
</B>
<B id="197" t="ppcif" f="4" l="65" c="0">
<BEGIN l="65" c="20"/>
<END l="68" c="0"/>
</B>
<B id="198" t="ppcrmelse" f="4" l="68" c="0">
<BEGIN l="68" c="5"/>
<END l="76" c="0"/>
</B>
<B id="199" t="ppcrmif" f="4" l="78" c="0">
<BEGIN l="78" c="106"/>
<END l="82" c="0"/>
</B>
<B id="200" t="ppcelse" f="4" l="82" c="0">
<BEGIN l="82" c="5"/>
<END l="86" c="0"/>
</B>
<B id="201" t="ppcif" f="4" l="115" c="0">
<BEGIN l="116" c="51"/>
<END l="119" c="0"/>
</B>
<B id="202" t="ppcif" f="4" l="121" c="0">
<BEGIN l="121" c="68"/>
<END l="123" c="0"/>
</B>
<B id="203" t="ppcrmelse" f="4" l="123" c="0">
<BEGIN l="123" c="5"/>
<END l="126" c="0"/>
</B>
<B id="204" t="ppcrmif" f="4" l="128" c="0">
<BEGIN l="128" c="53"/>
<END l="131" c="0"/>
</B>
<B id="205" t="ppcrmif" f="4" l="133" c="0">
<BEGIN l="133" c="51"/>
<END l="135" c="0"/>
</B>
<B id="206" t="ppcif" f="4" l="137" c="0">
<BEGIN l="137" c="24"/>
<END l="265" c="0"/>
</B>
<B id="207" t="ppcif" f="4" l="138" c="0">
<BEGIN l="138" c="56"/>
<END l="140" c="0"/>
</B>
<B id="208" t="ppcrmif" f="4" l="171" c="0">
<BEGIN l="171" c="24"/>
<END l="173" c="0"/>
</B>
<B id="209" t="ppcrmif" f="4" l="188" c="0">
<BEGIN l="188" c="24"/>
<END l="190" c="0"/>
</B>
<B id="210" t="ppcif" f="4" l="196" c="0">
<BEGIN l="196" c="56"/>
<END l="263" c="0"/>
</B>
<B id="211" t="ppcrmif" f="4" l="217" c="0">
<BEGIN l="217" c="24"/>
<END l="219" c="0"/>
</B>
<B id="212" t="ppcrmif" f="4" l="260" c="0">
<BEGIN l="260" c="24"/>
<END l="262" c="0"/>
</B>
<B id="213" t="ppcrmif" f="4" l="268" c="0">
<BEGIN l="268" c="24"/>
<END l="270" c="0"/>
</B>
<B id="214" t="ppcrmif" f="4" l="284" c="0">
<BEGIN l="284" c="24"/>
<END l="286" c="0"/>
</B>
<B id="215" t="ppcif" f="4" l="291" c="0">
<BEGIN l="291" c="20"/>
<END l="750" c="0"/>
</B>
<B id="216" t="ppcif" f="4" l="292" c="0">
<BEGIN l="292" c="24"/>
<END l="307" c="0"/>
</B>
<B id="217" t="ppcrmif" f="4" l="310" c="0">
<BEGIN l="310" c="43"/>
<END l="317" c="0"/>
</B>
<B id="218" t="ppcelif" f="4" l="317" c="0">
<BEGIN l="317" c="5"/>
<END l="324" c="0"/>
</B>
<B id="219" t="ppcrmelif" f="4" l="324" c="0">
<BEGIN l="324" c="5"/>
<END l="337" c="0"/>
</B>
<B id="220" t="ppcrmelse" f="4" l="337" c="0">
<BEGIN l="337" c="5"/>
<END l="345" c="0"/>
</B>
<B id="221" t="ppcrmif" f="4" l="348" c="0">
<BEGIN l="348" c="43"/>
<END l="355" c="0"/>
</B>
<B id="222" t="ppcelif" f="4" l="355" c="0">
<BEGIN l="355" c="5"/>
<END l="364" c="0"/>
</B>
<B id="223" t="ppcrmelse" f="4" l="364" c="0">
<BEGIN l="364" c="5"/>
<END l="372" c="0"/>
</B>
<B id="224" t="ppcrmif" f="4" l="375" c="0">
<BEGIN l="375" c="23"/>
<END l="377" c="0"/>
</B>
<B id="225" t="ppcrmelif" f="4" l="377" c="0">
<BEGIN l="377" c="6"/>
<END l="379" c="0"/>
</B>
<B id="226" t="ppcrmelif" f="4" l="379" c="0">
<BEGIN l="379" c="6"/>
<END l="381" c="0"/>
</B>
<B id="227" t="ppcif" f="4" l="383" c="0">
<BEGIN l="383" c="64"/>
<END l="402" c="0"/>
</B>
<B id="228" t="ppcif" f="4" l="386" c="0">
<BEGIN l="386" c="24"/>
<END l="397" c="0"/>
</B>
<B id="229" t="ppcrmelse" f="4" l="402" c="0">
<BEGIN l="402" c="5"/>
<END l="682" c="0"/>
</B>
<B id="230" t="ppcif" f="4" l="685" c="0">
<BEGIN l="685" c="24"/>
<END l="698" c="0"/>
</B>
<B id="231" t="ppcif" f="4" l="695" c="0">
<BEGIN l="695" c="56"/>
<END l="697" c="0"/>
</B>
<B id="232" t="ppcrmif" f="4" l="708" c="0">
<BEGIN l="708" c="143"/>
<END l="716" c="0"/>
</B>
<B id="233" t="ppcif" f="4" l="740" c="0">
<BEGIN l="740" c="63"/>
<END l="743" c="0"/>
</B>
<B id="234" t="ppcrmif" f="4" l="752" c="0">
<BEGIN l="752" c="95"/>
<END l="772" c="0"/>
</B>
<B id="235" t="ppcrmif" f="4" l="774" c="0">
<BEGIN l="774" c="42"/>
<END l="776" c="0"/>
</B>
<B id="236" t="ppcrmif" f="4" l="778" c="0">
<BEGIN l="778" c="51"/>
<END l="780" c="0"/>
</B>
<B id="237" t="ppcrmif" f="4" l="782" c="0">
<BEGIN l="782" c="18"/>
<END l="816" c="0"/>
</B>
<B id="238" t="ppcrmif" f="4" l="820" c="0">
<BEGIN l="820" c="14"/>
<END l="822" c="0"/>
</B>
<B id="239" t="ppcif" f="22" l="24" c="0">
<BEGIN l="24" c="31"/>
<END l="39" c="0"/>
</B>
<B id="240" t="ppcif" f="22" l="28" c="0">
<BEGIN l="28" c="26"/>
<END l="36" c="0"/>
</B>
<B id="241" t="ppcif" f="22" l="29" c="0">
<BEGIN l="29" c="25"/>
<END l="33" c="0"/>
</B>
<B id="242" t="ppcrmif" f="22" l="30" c="0">
<BEGIN l="30" c="37"/>
<END l="32" c="0"/>
</B>
<B id="243" t="ppcrmelse" f="22" l="33" c="0">
<BEGIN l="33" c="7"/>
<END l="35" c="0"/>
</B>
<B id="244" t="ppcif" f="23" l="19" c="0">
<BEGIN l="19" c="16"/>
<END l="24" c="0"/>
</B>
<B id="245" t="ppcif" f="24" l="53" c="0">
<BEGIN l="53" c="28"/>
<END l="57" c="0"/>
</B>
<B id="246" t="ppcrmif" f="24" l="67" c="0">
<BEGIN l="67" c="41"/>
<END l="71" c="0"/>
</B>
<B id="247" t="ppcrmif" f="24" l="81" c="0">
<BEGIN l="81" c="46"/>
<END l="85" c="0"/>
</B>
<B id="248" t="ppcrmif" f="24" l="95" c="0">
<BEGIN l="95" c="44"/>
<END l="99" c="0"/>
</B>
<B id="249" t="ppcrmif" f="24" l="109" c="0">
<BEGIN l="109" c="49"/>
<END l="113" c="0"/>
</B>
<B id="250" t="ppcif" f="24" l="125" c="0">
<BEGIN l="125" c="27"/>
<END l="129" c="0"/>
</B>
<B id="251" t="ppcrmif" f="24" l="139" c="0">
<BEGIN l="139" c="40"/>
<END l="143" c="0"/>
</B>
<B id="252" t="ppcrmif" f="24" l="153" c="0">
<BEGIN l="153" c="45"/>
<END l="157" c="0"/>
</B>
<B id="253" t="ppcrmif" f="24" l="167" c="0">
<BEGIN l="167" c="43"/>
<END l="171" c="0"/>
</B>
<B id="254" t="ppcrmif" f="24" l="181" c="0">
<BEGIN l="181" c="48"/>
<END l="185" c="0"/>
</B>
<B id="255" t="ppcif" f="24" l="201" c="0">
<BEGIN l="201" c="25"/>
<END l="209" c="0"/>
</B>
<B id="256" t="ppcif" f="24" l="202" c="0">
<BEGIN l="202" c="24"/>
<END l="206" c="0"/>
</B>
<B id="257" t="ppcrmif" f="24" l="203" c="0">
<BEGIN l="203" c="36"/>
<END l="205" c="0"/>
</B>
<B id="258" t="ppcrmelse" f="24" l="206" c="0">
<BEGIN l="206" c="6"/>
<END l="208" c="0"/>
</B>
<B id="259" t="ppcif" f="9" l="20" c="0">
<BEGIN l="20" c="20"/>
<END l="351" c="0"/>
</B>
<B id="260" t="routine" f="9" l="190" c="16">
<BEGIN l="191" c="0"/>
<END l="193" c="0"/>
</B>
<B id="261" t="else" f="9" l="206" c="70">
<BEGIN l="206" c="70"/>
<END l="206" c="107"/>
</B>
<B id="262" t="if" f="9" l="206" c="25">
<BEGIN l="206" c="28"/>
<END l="206" c="65"/>
<ELSE d="261"/>
</B>
<B id="263" t="routine" f="9" l="204" c="16">
<BEGIN l="205" c="0"/>
<END l="207" c="0"/>
<SUB d="262"/>
</B>
<B id="264" t="routine" f="9" l="218" c="16">
<BEGIN l="219" c="0"/>
<END l="221" c="0"/>
</B>
<B id="265" t="routine" f="9" l="232" c="16">
<BEGIN l="233" c="0"/>
<END l="235" c="0"/>
</B>
<B id="266" t="routine" f="9" l="247" c="16">
<BEGIN l="248" c="0"/>
<END l="250" c="0"/>
</B>
<B id="267" t="routine" f="9" l="261" c="16">
<BEGIN l="262" c="0"/>
<END l="264" c="0"/>
</B>
<B id="268" t="routine" f="9" l="275" c="16">
<BEGIN l="276" c="0"/>
<END l="278" c="0"/>
</B>
<B id="269" t="routine" f="9" l="289" c="16">
<BEGIN l="290" c="0"/>
<END l="292" c="0"/>
</B>
<B id="270" t="routine" f="9" l="303" c="17">
<BEGIN l="304" c="0"/>
<END l="306" c="0"/>
</B>
<B id="271" t="routine" f="9" l="317" c="17">
<BEGIN l="318" c="0"/>
<END l="320" c="0"/>
</B>
<B id="272" t="routine" f="9" l="331" c="17">
<BEGIN l="332" c="0"/>
<END l="334" c="0"/>
</B>
<B id="273" t="routine" f="9" l="345" c="17">
<BEGIN l="346" c="0"/>
<END l="348" c="0"/>
</B>
<B id="274" t="ppcif" f="25" l="2" c="0">
<BEGIN l="2" c="16"/>
<END l="8" c="0"/>
</B>
</Blocks>
</Navig>
