<?xml version="1.0" encoding="UTF-8"?>

<MISRA-C-Report version="1.3">


<CodeStruct Name="" File="C:\component\SF105A_MotCurrRegVltgLimr_Impl\src\CDD_MotCurrRegVltgLimr.c" Line="0" Column="0">

<Rule Name="19.1" Mode="advisory" Report="warning" Id="14">
<Loc File="C:\component\SF105A_MotCurrRegVltgLimr_Impl\src\CDD_MotCurrRegVltgLimr.c" Line="175" Column="0">
</Loc>
<Message>
#include statements in a file shall only be preceded by other preprocessor directives or comments.
</Message>
</Rule>

</CodeStruct>

<CodeStruct Name="" File="C:\component\SF105A_MotCurrRegVltgLimr_Impl\src\CDD_MotCurrRegVltgLimr_MotCtrl.c" Line="0" Column="0">

<Rule Name="19.1" Mode="advisory" Report="warning" Id="4">
<Loc File="C:\component\SF105A_MotCurrRegVltgLimr_Impl\src\CDD_MotCurrRegVltgLimr_MotCtrl.c" Line="90" Column="0">
</Loc>
<Message>
#include statements in a file shall only be preceded by other preprocessor directives or comments.
</Message>
</Rule>

<Rule Name="5.1" Mode="required" Report="warning" Id="5">
<Loc File="C:\component\SF105A_MotCurrRegVltgLimr_Impl\src\CDD_MotCurrRegVltgLimr_MotCtrl.c" Line="532" Column="65">
</Loc>
<Message>
Identifiers "MotCurrRegVltgLimrMotVltgPropCmd_Volt_T_f32" (CDD_MotCurrRegVltgLimr_MotCtrl.c line 532 column 65) and "MotCurrRegVltgLimrMotVltgPropCmd_Volt_T_f32" (CDD_MotCurrRegVltgLimr_MotCtrl.c line 54 column 65) have the same first 43 characters.
</Message>
</Rule>

<Rule Name="5.1" Mode="required" Report="warning" Id="6">
<Loc File="C:\component\SF105A_MotCurrRegVltgLimr_Impl\src\CDD_MotCurrRegVltgLimr_MotCtrl.c" Line="533" Column="65">
</Loc>
<Message>
Identifiers "MotCurrRegVltgLimrMotVltgIntglPreLim_Volt_T_f32" (CDD_MotCurrRegVltgLimr_MotCtrl.c line 533 column 65) and "MotCurrRegVltgLimrMotVltgIntglPreLim_Volt_T_f32" (CDD_MotCurrRegVltgLimr_MotCtrl.c line 55 column 65) have the same first 47 characters.
</Message>
</Rule>

<Rule Name="5.1" Mode="required" Report="warning" Id="7">
<Loc File="C:\component\SF105A_MotCurrRegVltgLimr_Impl\src\CDD_MotCurrRegVltgLimr_MotCtrl.c" Line="620" Column="120">
</Loc>
<Message>
Identifiers "MotCtrlDualEcuMotCtrlMtgtnEna_Cnt_T_logl" (CDD_MotCurrRegVltgLimr_MotCtrl.c line 620 column 120) and "MotCtrlDualEcuMotCtrlMtgtnEna_Cnt_T_logl" (CDD_MotCurrRegVltgLimr_MotCtrl.c line 69 column 120) have the same first 40 characters.
</Message>
</Rule>

<Rule Name="5.1" Mode="required" Report="warning" Id="8">
<Loc File="C:\component\SF105A_MotCurrRegVltgLimr_Impl\src\CDD_MotCurrRegVltgLimr_MotCtrl.c" Line="690" Column="33">
</Loc>
<Message>
Identifiers "MotInduQaxEstimdIvs_IvsHenry_T_f32" (CDD_MotCurrRegVltgLimr_MotCtrl.c line 690 column 33) and "MotInduQaxEstimdIvs_IvsHenry_T_f32" (CDD_MotCurrRegVltgLimr_MotCtrl.c line 74 column 33) have the same first 34 characters.
</Message>
</Rule>

<Rule Name="5.1" Mode="required" Report="warning" Id="9">
<Loc File="C:\component\SF105A_MotCurrRegVltgLimr_Impl\src\CDD_MotCurrRegVltgLimr_MotCtrl.c" Line="699" Column="120">
</Loc>
<Message>
Identifiers "MotInduDaxEstimdIvs_IvsHenry_T_f32" (CDD_MotCurrRegVltgLimr_MotCtrl.c line 699 column 120) and "MotInduDaxEstimdIvs_IvsHenry_T_f32" (CDD_MotCurrRegVltgLimr_MotCtrl.c line 83 column 120) have the same first 34 characters.
</Message>
</Rule>

<Rule Name="5.1" Mode="required" Report="warning" Id="10">
<Loc File="C:\component\SF105A_MotCurrRegVltgLimr_Impl\src\CDD_MotCurrRegVltgLimr_MotCtrl.c" Line="700" Column="120">
</Loc>
<Message>
Identifiers "MotCurrRegVltgLimrMotCurrPredEna_Cnt_T_Logl" (CDD_MotCurrRegVltgLimr_MotCtrl.c line 700 column 120) and "MotCurrRegVltgLimrMotCurrPredEna_Cnt_T_Logl" (CDD_MotCurrRegVltgLimr_MotCtrl.c line 84 column 120) have the same first 43 characters.
</Message>
</Rule>

<Rule Name="5.1" Mode="required" Report="warning" Id="11">
<Loc File="C:\component\SF105A_MotCurrRegVltgLimr_Impl\src\CDD_MotCurrRegVltgLimr_MotCtrl.c" Line="701" Column="120">
</Loc>
<Message>
Identifiers "MotCtrlCurrPredTi_NanoSec_T_f32" (CDD_MotCurrRegVltgLimr_MotCtrl.c line 701 column 120) and "MotCtrlCurrPredTi_NanoSec_T_f32" (CDD_MotCurrRegVltgLimr_MotCtrl.c line 85 column 120) have the same first 31 characters.
</Message>
</Rule>

<Rule Name="5.1" Mode="required" Report="warning" Id="12">
<Loc File="C:\component\SF105A_MotCurrRegVltgLimr_Impl\src\CDD_MotCurrRegVltgLimr_MotCtrl.c" Line="729" Column="8">
</Loc>
<Message>
Identifiers "CDD_MotCurrRegVltgLimr_MotCtrl_START_SEC_CODE" (CDD_MotCurrRegVltgLimr_MotCtrl.c line 89 column 8) and "CDD_MotCurrRegVltgLimr_MotCtrl_STOP_SEC_CODE" (CDD_MotCurrRegVltgLimr_MotCtrl.c line 729 column 8) have the same first 33 characters.
</Message>
</Rule>

<Rule Name="19.1" Mode="advisory" Report="warning" Id="13">
<Loc File="C:\component\SF105A_MotCurrRegVltgLimr_Impl\src\CDD_MotCurrRegVltgLimr_MotCtrl.c" Line="730" Column="0">
</Loc>
<Message>
#include statements in a file shall only be preceded by other preprocessor directives or comments.
</Message>
</Rule>

</CodeStruct>

<CodeStruct Name="" File="C:\component\SF105A_MotCurrRegVltgLimr_Impl\include\CDD_MotCurrRegVltgLimr_MotCtrl_MemMap.h" Line="0" Column="0">

<Rule Name="19.15" Mode="required" Report="warning" Id="1">
<Loc File="C:\component\SF105A_MotCurrRegVltgLimr_Impl\include\CDD_MotCurrRegVltgLimr_MotCtrl_MemMap.h" Line="1" Column="0">
</Loc>
<Message>
Precautions shall be taken in order to prevent the contents of a header file being included twice.
</Message>
</Rule>

<Rule Name="19.6" Mode="required" Report="warning" Id="2">
<Loc File="C:\component\SF105A_MotCurrRegVltgLimr_Impl\include\CDD_MotCurrRegVltgLimr_MotCtrl_MemMap.h" Line="25" Column="0">
</Loc>
<Message>
#undef shall not be used.
</Message>
</Rule>

<Rule Name="19.6" Mode="required" Report="warning" Id="3">
<Loc File="C:\component\SF105A_MotCurrRegVltgLimr_Impl\include\CDD_MotCurrRegVltgLimr_MotCtrl_MemMap.h" Line="31" Column="0">
</Loc>
<Message>
#undef shall not be used.
</Message>
</Rule>

</CodeStruct>

<CodeStruct Name="MotCurrRegVltgLimrInit1" File="C:\component\SF105A_MotCurrRegVltgLimr_Impl\src\CDD_MotCurrRegVltgLimr.c" Line="151" Column="5">

<Rule Name="21.1" Mode="required" Report="warning" Id="15">
<Loc File="C:\component\SF105A_MotCurrRegVltgLimr_Impl\src\CDD_MotCurrRegVltgLimr.c" Line="159" Column="4">
</Loc>
<Message>
Minimisation of run-time failures.
</Message>
</Rule>

<Rule Name="21.1" Mode="required" Report="warning" Id="16">
<Loc File="C:\component\SF105A_MotCurrRegVltgLimr_Impl\src\CDD_MotCurrRegVltgLimr.c" Line="159" Column="37">
</Loc>
<Message>
Minimisation of run-time failures.
</Message>
</Rule>

<Rule Name="21.1" Mode="required" Report="warning" Id="17">
<Loc File="C:\component\SF105A_MotCurrRegVltgLimr_Impl\src\CDD_MotCurrRegVltgLimr.c" Line="160" Column="4">
</Loc>
<Message>
Minimisation of run-time failures.
</Message>
</Rule>

<Rule Name="21.1" Mode="required" Report="warning" Id="18">
<Loc File="C:\component\SF105A_MotCurrRegVltgLimr_Impl\src\CDD_MotCurrRegVltgLimr.c" Line="161" Column="4">
</Loc>
<Message>
Minimisation of run-time failures.
</Message>
</Rule>

<Rule Name="21.1" Mode="required" Report="warning" Id="19">
<Loc File="C:\component\SF105A_MotCurrRegVltgLimr_Impl\src\CDD_MotCurrRegVltgLimr.c" Line="162" Column="4">
</Loc>
<Message>
Minimisation of run-time failures.
</Message>
</Rule>

<Rule Name="21.1" Mode="required" Report="warning" Id="20">
<Loc File="C:\component\SF105A_MotCurrRegVltgLimr_Impl\src\CDD_MotCurrRegVltgLimr.c" Line="163" Column="4">
</Loc>
<Message>
Minimisation of run-time failures.
</Message>
</Rule>

</CodeStruct>

<CodeStruct Name="KpKiCtrl" File="C:\component\SF105A_MotCurrRegVltgLimr_Impl\src\CDD_MotCurrRegVltgLimr_MotCtrl.c" Line="529" Column="13">

<Rule Name="21.1" Mode="required" Report="warning" Id="21">
<Loc File="C:\component\SF105A_MotCurrRegVltgLimr_Impl\src\CDD_MotCurrRegVltgLimr_MotCtrl.c" Line="541" Column="4">
</Loc>
<Message>
Minimisation of run-time failures.
</Message>
</Rule>

<Rule Name="21.1" Mode="required" Report="warning" Id="22">
<Loc File="C:\component\SF105A_MotCurrRegVltgLimr_Impl\src\CDD_MotCurrRegVltgLimr_MotCtrl.c" Line="547" Column="41">
</Loc>
<Message>
Minimisation of run-time failures.
</Message>
</Rule>

<Rule Name="21.1" Mode="required" Report="warning" Id="23">
<Loc File="C:\component\SF105A_MotCurrRegVltgLimr_Impl\src\CDD_MotCurrRegVltgLimr_MotCtrl.c" Line="554" Column="4">
</Loc>
<Message>
Minimisation of run-time failures.
</Message>
</Rule>

<Rule Name="21.1" Mode="required" Report="warning" Id="24">
<Loc File="C:\component\SF105A_MotCurrRegVltgLimr_Impl\src\CDD_MotCurrRegVltgLimr_MotCtrl.c" Line="563" Column="4">
</Loc>
<Message>
Minimisation of run-time failures.
</Message>
</Rule>

</CodeStruct>

<CodeStruct Name="MotCurrRegVltgLimrPer1" File="C:\component\SF105A_MotCurrRegVltgLimr_Impl\src\CDD_MotCurrRegVltgLimr_MotCtrl.c" Line="99" Column="5">

<Rule Name="5.1" Mode="required" Report="warning" Id="25">
<Loc File="C:\component\SF105A_MotCurrRegVltgLimr_Impl\src\CDD_MotCurrRegVltgLimr_MotCtrl.c" Line="141" Column="16">
</Loc>
<Message>
Identifiers "MotCtrlDualEcuMotCtrlMtgtnEna_Cnt_T_logl" (CDD_MotCurrRegVltgLimr_MotCtrl.c line 69 column 120) and "MotCtrlDualEcuMotCtrlMtgtnEna_Cnt_T_logl" (CDD_MotCurrRegVltgLimr_MotCtrl.c line 141 column 16) have the same first 40 characters.
</Message>
</Rule>

<Rule Name="21.1" Mode="required" Report="warning" Id="26">
<Loc File="C:\component\SF105A_MotCurrRegVltgLimr_Impl\src\CDD_MotCurrRegVltgLimr_MotCtrl.c" Line="201" Column="33">
</Loc>
<Message>
Minimisation of run-time failures.
</Message>
</Rule>

<Rule Name="21.1" Mode="required" Report="warning" Id="27">
<Loc File="C:\component\SF105A_MotCurrRegVltgLimr_Impl\src\CDD_MotCurrRegVltgLimr_MotCtrl.c" Line="201" Column="66">
</Loc>
<Message>
Minimisation of run-time failures.
</Message>
</Rule>

<Rule Name="21.1" Mode="required" Report="warning" Id="28">
<Loc File="C:\component\SF105A_MotCurrRegVltgLimr_Impl\src\CDD_MotCurrRegVltgLimr_MotCtrl.c" Line="203" Column="33">
</Loc>
<Message>
Minimisation of run-time failures.
</Message>
</Rule>

<Rule Name="21.1" Mode="required" Report="warning" Id="29">
<Loc File="C:\component\SF105A_MotCurrRegVltgLimr_Impl\src\CDD_MotCurrRegVltgLimr_MotCtrl.c" Line="217" Column="103">
</Loc>
<Message>
Minimisation of run-time failures.
</Message>
</Rule>

<Rule Name="21.1" Mode="required" Report="warning" Id="30">
<Loc File="C:\component\SF105A_MotCurrRegVltgLimr_Impl\src\CDD_MotCurrRegVltgLimr_MotCtrl.c" Line="220" Column="4">
</Loc>
<Message>
Minimisation of run-time failures.
</Message>
</Rule>

<Rule Name="21.1" Mode="required" Report="warning" Id="31">
<Loc File="C:\component\SF105A_MotCurrRegVltgLimr_Impl\src\CDD_MotCurrRegVltgLimr_MotCtrl.c" Line="222" Column="4">
</Loc>
<Message>
Minimisation of run-time failures.
</Message>
</Rule>

<Rule Name="21.1" Mode="required" Report="warning" Id="32">
<Loc File="C:\component\SF105A_MotCurrRegVltgLimr_Impl\src\CDD_MotCurrRegVltgLimr_MotCtrl.c" Line="235" Column="40">
</Loc>
<Message>
Minimisation of run-time failures.
</Message>
</Rule>

<Rule Name="21.1" Mode="required" Report="warning" Id="33">
<Loc File="C:\component\SF105A_MotCurrRegVltgLimr_Impl\src\CDD_MotCurrRegVltgLimr_MotCtrl.c" Line="287" Column="7">
</Loc>
<Message>
Minimisation of run-time failures.
</Message>
</Rule>

<Rule Name="21.1" Mode="required" Report="warning" Id="34">
<Loc File="C:\component\SF105A_MotCurrRegVltgLimr_Impl\src\CDD_MotCurrRegVltgLimr_MotCtrl.c" Line="288" Column="7">
</Loc>
<Message>
Minimisation of run-time failures.
</Message>
</Rule>

<Rule Name="21.1" Mode="required" Report="warning" Id="35">
<Loc File="C:\component\SF105A_MotCurrRegVltgLimr_Impl\src\CDD_MotCurrRegVltgLimr_MotCtrl.c" Line="289" Column="7">
</Loc>
<Message>
Minimisation of run-time failures.
</Message>
</Rule>

<Rule Name="21.1" Mode="required" Report="warning" Id="36">
<Loc File="C:\component\SF105A_MotCurrRegVltgLimr_Impl\src\CDD_MotCurrRegVltgLimr_MotCtrl.c" Line="290" Column="7">
</Loc>
<Message>
Minimisation of run-time failures.
</Message>
</Rule>

<Rule Name="21.1" Mode="required" Report="warning" Id="37">
<Loc File="C:\component\SF105A_MotCurrRegVltgLimr_Impl\src\CDD_MotCurrRegVltgLimr_MotCtrl.c" Line="316" Column="7">
</Loc>
<Message>
Minimisation of run-time failures.
</Message>
</Rule>

<Rule Name="21.1" Mode="required" Report="warning" Id="38">
<Loc File="C:\component\SF105A_MotCurrRegVltgLimr_Impl\src\CDD_MotCurrRegVltgLimr_MotCtrl.c" Line="317" Column="7">
</Loc>
<Message>
Minimisation of run-time failures.
</Message>
</Rule>

<Rule Name="21.1" Mode="required" Report="warning" Id="39">
<Loc File="C:\component\SF105A_MotCurrRegVltgLimr_Impl\src\CDD_MotCurrRegVltgLimr_MotCtrl.c" Line="318" Column="7">
</Loc>
<Message>
Minimisation of run-time failures.
</Message>
</Rule>

<Rule Name="21.1" Mode="required" Report="warning" Id="40">
<Loc File="C:\component\SF105A_MotCurrRegVltgLimr_Impl\src\CDD_MotCurrRegVltgLimr_MotCtrl.c" Line="319" Column="7">
</Loc>
<Message>
Minimisation of run-time failures.
</Message>
</Rule>

<Rule Name="21.1" Mode="required" Report="warning" Id="41">
<Loc File="C:\component\SF105A_MotCurrRegVltgLimr_Impl\src\CDD_MotCurrRegVltgLimr_MotCtrl.c" Line="328" Column="5">
</Loc>
<Message>
Minimisation of run-time failures.
</Message>
</Rule>

<Rule Name="21.1" Mode="required" Report="warning" Id="42">
<Loc File="C:\component\SF105A_MotCurrRegVltgLimr_Impl\src\CDD_MotCurrRegVltgLimr_MotCtrl.c" Line="329" Column="5">
</Loc>
<Message>
Minimisation of run-time failures.
</Message>
</Rule>

<Rule Name="21.1" Mode="required" Report="warning" Id="43">
<Loc File="C:\component\SF105A_MotCurrRegVltgLimr_Impl\src\CDD_MotCurrRegVltgLimr_MotCtrl.c" Line="359" Column="4">
</Loc>
<Message>
Minimisation of run-time failures.
</Message>
</Rule>

<Rule Name="12.4" Mode="required" Report="warning" Id="44">
<Loc File="C:\component\SF105A_MotCurrRegVltgLimr_Impl\src\CDD_MotCurrRegVltgLimr_MotCtrl.c" Line="365" Column="73">
</Loc>
<Message>
The right hand operand of a logical &amp;&amp; or || operator shall not contain side effects.
</Message>
</Rule>

<Rule Name="12.4" Mode="required" Report="warning" Id="45">
<Loc File="C:\component\SF105A_MotCurrRegVltgLimr_Impl\src\CDD_MotCurrRegVltgLimr_MotCtrl.c" Line="366" Column="92">
</Loc>
<Message>
The right hand operand of a logical &amp;&amp; or || operator shall not contain side effects.
</Message>
</Rule>

<Rule Name="21.1" Mode="required" Report="warning" Id="46">
<Loc File="C:\component\SF105A_MotCurrRegVltgLimr_Impl\src\CDD_MotCurrRegVltgLimr_MotCtrl.c" Line="370" Column="8">
</Loc>
<Message>
Minimisation of run-time failures.
</Message>
</Rule>

<Rule Name="21.1" Mode="required" Report="warning" Id="47">
<Loc File="C:\component\SF105A_MotCurrRegVltgLimr_Impl\src\CDD_MotCurrRegVltgLimr_MotCtrl.c" Line="375" Column="8">
</Loc>
<Message>
Minimisation of run-time failures.
</Message>
</Rule>

<Rule Name="21.1" Mode="required" Report="warning" Id="48">
<Loc File="C:\component\SF105A_MotCurrRegVltgLimr_Impl\src\CDD_MotCurrRegVltgLimr_MotCtrl.c" Line="378" Column="4">
</Loc>
<Message>
Minimisation of run-time failures.
</Message>
</Rule>

<Rule Name="21.1" Mode="required" Report="warning" Id="49">
<Loc File="C:\component\SF105A_MotCurrRegVltgLimr_Impl\src\CDD_MotCurrRegVltgLimr_MotCtrl.c" Line="386" Column="4">
</Loc>
<Message>
Minimisation of run-time failures.
</Message>
</Rule>

<Rule Name="21.1" Mode="required" Report="warning" Id="50">
<Loc File="C:\component\SF105A_MotCurrRegVltgLimr_Impl\src\CDD_MotCurrRegVltgLimr_MotCtrl.c" Line="388" Column="4">
</Loc>
<Message>
Minimisation of run-time failures.
</Message>
</Rule>

<Rule Name="21.1" Mode="required" Report="warning" Id="51">
<Loc File="C:\component\SF105A_MotCurrRegVltgLimr_Impl\src\CDD_MotCurrRegVltgLimr_MotCtrl.c" Line="400" Column="4">
</Loc>
<Message>
Minimisation of run-time failures.
</Message>
</Rule>

<Rule Name="21.1" Mode="required" Report="warning" Id="52">
<Loc File="C:\component\SF105A_MotCurrRegVltgLimr_Impl\src\CDD_MotCurrRegVltgLimr_MotCtrl.c" Line="418" Column="4">
</Loc>
<Message>
Minimisation of run-time failures.
</Message>
</Rule>

<Rule Name="21.1" Mode="required" Report="warning" Id="53">
<Loc File="C:\component\SF105A_MotCurrRegVltgLimr_Impl\src\CDD_MotCurrRegVltgLimr_MotCtrl.c" Line="426" Column="4">
</Loc>
<Message>
Minimisation of run-time failures.
</Message>
</Rule>

<Rule Name="21.1" Mode="required" Report="warning" Id="54">
<Loc File="C:\component\SF105A_MotCurrRegVltgLimr_Impl\src\CDD_MotCurrRegVltgLimr_MotCtrl.c" Line="436" Column="4">
</Loc>
<Message>
Minimisation of run-time failures.
</Message>
</Rule>

<Rule Name="21.1" Mode="required" Report="warning" Id="55">
<Loc File="C:\component\SF105A_MotCurrRegVltgLimr_Impl\src\CDD_MotCurrRegVltgLimr_MotCtrl.c" Line="444" Column="4">
</Loc>
<Message>
Minimisation of run-time failures.
</Message>
</Rule>

<Rule Name="21.1" Mode="required" Report="warning" Id="56">
<Loc File="C:\component\SF105A_MotCurrRegVltgLimr_Impl\src\CDD_MotCurrRegVltgLimr_MotCtrl.c" Line="471" Column="4">
</Loc>
<Message>
Minimisation of run-time failures.
</Message>
</Rule>

<Rule Name="5.1" Mode="required" Report="warning" Id="57">
<Loc File="C:\component\SF105A_MotCurrRegVltgLimr_Impl\src\CDD_MotCurrRegVltgLimr_MotCtrl.c" Line="620" Column="120">
</Loc>
<Message>
Identifiers "MotCtrlDualEcuMotCtrlMtgtnEna_Cnt_T_logl" (CDD_MotCurrRegVltgLimr_MotCtrl.c line 620 column 120) and "MotCtrlDualEcuMotCtrlMtgtnEna_Cnt_T_logl" (CDD_MotCurrRegVltgLimr_MotCtrl.c line 141 column 16) have the same first 40 characters.
</Message>
</Rule>

</CodeStruct>

<CodeStruct Name="ErrorCalcQax" File="C:\component\SF105A_MotCurrRegVltgLimr_Impl\src\CDD_MotCurrRegVltgLimr_MotCtrl.c" Line="577" Column="15">

<Rule Name="21.1" Mode="required" Report="warning" Id="58">
<Loc File="C:\component\SF105A_MotCurrRegVltgLimr_Impl\src\CDD_MotCurrRegVltgLimr_MotCtrl.c" Line="599" Column="4">
</Loc>
<Message>
Minimisation of run-time failures.
</Message>
</Rule>

<Rule Name="21.1" Mode="required" Report="warning" Id="59">
<Loc File="C:\component\SF105A_MotCurrRegVltgLimr_Impl\src\CDD_MotCurrRegVltgLimr_MotCtrl.c" Line="602" Column="4">
</Loc>
<Message>
Minimisation of run-time failures.
</Message>
</Rule>

</CodeStruct>

<CodeStruct Name="LoaScaFac" File="C:\component\SF105A_MotCurrRegVltgLimr_Impl\src\CDD_MotCurrRegVltgLimr_MotCtrl.c" Line="618" Column="12">

<Rule Name="21.1" Mode="required" Report="warning" Id="60">
<Loc File="C:\component\SF105A_MotCurrRegVltgLimr_Impl\src\CDD_MotCurrRegVltgLimr_MotCtrl.c" Line="628" Column="139">
</Loc>
<Message>
Minimisation of run-time failures.
</Message>
</Rule>

<Rule Name="21.1" Mode="required" Report="warning" Id="61">
<Loc File="C:\component\SF105A_MotCurrRegVltgLimr_Impl\src\CDD_MotCurrRegVltgLimr_MotCtrl.c" Line="634" Column="139">
</Loc>
<Message>
Minimisation of run-time failures.
</Message>
</Rule>

<Rule Name="21.1" Mode="required" Report="warning" Id="62">
<Loc File="C:\component\SF105A_MotCurrRegVltgLimr_Impl\src\CDD_MotCurrRegVltgLimr_MotCtrl.c" Line="638" Column="4">
</Loc>
<Message>
Minimisation of run-time failures.
</Message>
</Rule>

<Rule Name="21.1" Mode="required" Report="warning" Id="63">
<Loc File="C:\component\SF105A_MotCurrRegVltgLimr_Impl\src\CDD_MotCurrRegVltgLimr_MotCtrl.c" Line="643" Column="137">
</Loc>
<Message>
Minimisation of run-time failures.
</Message>
</Rule>

<Rule Name="21.1" Mode="required" Report="warning" Id="64">
<Loc File="C:\component\SF105A_MotCurrRegVltgLimr_Impl\src\CDD_MotCurrRegVltgLimr_MotCtrl.c" Line="649" Column="137">
</Loc>
<Message>
Minimisation of run-time failures.
</Message>
</Rule>

<Rule Name="21.1" Mode="required" Report="warning" Id="65">
<Loc File="C:\component\SF105A_MotCurrRegVltgLimr_Impl\src\CDD_MotCurrRegVltgLimr_MotCtrl.c" Line="653" Column="4">
</Loc>
<Message>
Minimisation of run-time failures.
</Message>
</Rule>

<Rule Name="21.1" Mode="required" Report="warning" Id="66">
<Loc File="C:\component\SF105A_MotCurrRegVltgLimr_Impl\src\CDD_MotCurrRegVltgLimr_MotCtrl.c" Line="658" Column="184">
</Loc>
<Message>
Minimisation of run-time failures.
</Message>
</Rule>

<Rule Name="21.1" Mode="required" Report="warning" Id="67">
<Loc File="C:\component\SF105A_MotCurrRegVltgLimr_Impl\src\CDD_MotCurrRegVltgLimr_MotCtrl.c" Line="664" Column="184">
</Loc>
<Message>
Minimisation of run-time failures.
</Message>
</Rule>

<Rule Name="21.1" Mode="required" Report="warning" Id="68">
<Loc File="C:\component\SF105A_MotCurrRegVltgLimr_Impl\src\CDD_MotCurrRegVltgLimr_MotCtrl.c" Line="668" Column="8">
</Loc>
<Message>
Minimisation of run-time failures.
</Message>
</Rule>

</CodeStruct>

</MISRA-C-Report>
