<?xml version="1.0" encoding="UTF-8"?>

<MISRA-C-Report version="1.3">


<CodeStruct Name="ChkFlg" File="C:\Component\SF043A_TqOscn_Impl\src\TqOscn.c" Line="526" Column="16">

<Rule Name="21.1" Mode="required" Report="warning" Id="7">
<Loc File="C:\Component\SF043A_TqOscn_Impl\src\TqOscn.c" Line="530" Column="17">
</Loc>
<Message>
Minimisation of run-time failures.
</Message>
</Rule>

</CodeStruct>

<CodeStruct Name="AmpRateLim" File="C:\Component\SF043A_TqOscn_Impl\src\TqOscn.c" Line="464" Column="16">

<Rule Name="21.1" Mode="required" Report="warning" Id="6">
<Loc File="C:\Component\SF043A_TqOscn_Impl\src\TqOscn.c" Line="500" Column="161">
</Loc>
<Message>
Minimisation of run-time failures.
</Message>
</Rule>

</CodeStruct>

<CodeStruct Name="" File="C:\Component\SF043A_TqOscn_Impl\src\TqOscn.c" Line="0" Column="0">

<Rule Name="19.1" Mode="advisory" Report="warning" Id="1">
<Loc File="C:\Component\SF043A_TqOscn_Impl\src\TqOscn.c" Line="172" Column="0">
</Loc>
<Message>
#include statements in a file shall only be preceded by other preprocessor directives or comments.
</Message>
</Rule>

<Rule Name="19.11" Mode="required" Report="warning" Id="2">
<Loc File="C:\Component\SF043A_TqOscn_Impl\src\TqOscn.c" Line="395" Column="0">
</Loc>
<Message>
`FLTINJENA' is not defined.
</Message>
</Rule>

<Rule Name="19.1" Mode="advisory" Report="warning" Id="3">
<Loc File="C:\Component\SF043A_TqOscn_Impl\src\TqOscn.c" Line="448" Column="0">
</Loc>
<Message>
#include statements in a file shall only be preceded by other preprocessor directives or comments.
</Message>
</Rule>

<Rule Name="5.1" Mode="required" Report="warning" Id="4">
<Loc File="C:\Component\SF043A_TqOscn_Impl\src\TqOscn.c" Line="465" Column="96">
</Loc>
<Message>
Identifiers "HwOscnRisngRampRate_MotNwtMtrPerSec_T_f32" (TqOscn.c line 465 column 96) and "HwOscnRisngRampRate_MotNwtMtrPerSec_T_f32" (TqOscn.c line 108 column 96) have the same first 41 characters.
</Message>
</Rule>

<Rule Name="5.1" Mode="required" Report="warning" Id="5">
<Loc File="C:\Component\SF043A_TqOscn_Impl\src\TqOscn.c" Line="466" Column="96">
</Loc>
<Message>
Identifiers "HwOscnFallRampRate_MotNwtMtrPerSec_T_f32" (TqOscn.c line 466 column 96) and "HwOscnFallRampRate_MotNwtMtrPerSec_T_f32" (TqOscn.c line 109 column 96) have the same first 40 characters.
</Message>
</Rule>

</CodeStruct>

<CodeStruct Name="TqOscnInit1" File="C:\Component\SF043A_TqOscn_Impl\src\TqOscn.c" Line="184" Column="5">

<Rule Name="21.1" Mode="required" Report="warning" Id="8">
<Loc File="C:\Component\SF043A_TqOscn_Impl\src\TqOscn.c" Line="192" Column="53">
</Loc>
<Message>
Minimisation of run-time failures.
</Message>
</Rule>

<Rule Name="21.1" Mode="required" Report="warning" Id="9">
<Loc File="C:\Component\SF043A_TqOscn_Impl\src\TqOscn.c" Line="194" Column="1">
</Loc>
<Message>
Minimisation of run-time failures.
</Message>
</Rule>

<Rule Name="21.1" Mode="required" Report="warning" Id="10">
<Loc File="C:\Component\SF043A_TqOscn_Impl\src\TqOscn.c" Line="195" Column="1">
</Loc>
<Message>
Minimisation of run-time failures.
</Message>
</Rule>

<Rule Name="21.1" Mode="required" Report="warning" Id="11">
<Loc File="C:\Component\SF043A_TqOscn_Impl\src\TqOscn.c" Line="196" Column="1">
</Loc>
<Message>
Minimisation of run-time failures.
</Message>
</Rule>

</CodeStruct>

<CodeStruct Name="TqOscnPer1" File="C:\Component\SF043A_TqOscn_Impl\src\TqOscn.c" Line="241" Column="5">

<Rule Name="5.1" Mode="required" Report="warning" Id="12">
<Loc File="C:\Component\SF043A_TqOscn_Impl\src\TqOscn.c" Line="267" Column="16">
</Loc>
<Message>
Identifiers "HwOscnRisngRampRate_MotNwtMtrPerSec_T_f32" (TqOscn.c line 108 column 96) and "HwOscnRisngRampRate_MotNwtMtrPerSec_T_f32" (TqOscn.c line 267 column 16) have the same first 41 characters.
</Message>
</Rule>

<Rule Name="5.1" Mode="required" Report="warning" Id="13">
<Loc File="C:\Component\SF043A_TqOscn_Impl\src\TqOscn.c" Line="268" Column="16">
</Loc>
<Message>
Identifiers "HwOscnFallRampRate_MotNwtMtrPerSec_T_f32" (TqOscn.c line 109 column 96) and "HwOscnFallRampRate_MotNwtMtrPerSec_T_f32" (TqOscn.c line 268 column 16) have the same first 40 characters.
</Message>
</Rule>

<Rule Name="9.1" Mode="required" Report="warning" Id="14">
<Loc File="C:\Component\SF043A_TqOscn_Impl\src\TqOscn.c" Line="285" Column="19">
</Loc>
<Message>
All automatic variables shall have been assigned a value before being used.
</Message>
</Rule>

<Rule Name="21.1" Mode="required" Report="warning" Id="15">
<Loc File="C:\Component\SF043A_TqOscn_Impl\src\TqOscn.c" Line="285" Column="51">
</Loc>
<Message>
Minimisation of run-time failures.
</Message>
</Rule>

<Rule Name="21.1" Mode="required" Report="warning" Id="16">
<Loc File="C:\Component\SF043A_TqOscn_Impl\src\TqOscn.c" Line="285" Column="68">
</Loc>
<Message>
Minimisation of run-time failures.
</Message>
</Rule>

<Rule Name="9.1" Mode="required" Report="warning" Id="17">
<Loc File="C:\Component\SF043A_TqOscn_Impl\src\TqOscn.c" Line="289" Column="64">
</Loc>
<Message>
All automatic variables shall have been assigned a value before being used.
</Message>
</Rule>

<Rule Name="21.1" Mode="required" Report="warning" Id="18">
<Loc File="C:\Component\SF043A_TqOscn_Impl\src\TqOscn.c" Line="292" Column="49">
</Loc>
<Message>
Minimisation of run-time failures.
</Message>
</Rule>

<Rule Name="11.5" Mode="required" Report="warning" Id="19">
<Loc File="C:\Component\SF043A_TqOscn_Impl\src\TqOscn.c" Line="292" Column="50">
</Loc>
<Message>
A cast shall not be performed that removes any const or volatile qualification
from the type addressed by a pointer.
</Message>
</Rule>

<Rule Name="21.1" Mode="required" Report="warning" Id="20">
<Loc File="C:\Component\SF043A_TqOscn_Impl\src\TqOscn.c" Line="294" Column="52">
</Loc>
<Message>
Minimisation of run-time failures.
</Message>
</Rule>

<Rule Name="11.5" Mode="required" Report="warning" Id="21">
<Loc File="C:\Component\SF043A_TqOscn_Impl\src\TqOscn.c" Line="294" Column="53">
</Loc>
<Message>
A cast shall not be performed that removes any const or volatile qualification
from the type addressed by a pointer.
</Message>
</Rule>

<Rule Name="21.1" Mode="required" Report="warning" Id="22">
<Loc File="C:\Component\SF043A_TqOscn_Impl\src\TqOscn.c" Line="296" Column="54">
</Loc>
<Message>
Minimisation of run-time failures.
</Message>
</Rule>

<Rule Name="11.5" Mode="required" Report="warning" Id="23">
<Loc File="C:\Component\SF043A_TqOscn_Impl\src\TqOscn.c" Line="296" Column="55">
</Loc>
<Message>
A cast shall not be performed that removes any const or volatile qualification
from the type addressed by a pointer.
</Message>
</Rule>

<Rule Name="12.3" Mode="required" Report="warning" Id="24">
<Loc File="C:\Component\SF043A_TqOscn_Impl\src\TqOscn.c" Line="296" Column="115">
</Loc>
<Message>
The sizeof operator should not be used on expressions that contain side effects.
</Message>
</Rule>

<Rule Name="11.5" Mode="required" Report="warning" Id="25">
<Loc File="C:\Component\SF043A_TqOscn_Impl\src\TqOscn.c" Line="296" Column="124">
</Loc>
<Message>
A cast shall not be performed that removes any const or volatile qualification
from the type addressed by a pointer.
</Message>
</Rule>

<Rule Name="12.3" Mode="required" Report="warning" Id="26">
<Loc File="C:\Component\SF043A_TqOscn_Impl\src\TqOscn.c" Line="296" Column="184">
</Loc>
<Message>
The sizeof operator should not be used on expressions that contain side effects.
</Message>
</Rule>

<Rule Name="11.5" Mode="required" Report="warning" Id="27">
<Loc File="C:\Component\SF043A_TqOscn_Impl\src\TqOscn.c" Line="296" Column="194">
</Loc>
<Message>
A cast shall not be performed that removes any const or volatile qualification
from the type addressed by a pointer.
</Message>
</Rule>

<Rule Name="21.1" Mode="required" Report="warning" Id="28">
<Loc File="C:\Component\SF043A_TqOscn_Impl\src\TqOscn.c" Line="299" Column="52">
</Loc>
<Message>
Minimisation of run-time failures.
</Message>
</Rule>

<Rule Name="11.5" Mode="required" Report="warning" Id="29">
<Loc File="C:\Component\SF043A_TqOscn_Impl\src\TqOscn.c" Line="299" Column="53">
</Loc>
<Message>
A cast shall not be performed that removes any const or volatile qualification
from the type addressed by a pointer.
</Message>
</Rule>

<Rule Name="12.3" Mode="required" Report="warning" Id="30">
<Loc File="C:\Component\SF043A_TqOscn_Impl\src\TqOscn.c" Line="299" Column="113">
</Loc>
<Message>
The sizeof operator should not be used on expressions that contain side effects.
</Message>
</Rule>

<Rule Name="11.5" Mode="required" Report="warning" Id="31">
<Loc File="C:\Component\SF043A_TqOscn_Impl\src\TqOscn.c" Line="299" Column="122">
</Loc>
<Message>
A cast shall not be performed that removes any const or volatile qualification
from the type addressed by a pointer.
</Message>
</Rule>

<Rule Name="12.3" Mode="required" Report="warning" Id="32">
<Loc File="C:\Component\SF043A_TqOscn_Impl\src\TqOscn.c" Line="299" Column="182">
</Loc>
<Message>
The sizeof operator should not be used on expressions that contain side effects.
</Message>
</Rule>

<Rule Name="11.5" Mode="required" Report="warning" Id="33">
<Loc File="C:\Component\SF043A_TqOscn_Impl\src\TqOscn.c" Line="299" Column="192">
</Loc>
<Message>
A cast shall not be performed that removes any const or volatile qualification
from the type addressed by a pointer.
</Message>
</Rule>

<Rule Name="21.1" Mode="required" Report="warning" Id="34">
<Loc File="C:\Component\SF043A_TqOscn_Impl\src\TqOscn.c" Line="304" Column="32">
</Loc>
<Message>
Minimisation of run-time failures.
</Message>
</Rule>

<Rule Name="11.5" Mode="required" Report="warning" Id="35">
<Loc File="C:\Component\SF043A_TqOscn_Impl\src\TqOscn.c" Line="304" Column="33">
</Loc>
<Message>
A cast shall not be performed that removes any const or volatile qualification
from the type addressed by a pointer.
</Message>
</Rule>

<Rule Name="21.1" Mode="required" Report="warning" Id="36">
<Loc File="C:\Component\SF043A_TqOscn_Impl\src\TqOscn.c" Line="309" Column="52">
</Loc>
<Message>
Minimisation of run-time failures.
</Message>
</Rule>

<Rule Name="11.5" Mode="required" Report="warning" Id="37">
<Loc File="C:\Component\SF043A_TqOscn_Impl\src\TqOscn.c" Line="309" Column="53">
</Loc>
<Message>
A cast shall not be performed that removes any const or volatile qualification
from the type addressed by a pointer.
</Message>
</Rule>

<Rule Name="21.1" Mode="required" Report="warning" Id="38">
<Loc File="C:\Component\SF043A_TqOscn_Impl\src\TqOscn.c" Line="315" Column="52">
</Loc>
<Message>
Minimisation of run-time failures.
</Message>
</Rule>

<Rule Name="11.5" Mode="required" Report="warning" Id="39">
<Loc File="C:\Component\SF043A_TqOscn_Impl\src\TqOscn.c" Line="315" Column="53">
</Loc>
<Message>
A cast shall not be performed that removes any const or volatile qualification
from the type addressed by a pointer.
</Message>
</Rule>

<Rule Name="21.1" Mode="required" Report="warning" Id="40">
<Loc File="C:\Component\SF043A_TqOscn_Impl\src\TqOscn.c" Line="317" Column="55">
</Loc>
<Message>
Minimisation of run-time failures.
</Message>
</Rule>

<Rule Name="11.5" Mode="required" Report="warning" Id="41">
<Loc File="C:\Component\SF043A_TqOscn_Impl\src\TqOscn.c" Line="317" Column="56">
</Loc>
<Message>
A cast shall not be performed that removes any const or volatile qualification
from the type addressed by a pointer.
</Message>
</Rule>

<Rule Name="21.1" Mode="required" Report="warning" Id="42">
<Loc File="C:\Component\SF043A_TqOscn_Impl\src\TqOscn.c" Line="320" Column="56">
</Loc>
<Message>
Minimisation of run-time failures.
</Message>
</Rule>

<Rule Name="11.5" Mode="required" Report="warning" Id="43">
<Loc File="C:\Component\SF043A_TqOscn_Impl\src\TqOscn.c" Line="320" Column="57">
</Loc>
<Message>
A cast shall not be performed that removes any const or volatile qualification
from the type addressed by a pointer.
</Message>
</Rule>

<Rule Name="12.3" Mode="required" Report="warning" Id="44">
<Loc File="C:\Component\SF043A_TqOscn_Impl\src\TqOscn.c" Line="320" Column="117">
</Loc>
<Message>
The sizeof operator should not be used on expressions that contain side effects.
</Message>
</Rule>

<Rule Name="11.5" Mode="required" Report="warning" Id="45">
<Loc File="C:\Component\SF043A_TqOscn_Impl\src\TqOscn.c" Line="320" Column="126">
</Loc>
<Message>
A cast shall not be performed that removes any const or volatile qualification
from the type addressed by a pointer.
</Message>
</Rule>

<Rule Name="12.3" Mode="required" Report="warning" Id="46">
<Loc File="C:\Component\SF043A_TqOscn_Impl\src\TqOscn.c" Line="320" Column="186">
</Loc>
<Message>
The sizeof operator should not be used on expressions that contain side effects.
</Message>
</Rule>

<Rule Name="11.5" Mode="required" Report="warning" Id="47">
<Loc File="C:\Component\SF043A_TqOscn_Impl\src\TqOscn.c" Line="320" Column="196">
</Loc>
<Message>
A cast shall not be performed that removes any const or volatile qualification
from the type addressed by a pointer.
</Message>
</Rule>

<Rule Name="21.1" Mode="required" Report="warning" Id="48">
<Loc File="C:\Component\SF043A_TqOscn_Impl\src\TqOscn.c" Line="322" Column="55">
</Loc>
<Message>
Minimisation of run-time failures.
</Message>
</Rule>

<Rule Name="11.5" Mode="required" Report="warning" Id="49">
<Loc File="C:\Component\SF043A_TqOscn_Impl\src\TqOscn.c" Line="322" Column="56">
</Loc>
<Message>
A cast shall not be performed that removes any const or volatile qualification
from the type addressed by a pointer.
</Message>
</Rule>

<Rule Name="12.3" Mode="required" Report="warning" Id="50">
<Loc File="C:\Component\SF043A_TqOscn_Impl\src\TqOscn.c" Line="322" Column="119">
</Loc>
<Message>
The sizeof operator should not be used on expressions that contain side effects.
</Message>
</Rule>

<Rule Name="11.5" Mode="required" Report="warning" Id="51">
<Loc File="C:\Component\SF043A_TqOscn_Impl\src\TqOscn.c" Line="322" Column="128">
</Loc>
<Message>
A cast shall not be performed that removes any const or volatile qualification
from the type addressed by a pointer.
</Message>
</Rule>

<Rule Name="12.3" Mode="required" Report="warning" Id="52">
<Loc File="C:\Component\SF043A_TqOscn_Impl\src\TqOscn.c" Line="322" Column="191">
</Loc>
<Message>
The sizeof operator should not be used on expressions that contain side effects.
</Message>
</Rule>

<Rule Name="11.5" Mode="required" Report="warning" Id="53">
<Loc File="C:\Component\SF043A_TqOscn_Impl\src\TqOscn.c" Line="322" Column="201">
</Loc>
<Message>
A cast shall not be performed that removes any const or volatile qualification
from the type addressed by a pointer.
</Message>
</Rule>

<Rule Name="21.1" Mode="required" Report="warning" Id="54">
<Loc File="C:\Component\SF043A_TqOscn_Impl\src\TqOscn.c" Line="327" Column="32">
</Loc>
<Message>
Minimisation of run-time failures.
</Message>
</Rule>

<Rule Name="11.5" Mode="required" Report="warning" Id="55">
<Loc File="C:\Component\SF043A_TqOscn_Impl\src\TqOscn.c" Line="327" Column="33">
</Loc>
<Message>
A cast shall not be performed that removes any const or volatile qualification
from the type addressed by a pointer.
</Message>
</Rule>

<Rule Name="21.1" Mode="required" Report="warning" Id="56">
<Loc File="C:\Component\SF043A_TqOscn_Impl\src\TqOscn.c" Line="331" Column="55">
</Loc>
<Message>
Minimisation of run-time failures.
</Message>
</Rule>

<Rule Name="11.5" Mode="required" Report="warning" Id="57">
<Loc File="C:\Component\SF043A_TqOscn_Impl\src\TqOscn.c" Line="331" Column="56">
</Loc>
<Message>
A cast shall not be performed that removes any const or volatile qualification
from the type addressed by a pointer.
</Message>
</Rule>

<Rule Name="9.1" Mode="required" Report="warning" Id="58">
<Loc File="C:\Component\SF043A_TqOscn_Impl\src\TqOscn.c" Line="336" Column="88">
</Loc>
<Message>
All automatic variables shall have been assigned a value before being used.
</Message>
</Rule>

<Rule Name="21.1" Mode="required" Report="warning" Id="59">
<Loc File="C:\Component\SF043A_TqOscn_Impl\src\TqOscn.c" Line="341" Column="16">
</Loc>
<Message>
Minimisation of run-time failures.
</Message>
</Rule>

<Rule Name="21.1" Mode="required" Report="warning" Id="60">
<Loc File="C:\Component\SF043A_TqOscn_Impl\src\TqOscn.c" Line="341" Column="33">
</Loc>
<Message>
Minimisation of run-time failures.
</Message>
</Rule>

<Rule Name="21.1" Mode="required" Report="warning" Id="61">
<Loc File="C:\Component\SF043A_TqOscn_Impl\src\TqOscn.c" Line="342" Column="16">
</Loc>
<Message>
Minimisation of run-time failures.
</Message>
</Rule>

<Rule Name="21.1" Mode="required" Report="warning" Id="62">
<Loc File="C:\Component\SF043A_TqOscn_Impl\src\TqOscn.c" Line="343" Column="16">
</Loc>
<Message>
Minimisation of run-time failures.
</Message>
</Rule>

<Rule Name="9.1" Mode="required" Report="warning" Id="63">
<Loc File="C:\Component\SF043A_TqOscn_Impl\src\TqOscn.c" Line="343" Column="87">
</Loc>
<Message>
All automatic variables shall have been assigned a value before being used.
</Message>
</Rule>

<Rule Name="21.1" Mode="required" Report="warning" Id="64">
<Loc File="C:\Component\SF043A_TqOscn_Impl\src\TqOscn.c" Line="344" Column="16">
</Loc>
<Message>
Minimisation of run-time failures.
</Message>
</Rule>

<Rule Name="9.1" Mode="required" Report="warning" Id="65">
<Loc File="C:\Component\SF043A_TqOscn_Impl\src\TqOscn.c" Line="344" Column="79">
</Loc>
<Message>
All automatic variables shall have been assigned a value before being used.
</Message>
</Rule>

<Rule Name="21.1" Mode="required" Report="warning" Id="66">
<Loc File="C:\Component\SF043A_TqOscn_Impl\src\TqOscn.c" Line="349" Column="82">
</Loc>
<Message>
Minimisation of run-time failures.
</Message>
</Rule>

<Rule Name="21.1" Mode="required" Report="warning" Id="67">
<Loc File="C:\Component\SF043A_TqOscn_Impl\src\TqOscn.c" Line="349" Column="99">
</Loc>
<Message>
Minimisation of run-time failures.
</Message>
</Rule>

<Rule Name="21.1" Mode="required" Report="warning" Id="68">
<Loc File="C:\Component\SF043A_TqOscn_Impl\src\TqOscn.c" Line="350" Column="82">
</Loc>
<Message>
Minimisation of run-time failures.
</Message>
</Rule>

<Rule Name="21.1" Mode="required" Report="warning" Id="69">
<Loc File="C:\Component\SF043A_TqOscn_Impl\src\TqOscn.c" Line="351" Column="66">
</Loc>
<Message>
Minimisation of run-time failures.
</Message>
</Rule>

<Rule Name="21.1" Mode="required" Report="warning" Id="70">
<Loc File="C:\Component\SF043A_TqOscn_Impl\src\TqOscn.c" Line="352" Column="66">
</Loc>
<Message>
Minimisation of run-time failures.
</Message>
</Rule>

<Rule Name="21.1" Mode="required" Report="warning" Id="71">
<Loc File="C:\Component\SF043A_TqOscn_Impl\src\TqOscn.c" Line="355" Column="8">
</Loc>
<Message>
Minimisation of run-time failures.
</Message>
</Rule>

<Rule Name="21.1" Mode="required" Report="warning" Id="72">
<Loc File="C:\Component\SF043A_TqOscn_Impl\src\TqOscn.c" Line="359" Column="60">
</Loc>
<Message>
Minimisation of run-time failures.
</Message>
</Rule>

<Rule Name="21.1" Mode="required" Report="warning" Id="73">
<Loc File="C:\Component\SF043A_TqOscn_Impl\src\TqOscn.c" Line="384" Column="8">
</Loc>
<Message>
Minimisation of run-time failures.
</Message>
</Rule>

<Rule Name="21.1" Mode="required" Report="warning" Id="74">
<Loc File="C:\Component\SF043A_TqOscn_Impl\src\TqOscn.c" Line="385" Column="8">
</Loc>
<Message>
Minimisation of run-time failures.
</Message>
</Rule>

<Rule Name="21.1" Mode="required" Report="warning" Id="75">
<Loc File="C:\Component\SF043A_TqOscn_Impl\src\TqOscn.c" Line="389" Column="8">
</Loc>
<Message>
Minimisation of run-time failures.
</Message>
</Rule>

<Rule Name="21.1" Mode="required" Report="warning" Id="76">
<Loc File="C:\Component\SF043A_TqOscn_Impl\src\TqOscn.c" Line="391" Column="8">
</Loc>
<Message>
Minimisation of run-time failures.
</Message>
</Rule>

<Rule Name="21.1" Mode="required" Report="warning" Id="77">
<Loc File="C:\Component\SF043A_TqOscn_Impl\src\TqOscn.c" Line="410" Column="46">
</Loc>
<Message>
Minimisation of run-time failures.
</Message>
</Rule>

<Rule Name="21.1" Mode="required" Report="warning" Id="78">
<Loc File="C:\Component\SF043A_TqOscn_Impl\src\TqOscn.c" Line="421" Column="8">
</Loc>
<Message>
Minimisation of run-time failures.
</Message>
</Rule>

<Rule Name="21.1" Mode="required" Report="warning" Id="79">
<Loc File="C:\Component\SF043A_TqOscn_Impl\src\TqOscn.c" Line="434" Column="8">
</Loc>
<Message>
Minimisation of run-time failures.
</Message>
</Rule>

<Rule Name="5.1" Mode="required" Report="warning" Id="80">
<Loc File="C:\Component\SF043A_TqOscn_Impl\src\TqOscn.c" Line="465" Column="96">
</Loc>
<Message>
Identifiers "HwOscnRisngRampRate_MotNwtMtrPerSec_T_f32" (TqOscn.c line 465 column 96) and "HwOscnRisngRampRate_MotNwtMtrPerSec_T_f32" (TqOscn.c line 267 column 16) have the same first 41 characters.
</Message>
</Rule>

<Rule Name="5.1" Mode="required" Report="warning" Id="81">
<Loc File="C:\Component\SF043A_TqOscn_Impl\src\TqOscn.c" Line="466" Column="96">
</Loc>
<Message>
Identifiers "HwOscnFallRampRate_MotNwtMtrPerSec_T_f32" (TqOscn.c line 466 column 96) and "HwOscnFallRampRate_MotNwtMtrPerSec_T_f32" (TqOscn.c line 268 column 16) have the same first 40 characters.
</Message>
</Rule>

</CodeStruct>

</MISRA-C-Report>
