<?xml version="1.0" encoding="UTF-8"?>
<MISRA-C-Report-Summary>
<File Mode="required" Error="0" Warning="3" Total="3">
<Name>
C:\Component\SF031A_CurrReasbnDiagc_Impl\include\CurrReasbnDiagc_MotCtrl_MemMap.h</Name>
</File>
<File Mode="advisory" Error="0" Warning="1" Total="1">
<Name>
C:\Component\SF031A_CurrReasbnDiagc_Impl\src\CurrReasbnDiagc.c</Name>
</File>
<File Mode="required" Error="0" Warning="28" Total="28">
<Name>
C:\Component\SF031A_CurrReasbnDiagc_Impl\src\CurrReasbnDiagc.c</Name>
</File>
<File Mode="advisory" Error="0" Warning="1" Total="1">
<Name>
C:\Component\SF031A_CurrReasbnDiagc_Impl\src\CurrReasbnDiagc_MotCtrl.c</Name>
</File>
<File Mode="required" Error="0" Warning="4" Total="4">
<Name>
C:\Component\SF031A_CurrReasbnDiagc_Impl\src\CurrReasbnDiagc_MotCtrl.c</Name>
</File>
<Rule Name="21.1" Count="19" Mode="required" Severity="warning">
<Message>
Minimisation of run-time failures.</Message>
</Rule>
<Rule Name="9.1" Count="9" Mode="required" Severity="warning">
<Message>
All automatic variables shall have been assigned a value before being used.</Message>
</Rule>
<Rule Name="12.4" Count="2" Mode="required" Severity="warning">
<Message>
The right hand operand of a logical &amp;&amp; or || operator shall not contain side effects.</Message>
</Rule>
<Rule Name="19.1" Count="2" Mode="advisory" Severity="warning">
<Message>
#include statements in a file shall only be preceded by other preprocessor directives or comments.</Message>
</Rule>
<Rule Name="19.6" Count="2" Mode="required" Severity="warning">
<Message>
#undef shall not be used.</Message>
</Rule>
<Rule Name="8.1" Count="2" Mode="required" Severity="warning">
<Message>
</Message>
</Rule>
<Rule Name="19.15" Count="1" Mode="required" Severity="warning">
<Message>
Precautions shall be taken in order to prevent the contents of a header file being included twice.</Message>
</Rule>
</MISRA-C-Report-Summary>
