<?xml version="1.0" encoding="UTF-8"?>

<MISRA-C-Report version="1.3">


<CodeStruct Name="" File="C:\Component\SF031A_CurrReasbnDiagc_Impl\src\CurrReasbnDiagc.c" Line="0" Column="0">

<Rule Name="19.1" Mode="advisory" Report="warning" Id="7">
<Loc File="C:\Component\SF031A_CurrReasbnDiagc_Impl\src\CurrReasbnDiagc.c" Line="874" Column="0">
</Loc>
<Message>
#include statements in a file shall only be preceded by other preprocessor directives or comments.
</Message>
</Rule>

</CodeStruct>

<CodeStruct Name="" File="C:\Component\SF031A_CurrReasbnDiagc_Impl\src\CurrReasbnDiagc_MotCtrl.c" Line="0" Column="0">

<Rule Name="8.1" Mode="required" Report="warning" Id="4">
<Loc File="C:\Component\SF031A_CurrReasbnDiagc_Impl\src\CurrReasbnDiagc_MotCtrl.c" Line="68" Column="5">
</Loc>
<Message>
Function 'CurrReasbnDiagcInit1' has no visible prototype at definition.
</Message>
</Rule>

<Rule Name="8.1" Mode="required" Report="warning" Id="5">
<Loc File="C:\Component\SF031A_CurrReasbnDiagc_Impl\src\CurrReasbnDiagc_MotCtrl.c" Line="82" Column="5">
</Loc>
<Message>
Function 'CurrReasbnDiagcPer1' has no visible prototype at definition.
</Message>
</Rule>

<Rule Name="19.1" Mode="advisory" Report="warning" Id="6">
<Loc File="C:\Component\SF031A_CurrReasbnDiagc_Impl\src\CurrReasbnDiagc_MotCtrl.c" Line="114" Column="0">
</Loc>
<Message>
#include statements in a file shall only be preceded by other preprocessor directives or comments.
</Message>
</Rule>

</CodeStruct>

<CodeStruct Name="" File="C:\Component\SF031A_CurrReasbnDiagc_Impl\include\CurrReasbnDiagc_MotCtrl_MemMap.h" Line="0" Column="0">

<Rule Name="19.15" Mode="required" Report="warning" Id="1">
<Loc File="C:\Component\SF031A_CurrReasbnDiagc_Impl\include\CurrReasbnDiagc_MotCtrl_MemMap.h" Line="1" Column="0">
</Loc>
<Message>
Precautions shall be taken in order to prevent the contents of a header file being included twice.
</Message>
</Rule>

<Rule Name="19.6" Mode="required" Report="warning" Id="2">
<Loc File="C:\Component\SF031A_CurrReasbnDiagc_Impl\include\CurrReasbnDiagc_MotCtrl_MemMap.h" Line="25" Column="0">
</Loc>
<Message>
#undef shall not be used.
</Message>
</Rule>

<Rule Name="19.6" Mode="required" Report="warning" Id="3">
<Loc File="C:\Component\SF031A_CurrReasbnDiagc_Impl\include\CurrReasbnDiagc_MotCtrl_MemMap.h" Line="31" Column="0">
</Loc>
<Message>
#undef shall not be used.
</Message>
</Rule>

</CodeStruct>

<CodeStruct Name="CurrReasbnDiagcPer1" File="C:\Component\SF031A_CurrReasbnDiagc_Impl\src\CurrReasbnDiagc_MotCtrl.c" Line="82" Column="5">

<Rule Name="21.1" Mode="required" Report="warning" Id="8">
<Loc File="C:\Component\SF031A_CurrReasbnDiagc_Impl\src\CurrReasbnDiagc_MotCtrl.c" Line="91" Column="124">
</Loc>
<Message>
Minimisation of run-time failures.
</Message>
</Rule>

</CodeStruct>

<CodeStruct Name="CurrReasbnDiagcInit2" File="C:\Component\SF031A_CurrReasbnDiagc_Impl\src\CurrReasbnDiagc.c" Line="694" Column="5">

<Rule Name="21.1" Mode="required" Report="warning" Id="9">
<Loc File="C:\Component\SF031A_CurrReasbnDiagc_Impl\src\CurrReasbnDiagc.c" Line="701" Column="116">
</Loc>
<Message>
Minimisation of run-time failures.
</Message>
</Rule>

</CodeStruct>

<CodeStruct Name="CurrReasbnDiagcPer2" File="C:\Component\SF031A_CurrReasbnDiagc_Impl\src\CurrReasbnDiagc.c" Line="743" Column="5">

<Rule Name="9.1" Mode="required" Report="warning" Id="10">
<Loc File="C:\Component\SF031A_CurrReasbnDiagc_Impl\src\CurrReasbnDiagc.c" Line="790" Column="76">
</Loc>
<Message>
All automatic variables shall have been assigned a value before being used.
</Message>
</Rule>

<Rule Name="21.1" Mode="required" Report="warning" Id="11">
<Loc File="C:\Component\SF031A_CurrReasbnDiagc_Impl\src\CurrReasbnDiagc.c" Line="790" Column="132">
</Loc>
<Message>
Minimisation of run-time failures.
</Message>
</Rule>

<Rule Name="9.1" Mode="required" Report="warning" Id="12">
<Loc File="C:\Component\SF031A_CurrReasbnDiagc_Impl\src\CurrReasbnDiagc.c" Line="794" Column="59">
</Loc>
<Message>
All automatic variables shall have been assigned a value before being used.
</Message>
</Rule>

<Rule Name="21.1" Mode="required" Report="warning" Id="13">
<Loc File="C:\Component\SF031A_CurrReasbnDiagc_Impl\src\CurrReasbnDiagc.c" Line="797" Column="1">
</Loc>
<Message>
Minimisation of run-time failures.
</Message>
</Rule>

<Rule Name="21.1" Mode="required" Report="warning" Id="14">
<Loc File="C:\Component\SF031A_CurrReasbnDiagc_Impl\src\CurrReasbnDiagc.c" Line="797" Column="27">
</Loc>
<Message>
Minimisation of run-time failures.
</Message>
</Rule>

<Rule Name="9.1" Mode="required" Report="warning" Id="15">
<Loc File="C:\Component\SF031A_CurrReasbnDiagc_Impl\src\CurrReasbnDiagc.c" Line="803" Column="20">
</Loc>
<Message>
All automatic variables shall have been assigned a value before being used.
</Message>
</Rule>

<Rule Name="9.1" Mode="required" Report="warning" Id="16">
<Loc File="C:\Component\SF031A_CurrReasbnDiagc_Impl\src\CurrReasbnDiagc.c" Line="803" Column="48">
</Loc>
<Message>
All automatic variables shall have been assigned a value before being used.
</Message>
</Rule>

<Rule Name="9.1" Mode="required" Report="warning" Id="17">
<Loc File="C:\Component\SF031A_CurrReasbnDiagc_Impl\src\CurrReasbnDiagc.c" Line="804" Column="20">
</Loc>
<Message>
All automatic variables shall have been assigned a value before being used.
</Message>
</Rule>

<Rule Name="9.1" Mode="required" Report="warning" Id="18">
<Loc File="C:\Component\SF031A_CurrReasbnDiagc_Impl\src\CurrReasbnDiagc.c" Line="804" Column="48">
</Loc>
<Message>
All automatic variables shall have been assigned a value before being used.
</Message>
</Rule>

<Rule Name="21.1" Mode="required" Report="warning" Id="19">
<Loc File="C:\Component\SF031A_CurrReasbnDiagc_Impl\src\CurrReasbnDiagc.c" Line="806" Column="1">
</Loc>
<Message>
Minimisation of run-time failures.
</Message>
</Rule>

<Rule Name="21.1" Mode="required" Report="warning" Id="20">
<Loc File="C:\Component\SF031A_CurrReasbnDiagc_Impl\src\CurrReasbnDiagc.c" Line="807" Column="1">
</Loc>
<Message>
Minimisation of run-time failures.
</Message>
</Rule>

<Rule Name="9.1" Mode="required" Report="warning" Id="21">
<Loc File="C:\Component\SF031A_CurrReasbnDiagc_Impl\src\CurrReasbnDiagc.c" Line="809" Column="68">
</Loc>
<Message>
All automatic variables shall have been assigned a value before being used.
</Message>
</Rule>

<Rule Name="21.1" Mode="required" Report="warning" Id="22">
<Loc File="C:\Component\SF031A_CurrReasbnDiagc_Impl\src\CurrReasbnDiagc.c" Line="817" Column="30">
</Loc>
<Message>
Minimisation of run-time failures.
</Message>
</Rule>

<Rule Name="21.1" Mode="required" Report="warning" Id="23">
<Loc File="C:\Component\SF031A_CurrReasbnDiagc_Impl\src\CurrReasbnDiagc.c" Line="820" Column="37">
</Loc>
<Message>
Minimisation of run-time failures.
</Message>
</Rule>

<Rule Name="21.1" Mode="required" Report="warning" Id="24">
<Loc File="C:\Component\SF031A_CurrReasbnDiagc_Impl\src\CurrReasbnDiagc.c" Line="820" Column="150">
</Loc>
<Message>
Minimisation of run-time failures.
</Message>
</Rule>

<Rule Name="21.1" Mode="required" Report="warning" Id="25">
<Loc File="C:\Component\SF031A_CurrReasbnDiagc_Impl\src\CurrReasbnDiagc.c" Line="821" Column="37">
</Loc>
<Message>
Minimisation of run-time failures.
</Message>
</Rule>

<Rule Name="21.1" Mode="required" Report="warning" Id="26">
<Loc File="C:\Component\SF031A_CurrReasbnDiagc_Impl\src\CurrReasbnDiagc.c" Line="821" Column="150">
</Loc>
<Message>
Minimisation of run-time failures.
</Message>
</Rule>

<Rule Name="21.1" Mode="required" Report="warning" Id="27">
<Loc File="C:\Component\SF031A_CurrReasbnDiagc_Impl\src\CurrReasbnDiagc.c" Line="832" Column="1">
</Loc>
<Message>
Minimisation of run-time failures.
</Message>
</Rule>

<Rule Name="21.1" Mode="required" Report="warning" Id="28">
<Loc File="C:\Component\SF031A_CurrReasbnDiagc_Impl\src\CurrReasbnDiagc.c" Line="833" Column="1">
</Loc>
<Message>
Minimisation of run-time failures.
</Message>
</Rule>

<Rule Name="21.1" Mode="required" Report="warning" Id="29">
<Loc File="C:\Component\SF031A_CurrReasbnDiagc_Impl\src\CurrReasbnDiagc.c" Line="837" Column="1">
</Loc>
<Message>
Minimisation of run-time failures.
</Message>
</Rule>

<Rule Name="21.1" Mode="required" Report="warning" Id="30">
<Loc File="C:\Component\SF031A_CurrReasbnDiagc_Impl\src\CurrReasbnDiagc.c" Line="843" Column="1">
</Loc>
<Message>
Minimisation of run-time failures.
</Message>
</Rule>

<Rule Name="21.1" Mode="required" Report="warning" Id="31">
<Loc File="C:\Component\SF031A_CurrReasbnDiagc_Impl\src\CurrReasbnDiagc.c" Line="854" Column="1">
</Loc>
<Message>
Minimisation of run-time failures.
</Message>
</Rule>

<Rule Name="12.4" Mode="required" Report="warning" Id="32">
<Loc File="C:\Component\SF031A_CurrReasbnDiagc_Impl\src\CurrReasbnDiagc.c" Line="857" Column="125">
</Loc>
<Message>
The right hand operand of a logical &amp;&amp; or || operator shall not contain side effects.
</Message>
</Rule>

<Rule Name="9.1" Mode="required" Report="warning" Id="33">
<Loc File="C:\Component\SF031A_CurrReasbnDiagc_Impl\src\CurrReasbnDiagc.c" Line="858" Column="19">
</Loc>
<Message>
All automatic variables shall have been assigned a value before being used.
</Message>
</Rule>

<Rule Name="9.1" Mode="required" Report="warning" Id="34">
<Loc File="C:\Component\SF031A_CurrReasbnDiagc_Impl\src\CurrReasbnDiagc.c" Line="858" Column="46">
</Loc>
<Message>
All automatic variables shall have been assigned a value before being used.
</Message>
</Rule>

<Rule Name="21.1" Mode="required" Report="warning" Id="35">
<Loc File="C:\Component\SF031A_CurrReasbnDiagc_Impl\src\CurrReasbnDiagc.c" Line="858" Column="72">
</Loc>
<Message>
Minimisation of run-time failures.
</Message>
</Rule>

<Rule Name="12.4" Mode="required" Report="warning" Id="36">
<Loc File="C:\Component\SF031A_CurrReasbnDiagc_Impl\src\CurrReasbnDiagc.c" Line="858" Column="144">
</Loc>
<Message>
The right hand operand of a logical &amp;&amp; or || operator shall not contain side effects.
</Message>
</Rule>

</CodeStruct>

<CodeStruct Name="CurrReasbnDiagcInit1" File="C:\Component\SF031A_CurrReasbnDiagc_Impl\src\CurrReasbnDiagc_MotCtrl.c" Line="68" Column="5">

<Rule Name="21.1" Mode="required" Report="warning" Id="37">
<Loc File="C:\Component\SF031A_CurrReasbnDiagc_Impl\src\CurrReasbnDiagc_MotCtrl.c" Line="74" Column="120">
</Loc>
<Message>
Minimisation of run-time failures.
</Message>
</Rule>

</CodeStruct>

</MISRA-C-Report>
