<?xml version="1.0" encoding="UTF-8"?>
<MISRA-C-Report-Summary>
<File Mode="required" Error="0" Warning="3" Total="3">
<Name>
C:\Component\SF107A_MotRplCoggCmd_Impl\include\CDD_MotRplCoggCmd_MotCtrl_MemMap.h</Name>
</File>
<File Mode="advisory" Error="0" Warning="1" Total="1">
<Name>
C:\Component\SF107A_MotRplCoggCmd_Impl\src\CDD_MotRplCoggCmd.c</Name>
</File>
<File Mode="required" Error="0" Warning="11" Total="11">
<Name>
C:\Component\SF107A_MotRplCoggCmd_Impl\src\CDD_MotRplCoggCmd.c</Name>
</File>
<File Mode="advisory" Error="0" Warning="2" Total="2">
<Name>
C:\Component\SF107A_MotRplCoggCmd_Impl\src\CDD_MotRplCoggCmd_MotCtrl.c</Name>
</File>
<File Mode="required" Error="0" Warning="8" Total="8">
<Name>
C:\Component\SF107A_MotRplCoggCmd_Impl\src\CDD_MotRplCoggCmd_MotCtrl.c</Name>
</File>
<Rule Name="21.1" Count="17" Mode="required" Severity="warning">
<Message>
Minimisation of run-time failures.</Message>
</Rule>
<Rule Name="19.1" Count="3" Mode="advisory" Severity="warning">
<Message>
#include statements in a file shall only be preceded by other preprocessor directives or comments.</Message>
</Rule>
<Rule Name="19.6" Count="2" Mode="required" Severity="warning">
<Message>
#undef shall not be used.</Message>
</Rule>
<Rule Name="1.1" Count="1" Mode="required" Severity="warning">
<Message>
All code shall conform to ISO 9899:1990 Programming languages  C,</Message>
</Rule>
<Rule Name="19.15" Count="1" Mode="required" Severity="warning">
<Message>
Precautions shall be taken in order to prevent the contents of a header file being included twice.</Message>
</Rule>
<Rule Name="9.1" Count="1" Mode="required" Severity="warning">
<Message>
All automatic variables shall have been assigned a value before being used.</Message>
</Rule>
</MISRA-C-Report-Summary>
