<?xml version="1.0" encoding="UTF-8"?>
<Navig version="1.0">
<Files>
<F id="1" n="C:\Program Files\MATLAB\R2013b\polyspace\verifier\cxx\cinclude\stdarg.h"/>
<F id="2" n="C:\Component\AR201A_ArCplrSuprt_Impl\include\ASR4.0.3\Platform_Types.h"/>
<F id="3" n="C:\Component\AR200A_ArSuprt_Impl\include\ASR4.0.3\Std_Types.h"/>
<F id="4" n="C:\Component\SF109A_ElecPwrCns_Impl\tools\contract\Rte_ElecPwrCns.h"/>
<F id="5" n="C:\Component\TL103A_CplrSuprt\include\2013.5.5\ansi\math.h"/>
<F id="6" n="C:\Component\AR100A_NxtrMath_Impl\include\NxtrMath.h"/>
<F id="7" n="C:\Component\SF109A_ElecPwrCns_Impl\src\ElecPwrCns.c"/>
<F id="8" n="C-STUBS\__polyspace__stdstubs.c"/>
<F id="9" n="C:\Program Files\MATLAB\R2013b\polyspace\verifier\cxx\cinclude\__polyspace__std_decls.h"/>
<F id="10" n="C:\Program Files\MATLAB\R2013b\polyspace\verifier\cxx\cinclude\assert.h"/>
<F id="11" n="C:\Program Files\MATLAB\R2013b\polyspace\verifier\cxx\cinclude\__polyspace__libc_defs.h"/>
<F id="12" n="C:\Component\SF109A_ElecPwrCns_Impl\tools\contract\Rte_ElecPwrCns_Type.h"/>
<F id="13" n="C:\Component\SF109A_ElecPwrCns_Impl\tools\contract\Rte_Type.h"/>
<F id="14" n="C:\Component\SF109A_ElecPwrCns_Impl\tools\contract\Rte.h"/>
<F id="15" n="C:\Component\AR201A_ArCplrSuprt_Impl\include\ASR4.0.3\Compiler.h"/>
<F id="16" n="C:\Component\AR201A_ArCplrSuprt_Impl\tools\contract\Compiler_Cfg.h"/>
<F id="17" n="C:\Component\AR201A_ArCplrSuprt_Impl\tools\contract\Renesas_Compiler.h"/>
<F id="18" n="C:\Component\SF109A_ElecPwrCns_Impl\tools\contract\Rte_DataHandleType.h"/>
<F id="19" n="C:\Component\AR200A_ArSuprt_Impl\tools\contract\MemMap.h"/>
<F id="20" n="C:\Component\SF109A_ElecPwrCns_Impl\tools\contract\ElecPwrCns_MemMap.h"/>
<F id="21" n="C:\Component\AR999A_ArchGlbPrm_Impl\include\ArchGlbPrm.h"/>
</Files>
<Definitions>
<D id="1" f="6" l="533" c="104" n="RngLo" t="4" d="1"/>
<D id="2" f="6" l="534" c="104" n="RngHi" t="4" d="1"/>
<D id="3" f="8" l="7006" c="14" n="_polyspace_compare_function_type" t="7" d="1"/>
<D id="4" f="6" l="609" c="104" n="Denom" t="4" d="1"/>
<D id="5" f="6" l="548" c="104" n="Denom" t="4" d="1"/>
<D id="6" f="8" l="12310" c="16" n="__polyspace_absolute_address" t="1" d="1"/>
<D id="7" f="8" l="11450" c="23" n="random" t="4" d="1"/>
<D id="8" f="8" l="11466" c="21" n="HUGE_VAL" t="1" d="1"/>
<D id="9" f="8" l="11448" c="12" n="_polyspace_random_long_double" t="2" d="1"/>
<D id="10" f="8" l="11467" c="21" n="HUGE_VALF" t="1" d="1"/>
<D id="11" f="8" l="11468" c="21" n="HUGE_VALL" t="1" d="1"/>
<D id="12" f="4" l="48" c="7" n="Rte_CDS_ElecPwrCns" t="6" d="1"/>
<D id="13" f="4" l="51" c="11" n="Pim_dElecPwrCnsDrpInpPwr" t="9" d="1"/>
<D id="14" f="3" l="141" c="2" n="Std_VersionInfoType" t="7" d="1"/>
<D id="15" f="4" l="52" c="11" n="Pim_dElecPwrCnsModInpPwr" t="9" d="1"/>
<D id="16" f="4" l="53" c="11" n="Pim_dElecPwrCnsMotCurrDaxEstim" t="9" d="1"/>
<D id="17" f="4" l="54" c="11" n="Pim_dElecPwrCnsMotCurrQaxEstim" t="9" d="1"/>
<D id="18" f="7" l="121" c="5" n="ElecPwrCnsPer1" t="2" d="1"/>
<D id="19" f="1" l="45" c="14" n="__va_list" t="7" d="1"/>
<D id="20" f="4" l="103" c="8" n="Rte_Prm_ElecPwrCns_ElecPwrCnsCtrlrInpR_Val" t="2" d="0"/>
<D id="21" f="4" l="66" c="41" n="Rte_Instance" t="7" d="1"/>
<D id="22" f="1" l="50" c="18" n="__gnuc_va_list" t="7" d="1"/>
<D id="23" f="5" l="51" c="17" n="double_t" t="7" d="1"/>
<D id="24" f="4" l="92" c="15" n="Rte_Read_ElecPwrCns_BrdgVltg_Val" t="2" d="0"/>
<D id="25" f="4" l="104" c="8" n="Rte_Prm_ElecPwrCns_ElecPwrCnsPrstcPwrLoss_Val" t="2" d="0"/>
<D id="26" f="5" l="52" c="17" n="float_t" t="7" d="1"/>
<D id="27" f="5" l="731" c="6" n="expf" t="2" d="0"/>
<D id="28" f="4" l="93" c="15" n="Rte_Read_ElecPwrCns_CurrMeasLoaMtgtnEna_Logl" t="2" d="0"/>
<D id="29" f="5" l="741" c="6" n="sqrtf" t="2" d="0"/>
<D id="30" f="4" l="94" c="15" n="Rte_Read_ElecPwrCns_IvtrLoaMtgtnEna_Logl" t="2" d="0"/>
<D id="31" f="4" l="61" c="46" n="Rte_Inst_ElecPwrCns" t="1" d="0"/>
<D id="32" f="4" l="95" c="15" n="Rte_Read_ElecPwrCns_MotCtrlMotCurrDax_Val" t="2" d="0"/>
<D id="33" f="5" l="742" c="6" n="fabsf" t="2" d="0"/>
<D id="34" f="5" l="724" c="6" n="atan2f" t="2" d="0"/>
<D id="35" f="4" l="96" c="15" n="Rte_Read_ElecPwrCns_MotCtrlMotCurrQax_Val" t="2" d="0"/>
<D id="36" f="5" l="725" c="6" n="cosf" t="2" d="0"/>
<D id="37" f="4" l="97" c="15" n="Rte_Read_ElecPwrCns_MotCtrlMotVltgDax_Val" t="2" d="0"/>
<D id="38" f="8" l="557" c="4" n="errno" t="1" d="1"/>
<D id="39" f="4" l="98" c="15" n="Rte_Read_ElecPwrCns_MotCtrlMotVltgQax_Val" t="2" d="0"/>
<D id="40" f="5" l="726" c="6" n="sinf" t="2" d="0"/>
<D id="41" f="4" l="99" c="15" n="Rte_Read_ElecPwrCns_MotCurrDaxCmd_Val" t="2" d="0"/>
<D id="42" f="1" l="49" c="18" n="va_list" t="7" d="1"/>
<D id="43" f="5" l="748" c="6" n="fmodf" t="2" d="0"/>
<D id="44" f="3" l="140" c="10" n="sw_patch_version" t="9" d="1"/>
<D id="45" f="2" l="110" c="31" n="uint32" t="7" d="1"/>
<D id="46" f="2" l="112" c="31" n="sint8_least" t="7" d="1"/>
<D id="47" f="2" l="103" c="31" n="boolean" t="7" d="1"/>
<D id="48" f="2" l="113" c="31" n="uint8_least" t="7" d="1"/>
<D id="49" f="4" l="100" c="15" n="Rte_Read_ElecPwrCns_MotCurrQaxCmd_Val" t="2" d="0"/>
<D id="50" f="3" l="136" c="10" n="vendorID" t="9" d="1"/>
<D id="51" f="6" l="330" c="31" n="Inp1" t="4" d="1"/>
<D id="52" f="6" l="205" c="39" n="Inp" t="4" d="1"/>
<D id="53" f="2" l="114" c="31" n="sint16_least" t="7" d="1"/>
<D id="54" f="2" l="105" c="31" n="sint8" t="7" d="1"/>
<D id="55" f="4" l="101" c="15" n="Rte_Write_ElecPwrCns_ElecInpPwrEstim_Val" t="2" d="0"/>
<D id="56" f="3" l="137" c="10" n="moduleID" t="9" d="1"/>
<D id="57" f="6" l="421" c="31" n="Inp1" t="4" d="1"/>
<D id="58" f="2" l="115" c="31" n="uint16_least" t="7" d="1"/>
<D id="59" f="2" l="106" c="31" n="uint8" t="7" d="1"/>
<D id="60" f="4" l="102" c="15" n="Rte_Write_ElecPwrCns_SplyCurrEstim_Val" t="2" d="0"/>
<D id="61" f="6" l="304" c="31" n="Inp1" t="4" d="1"/>
<D id="62" f="7" l="143" c="12" n="CurrMeasLoaMtgtnEna_Cnt_T_logl" t="4" d="1"/>
<D id="63" f="3" l="138" c="10" n="sw_major_version" t="9" d="1"/>
<D id="64" f="6" l="462" c="29" n="Inp" t="4" d="1"/>
<D id="65" f="3" l="132" c="14" n="Std_ReturnType" t="7" d="1"/>
<D id="66" f="2" l="116" c="31" n="sint32_least" t="7" d="1"/>
<D id="67" f="2" l="107" c="31" n="sint16" t="7" d="1"/>
<D id="68" f="3" l="125" c="22" n="StatusType" t="7" d="1"/>
<D id="69" f="8" l="181" c="21" n="size_t" t="7" d="1"/>
<D id="70" f="3" l="139" c="10" n="sw_minor_version" t="9" d="1"/>
<D id="71" f="6" l="504" c="31" n="Inp" t="4" d="1"/>
<D id="72" f="2" l="117" c="31" n="uint32_least" t="7" d="1"/>
<D id="73" f="2" l="108" c="31" n="uint16" t="7" d="1"/>
<D id="74" f="6" l="265" c="29" n="Inp1" t="4" d="1"/>
<D id="75" f="7" l="127" c="12" n="BrdgVltg_Volt_T_f32" t="4" d="1"/>
<D id="76" f="2" l="127" c="31" n="sint64" t="7" d="1"/>
<D id="77" f="7" l="130" c="16" n="MotCtrlMotVltgDax_Volt_T_f32" t="4" d="1"/>
<D id="78" f="6" l="356" c="29" n="Inp1" t="4" d="1"/>
<D id="79" f="2" l="109" c="31" n="sint32" t="7" d="1"/>
<D id="80" f="6" l="241" c="15" n="Sign_s08_s32" t="2" d="1"/>
<D id="81" f="8" l="183" c="12" n="ptrdiff_t" t="7" d="1"/>
<D id="82" f="7" l="140" c="16" n="MotCurrDaxEstimd_Ampr_T_f32" t="4" d="1"/>
<D id="83" f="2" l="128" c="31" n="uint64" t="7" d="1"/>
<D id="84" f="6" l="330" c="16" n="Min_u32" t="2" d="1"/>
<D id="85" f="6" l="291" c="31" n="Inp1" t="4" d="1"/>
<D id="86" f="7" l="131" c="16" n="MotCtrlMotVltgQax_Volt_T_f32" t="4" d="1"/>
<D id="87" f="6" l="317" c="31" n="Inp1" t="4" d="1"/>
<D id="88" f="6" l="490" c="31" n="Inp" t="4" d="1"/>
<D id="89" f="8" l="601" c="25" n="random" t="4" d="1"/>
<D id="90" f="2" l="138" c="31" n="float32" t="7" d="1"/>
<D id="91" f="6" l="421" c="16" n="Max_u32" t="2" d="1"/>
<D id="92" f="6" l="382" c="31" n="Inp1" t="4" d="1"/>
<D id="93" f="7" l="141" c="16" n="ModInpBrdgCurr_Ampr_T_f32" t="4" d="1"/>
<D id="94" f="6" l="408" c="31" n="Inp1" t="4" d="1"/>
<D id="95" f="6" l="448" c="29" n="Inp" t="4" d="1"/>
<D id="96" f="7" l="132" c="16" n="MotCurrDaxCmd_Ampr_T_f32" t="4" d="1"/>
<D id="97" f="6" l="532" c="33" n="Inp" t="4" d="1"/>
<D id="98" f="6" l="304" c="16" n="Min_u16" t="2" d="1"/>
<D id="99" f="6" l="560" c="33" n="Inp" t="4" d="1"/>
<D id="100" f="2" l="139" c="31" n="float64" t="7" d="1"/>
<D id="101" f="6" l="343" c="33" n="Inp1" t="4" d="1"/>
<D id="102" f="6" l="152" c="34" n="Inp1" t="4" d="1"/>
<D id="103" f="7" l="133" c="16" n="MotCurrQaxCmd_Ampr_T_f32" t="4" d="1"/>
<D id="104" f="6" l="278" c="29" n="Inp1" t="4" d="1"/>
<D id="105" f="6" l="253" c="15" n="Sign_s08_f32" t="2" d="1"/>
<D id="106" f="6" l="241" c="35" n="Inp" t="4" d="1"/>
<D id="107" f="6" l="518" c="31" n="Inp" t="4" d="1"/>
<D id="108" f="8" l="186" c="21" n="wchar_t" t="7" d="1"/>
<D id="109" f="8" l="591" c="13" n="_polyspace_random_int" t="5" d="1"/>
<D id="110" f="6" l="434" c="33" n="Inp1" t="4" d="1"/>
<D id="111" f="6" l="504" c="16" n="Lim_s32" t="2" d="1"/>
<D id="112" f="6" l="369" c="29" n="Inp1" t="4" d="1"/>
<D id="113" f="7" l="134" c="16" n="MotCurrQaxEstimd_Ampr_T_f32" t="4" d="1"/>
<D id="114" f="6" l="217" c="15" n="Sign_s08_s08" t="2" d="1"/>
<D id="115" f="8" l="607" c="23" n="_polyspace_random_ulong" t="5" d="1"/>
<D id="116" f="6" l="462" c="15" n="Lim_u08" t="2" d="1"/>
<D id="117" f="6" l="205" c="17" n="Abslt_f32_f32" t="2" d="1"/>
<D id="118" f="7" l="144" c="16" n="IvtrLoaMtgtnEna_Cnt_T_logl" t="4" d="1"/>
<D id="119" f="6" l="152" c="17" n="Blnd_f32" t="2" d="1"/>
<D id="120" f="7" l="135" c="16" n="ModInpPower_Watt_T_f32" t="4" d="1"/>
<D id="121" f="6" l="217" c="34" n="Inp" t="4" d="1"/>
<D id="122" f="6" l="572" c="33" n="Inp" t="4" d="1"/>
<D id="123" f="8" l="614" c="16" n="_polyspace_random_double" t="5" d="1"/>
<D id="124" f="6" l="395" c="31" n="Inp1" t="4" d="1"/>
<D id="125" f="6" l="476" c="31" n="Inp" t="4" d="1"/>
<D id="126" f="6" l="532" c="17" n="Lim_f32" t="2" d="1"/>
<D id="127" f="8" l="3661" c="4" n="__polyspace_nb_varargs" t="1" d="1"/>
<D id="128" f="7" l="136" c="16" n="ElecPwrCnsCurr_Ampr_T_f32" t="4" d="1"/>
<D id="129" f="8" l="583" c="23" n="_polyspace_random_uchar" t="5" d="1"/>
<D id="130" f="6" l="265" c="15" n="Min_s08" t="2" d="1"/>
<D id="131" f="6" l="291" c="16" n="Min_s16" t="2" d="1"/>
<D id="132" f="6" l="560" c="17" n="Sin_f32" t="2" d="1"/>
<D id="133" f="6" l="317" c="16" n="Min_s32" t="2" d="1"/>
<D id="134" f="6" l="343" c="17" n="Min_f32" t="2" d="1"/>
<D id="135" f="6" l="490" c="16" n="Lim_u16" t="2" d="1"/>
<D id="136" f="6" l="608" c="33" n="Numer" t="4" d="1"/>
<D id="137" f="6" l="166" c="15" n="Abslt_u08_s08" t="2" d="1"/>
<D id="138" f="6" l="192" c="16" n="Abslt_u32_s32" t="2" d="1"/>
<D id="139" f="6" l="229" c="15" n="Sign_s08_s16" t="2" d="1"/>
<D id="140" f="6" l="356" c="15" n="Max_s08" t="2" d="1"/>
<D id="141" f="6" l="382" c="16" n="Max_s16" t="2" d="1"/>
<D id="142" f="7" l="137" c="16" n="DrpInpPwr_Watt_T_f32" t="4" d="1"/>
<D id="143" f="6" l="408" c="16" n="Max_s32" t="2" d="1"/>
<D id="144" f="6" l="434" c="17" n="Max_f32" t="2" d="1"/>
<D id="145" f="7" l="128" c="16" n="MotCtrlMotCurrDax_Ampr_T_f32" t="4" d="1"/>
<D id="146" f="8" l="575" c="14" n="_polyspace_random_char" t="5" d="1"/>
<D id="147" f="6" l="253" c="36" n="Inp" t="4" d="1"/>
<D id="148" f="7" l="138" c="16" n="SplyCurrEstim_Ampr_T_f32" t="4" d="1"/>
<D id="149" f="6" l="584" c="33" n="Inp" t="4" d="1"/>
<D id="150" f="7" l="129" c="16" n="MotCtrlMotCurrQax_Ampr_T_f32" t="4" d="1"/>
<D id="151" f="8" l="593" c="24" n="random" t="4" d="1"/>
<D id="152" f="6" l="518" c="16" n="Lim_u32" t="2" d="1"/>
<D id="153" f="6" l="448" c="15" n="Lim_s08" t="2" d="1"/>
<D id="154" f="6" l="572" c="17" n="Cos_f32" t="2" d="1"/>
<D id="155" f="7" l="139" c="16" n="ElecInpPwrEstim_Watt_T_f32" t="4" d="1"/>
<D id="156" f="8" l="609" c="34" n="random" t="4" d="1"/>
<D id="157" f="6" l="166" c="35" n="Inp" t="4" d="1"/>
<D id="158" f="8" l="3660" c="7" n="__polyspace_vararg" t="1" d="1"/>
<D id="159" f="6" l="229" c="35" n="Inp" t="4" d="1"/>
<D id="160" f="6" l="278" c="15" n="Min_u08" t="2" d="1"/>
<D id="161" f="6" l="608" c="17" n="Mod_f32" t="2" d="1"/>
<D id="162" f="8" l="616" c="27" n="random" t="4" d="1"/>
<D id="163" f="6" l="369" c="15" n="Max_u08" t="2" d="1"/>
<D id="164" f="6" l="395" c="16" n="Max_u16" t="2" d="1"/>
<D id="165" f="6" l="476" c="16" n="Lim_s16" t="2" d="1"/>
<D id="166" f="6" l="192" c="37" n="Inp" t="4" d="1"/>
<D id="167" f="6" l="520" c="95" n="RngHi" t="4" d="1"/>
<D id="168" f="8" l="585" c="34" n="random" t="4" d="1"/>
<D id="169" f="6" l="450" c="94" n="RngHi" t="4" d="1"/>
<D id="170" f="6" l="547" c="17" n="Arctan2_f32" t="2" d="1"/>
<D id="171" f="6" l="331" c="95" n="Inp2" t="4" d="1"/>
<D id="172" f="6" l="584" c="17" n="Exp_f32" t="2" d="1"/>
<D id="173" f="6" l="179" c="16" n="Abslt_u16_s16" t="2" d="1"/>
<D id="174" f="6" l="422" c="95" n="Inp2" t="4" d="1"/>
<D id="175" f="8" l="577" c="25" n="random" t="4" d="1"/>
<D id="176" f="6" l="596" c="34" n="Inp" t="4" d="1"/>
<D id="177" f="8" l="599" c="14" n="_polyspace_random_long" t="5" d="1"/>
<D id="178" f="6" l="305" c="95" n="Inp2" t="4" d="1"/>
<D id="179" f="6" l="370" c="86" n="Inp2" t="4" d="1"/>
<D id="180" f="6" l="505" c="95" n="RngLo" t="4" d="1"/>
<D id="181" f="6" l="547" c="37" n="Numer" t="4" d="1"/>
<D id="182" f="6" l="596" c="17" n="Sqrt_f32" t="2" d="1"/>
<D id="183" f="6" l="463" c="94" n="RngLo" t="4" d="1"/>
<D id="184" f="6" l="506" c="95" n="RngHi" t="4" d="1"/>
<D id="185" f="6" l="464" c="94" n="RngHi" t="4" d="1"/>
<D id="186" f="6" l="179" c="37" n="Inp" t="4" d="1"/>
<D id="187" f="6" l="292" c="95" n="Inp2" t="4" d="1"/>
<D id="188" f="6" l="318" c="95" n="Inp2" t="4" d="1"/>
<D id="189" f="6" l="344" c="96" n="Inp2" t="4" d="1"/>
<D id="190" f="6" l="491" c="95" n="RngLo" t="4" d="1"/>
<D id="191" f="6" l="153" c="97" n="Inp2" t="4" d="1"/>
<D id="192" f="6" l="383" c="95" n="Inp2" t="4" d="1"/>
<D id="193" f="6" l="409" c="95" n="Inp2" t="4" d="1"/>
<D id="194" f="6" l="435" c="96" n="Inp2" t="4" d="1"/>
<D id="195" f="6" l="492" c="95" n="RngHi" t="4" d="1"/>
<D id="196" f="6" l="154" c="97" n="Fac" t="4" d="1"/>
<D id="197" f="6" l="266" c="86" n="Inp2" t="4" d="1"/>
<D id="198" f="6" l="519" c="95" n="RngLo" t="4" d="1"/>
<D id="199" f="6" l="357" c="86" n="Inp2" t="4" d="1"/>
<D id="200" f="6" l="449" c="94" n="RngLo" t="4" d="1"/>
<D id="201" f="6" l="396" c="95" n="Inp2" t="4" d="1"/>
<D id="202" f="6" l="477" c="95" n="RngLo" t="4" d="1"/>
<D id="203" f="6" l="279" c="86" n="Inp2" t="4" d="1"/>
<D id="204" f="6" l="478" c="95" n="RngHi" t="4" d="1"/>
</Definitions>
<Uses>
<U id="1" f="7" l="202" c="133" d="142" a="0"/>
<U id="2" f="7" l="195" c="105" d="20" a="0"/>
<U id="3" f="8" l="11451" c="9" d="7" a="0"/>
<U id="4" f="4" l="51" c="2" d="90" a="0"/>
<U id="5" f="4" l="52" c="2" d="90" a="0"/>
<U id="6" f="4" l="92" c="0" d="65" a="0"/>
<U id="7" f="4" l="53" c="2" d="90" a="0"/>
<U id="8" f="4" l="93" c="0" d="65" a="0"/>
<U id="9" f="4" l="54" c="2" d="90" a="0"/>
<U id="10" f="4" l="94" c="0" d="65" a="0"/>
<U id="11" f="4" l="95" c="0" d="65" a="0"/>
<U id="12" f="4" l="96" c="0" d="65" a="0"/>
<U id="13" f="4" l="97" c="0" d="65" a="0"/>
<U id="14" f="4" l="98" c="0" d="65" a="0"/>
<U id="15" f="1" l="50" c="8" d="19" a="0"/>
<U id="16" f="4" l="99" c="0" d="65" a="0"/>
<U id="17" f="1" l="84" c="7" d="42" a="0"/>
<U id="18" f="1" l="49" c="8" d="19" a="0"/>
<U id="19" f="4" l="100" c="0" d="65" a="0"/>
<U id="20" f="4" l="101" c="0" d="65" a="0"/>
<U id="21" f="4" l="102" c="0" d="65" a="0"/>
<U id="22" f="4" l="103" c="0" d="90" a="0"/>
<U id="23" f="4" l="104" c="0" d="90" a="0"/>
<U id="24" f="4" l="61" c="20" d="12" a="0"/>
<U id="25" f="3" l="140" c="3" d="59" a="0"/>
<U id="26" f="1" l="84" c="39" d="42" a="0"/>
<U id="27" f="4" l="66" c="21" d="12" a="0"/>
<U id="28" f="3" l="136" c="3" d="73" a="0"/>
<U id="29" f="7" l="143" c="4" d="47" a="0"/>
<U id="30" f="3" l="137" c="3" d="73" a="0"/>
<U id="31" f="7" l="130" c="8" d="90" a="0"/>
<U id="32" f="3" l="138" c="3" d="59" a="0"/>
<U id="33" f="7" l="202" c="8" d="155" a="1"/>
<U id="34" f="4" l="93" c="60" d="47" a="0"/>
<U id="35" f="7" l="127" c="4" d="90" a="0"/>
<U id="36" f="7" l="140" c="8" d="90" a="0"/>
<U id="37" f="7" l="131" c="8" d="90" a="0"/>
<U id="38" f="3" l="132" c="8" d="59" a="0"/>
<U id="39" f="3" l="139" c="3" d="59" a="0"/>
<U id="40" f="7" l="141" c="8" d="90" a="0"/>
<U id="41" f="7" l="132" c="8" d="90" a="0"/>
<U id="42" f="7" l="133" c="8" d="90" a="0"/>
<U id="43" f="7" l="134" c="8" d="90" a="0"/>
<U id="44" f="7" l="144" c="8" d="47" a="0"/>
<U id="45" f="7" l="135" c="8" d="90" a="0"/>
<U id="46" f="7" l="136" c="8" d="90" a="0"/>
<U id="47" f="7" l="137" c="8" d="90" a="0"/>
<U id="48" f="7" l="128" c="8" d="90" a="0"/>
<U id="49" f="7" l="209" c="8" d="148" a="1"/>
<U id="50" f="7" l="138" c="8" d="90" a="0"/>
<U id="51" f="7" l="129" c="8" d="90" a="0"/>
<U id="52" f="4" l="99" c="53" d="90" a="0"/>
<U id="53" f="4" l="92" c="48" d="90" a="0"/>
<U id="54" f="4" l="94" c="56" d="47" a="0"/>
<U id="55" f="7" l="194" c="8" d="93" a="1"/>
<U id="56" f="7" l="139" c="8" d="90" a="0"/>
<U id="57" f="7" l="195" c="8" d="142" a="1"/>
<U id="58" f="7" l="186" c="8" d="120" a="1"/>
<U id="59" f="4" l="95" c="57" d="90" a="0"/>
<U id="60" f="4" l="96" c="57" d="90" a="0"/>
<U id="61" f="4" l="97" c="57" d="90" a="0"/>
<U id="62" f="4" l="98" c="57" d="90" a="0"/>
<U id="63" f="6" l="330" c="9" d="45" a="0"/>
<U id="64" f="6" l="421" c="9" d="45" a="0"/>
<U id="65" f="6" l="241" c="9" d="54" a="0"/>
<U id="66" f="6" l="304" c="9" d="73" a="0"/>
<U id="67" f="6" l="205" c="9" d="90" a="0"/>
<U id="68" f="6" l="152" c="9" d="90" a="0"/>
<U id="69" f="6" l="504" c="9" d="79" a="0"/>
<U id="70" f="6" l="532" c="9" d="90" a="0"/>
<U id="71" f="6" l="560" c="9" d="90" a="0"/>
<U id="72" f="6" l="320" c="30" d="87" a="0"/>
<U id="73" f="8" l="610" c="11" d="156" a="0"/>
<U id="74" f="6" l="343" c="9" d="90" a="0"/>
<U id="75" f="6" l="253" c="9" d="54" a="0"/>
<U id="76" f="7" l="161" c="10" d="39" a="0"/>
<U id="77" f="6" l="550" c="19" d="181" a="0"/>
<U id="78" f="6" l="411" c="30" d="94" a="0"/>
<U id="79" f="6" l="434" c="9" d="90" a="0"/>
<U id="80" f="7" l="180" c="10" d="31" a="0"/>
<U id="81" f="6" l="217" c="9" d="54" a="0"/>
<U id="82" f="8" l="602" c="11" d="89" a="0"/>
<U id="83" f="6" l="462" c="9" d="59" a="0"/>
<U id="84" f="6" l="291" c="9" d="67" a="0"/>
<U id="85" f="6" l="317" c="9" d="79" a="0"/>
<U id="86" f="6" l="490" c="9" d="73" a="0"/>
<U id="87" f="6" l="320" c="22" d="188" a="0"/>
<U id="88" f="6" l="192" c="9" d="45" a="0"/>
<U id="89" f="6" l="382" c="9" d="67" a="0"/>
<U id="90" f="6" l="611" c="12" d="43" a="0"/>
<U id="91" f="7" l="163" c="10" d="41" a="0"/>
<U id="92" f="6" l="408" c="9" d="79" a="0"/>
<U id="93" f="6" l="411" c="22" d="193" a="0"/>
<U id="94" f="6" l="572" c="9" d="90" a="0"/>
<U id="95" f="6" l="265" c="9" d="54" a="0"/>
<U id="96" f="6" l="522" c="30" d="167" a="0"/>
<U id="97" f="6" l="522" c="21" d="167" a="0"/>
<U id="98" f="6" l="166" c="9" d="59" a="0"/>
<U id="99" f="6" l="320" c="14" d="87" a="0"/>
<U id="100" f="7" l="155" c="10" d="32" a="0"/>
<U id="101" f="6" l="608" c="9" d="90" a="0"/>
<U id="102" f="6" l="333" c="30" d="51" a="0"/>
<U id="103" f="6" l="229" c="9" d="54" a="0"/>
<U id="104" f="6" l="356" c="9" d="54" a="0"/>
<U id="105" f="6" l="518" c="9" d="45" a="0"/>
<U id="106" f="6" l="550" c="12" d="34" a="0"/>
<U id="107" f="4" l="100" c="53" d="90" a="0"/>
<U id="108" f="6" l="205" c="31" d="90" a="0"/>
<U id="109" f="6" l="411" c="14" d="94" a="0"/>
<U id="110" f="7" l="165" c="10" d="49" a="0"/>
<U id="111" f="6" l="424" c="30" d="57" a="0"/>
<U id="112" f="6" l="522" c="40" d="107" a="0"/>
<U id="113" f="6" l="231" c="14" d="159" a="0"/>
<U id="114" f="6" l="452" c="30" d="169" a="0"/>
<U id="115" f="6" l="207" c="12" d="33" a="0"/>
<U id="116" f="6" l="281" c="30" d="104" a="0"/>
<U id="117" f="6" l="452" c="21" d="169" a="0"/>
<U id="118" f="6" l="547" c="9" d="90" a="0"/>
<U id="119" f="6" l="307" c="30" d="61" a="0"/>
<U id="120" f="6" l="480" c="30" d="204" a="0"/>
<U id="121" f="7" l="180" c="31" d="16" a="0"/>
<U id="122" f="6" l="584" c="9" d="90" a="0"/>
<U id="123" f="6" l="156" c="29" d="196" a="0"/>
<U id="124" f="6" l="333" c="22" d="171" a="0"/>
<U id="125" f="6" l="480" c="21" d="204" a="0"/>
<U id="126" f="7" l="157" c="10" d="35" a="0"/>
<U id="127" f="6" l="330" c="24" d="45" a="0"/>
<U id="128" f="6" l="448" c="9" d="54" a="0"/>
<U id="129" f="6" l="372" c="30" d="112" a="0"/>
<U id="130" f="7" l="151" c="14" d="28" a="0"/>
<U id="131" f="6" l="395" c="9" d="73" a="0"/>
<U id="132" f="6" l="476" c="9" d="67" a="0"/>
<U id="133" f="6" l="231" c="24" d="54" a="0"/>
<U id="134" f="6" l="166" c="29" d="54" a="0"/>
<U id="135" f="6" l="192" c="30" d="79" a="0"/>
<U id="136" f="6" l="424" c="22" d="174" a="0"/>
<U id="137" f="6" l="452" c="40" d="95" a="0"/>
<U id="138" f="7" l="163" c="49" d="96" a="1"/>
<U id="139" f="6" l="421" c="24" d="45" a="0"/>
<U id="140" f="7" l="151" c="60" d="62" a="1"/>
<U id="141" f="6" l="480" c="40" d="125" a="0"/>
<U id="142" f="6" l="522" c="14" d="107" a="0"/>
<U id="143" f="6" l="562" c="12" d="40" a="0"/>
<U id="144" f="7" l="149" c="10" d="24" a="0"/>
<U id="145" f="6" l="278" c="9" d="59" a="0"/>
<U id="146" f="6" l="182" c="40" d="73" a="0"/>
<U id="147" f="6" l="281" c="22" d="203" a="0"/>
<U id="148" f="8" l="617" c="11" d="162" a="0"/>
<U id="149" f="6" l="307" c="22" d="178" a="0"/>
<U id="150" f="6" l="179" c="9" d="73" a="0"/>
<U id="151" f="6" l="304" c="24" d="73" a="0"/>
<U id="152" f="6" l="333" c="14" d="51" a="0"/>
<U id="153" f="6" l="243" c="14" d="106" a="0"/>
<U id="154" f="6" l="346" c="30" d="101" a="0"/>
<U id="155" f="6" l="508" c="30" d="184" a="0"/>
<U id="156" f="6" l="369" c="9" d="59" a="0"/>
<U id="157" f="6" l="372" c="22" d="179" a="0"/>
<U id="158" f="6" l="508" c="21" d="184" a="0"/>
<U id="159" f="7" l="196" c="10" d="31" a="0"/>
<U id="160" f="4" l="102" c="54" d="90" a="0"/>
<U id="161" f="6" l="536" c="30" d="2" a="0"/>
<U id="162" f="7" l="153" c="14" d="30" a="0"/>
<U id="163" f="6" l="547" c="29" d="90" a="0"/>
<U id="164" f="6" l="182" c="59" d="186" a="0"/>
<U id="165" f="6" l="255" c="40" d="54" a="0"/>
<U id="166" f="6" l="424" c="14" d="57" a="0"/>
<U id="167" f="6" l="536" c="21" d="2" a="0"/>
<U id="168" f="7" l="169" c="19" d="62" a="0"/>
<U id="169" f="6" l="596" c="9" d="90" a="0"/>
<U id="170" f="6" l="437" c="30" d="110" a="0"/>
<U id="171" f="7" l="165" c="49" d="103" a="1"/>
<U id="172" f="7" l="216" c="14" d="55" a="0"/>
<U id="173" f="6" l="504" c="24" d="79" a="0"/>
<U id="174" f="6" l="452" c="14" d="95" a="0"/>
<U id="175" f="6" l="611" c="25" d="4" a="0"/>
<U id="176" f="6" l="281" c="14" d="104" a="0"/>
<U id="177" f="6" l="243" c="24" d="54" a="0"/>
<U id="178" f="6" l="294" c="30" d="85" a="0"/>
<U id="179" f="6" l="307" c="14" d="61" a="0"/>
<U id="180" f="6" l="480" c="14" d="125" a="0"/>
<U id="181" f="6" l="508" c="40" d="71" a="0"/>
<U id="182" f="7" l="188" c="10" d="31" a="0"/>
<U id="183" f="6" l="462" c="23" d="59" a="0"/>
<U id="184" f="6" l="182" c="14" d="186" a="0"/>
<U id="185" f="7" l="179" c="10" d="31" a="0"/>
<U id="186" f="6" l="346" c="22" d="189" a="0"/>
<U id="187" f="6" l="536" c="40" d="97" a="0"/>
<U id="188" f="6" l="372" c="14" d="112" a="0"/>
<U id="189" f="6" l="574" c="12" d="36" a="0"/>
<U id="190" f="6" l="385" c="30" d="92" a="0"/>
<U id="191" f="6" l="466" c="30" d="185" a="0"/>
<U id="192" f="7" l="194" c="49" d="120" a="0"/>
<U id="193" f="8" l="594" c="11" d="151" a="0"/>
<U id="194" f="6" l="466" c="21" d="185" a="0"/>
<U id="195" f="7" l="171" c="52" d="103" a="0"/>
<U id="196" f="4" l="101" c="56" d="90" a="0"/>
<U id="197" f="6" l="437" c="22" d="194" a="0"/>
<U id="198" f="6" l="494" c="30" d="195" a="0"/>
<U id="199" f="6" l="182" c="33" d="186" a="0"/>
<U id="200" f="6" l="255" c="14" d="147" a="0"/>
<U id="201" f="6" l="494" c="21" d="195" a="0"/>
<U id="202" f="7" l="218" c="14" d="60" a="0"/>
<U id="203" f="6" l="532" c="25" d="90" a="0"/>
<U id="204" f="6" l="182" c="24" d="73" a="0"/>
<U id="205" f="6" l="268" c="30" d="74" a="0"/>
<U id="206" f="6" l="156" c="14" d="102" a="0"/>
<U id="207" f="6" l="169" c="39" d="59" a="0"/>
<U id="208" f="6" l="195" c="40" d="45" a="0"/>
<U id="209" f="6" l="294" c="22" d="187" a="0"/>
<U id="210" f="7" l="161" c="53" d="86" a="1"/>
<U id="211" f="7" l="171" c="16" d="113" a="1"/>
<U id="212" f="7" l="195" c="49" d="93" a="0"/>
<U id="213" f="6" l="153" c="89" d="90" a="0"/>
<U id="214" f="6" l="265" c="23" d="54" a="0"/>
<U id="215" f="6" l="291" c="24" d="67" a="0"/>
<U id="216" f="6" l="370" c="80" d="59" a="0"/>
<U id="217" f="6" l="560" c="25" d="90" a="0"/>
<U id="218" f="7" l="172" c="52" d="96" a="0"/>
<U id="219" f="8" l="586" c="11" d="168" a="0"/>
<U id="220" f="6" l="317" c="24" d="79" a="0"/>
<U id="221" f="6" l="343" c="25" d="90" a="0"/>
<U id="222" f="6" l="490" c="24" d="73" a="0"/>
<U id="223" f="6" l="219" c="14" d="121" a="0"/>
<U id="224" f="6" l="320" c="37" d="188" a="0"/>
<U id="225" f="6" l="346" c="14" d="101" a="0"/>
<U id="226" f="6" l="466" c="40" d="64" a="0"/>
<U id="227" f="6" l="508" c="14" d="71" a="0"/>
<U id="228" f="6" l="152" c="26" d="90" a="0"/>
<U id="229" f="6" l="359" c="30" d="78" a="0"/>
<U id="230" f="6" l="385" c="22" d="192" a="0"/>
<U id="231" f="6" l="494" c="40" d="88" a="0"/>
<U id="232" f="6" l="536" c="14" d="97" a="0"/>
<U id="233" f="6" l="179" c="30" d="67" a="0"/>
<U id="234" f="6" l="356" c="23" d="54" a="0"/>
<U id="235" f="6" l="382" c="24" d="67" a="0"/>
<U id="236" f="6" l="550" c="26" d="5" a="0"/>
<U id="237" f="7" l="172" c="16" d="82" a="1"/>
<U id="238" f="7" l="202" c="83" d="25" a="0"/>
<U id="239" f="6" l="154" c="89" d="90" a="0"/>
<U id="240" f="6" l="408" c="24" d="79" a="0"/>
<U id="241" f="6" l="434" c="25" d="90" a="0"/>
<U id="242" f="6" l="195" c="59" d="166" a="0"/>
<U id="243" f="6" l="411" c="37" d="193" a="0"/>
<U id="244" f="6" l="437" c="14" d="110" a="0"/>
<U id="245" f="6" l="611" c="18" d="136" a="0"/>
<U id="246" f="7" l="196" c="31" d="13" a="0"/>
<U id="247" f="8" l="578" c="11" d="175" a="0"/>
<U id="248" f="6" l="231" c="37" d="54" a="0"/>
<U id="249" f="6" l="268" c="22" d="197" a="0"/>
<U id="250" f="6" l="586" c="12" d="27" a="0"/>
<U id="251" f="6" l="219" c="24" d="54" a="0"/>
<U id="252" f="6" l="294" c="14" d="85" a="0"/>
<U id="253" f="6" l="195" c="14" d="166" a="0"/>
<U id="254" f="6" l="359" c="22" d="199" a="0"/>
<U id="255" f="6" l="241" c="28" d="79" a="0"/>
<U id="256" f="6" l="518" c="24" d="45" a="0"/>
<U id="257" f="6" l="385" c="14" d="92" a="0"/>
<U id="258" f="6" l="466" c="14" d="64" a="0"/>
<U id="259" f="7" l="188" c="31" d="15" a="0"/>
<U id="260" f="6" l="448" c="23" d="54" a="0"/>
<U id="261" f="6" l="398" c="30" d="124" a="0"/>
<U id="262" f="7" l="179" c="31" d="17" a="0"/>
<U id="263" f="6" l="572" c="25" d="90" a="0"/>
<U id="264" f="6" l="494" c="14" d="88" a="0"/>
<U id="265" f="6" l="522" c="64" d="107" a="0"/>
<U id="266" f="7" l="155" c="53" d="145" a="1"/>
<U id="267" f="7" l="159" c="14" d="37" a="0"/>
<U id="268" f="6" l="169" c="32" d="157" a="0"/>
<U id="269" f="6" l="195" c="33" d="166" a="0"/>
<U id="270" f="6" l="268" c="14" d="74" a="0"/>
<U id="271" f="7" l="202" c="48" d="126" a="0"/>
<U id="272" f="6" l="195" c="24" d="45" a="0"/>
<U id="273" f="7" l="218" c="53" d="148" a="0"/>
<U id="274" f="6" l="169" c="14" d="157" a="0"/>
<U id="275" f="6" l="278" c="23" d="59" a="0"/>
<U id="276" f="6" l="608" c="25" d="90" a="0"/>
<U id="277" f="6" l="207" c="18" d="52" a="0"/>
<U id="278" f="6" l="562" c="17" d="99" a="0"/>
<U id="279" f="6" l="333" c="37" d="171" a="0"/>
<U id="280" f="6" l="359" c="14" d="78" a="0"/>
<U id="281" f="7" l="176" c="52" d="150" a="0"/>
<U id="282" f="6" l="243" c="37" d="54" a="0"/>
<U id="283" f="6" l="598" c="12" d="29" a="0"/>
<U id="284" f="6" l="398" c="22" d="201" a="0"/>
<U id="285" f="6" l="266" c="80" d="54" a="0"/>
<U id="286" f="6" l="369" c="23" d="59" a="0"/>
<U id="287" f="6" l="395" c="24" d="73" a="0"/>
<U id="288" f="6" l="476" c="24" d="67" a="0"/>
<U id="289" f="6" l="452" c="64" d="95" a="0"/>
<U id="290" f="6" l="522" c="56" d="198" a="0"/>
<U id="291" f="7" l="202" c="58" d="120" a="0"/>
<U id="292" f="7" l="216" c="55" d="155" a="0"/>
<U id="293" f="6" l="424" c="37" d="174" a="0"/>
<U id="294" f="6" l="522" c="47" d="198" a="0"/>
<U id="295" f="7" l="176" c="16" d="113" a="1"/>
<U id="296" f="7" l="186" c="52" d="77" a="0"/>
<U id="297" f="6" l="169" c="24" d="59" a="0"/>
<U id="298" f="6" l="480" c="64" d="125" a="0"/>
<U id="299" f="7" l="157" c="53" d="150" a="1"/>
<U id="300" f="7" l="177" c="52" d="145" a="0"/>
<U id="301" f="7" l="180" c="65" d="82" a="0"/>
<U id="302" f="6" l="253" c="28" d="90" a="0"/>
<U id="303" f="7" l="187" c="79" d="82" a="0"/>
<U id="304" f="6" l="357" c="80" d="54" a="0"/>
<U id="305" f="6" l="281" c="37" d="203" a="0"/>
<U id="306" f="6" l="584" c="25" d="90" a="0"/>
<U id="307" f="6" l="156" c="45" d="196" a="0"/>
<U id="308" f="6" l="255" c="27" d="54" a="0"/>
<U id="309" f="6" l="307" c="37" d="178" a="0"/>
<U id="310" f="7" l="153" c="56" d="118" a="1"/>
<U id="311" f="7" l="177" c="16" d="82" a="1"/>
<U id="312" f="6" l="217" c="28" d="54" a="0"/>
<U id="313" f="7" l="169" c="61" d="118" a="0"/>
<U id="314" f="6" l="372" c="37" d="179" a="0"/>
<U id="315" f="6" l="398" c="14" d="124" a="0"/>
<U id="316" f="6" l="452" c="56" d="200" a="0"/>
<U id="317" f="7" l="149" c="44" d="75" a="1"/>
<U id="318" f="6" l="452" c="47" d="200" a="0"/>
<U id="319" f="6" l="574" c="17" d="122" a="0"/>
<U id="320" f="6" l="480" c="56" d="202" a="0"/>
<U id="321" f="6" l="480" c="47" d="202" a="0"/>
<U id="322" f="6" l="508" c="64" d="71" a="0"/>
<U id="323" f="6" l="536" c="64" d="97" a="0"/>
<U id="324" f="6" l="219" c="37" d="54" a="0"/>
<U id="325" f="6" l="346" c="37" d="189" a="0"/>
<U id="326" f="6" l="279" c="80" d="59" a="0"/>
<U id="327" f="6" l="437" c="37" d="194" a="0"/>
<U id="328" f="6" l="229" c="28" d="67" a="0"/>
<U id="329" f="6" l="182" c="48" d="67" a="0"/>
<U id="330" f="6" l="156" c="38" d="191" a="0"/>
<U id="331" f="6" l="508" c="56" d="180" a="0"/>
<U id="332" f="6" l="294" c="37" d="187" a="0"/>
<U id="333" f="6" l="508" c="47" d="180" a="0"/>
<U id="334" f="6" l="466" c="64" d="64" a="0"/>
<U id="335" f="6" l="536" c="56" d="1" a="0"/>
<U id="336" f="6" l="586" c="17" d="149" a="0"/>
<U id="337" f="6" l="536" c="47" d="1" a="0"/>
<U id="338" f="7" l="194" c="74" d="75" a="0"/>
<U id="339" f="6" l="494" c="64" d="88" a="0"/>
<U id="340" f="6" l="520" c="88" d="45" a="0"/>
<U id="341" f="6" l="596" c="26" d="90" a="0"/>
<U id="342" f="6" l="385" c="37" d="192" a="0"/>
<U id="343" f="7" l="209" c="48" d="126" a="0"/>
<U id="344" f="6" l="331" c="88" d="45" a="0"/>
<U id="345" f="7" l="186" c="83" d="113" a="0"/>
<U id="346" f="6" l="268" c="37" d="197" a="0"/>
<U id="347" f="6" l="169" c="46" d="54" a="0"/>
<U id="348" f="6" l="466" c="56" d="183" a="0"/>
<U id="349" f="6" l="422" c="88" d="45" a="0"/>
<U id="350" f="6" l="466" c="47" d="183" a="0"/>
<U id="351" f="6" l="359" c="37" d="199" a="0"/>
<U id="352" f="6" l="494" c="56" d="190" a="0"/>
<U id="353" f="7" l="209" c="58" d="155" a="0"/>
<U id="354" f="6" l="450" c="88" d="54" a="0"/>
<U id="355" f="6" l="494" c="47" d="190" a="0"/>
<U id="356" f="7" l="196" c="65" d="142" a="0"/>
<U id="357" f="6" l="533" c="96" d="90" a="0"/>
<U id="358" f="6" l="305" c="88" d="73" a="0"/>
<U id="359" f="6" l="169" c="56" d="157" a="0"/>
<U id="360" f="6" l="195" c="48" d="79" a="0"/>
<U id="361" f="6" l="534" c="96" d="90" a="0"/>
<U id="362" f="7" l="188" c="65" d="120" a="0"/>
<U id="363" f="7" l="179" c="65" d="113" a="0"/>
<U id="364" f="6" l="505" c="88" d="79" a="0"/>
<U id="365" f="7" l="159" c="57" d="77" a="1"/>
<U id="366" f="6" l="398" c="37" d="201" a="0"/>
<U id="367" f="6" l="598" c="18" d="176" a="0"/>
<U id="368" f="7" l="187" c="48" d="86" a="0"/>
<U id="369" f="7" l="209" c="87" d="75" a="0"/>
<U id="370" f="6" l="344" c="88" d="90" a="0"/>
<U id="371" f="6" l="506" c="88" d="79" a="0"/>
<U id="372" f="6" l="435" c="88" d="90" a="0"/>
<U id="373" f="7" l="195" c="77" d="93" a="0"/>
<U id="374" f="6" l="463" c="88" d="59" a="0"/>
<U id="375" f="6" l="292" c="88" d="67" a="0"/>
<U id="376" f="6" l="318" c="88" d="79" a="0"/>
<U id="377" f="6" l="491" c="88" d="73" a="0"/>
<U id="378" f="6" l="609" c="96" d="90" a="0"/>
<U id="379" f="6" l="383" c="88" d="67" a="0"/>
<U id="380" f="6" l="464" c="88" d="59" a="0"/>
<U id="381" f="6" l="409" c="88" d="79" a="0"/>
<U id="382" f="6" l="492" c="88" d="73" a="0"/>
<U id="383" f="6" l="548" c="96" d="90" a="0"/>
<U id="384" f="6" l="519" c="88" d="45" a="0"/>
<U id="385" f="6" l="449" c="88" d="54" a="0"/>
<U id="386" f="6" l="396" c="88" d="73" a="0"/>
<U id="387" f="6" l="477" c="88" d="67" a="0"/>
<U id="388" f="6" l="478" c="88" d="67" a="0"/>
</Uses>
<Blocks>
<B id="1" t="else" f="7" l="174" c="8">
<BEGIN l="175" c="8"/>
<END l="178" c="8"/>
</B>
<B id="2" t="if" f="7" l="169" c="8">
<BEGIN l="170" c="8"/>
<END l="173" c="8"/>
<ELSE d="1"/>
</B>
<B id="3" t="routine" f="7" l="121" c="5">
<BEGIN l="122" c="0"/>
<END l="225" c="0"/>
<SUB d="2"/>
</B>
<B id="4" t="ppcif" f="9" l="15" c="0">
<BEGIN l="15" c="27"/>
<END l="330" c="0"/>
</B>
<B id="5" t="ppcif" f="9" l="25" c="0">
<BEGIN l="25" c="19"/>
<END l="155" c="0"/>
</B>
<B id="6" t="ppcrmif" f="9" l="46" c="0">
<BEGIN l="46" c="93"/>
<END l="91" c="0"/>
</B>
<B id="7" t="ppcrmif" f="9" l="94" c="0">
<BEGIN l="94" c="91"/>
<END l="153" c="0"/>
</B>
<B id="8" t="ppcrmelse" f="9" l="155" c="0">
<BEGIN l="155" c="35"/>
<END l="328" c="0"/>
</B>
<B id="9" t="ppcif" f="10" l="11" c="0">
<BEGIN l="11" c="27"/>
<END l="36" c="0"/>
</B>
<B id="10" t="ppcrmif" f="10" l="14" c="0">
<BEGIN l="14" c="19"/>
<END l="29" c="0"/>
</B>
<B id="11" t="ppcelse" f="10" l="29" c="0">
<BEGIN l="29" c="5"/>
<END l="33" c="0"/>
</B>
<B id="12" t="ppcif" f="1" l="22" c="0">
<BEGIN l="22" c="17"/>
<END l="109" c="0"/>
</B>
<B id="13" t="ppcrmif" f="1" l="39" c="0">
<BEGIN l="39" c="66"/>
<END l="43" c="0"/>
</B>
<B id="14" t="ppcelse" f="1" l="43" c="0">
<BEGIN l="43" c="60"/>
<END l="47" c="0"/>
</B>
<B id="15" t="ppcrmif" f="1" l="52" c="0">
<BEGIN l="52" c="18"/>
<END l="58" c="0"/>
</B>
<B id="16" t="ppcrmif" f="1" l="62" c="0">
<BEGIN l="62" c="33"/>
<END l="80" c="0"/>
</B>
<B id="17" t="ppcelse" f="1" l="80" c="0">
<BEGIN l="80" c="31"/>
<END l="93" c="0"/>
</B>
<B id="18" t="ppcrmif" f="1" l="96" c="0">
<BEGIN l="96" c="14"/>
<END l="106" c="0"/>
</B>
<B id="19" t="ppcif" f="11" l="3" c="0">
<BEGIN l="3" c="29"/>
<END l="348" c="0"/>
</B>
<B id="20" t="ppcif" f="11" l="61" c="0">
<BEGIN l="63" c="27"/>
<END l="66" c="0"/>
</B>
<B id="21" t="ppcrmif" f="11" l="165" c="0">
<BEGIN l="165" c="17"/>
<END l="206" c="0"/>
</B>
<B id="22" t="ppcrmif" f="11" l="209" c="0">
<BEGIN l="209" c="37"/>
<END l="211" c="0"/>
</B>
<B id="23" t="ppcrmif" f="11" l="213" c="0">
<BEGIN l="213" c="44"/>
<END l="321" c="0"/>
</B>
<B id="24" t="ppcif" f="11" l="323" c="0">
<BEGIN l="323" c="18"/>
<END l="346" c="0"/>
</B>
<B id="25" t="ppcrmif" f="11" l="326" c="0">
<BEGIN l="326" c="18"/>
<END l="328" c="0"/>
</B>
<B id="26" t="ppcrmif" f="11" l="329" c="0">
<BEGIN l="329" c="63"/>
<END l="331" c="0"/>
</B>
<B id="27" t="ppcrmif" f="11" l="332" c="0">
<BEGIN l="332" c="64"/>
<END l="334" c="0"/>
</B>
<B id="28" t="ppcrmif" f="11" l="335" c="0">
<BEGIN l="335" c="16"/>
<END l="340" c="0"/>
</B>
<B id="29" t="ppcif" f="11" l="343" c="0">
<BEGIN l="343" c="57"/>
<END l="345" c="0"/>
</B>
<B id="30" t="type" f="4" l="48" c="7">
<BEGIN l="48" c="24"/>
<END l="56" c="0"/>
</B>
<B id="31" t="ppcif" f="4" l="24" c="0">
<BEGIN l="24" c="25"/>
<END l="241" c="0"/>
</B>
<B id="32" t="ppcrmif" f="4" l="27" c="0">
<BEGIN l="27" c="35"/>
<END l="29" c="0"/>
</B>
<B id="33" t="ppcrmif" f="4" l="33" c="0">
<BEGIN l="33" c="19"/>
<END l="36" c="0"/>
</B>
<B id="34" t="ppcrmif" f="4" l="225" c="0">
<BEGIN l="225" c="19"/>
<END l="227" c="0"/>
</B>
<B id="35" t="ppcif" f="4" l="230" c="0">
<BEGIN l="230" c="26"/>
<END l="238" c="0"/>
</B>
<B id="36" t="ppcif" f="4" l="231" c="0">
<BEGIN l="231" c="25"/>
<END l="235" c="0"/>
</B>
<B id="37" t="ppcrmif" f="4" l="232" c="0">
<BEGIN l="232" c="37"/>
<END l="234" c="0"/>
</B>
<B id="38" t="ppcrmelse" f="4" l="235" c="0">
<BEGIN l="235" c="7"/>
<END l="237" c="0"/>
</B>
<B id="39" t="ppcif" f="12" l="24" c="0">
<BEGIN l="24" c="30"/>
<END l="55" c="0"/>
</B>
<B id="40" t="ppcrmif" f="12" l="27" c="0">
<BEGIN l="27" c="19"/>
<END l="30" c="0"/>
</B>
<B id="41" t="ppcrmif" f="12" l="39" c="0">
<BEGIN l="39" c="19"/>
<END l="41" c="0"/>
</B>
<B id="42" t="ppcif" f="12" l="44" c="0">
<BEGIN l="44" c="26"/>
<END l="52" c="0"/>
</B>
<B id="43" t="ppcif" f="12" l="45" c="0">
<BEGIN l="45" c="25"/>
<END l="49" c="0"/>
</B>
<B id="44" t="ppcrmif" f="12" l="46" c="0">
<BEGIN l="46" c="37"/>
<END l="48" c="0"/>
</B>
<B id="45" t="ppcrmelse" f="12" l="49" c="0">
<BEGIN l="49" c="7"/>
<END l="51" c="0"/>
</B>
<B id="46" t="ppcif" f="13" l="24" c="0">
<BEGIN l="24" c="19"/>
<END l="46" c="0"/>
</B>
<B id="47" t="ppcif" f="13" l="35" c="0">
<BEGIN l="35" c="26"/>
<END l="43" c="0"/>
</B>
<B id="48" t="ppcif" f="13" l="36" c="0">
<BEGIN l="36" c="25"/>
<END l="40" c="0"/>
</B>
<B id="49" t="ppcrmif" f="13" l="37" c="0">
<BEGIN l="37" c="37"/>
<END l="39" c="0"/>
</B>
<B id="50" t="ppcrmelse" f="13" l="40" c="0">
<BEGIN l="40" c="7"/>
<END l="42" c="0"/>
</B>
<B id="51" t="ppcif" f="14" l="25" c="0">
<BEGIN l="25" c="14"/>
<END l="95" c="0"/>
</B>
<B id="52" t="ppcrmif" f="14" l="41" c="0">
<BEGIN l="41" c="33"/>
<END l="43" c="0"/>
</B>
<B id="53" t="ppcrmif" f="14" l="45" c="0">
<BEGIN l="45" c="46"/>
<END l="47" c="0"/>
</B>
<B id="54" t="ppcrmif" f="14" l="49" c="0">
<BEGIN l="49" c="28"/>
<END l="51" c="0"/>
</B>
<B id="55" t="ppcif" f="14" l="84" c="0">
<BEGIN l="84" c="26"/>
<END l="92" c="0"/>
</B>
<B id="56" t="ppcrmif" f="14" l="85" c="0">
<BEGIN l="85" c="25"/>
<END l="89" c="0"/>
</B>
<B id="57" t="ppcelse" f="14" l="89" c="0">
<BEGIN l="89" c="7"/>
<END l="91" c="0"/>
</B>
<B id="58" t="type" f="3" l="135" c="0">
<BEGIN l="135" c="0"/>
<END l="141" c="0"/>
</B>
<B id="59" t="ppcif" f="3" l="56" c="0">
<BEGIN l="56" c="19"/>
<END l="154" c="0"/>
</B>
<B id="60" t="ppcif" f="3" l="122" c="0">
<BEGIN l="122" c="26"/>
<END l="126" c="0"/>
</B>
<B id="61" t="ppcif" f="2" l="43" c="0">
<BEGIN l="43" c="24"/>
<END l="150" c="0"/>
</B>
<B id="62" t="ppcif" f="2" l="81" c="0">
<BEGIN l="81" c="13"/>
<END l="83" c="0"/>
</B>
<B id="63" t="ppcif" f="2" l="85" c="0">
<BEGIN l="85" c="14"/>
<END l="87" c="0"/>
</B>
<B id="64" t="ppcrmif" f="2" l="119" c="0">
<BEGIN l="119" c="46"/>
<END l="125" c="0"/>
</B>
<B id="65" t="ppcelse" f="2" l="125" c="0">
<BEGIN l="125" c="6"/>
<END l="129" c="0"/>
</B>
<B id="66" t="ppcrmif" f="2" l="131" c="0">
<BEGIN l="131" c="46"/>
<END l="137" c="0"/>
</B>
<B id="67" t="ppcelse" f="2" l="137" c="0">
<BEGIN l="137" c="6"/>
<END l="140" c="0"/>
</B>
<B id="68" t="ppcif" f="15" l="43" c="0">
<BEGIN l="43" c="18"/>
<END l="202" c="0"/>
</B>
<B id="69" t="ppcif" f="15" l="88" c="0">
<BEGIN l="88" c="17"/>
<END l="90" c="0"/>
</B>
<B id="70" t="ppcif" f="16" l="19" c="0">
<BEGIN l="19" c="22"/>
<END l="23" c="0"/>
</B>
<B id="71" t="ppcif" f="17" l="19" c="0">
<BEGIN l="19" c="26"/>
<END l="23" c="0"/>
</B>
<B id="72" t="ppcif" f="18" l="24" c="0">
<BEGIN l="24" c="31"/>
<END l="39" c="0"/>
</B>
<B id="73" t="ppcif" f="18" l="28" c="0">
<BEGIN l="28" c="26"/>
<END l="36" c="0"/>
</B>
<B id="74" t="ppcif" f="18" l="29" c="0">
<BEGIN l="29" c="25"/>
<END l="33" c="0"/>
</B>
<B id="75" t="ppcrmif" f="18" l="30" c="0">
<BEGIN l="30" c="37"/>
<END l="32" c="0"/>
</B>
<B id="76" t="ppcrmelse" f="18" l="33" c="0">
<BEGIN l="33" c="7"/>
<END l="35" c="0"/>
</B>
<B id="77" t="ppcif" f="19" l="19" c="0">
<BEGIN l="19" c="16"/>
<END l="24" c="0"/>
</B>
<B id="78" t="ppcif" f="20" l="53" c="0">
<BEGIN l="53" c="32"/>
<END l="57" c="0"/>
</B>
<B id="79" t="ppcrmif" f="20" l="67" c="0">
<BEGIN l="67" c="45"/>
<END l="71" c="0"/>
</B>
<B id="80" t="ppcrmif" f="20" l="81" c="0">
<BEGIN l="81" c="50"/>
<END l="85" c="0"/>
</B>
<B id="81" t="ppcrmif" f="20" l="95" c="0">
<BEGIN l="95" c="48"/>
<END l="99" c="0"/>
</B>
<B id="82" t="ppcrmif" f="20" l="109" c="0">
<BEGIN l="109" c="53"/>
<END l="113" c="0"/>
</B>
<B id="83" t="ppcif" f="20" l="125" c="0">
<BEGIN l="125" c="31"/>
<END l="129" c="0"/>
</B>
<B id="84" t="ppcrmif" f="20" l="139" c="0">
<BEGIN l="139" c="44"/>
<END l="143" c="0"/>
</B>
<B id="85" t="ppcrmif" f="20" l="153" c="0">
<BEGIN l="153" c="49"/>
<END l="157" c="0"/>
</B>
<B id="86" t="ppcrmif" f="20" l="167" c="0">
<BEGIN l="167" c="47"/>
<END l="171" c="0"/>
</B>
<B id="87" t="ppcrmif" f="20" l="181" c="0">
<BEGIN l="181" c="52"/>
<END l="185" c="0"/>
</B>
<B id="88" t="ppcif" f="20" l="201" c="0">
<BEGIN l="201" c="25"/>
<END l="209" c="0"/>
</B>
<B id="89" t="ppcif" f="20" l="202" c="0">
<BEGIN l="202" c="24"/>
<END l="206" c="0"/>
</B>
<B id="90" t="ppcrmif" f="20" l="203" c="0">
<BEGIN l="203" c="36"/>
<END l="205" c="0"/>
</B>
<B id="91" t="ppcrmelse" f="20" l="206" c="0">
<BEGIN l="206" c="6"/>
<END l="208" c="0"/>
</B>
<B id="92" t="ppcif" f="21" l="19" c="0">
<BEGIN l="19" c="20"/>
<END l="65" c="0"/>
</B>
<B id="93" t="ppcif" f="6" l="20" c="0">
<BEGIN l="20" c="18"/>
<END l="614" c="0"/>
</B>
<B id="94" t="routine" f="6" l="152" c="17">
<BEGIN l="155" c="0"/>
<END l="157" c="0"/>
</B>
<B id="95" t="routine" f="6" l="166" c="15">
<BEGIN l="167" c="0"/>
<END l="170" c="0"/>
</B>
<B id="96" t="routine" f="6" l="179" c="16">
<BEGIN l="180" c="0"/>
<END l="183" c="0"/>
</B>
<B id="97" t="else" f="6" l="195" c="40">
<BEGIN l="195" c="40"/>
<END l="195" c="63"/>
</B>
<B id="98" t="if" f="6" l="195" c="22">
<BEGIN l="195" c="24"/>
<END l="195" c="36"/>
<ELSE d="97"/>
</B>
<B id="99" t="routine" f="6" l="192" c="16">
<BEGIN l="193" c="0"/>
<END l="196" c="0"/>
<SUB d="98"/>
</B>
<B id="100" t="routine" f="6" l="205" c="17">
<BEGIN l="206" c="0"/>
<END l="208" c="0"/>
</B>
<B id="101" t="else" f="6" l="219" c="37">
<BEGIN l="219" c="37"/>
<END l="219" c="45"/>
</B>
<B id="102" t="if" f="6" l="219" c="22">
<BEGIN l="219" c="24"/>
<END l="219" c="32"/>
<ELSE d="101"/>
</B>
<B id="103" t="routine" f="6" l="217" c="15">
<BEGIN l="218" c="0"/>
<END l="220" c="0"/>
<SUB d="102"/>
</B>
<B id="104" t="else" f="6" l="231" c="37">
<BEGIN l="231" c="37"/>
<END l="231" c="45"/>
</B>
<B id="105" t="if" f="6" l="231" c="22">
<BEGIN l="231" c="24"/>
<END l="231" c="32"/>
<ELSE d="104"/>
</B>
<B id="106" t="routine" f="6" l="229" c="15">
<BEGIN l="230" c="0"/>
<END l="232" c="0"/>
<SUB d="105"/>
</B>
<B id="107" t="else" f="6" l="243" c="37">
<BEGIN l="243" c="37"/>
<END l="243" c="45"/>
</B>
<B id="108" t="if" f="6" l="243" c="22">
<BEGIN l="243" c="24"/>
<END l="243" c="32"/>
<ELSE d="107"/>
</B>
<B id="109" t="routine" f="6" l="241" c="15">
<BEGIN l="242" c="0"/>
<END l="244" c="0"/>
<SUB d="108"/>
</B>
<B id="110" t="else" f="6" l="255" c="40">
<BEGIN l="255" c="40"/>
<END l="255" c="48"/>
</B>
<B id="111" t="if" f="6" l="255" c="25">
<BEGIN l="255" c="27"/>
<END l="255" c="35"/>
<ELSE d="110"/>
</B>
<B id="112" t="routine" f="6" l="253" c="15">
<BEGIN l="254" c="0"/>
<END l="256" c="0"/>
<SUB d="111"/>
</B>
<B id="113" t="routine" f="6" l="265" c="15">
<BEGIN l="267" c="0"/>
<END l="269" c="0"/>
</B>
<B id="114" t="routine" f="6" l="278" c="15">
<BEGIN l="280" c="0"/>
<END l="282" c="0"/>
</B>
<B id="115" t="routine" f="6" l="291" c="16">
<BEGIN l="293" c="0"/>
<END l="295" c="0"/>
</B>
<B id="116" t="routine" f="6" l="304" c="16">
<BEGIN l="306" c="0"/>
<END l="308" c="0"/>
</B>
<B id="117" t="else" f="6" l="320" c="37">
<BEGIN l="320" c="37"/>
<END l="320" c="40"/>
</B>
<B id="118" t="if" f="6" l="320" c="28">
<BEGIN l="320" c="30"/>
<END l="320" c="33"/>
<ELSE d="117"/>
</B>
<B id="119" t="routine" f="6" l="317" c="16">
<BEGIN l="319" c="0"/>
<END l="321" c="0"/>
<SUB d="118"/>
</B>
<B id="120" t="else" f="6" l="333" c="37">
<BEGIN l="333" c="37"/>
<END l="333" c="40"/>
</B>
<B id="121" t="if" f="6" l="333" c="28">
<BEGIN l="333" c="30"/>
<END l="333" c="33"/>
<ELSE d="120"/>
</B>
<B id="122" t="routine" f="6" l="330" c="16">
<BEGIN l="332" c="0"/>
<END l="334" c="0"/>
<SUB d="121"/>
</B>
<B id="123" t="else" f="6" l="346" c="37">
<BEGIN l="346" c="37"/>
<END l="346" c="40"/>
</B>
<B id="124" t="if" f="6" l="346" c="28">
<BEGIN l="346" c="30"/>
<END l="346" c="33"/>
<ELSE d="123"/>
</B>
<B id="125" t="routine" f="6" l="343" c="17">
<BEGIN l="345" c="0"/>
<END l="347" c="0"/>
<SUB d="124"/>
</B>
<B id="126" t="routine" f="6" l="356" c="15">
<BEGIN l="358" c="0"/>
<END l="360" c="0"/>
</B>
<B id="127" t="routine" f="6" l="369" c="15">
<BEGIN l="371" c="0"/>
<END l="373" c="0"/>
</B>
<B id="128" t="routine" f="6" l="382" c="16">
<BEGIN l="384" c="0"/>
<END l="386" c="0"/>
</B>
<B id="129" t="routine" f="6" l="395" c="16">
<BEGIN l="397" c="0"/>
<END l="399" c="0"/>
</B>
<B id="130" t="else" f="6" l="411" c="37">
<BEGIN l="411" c="37"/>
<END l="411" c="40"/>
</B>
<B id="131" t="if" f="6" l="411" c="28">
<BEGIN l="411" c="30"/>
<END l="411" c="33"/>
<ELSE d="130"/>
</B>
<B id="132" t="routine" f="6" l="408" c="16">
<BEGIN l="410" c="0"/>
<END l="412" c="0"/>
<SUB d="131"/>
</B>
<B id="133" t="else" f="6" l="424" c="37">
<BEGIN l="424" c="37"/>
<END l="424" c="40"/>
</B>
<B id="134" t="if" f="6" l="424" c="28">
<BEGIN l="424" c="30"/>
<END l="424" c="33"/>
<ELSE d="133"/>
</B>
<B id="135" t="routine" f="6" l="421" c="16">
<BEGIN l="423" c="0"/>
<END l="425" c="0"/>
<SUB d="134"/>
</B>
<B id="136" t="else" f="6" l="437" c="37">
<BEGIN l="437" c="37"/>
<END l="437" c="40"/>
</B>
<B id="137" t="if" f="6" l="437" c="28">
<BEGIN l="437" c="30"/>
<END l="437" c="33"/>
<ELSE d="136"/>
</B>
<B id="138" t="routine" f="6" l="434" c="17">
<BEGIN l="436" c="0"/>
<END l="438" c="0"/>
<SUB d="137"/>
</B>
<B id="139" t="routine" f="6" l="448" c="15">
<BEGIN l="451" c="0"/>
<END l="453" c="0"/>
</B>
<B id="140" t="routine" f="6" l="462" c="15">
<BEGIN l="465" c="0"/>
<END l="467" c="0"/>
</B>
<B id="141" t="routine" f="6" l="476" c="16">
<BEGIN l="479" c="0"/>
<END l="481" c="0"/>
</B>
<B id="142" t="routine" f="6" l="490" c="16">
<BEGIN l="493" c="0"/>
<END l="495" c="0"/>
</B>
<B id="143" t="else" f="6" l="508" c="38">
<BEGIN l="508" c="38"/>
<END l="508" c="67"/>
</B>
<B id="144" t="if" f="6" l="508" c="28">
<BEGIN l="508" c="30"/>
<END l="508" c="34"/>
<ELSE d="143"/>
</B>
<B id="145" t="routine" f="6" l="504" c="16">
<BEGIN l="507" c="0"/>
<END l="509" c="0"/>
<SUB d="144"/>
</B>
<B id="146" t="else" f="6" l="522" c="38">
<BEGIN l="522" c="38"/>
<END l="522" c="67"/>
</B>
<B id="147" t="if" f="6" l="522" c="28">
<BEGIN l="522" c="30"/>
<END l="522" c="34"/>
<ELSE d="146"/>
</B>
<B id="148" t="routine" f="6" l="518" c="16">
<BEGIN l="521" c="0"/>
<END l="523" c="0"/>
<SUB d="147"/>
</B>
<B id="149" t="else" f="6" l="536" c="38">
<BEGIN l="536" c="38"/>
<END l="536" c="67"/>
</B>
<B id="150" t="if" f="6" l="536" c="28">
<BEGIN l="536" c="30"/>
<END l="536" c="34"/>
<ELSE d="149"/>
</B>
<B id="151" t="routine" f="6" l="532" c="17">
<BEGIN l="535" c="0"/>
<END l="537" c="0"/>
<SUB d="150"/>
</B>
<B id="152" t="routine" f="6" l="547" c="17">
<BEGIN l="549" c="0"/>
<END l="551" c="0"/>
</B>
<B id="153" t="routine" f="6" l="560" c="17">
<BEGIN l="561" c="0"/>
<END l="563" c="0"/>
</B>
<B id="154" t="routine" f="6" l="572" c="17">
<BEGIN l="573" c="0"/>
<END l="575" c="0"/>
</B>
<B id="155" t="routine" f="6" l="584" c="17">
<BEGIN l="585" c="0"/>
<END l="587" c="0"/>
</B>
<B id="156" t="routine" f="6" l="596" c="17">
<BEGIN l="597" c="0"/>
<END l="599" c="0"/>
</B>
<B id="157" t="routine" f="6" l="608" c="17">
<BEGIN l="610" c="0"/>
<END l="612" c="0"/>
</B>
<B id="158" t="ppcif" f="5" l="13" c="0">
<BEGIN l="13" c="16"/>
<END l="823" c="0"/>
</B>
<B id="159" t="ppcrmif" f="5" l="14" c="0">
<BEGIN l="14" c="14"/>
<END l="16" c="0"/>
</B>
<B id="160" t="ppcif" f="5" l="18" c="0">
<BEGIN l="18" c="23"/>
<END l="819" c="0"/>
</B>
<B id="161" t="ppcrmif" f="5" l="20" c="0">
<BEGIN l="20" c="18"/>
<END l="22" c="0"/>
</B>
<B id="162" t="ppcrmif" f="5" l="26" c="0">
<BEGIN l="26" c="67"/>
<END l="28" c="0"/>
</B>
<B id="163" t="ppcrmelif" f="5" l="28" c="0">
<BEGIN l="28" c="5"/>
<END l="30" c="0"/>
</B>
<B id="164" t="ppcrmelif" f="5" l="30" c="0">
<BEGIN l="30" c="5"/>
<END l="33" c="0"/>
</B>
<B id="165" t="ppcrmelif" f="5" l="33" c="0">
<BEGIN l="33" c="5"/>
<END l="38" c="0"/>
</B>
<B id="166" t="ppcrmelse" f="5" l="38" c="0">
<BEGIN l="38" c="5"/>
<END l="40" c="0"/>
</B>
<B id="167" t="ppcrmif" f="5" l="42" c="0">
<BEGIN l="42" c="23"/>
<END l="44" c="0"/>
</B>
<B id="168" t="ppcrmelif" f="5" l="44" c="0">
<BEGIN l="44" c="5"/>
<END l="47" c="0"/>
</B>
<B id="169" t="ppcrmelif" f="5" l="47" c="0">
<BEGIN l="47" c="5"/>
<END l="50" c="0"/>
</B>
<B id="170" t="ppcrmelse" f="5" l="50" c="0">
<BEGIN l="50" c="5"/>
<END l="53" c="0"/>
</B>
<B id="171" t="ppcif" f="5" l="65" c="0">
<BEGIN l="65" c="20"/>
<END l="68" c="0"/>
</B>
<B id="172" t="ppcrmelse" f="5" l="68" c="0">
<BEGIN l="68" c="5"/>
<END l="76" c="0"/>
</B>
<B id="173" t="ppcrmif" f="5" l="78" c="0">
<BEGIN l="78" c="106"/>
<END l="82" c="0"/>
</B>
<B id="174" t="ppcelse" f="5" l="82" c="0">
<BEGIN l="82" c="5"/>
<END l="86" c="0"/>
</B>
<B id="175" t="ppcif" f="5" l="115" c="0">
<BEGIN l="116" c="51"/>
<END l="119" c="0"/>
</B>
<B id="176" t="ppcif" f="5" l="121" c="0">
<BEGIN l="121" c="68"/>
<END l="123" c="0"/>
</B>
<B id="177" t="ppcrmelse" f="5" l="123" c="0">
<BEGIN l="123" c="5"/>
<END l="126" c="0"/>
</B>
<B id="178" t="ppcrmif" f="5" l="128" c="0">
<BEGIN l="128" c="53"/>
<END l="131" c="0"/>
</B>
<B id="179" t="ppcrmif" f="5" l="133" c="0">
<BEGIN l="133" c="51"/>
<END l="135" c="0"/>
</B>
<B id="180" t="ppcif" f="5" l="137" c="0">
<BEGIN l="137" c="24"/>
<END l="265" c="0"/>
</B>
<B id="181" t="ppcif" f="5" l="138" c="0">
<BEGIN l="138" c="56"/>
<END l="140" c="0"/>
</B>
<B id="182" t="ppcrmif" f="5" l="171" c="0">
<BEGIN l="171" c="24"/>
<END l="173" c="0"/>
</B>
<B id="183" t="ppcrmif" f="5" l="188" c="0">
<BEGIN l="188" c="24"/>
<END l="190" c="0"/>
</B>
<B id="184" t="ppcif" f="5" l="196" c="0">
<BEGIN l="196" c="56"/>
<END l="263" c="0"/>
</B>
<B id="185" t="ppcrmif" f="5" l="217" c="0">
<BEGIN l="217" c="24"/>
<END l="219" c="0"/>
</B>
<B id="186" t="ppcrmif" f="5" l="260" c="0">
<BEGIN l="260" c="24"/>
<END l="262" c="0"/>
</B>
<B id="187" t="ppcrmif" f="5" l="268" c="0">
<BEGIN l="268" c="24"/>
<END l="270" c="0"/>
</B>
<B id="188" t="ppcrmif" f="5" l="284" c="0">
<BEGIN l="284" c="24"/>
<END l="286" c="0"/>
</B>
<B id="189" t="ppcif" f="5" l="291" c="0">
<BEGIN l="291" c="20"/>
<END l="750" c="0"/>
</B>
<B id="190" t="ppcif" f="5" l="292" c="0">
<BEGIN l="292" c="24"/>
<END l="307" c="0"/>
</B>
<B id="191" t="ppcrmif" f="5" l="310" c="0">
<BEGIN l="310" c="43"/>
<END l="317" c="0"/>
</B>
<B id="192" t="ppcelif" f="5" l="317" c="0">
<BEGIN l="317" c="5"/>
<END l="324" c="0"/>
</B>
<B id="193" t="ppcrmelif" f="5" l="324" c="0">
<BEGIN l="324" c="5"/>
<END l="337" c="0"/>
</B>
<B id="194" t="ppcrmelse" f="5" l="337" c="0">
<BEGIN l="337" c="5"/>
<END l="345" c="0"/>
</B>
<B id="195" t="ppcrmif" f="5" l="348" c="0">
<BEGIN l="348" c="43"/>
<END l="355" c="0"/>
</B>
<B id="196" t="ppcelif" f="5" l="355" c="0">
<BEGIN l="355" c="5"/>
<END l="364" c="0"/>
</B>
<B id="197" t="ppcrmelse" f="5" l="364" c="0">
<BEGIN l="364" c="5"/>
<END l="372" c="0"/>
</B>
<B id="198" t="ppcrmif" f="5" l="375" c="0">
<BEGIN l="375" c="23"/>
<END l="377" c="0"/>
</B>
<B id="199" t="ppcrmelif" f="5" l="377" c="0">
<BEGIN l="377" c="6"/>
<END l="379" c="0"/>
</B>
<B id="200" t="ppcrmelif" f="5" l="379" c="0">
<BEGIN l="379" c="6"/>
<END l="381" c="0"/>
</B>
<B id="201" t="ppcif" f="5" l="383" c="0">
<BEGIN l="383" c="64"/>
<END l="402" c="0"/>
</B>
<B id="202" t="ppcif" f="5" l="386" c="0">
<BEGIN l="386" c="24"/>
<END l="397" c="0"/>
</B>
<B id="203" t="ppcrmelse" f="5" l="402" c="0">
<BEGIN l="402" c="5"/>
<END l="682" c="0"/>
</B>
<B id="204" t="ppcif" f="5" l="685" c="0">
<BEGIN l="685" c="24"/>
<END l="698" c="0"/>
</B>
<B id="205" t="ppcif" f="5" l="695" c="0">
<BEGIN l="695" c="56"/>
<END l="697" c="0"/>
</B>
<B id="206" t="ppcrmif" f="5" l="708" c="0">
<BEGIN l="708" c="143"/>
<END l="716" c="0"/>
</B>
<B id="207" t="ppcif" f="5" l="740" c="0">
<BEGIN l="740" c="63"/>
<END l="743" c="0"/>
</B>
<B id="208" t="ppcrmif" f="5" l="752" c="0">
<BEGIN l="752" c="95"/>
<END l="772" c="0"/>
</B>
<B id="209" t="ppcrmif" f="5" l="774" c="0">
<BEGIN l="774" c="42"/>
<END l="776" c="0"/>
</B>
<B id="210" t="ppcrmif" f="5" l="778" c="0">
<BEGIN l="778" c="51"/>
<END l="780" c="0"/>
</B>
<B id="211" t="ppcrmif" f="5" l="782" c="0">
<BEGIN l="782" c="18"/>
<END l="816" c="0"/>
</B>
<B id="212" t="ppcrmif" f="5" l="820" c="0">
<BEGIN l="820" c="14"/>
<END l="822" c="0"/>
</B>
</Blocks>
</Navig>
