<?xml version="1.0" encoding="UTF-8"?>

<MISRA-C-Report version="1.3">


<CodeStruct Name="" File="C:\Component\SF045A_HwAgSysArbn_Impl\src\HwAgSysArbn.c" Line="0" Column="0">

<Rule Name="19.1" Mode="advisory" Report="warning" Id="1">
<Loc File="C:\Component\SF045A_HwAgSysArbn_Impl\src\HwAgSysArbn.c" Line="690" Column="0">
</Loc>
<Message>
#include statements in a file shall only be preceded by other preprocessor directives or comments.
</Message>
</Rule>

<Rule Name="19.11" Mode="required" Report="warning" Id="2">
<Loc File="C:\Component\SF045A_HwAgSysArbn_Impl\src\HwAgSysArbn.c" Line="933" Column="0">
</Loc>
<Message>
`FLTINJENA' is not defined.
</Message>
</Rule>

<Rule Name="19.11" Mode="required" Report="warning" Id="3">
<Loc File="C:\Component\SF045A_HwAgSysArbn_Impl\src\HwAgSysArbn.c" Line="937" Column="0">
</Loc>
<Message>
`FLTINJENA' is not defined.
</Message>
</Rule>

<Rule Name="19.1" Mode="advisory" Report="warning" Id="4">
<Loc File="C:\Component\SF045A_HwAgSysArbn_Impl\src\HwAgSysArbn.c" Line="958" Column="0">
</Loc>
<Message>
#include statements in a file shall only be preceded by other preprocessor directives or comments.
</Message>
</Rule>

</CodeStruct>

<CodeStruct Name="HwAgSysArbnPer1" File="C:\Component\SF045A_HwAgSysArbn_Impl\src\HwAgSysArbn.c" Line="778" Column="5">

<Rule Name="9.1" Mode="required" Report="warning" Id="5">
<Loc File="C:\Component\SF045A_HwAgSysArbn_Impl\src\HwAgSysArbn.c" Line="822" Column="11">
</Loc>
<Message>
All automatic variables shall have been assigned a value before being used.
</Message>
</Rule>

<Rule Name="9.1" Mode="required" Report="warning" Id="6">
<Loc File="C:\Component\SF045A_HwAgSysArbn_Impl\src\HwAgSysArbn.c" Line="839" Column="22">
</Loc>
<Message>
All automatic variables shall have been assigned a value before being used.
</Message>
</Rule>

<Rule Name="21.1" Mode="required" Report="warning" Id="7">
<Loc File="C:\Component\SF045A_HwAgSysArbn_Impl\src\HwAgSysArbn.c" Line="840" Column="9">
</Loc>
<Message>
Minimisation of run-time failures.
</Message>
</Rule>

<Rule Name="21.1" Mode="required" Report="warning" Id="8">
<Loc File="C:\Component\SF045A_HwAgSysArbn_Impl\src\HwAgSysArbn.c" Line="840" Column="31">
</Loc>
<Message>
Minimisation of run-time failures.
</Message>
</Rule>

<Rule Name="9.1" Mode="required" Report="warning" Id="9">
<Loc File="C:\Component\SF045A_HwAgSysArbn_Impl\src\HwAgSysArbn.c" Line="842" Column="35">
</Loc>
<Message>
All automatic variables shall have been assigned a value before being used.
</Message>
</Rule>

<Rule Name="21.1" Mode="required" Report="warning" Id="10">
<Loc File="C:\Component\SF045A_HwAgSysArbn_Impl\src\HwAgSysArbn.c" Line="848" Column="8">
</Loc>
<Message>
Minimisation of run-time failures.
</Message>
</Rule>

<Rule Name="21.1" Mode="required" Report="warning" Id="11">
<Loc File="C:\Component\SF045A_HwAgSysArbn_Impl\src\HwAgSysArbn.c" Line="848" Column="30">
</Loc>
<Message>
Minimisation of run-time failures.
</Message>
</Rule>

<Rule Name="9.1" Mode="required" Report="warning" Id="12">
<Loc File="C:\Component\SF045A_HwAgSysArbn_Impl\src\HwAgSysArbn.c" Line="855" Column="35">
</Loc>
<Message>
All automatic variables shall have been assigned a value before being used.
</Message>
</Rule>

<Rule Name="9.1" Mode="required" Report="warning" Id="13">
<Loc File="C:\Component\SF045A_HwAgSysArbn_Impl\src\HwAgSysArbn.c" Line="857" Column="39">
</Loc>
<Message>
All automatic variables shall have been assigned a value before being used.
</Message>
</Rule>

<Rule Name="9.1" Mode="required" Report="warning" Id="14">
<Loc File="C:\Component\SF045A_HwAgSysArbn_Impl\src\HwAgSysArbn.c" Line="871" Column="49">
</Loc>
<Message>
All automatic variables shall have been assigned a value before being used.
</Message>
</Rule>

<Rule Name="21.1" Mode="required" Report="warning" Id="15">
<Loc File="C:\Component\SF045A_HwAgSysArbn_Impl\src\HwAgSysArbn.c" Line="876" Column="28">
</Loc>
<Message>
Minimisation of run-time failures.
</Message>
</Rule>

<Rule Name="21.1" Mode="required" Report="warning" Id="16">
<Loc File="C:\Component\SF045A_HwAgSysArbn_Impl\src\HwAgSysArbn.c" Line="880" Column="8">
</Loc>
<Message>
Minimisation of run-time failures.
</Message>
</Rule>

<Rule Name="21.1" Mode="required" Report="warning" Id="17">
<Loc File="C:\Component\SF045A_HwAgSysArbn_Impl\src\HwAgSysArbn.c" Line="880" Column="52">
</Loc>
<Message>
Minimisation of run-time failures.
</Message>
</Rule>

<Rule Name="21.1" Mode="required" Report="warning" Id="18">
<Loc File="C:\Component\SF045A_HwAgSysArbn_Impl\src\HwAgSysArbn.c" Line="885" Column="12">
</Loc>
<Message>
Minimisation of run-time failures.
</Message>
</Rule>

<Rule Name="21.1" Mode="required" Report="warning" Id="19">
<Loc File="C:\Component\SF045A_HwAgSysArbn_Impl\src\HwAgSysArbn.c" Line="900" Column="80">
</Loc>
<Message>
Minimisation of run-time failures.
</Message>
</Rule>

<Rule Name="21.1" Mode="required" Report="warning" Id="20">
<Loc File="C:\Component\SF045A_HwAgSysArbn_Impl\src\HwAgSysArbn.c" Line="904" Column="82">
</Loc>
<Message>
Minimisation of run-time failures.
</Message>
</Rule>

<Rule Name="21.1" Mode="required" Report="warning" Id="21">
<Loc File="C:\Component\SF045A_HwAgSysArbn_Impl\src\HwAgSysArbn.c" Line="907" Column="62">
</Loc>
<Message>
Minimisation of run-time failures.
</Message>
</Rule>

<Rule Name="9.1" Mode="required" Report="warning" Id="22">
<Loc File="C:\Component\SF045A_HwAgSysArbn_Impl\src\HwAgSysArbn.c" Line="910" Column="54">
</Loc>
<Message>
All automatic variables shall have been assigned a value before being used.
</Message>
</Rule>

<Rule Name="21.1" Mode="required" Report="warning" Id="23">
<Loc File="C:\Component\SF045A_HwAgSysArbn_Impl\src\HwAgSysArbn.c" Line="916" Column="33">
</Loc>
<Message>
Minimisation of run-time failures.
</Message>
</Rule>

<Rule Name="21.1" Mode="required" Report="warning" Id="24">
<Loc File="C:\Component\SF045A_HwAgSysArbn_Impl\src\HwAgSysArbn.c" Line="917" Column="8">
</Loc>
<Message>
Minimisation of run-time failures.
</Message>
</Rule>

<Rule Name="21.1" Mode="required" Report="warning" Id="25">
<Loc File="C:\Component\SF045A_HwAgSysArbn_Impl\src\HwAgSysArbn.c" Line="922" Column="8">
</Loc>
<Message>
Minimisation of run-time failures.
</Message>
</Rule>

<Rule Name="21.1" Mode="required" Report="warning" Id="26">
<Loc File="C:\Component\SF045A_HwAgSysArbn_Impl\src\HwAgSysArbn.c" Line="924" Column="4">
</Loc>
<Message>
Minimisation of run-time failures.
</Message>
</Rule>

<Rule Name="9.1" Mode="required" Report="warning" Id="27">
<Loc File="C:\Component\SF045A_HwAgSysArbn_Impl\src\HwAgSysArbn.c" Line="941" Column="59">
</Loc>
<Message>
All automatic variables shall have been assigned a value before being used.
</Message>
</Rule>

</CodeStruct>

<CodeStruct Name="HwSigSerlComArbn" File="C:\Component\SF045A_HwAgSysArbn_Impl\src\HwAgSysArbn.c" Line="978" Column="15">

<Rule Name="12.4" Mode="required" Report="warning" Id="28">
<Loc File="C:\Component\SF045A_HwAgSysArbn_Impl\src\HwAgSysArbn.c" Line="988" Column="34">
</Loc>
<Message>
The right hand operand of a logical &amp;&amp; or || operator shall not contain side effects.
</Message>
</Rule>

<Rule Name="21.1" Mode="required" Report="warning" Id="29">
<Loc File="C:\Component\SF045A_HwAgSysArbn_Impl\src\HwAgSysArbn.c" Line="993" Column="12">
</Loc>
<Message>
Minimisation of run-time failures.
</Message>
</Rule>

<Rule Name="21.1" Mode="required" Report="warning" Id="30">
<Loc File="C:\Component\SF045A_HwAgSysArbn_Impl\src\HwAgSysArbn.c" Line="993" Column="34">
</Loc>
<Message>
Minimisation of run-time failures.
</Message>
</Rule>

<Rule Name="21.1" Mode="required" Report="warning" Id="31">
<Loc File="C:\Component\SF045A_HwAgSysArbn_Impl\src\HwAgSysArbn.c" Line="999" Column="12">
</Loc>
<Message>
Minimisation of run-time failures.
</Message>
</Rule>

<Rule Name="21.1" Mode="required" Report="warning" Id="32">
<Loc File="C:\Component\SF045A_HwAgSysArbn_Impl\src\HwAgSysArbn.c" Line="999" Column="34">
</Loc>
<Message>
Minimisation of run-time failures.
</Message>
</Rule>

<Rule Name="21.1" Mode="required" Report="warning" Id="33">
<Loc File="C:\Component\SF045A_HwAgSysArbn_Impl\src\HwAgSysArbn.c" Line="1015" Column="8">
</Loc>
<Message>
Minimisation of run-time failures.
</Message>
</Rule>

<Rule Name="21.1" Mode="required" Report="warning" Id="34">
<Loc File="C:\Component\SF045A_HwAgSysArbn_Impl\src\HwAgSysArbn.c" Line="1015" Column="30">
</Loc>
<Message>
Minimisation of run-time failures.
</Message>
</Rule>

<Rule Name="21.1" Mode="required" Report="warning" Id="35">
<Loc File="C:\Component\SF045A_HwAgSysArbn_Impl\src\HwAgSysArbn.c" Line="1020" Column="66">
</Loc>
<Message>
Minimisation of run-time failures.
</Message>
</Rule>

<Rule Name="21.1" Mode="required" Report="warning" Id="36">
<Loc File="C:\Component\SF045A_HwAgSysArbn_Impl\src\HwAgSysArbn.c" Line="1020" Column="88">
</Loc>
<Message>
Minimisation of run-time failures.
</Message>
</Rule>

<Rule Name="21.1" Mode="required" Report="warning" Id="37">
<Loc File="C:\Component\SF045A_HwAgSysArbn_Impl\src\HwAgSysArbn.c" Line="1022" Column="12">
</Loc>
<Message>
Minimisation of run-time failures.
</Message>
</Rule>

<Rule Name="9.1" Mode="required" Report="warning" Id="38">
<Loc File="C:\Component\SF045A_HwAgSysArbn_Impl\src\HwAgSysArbn.c" Line="1023" Column="11">
</Loc>
<Message>
All automatic variables shall have been assigned a value before being used.
</Message>
</Rule>

<Rule Name="12.4" Mode="required" Report="warning" Id="39">
<Loc File="C:\Component\SF045A_HwAgSysArbn_Impl\src\HwAgSysArbn.c" Line="1023" Column="40">
</Loc>
<Message>
The right hand operand of a logical &amp;&amp; or || operator shall not contain side effects.
</Message>
</Rule>

<Rule Name="21.1" Mode="required" Report="warning" Id="40">
<Loc File="C:\Component\SF045A_HwAgSysArbn_Impl\src\HwAgSysArbn.c" Line="1044" Column="8">
</Loc>
<Message>
Minimisation of run-time failures.
</Message>
</Rule>

<Rule Name="21.1" Mode="required" Report="warning" Id="41">
<Loc File="C:\Component\SF045A_HwAgSysArbn_Impl\src\HwAgSysArbn.c" Line="1044" Column="30">
</Loc>
<Message>
Minimisation of run-time failures.
</Message>
</Rule>

</CodeStruct>

<CodeStruct Name="HwAgSysArbnInit1" File="C:\Component\SF045A_HwAgSysArbn_Impl\src\HwAgSysArbn.c" Line="714" Column="5">

<Rule Name="21.1" Mode="required" Report="warning" Id="42">
<Loc File="C:\Component\SF045A_HwAgSysArbn_Impl\src\HwAgSysArbn.c" Line="720" Column="4">
</Loc>
<Message>
Minimisation of run-time failures.
</Message>
</Rule>

<Rule Name="21.1" Mode="required" Report="warning" Id="43">
<Loc File="C:\Component\SF045A_HwAgSysArbn_Impl\src\HwAgSysArbn.c" Line="720" Column="26">
</Loc>
<Message>
Minimisation of run-time failures.
</Message>
</Rule>

<Rule Name="21.1" Mode="required" Report="warning" Id="44">
<Loc File="C:\Component\SF045A_HwAgSysArbn_Impl\src\HwAgSysArbn.c" Line="721" Column="4">
</Loc>
<Message>
Minimisation of run-time failures.
</Message>
</Rule>

</CodeStruct>

</MISRA-C-Report>
