[
 {
  "sid":"CM410B_SnsrMeasStrt:2536",
  "className":"Simulink.TriggerPort",
  "icon":"WebViewIcon3",
  "name":"function",
  "parent":"CM410B_SnsrMeasStrt:2535",
  "inspector":{
   "params":[
    "TriggerType",
    "ShowOutputPort",
    "OutDataTypeStr",
    "FunctionName",
    "FunctionPrototype",
    "GeneratePreprocessorConditionals",
    "Interpolate",
    "IsSimulinkFunction",
    "OutMax",
    "OutMin",
    "OutputDataType",
    "PortDimensions",
    "PropagateVarSize",
    "SampleTime",
    "SampleTimeType",
    "StatesWhenEnabling",
    "TriggerSignalSampleTime",
    "Variant",
    "VariantControl",
    "ZeroCross"
   ],
   "values":[
    "falling",
    "off",
    "Inherit: auto",
    "",
    "f()",
    "off",
    "on",
    "off",
    "[]",
    "[]",
    "auto",
    "-1",
    "During execution",
    "1",
    "triggered",
    "held",
    "-1",
    "off",
    "Variant",
    "on"
   ],
   "tabs":[
    "Main",
    "Signal Attributes",
    "-Other"
   ],
   "tabs_idx":[
    0,
    2,
    3
   ]
  },
  "viewer":{
   "jshandler":"webview/handlers/ElementHandler"
  },
  "obj_viewer":[
  ],
  "finder":{
   "blocktype":"TriggerPort",
   "masktype":""
  }
 },
 {
  "sid":"CM410B_SnsrMeasStrt:2537",
  "className":"Copyright Information",
  "icon":"WebViewIcon2",
  "name":"CopyRight2",
  "parent":"CM410B_SnsrMeasStrt:2535",
  "inspector":{
   "params":[
    "none"
   ],
   "values":[
    "on"
   ],
   "tabs":[
   ],
   "tabs_idx":[
   ]
  },
  "viewer":{
   "jshandler":"webview/handlers/ElementHandler"
  },
  "obj_viewer":[
  ],
  "finder":{
   "blocktype":"SubSystem",
   "masktype":"Copyright Information"
  }
 }
]