[
 {
  "sid":"CM410B_SnsrMeasStrt:761",
  "className":"Simulink.Annotation",
  "icon":"WebViewIcon1",
  "name":"Requirement : DOORS > Torque Leg Requirement at Measurement FDD in their corresponding Torque Measurement FR.",
  "parent":"CM410B_SnsrMeasStrt",
  "inspector":{
   "params":[
    "Text",
    "DropShadow",
    "Interpreter",
    "FontName",
    "FontWeight",
    "FontSize",
    "FontAngle",
    "ForegroundColor",
    "BackgroundColor",
    "HorizontalAlignment",
    "UseDisplayTextAsClickCallback",
    "ClickFcn"
   ],
   "values":[
    "Requirement :\n\nDOORS > \nTorque Leg Requirement at Measurement FDD in their \ncorresponding Torque Measurement FR.",
    "on",
    "off",
    "auto",
    "auto",
    14,
    "auto",
    "black",
    "white",
    "left",
    "off",
    ""
   ],
   "tabs":[
   ],
   "tabs_idx":[
   ]
  },
  "viewer":{
   "jshandler":"webview/handlers/ElementHandler"
  },
  "obj_viewer":[
  ],
  "finder":[
  ]
 },
 {
  "sid":"CM410B_SnsrMeasStrt:110",
  "className":"Simulink.Annotation",
  "icon":"WebViewIcon1",
  "name":"Change Log: DRW: Keyur Patel Description: - Torque Leg is critical factor in Feel issue. In order to minimize lag, it is required to synchronize trigger and time to read torque data should be just in time, so there will be minimum lag. model runs at three different function rate: 1) Init - Configure Peripheral 2) 2ms - Calculate time prediction for Sensor Trigger, start the timer 3) IRQ - Stop the timer, Trigger Client Calls - Copyright Blocks added to each layer Rev: 1.1.0 Date: 22NOV2016 Change Control #: WCR-EA4#8515 DRW: K. Patel Description: - m file correction, SnsrMeasStrtIrq is defined in RTE context and should be changed to Non-RTE. - Remove OSTM register as Input / Output and define them as Ground / Terminate in Model. Rev: 1.0.0 Date: 23AUG2016 Change Control #: WCR-EA4#7052 DRW: K. Patel Description: - Baseline from CM410A Rev 1.1.0 - Initial Release ",
  "parent":"CM410B_SnsrMeasStrt",
  "inspector":{
   "params":[
    "Text",
    "DropShadow",
    "Interpreter",
    "FontName",
    "FontWeight",
    "FontSize",
    "FontAngle",
    "ForegroundColor",
    "BackgroundColor",
    "HorizontalAlignment",
    "UseDisplayTextAsClickCallback",
    "ClickFcn"
   ],
   "values":[
    "Change Log:\n\nDRW: Keyur Patel\nDescription:\n- Torque Leg is critical factor in Feel issue. In order to minimize lag, it is required\nto synchronize trigger and time to read torque data should be just in time, so there \nwill be minimum lag.\n   model runs at three different function rate: \n      1) Init - Configure Peripheral\n      2) 2ms - Calculate time prediction for Sensor Trigger, start the timer\n      3) IRQ - Stop the timer, Trigger Client Calls \n- Copyright Blocks added to each layer\n    \nRev: 1.1.0\nDate: 22NOV2016\nChange Control #: WCR-EA4#8515\nDRW: K. Patel\nDescription:\n- m file correction, SnsrMeasStrtIrq is defined in RTE context and should be changed to Non-RTE.\n- Remove OSTM register as Input / Output and define them as Ground / Terminate in Model.\n\nRev: 1.0.0\nDate: 23AUG2016\nChange Control #: WCR-EA4#7052\nDRW: K. Patel\nDescription:\n- Baseline from CM410A Rev 1.1.0 - Initial Release\n",
    "on",
    "off",
    "auto",
    "auto",
    14,
    "auto",
    "black",
    "white",
    "left",
    "off",
    ""
   ],
   "tabs":[
   ],
   "tabs_idx":[
   ]
  },
  "viewer":{
   "jshandler":"webview/handlers/ElementHandler"
  },
  "obj_viewer":[
  ],
  "finder":[
  ]
 },
 {
  "sid":"CM410B_SnsrMeasStrt:760",
  "className":"Simulink.Annotation",
  "icon":"WebViewIcon1",
  "name":"Tool Dependancies: Data_Management v2.51.0 Model_Config v1.5.0 Nexteer_Utilities v4.10.0 Tools v2.2.0",
  "parent":"CM410B_SnsrMeasStrt",
  "inspector":{
   "params":[
    "Text",
    "DropShadow",
    "Interpreter",
    "FontName",
    "FontWeight",
    "FontSize",
    "FontAngle",
    "ForegroundColor",
    "BackgroundColor",
    "HorizontalAlignment",
    "UseDisplayTextAsClickCallback",
    "ClickFcn"
   ],
   "values":[
    "Tool Dependancies:\n\nData_Management v2.51.0\nModel_Config v1.5.0\nNexteer_Utilities v4.10.0\nTools v2.2.0",
    "on",
    "off",
    "auto",
    "auto",
    14,
    "auto",
    "black",
    "white",
    "left",
    "off",
    ""
   ],
   "tabs":[
   ],
   "tabs_idx":[
   ]
  },
  "viewer":{
   "jshandler":"webview/handlers/ElementHandler"
  },
  "obj_viewer":[
  ],
  "finder":[
  ]
 },
 {
  "sid":"CM410B_SnsrMeasStrt:108",
  "className":"Simulink.Annotation",
  "icon":"WebViewIcon1",
  "name":"Design Package: CM410A_SnsrMeasStrt_DataDict.m CM410A_SnsrMeasStrt_PeripheralCfg.xlsx",
  "parent":"CM410B_SnsrMeasStrt",
  "inspector":{
   "params":[
    "Text",
    "DropShadow",
    "Interpreter",
    "FontName",
    "FontWeight",
    "FontSize",
    "FontAngle",
    "ForegroundColor",
    "BackgroundColor",
    "HorizontalAlignment",
    "UseDisplayTextAsClickCallback",
    "ClickFcn"
   ],
   "values":[
    "Design Package:\n\nCM410A_SnsrMeasStrt_DataDict.m\nCM410A_SnsrMeasStrt_PeripheralCfg.xlsx",
    "on",
    "off",
    "auto",
    "auto",
    14,
    "auto",
    "black",
    "white",
    "left",
    "off",
    ""
   ],
   "tabs":[
   ],
   "tabs_idx":[
   ]
  },
  "viewer":{
   "jshandler":"webview/handlers/ElementHandler"
  },
  "obj_viewer":[
  ],
  "finder":[
  ]
 },
 {
  "sid":"CM410B_SnsrMeasStrt:2273",
  "className":"Simulink.Annotation",
  "icon":"WebViewIcon1",
  "name":"Design Rational: 1. OSTM1 Timer has choosen for timing synchronization, because it was close to tied with OSTM0, same clock for accuracy Purpose, but TAUJ or TAUD any real time timer mechanism would work. 2. Model is not runnable Rational: Don't know how functional call signal can produce a functional call signal",
  "parent":"CM410B_SnsrMeasStrt",
  "inspector":{
   "params":[
    "Text",
    "DropShadow",
    "Interpreter",
    "FontName",
    "FontWeight",
    "FontSize",
    "FontAngle",
    "ForegroundColor",
    "BackgroundColor",
    "HorizontalAlignment",
    "UseDisplayTextAsClickCallback",
    "ClickFcn"
   ],
   "values":[
    "Design Rational:\n\n1. OSTM1 Timer has choosen for timing synchronization,\nbecause it was close to tied with OSTM0, same clock for accuracy\nPurpose, but TAUJ or TAUD any real time timer mechanism would work.\n\n2. Model is not runnable\nRational: Don't know how functional call signal can produce a functional call signal",
    "on",
    "off",
    "auto",
    "auto",
    14,
    "auto",
    "black",
    "[1.000000, 1.000000, 0.498039]",
    "left",
    "off",
    ""
   ],
   "tabs":[
   ],
   "tabs_idx":[
   ]
  },
  "viewer":{
   "jshandler":"webview/handlers/ElementHandler"
  },
  "obj_viewer":[
  ],
  "finder":[
  ]
 },
 {
  "sid":"CM410B_SnsrMeasStrt:109",
  "className":"Copyright Information",
  "icon":"WebViewIcon2",
  "name":"CopyRight2",
  "parent":"CM410B_SnsrMeasStrt",
  "inspector":{
   "params":[
    "none"
   ],
   "values":[
    "on"
   ],
   "tabs":[
   ],
   "tabs_idx":[
   ]
  },
  "viewer":{
   "jshandler":"webview/handlers/ElementHandler"
  },
  "obj_viewer":[
  ],
  "finder":{
   "blocktype":"SubSystem",
   "masktype":"Copyright Information"
  }
 },
 {
  "sid":"CM410B_SnsrMeasStrt:112",
  "className":"Simulink.SFunction",
  "icon":"WebViewIcon3",
  "name":"FunctionCallTrigger",
  "parent":"CM410B_SnsrMeasStrt",
  "inspector":{
   "params":[
    "sample_time",
    "numberOfIterations"
   ],
   "values":[
    "0.002",
    "1"
   ],
   "tabs":[
   ],
   "tabs_idx":[
   ]
  },
  "viewer":{
   "jshandler":"webview/handlers/ElementHandler"
  },
  "obj_viewer":[
  ],
  "finder":{
   "blocktype":"S-Function",
   "masktype":"Function-Call Generator"
  }
 },
 {
  "sid":"CM410B_SnsrMeasStrt:2025",
  "className":"Simulink.SubSystem",
  "icon":"WebViewIcon4",
  "name":"SnsrMeasStrt",
  "parent":"CM410B_SnsrMeasStrt",
  "inspector":{
   "params":[
    "ShowPortLabels",
    "Permissions",
    "ErrorFcn",
    "PermitHierarchicalResolution",
    "TreatAsAtomicUnit",
    "TreatAsGroupedWhenPropagatingVariantConditions",
    "ActiveVariant",
    "ActiveVariantBlock",
    "BlockChoice",
    "CheckFcnCallInpInsideContextMsg",
    "FunctionInterfaceSpec",
    "FunctionWithSeparateData",
    "GeneratePreprocessorConditionals",
    "IsSubsystemVirtual",
    "MemberBlocks",
    "MinAlgLoopOccurrences",
    "OverrideUsingVariant",
    "PropExecContextOutsideSubsystem",
    "RTWFcnName",
    "RTWFcnNameOpts",
    "RTWFileName",
    "RTWFileNameOpts",
    "RTWMemSecDataConstants",
    "RTWMemSecDataInternal",
    "RTWMemSecDataParameters",
    "RTWMemSecFuncExecute",
    "RTWMemSecFuncInitTerm",
    "RTWSystemCode",
    "SystemSampleTime",
    "TemplateBlock",
    "Variant",
    "VariantControl"
   ],
   "values":[
    "FromPortIcon",
    "ReadWrite",
    "",
    "All",
    "off",
    "on",
    "",
    "",
    "",
    "off",
    "void_void",
    "off",
    "off",
    "on",
    "",
    "off",
    "",
    "off",
    "",
    "Auto",
    "",
    "Auto",
    "Inherit from model",
    "Inherit from model",
    "Inherit from model",
    "Inherit from model",
    "Inherit from model",
    "Auto",
    "-1",
    "",
    "off",
    ""
   ],
   "tabs":[
    "Main",
    "-Other"
   ],
   "tabs_idx":[
    0,
    6
   ]
  },
  "viewer":{
   "jshandler":"webview/handlers/ContainerHandler"
  },
  "obj_viewer":[
  ],
  "finder":{
   "blocktype":"SubSystem",
   "masktype":""
  }
 },
 {
  "sid":"CM410B_SnsrMeasStrt:2555",
  "className":"Simulink.Step",
  "icon":"WebViewIcon3",
  "name":"Step",
  "parent":"CM410B_SnsrMeasStrt",
  "inspector":{
   "params":[
    "Time",
    "Before",
    "After",
    "SampleTime",
    "VectorParams1D",
    "ZeroCross"
   ],
   "values":[
    "1",
    "1",
    "0",
    "0",
    "on",
    "on"
   ],
   "tabs":[
    "Parameter Attributes",
    "-Other"
   ],
   "tabs_idx":[
    0,
    5
   ]
  },
  "viewer":{
   "jshandler":"webview/handlers/ElementHandler"
  },
  "obj_viewer":[
  ],
  "finder":{
   "blocktype":"Step",
   "masktype":""
  }
 },
 {
  "sid":"CM410B_SnsrMeasStrt:2598",
  "className":"Simulink.SFunction",
  "icon":"WebViewIcon3",
  "name":"FunctionCallTrigger1",
  "parent":"CM410B_SnsrMeasStrt",
  "inspector":{
   "params":[
    "sample_time",
    "numberOfIterations"
   ],
   "values":[
    "0.002",
    "1"
   ],
   "tabs":[
   ],
   "tabs_idx":[
   ]
  },
  "viewer":{
   "jshandler":"webview/handlers/ElementHandler"
  },
  "obj_viewer":[
  ],
  "finder":{
   "blocktype":"S-Function",
   "masktype":"Function-Call Generator"
  }
 },
 {
  "sid":"CM410B_SnsrMeasStrt:112#out:1",
  "className":"Simulink.Line",
  "icon":"WebViewIcon5",
  "name":"",
  "parent":"CM410B_SnsrMeasStrt",
  "inspector":{
   "params":[
    "SignalNameFromLabel",
    "MustResolveToSignal",
    "ShowPropagatedSignal",
    "DataLogging",
    "TestPoint",
    "SignalObjectPackage",
    "StorageClass",
    "Description",
    "documentLink"
   ],
   "values":[
    "",
    "off",
    "off",
    "off",
    "off",
    "Simulink",
    "Auto",
    "",
    ""
   ],
   "tabs":[
    "Logging and Accessibility",
    "Code Generation",
    "Documentation"
   ],
   "tabs_idx":[
    3,
    5,
    7
   ]
  },
  "viewer":{
   "jshandler":"webview/handlers/ElementHandler"
  },
  "obj_viewer":[
  ],
  "finder":[
  ]
 },
 {
  "sid":"CM410B_SnsrMeasStrt:2555#out:1",
  "className":"Simulink.Line",
  "icon":"WebViewIcon5",
  "name":"",
  "parent":"CM410B_SnsrMeasStrt",
  "inspector":{
   "params":[
    "SignalNameFromLabel",
    "MustResolveToSignal",
    "ShowPropagatedSignal",
    "DataLogging",
    "TestPoint",
    "SignalObjectPackage",
    "StorageClass",
    "Description",
    "documentLink"
   ],
   "values":[
    "",
    "off",
    "off",
    "off",
    "off",
    "Simulink",
    "Auto",
    "",
    ""
   ],
   "tabs":[
    "Logging and Accessibility",
    "Code Generation",
    "Documentation"
   ],
   "tabs_idx":[
    3,
    5,
    7
   ]
  },
  "viewer":{
   "jshandler":"webview/handlers/ElementHandler"
  },
  "obj_viewer":[
  ],
  "finder":[
  ]
 },
 {
  "sid":"CM410B_SnsrMeasStrt:2598#out:1",
  "className":"Simulink.Line",
  "icon":"WebViewIcon5",
  "name":"",
  "parent":"CM410B_SnsrMeasStrt",
  "inspector":{
   "params":[
    "SignalNameFromLabel",
    "MustResolveToSignal",
    "ShowPropagatedSignal",
    "DataLogging",
    "TestPoint",
    "SignalObjectPackage",
    "StorageClass",
    "Description",
    "documentLink"
   ],
   "values":[
    "",
    "off",
    "off",
    "off",
    "off",
    "Simulink",
    "Auto",
    "",
    ""
   ],
   "tabs":[
    "Logging and Accessibility",
    "Code Generation",
    "Documentation"
   ],
   "tabs_idx":[
    3,
    5,
    7
   ]
  },
  "viewer":{
   "jshandler":"webview/handlers/ElementHandler"
  },
  "obj_viewer":[
  ],
  "finder":[
  ]
 }
]