[
 {
  "sid":"CM410B_SnsrMeasStrt:2272",
  "className":"Simulink.Annotation",
  "icon":"WebViewIcon1",
  "name":"Follow below steps in same order: 1. Configure the Register as per \"CM410A_SnsrMeasStrt_PeripheralCfg.xlsx\". 2. Unmask the interrupt channel 75 for OSTM1 ISR. ",
  "parent":"CM410B_SnsrMeasStrt:2036",
  "inspector":{
   "params":[
    "Text",
    "DropShadow",
    "Interpreter",
    "FontName",
    "FontWeight",
    "FontSize",
    "FontAngle",
    "ForegroundColor",
    "BackgroundColor",
    "HorizontalAlignment",
    "UseDisplayTextAsClickCallback",
    "ClickFcn"
   ],
   "values":[
    "Follow below steps in same order:\n\n1. Configure the Register as per  \"CM410A_SnsrMeasStrt_PeripheralCfg.xlsx\". \n2. Unmask the interrupt channel 75 for OSTM1 ISR.\n\n",
    "on",
    "off",
    "auto",
    "auto",
    14,
    "auto",
    "black",
    "green",
    "left",
    "off",
    ""
   ],
   "tabs":[
   ],
   "tabs_idx":[
   ]
  },
  "viewer":{
   "jshandler":"webview/handlers/ElementHandler"
  },
  "obj_viewer":[
  ],
  "finder":[
  ]
 },
 {
  "sid":"CM410B_SnsrMeasStrt:2038",
  "className":"Simulink.TriggerPort",
  "icon":"WebViewIcon3",
  "name":"function",
  "parent":"CM410B_SnsrMeasStrt:2036",
  "inspector":{
   "params":[
    "TriggerType",
    "ShowOutputPort",
    "OutDataTypeStr",
    "FunctionName",
    "FunctionPrototype",
    "GeneratePreprocessorConditionals",
    "Interpolate",
    "IsSimulinkFunction",
    "OutMax",
    "OutMin",
    "OutputDataType",
    "PortDimensions",
    "PropagateVarSize",
    "SampleTime",
    "SampleTimeType",
    "StatesWhenEnabling",
    "TriggerSignalSampleTime",
    "Variant",
    "VariantControl",
    "ZeroCross"
   ],
   "values":[
    "falling",
    "off",
    "Inherit: auto",
    "",
    "f()",
    "off",
    "on",
    "off",
    "[]",
    "[]",
    "auto",
    "-1",
    "During execution",
    "1",
    "triggered",
    "held",
    "-1",
    "off",
    "Variant",
    "on"
   ],
   "tabs":[
    "Main",
    "Signal Attributes",
    "-Other"
   ],
   "tabs_idx":[
    0,
    2,
    3
   ]
  },
  "viewer":{
   "jshandler":"webview/handlers/ElementHandler"
  },
  "obj_viewer":[
  ],
  "finder":{
   "blocktype":"TriggerPort",
   "masktype":""
  }
 },
 {
  "sid":"CM410B_SnsrMeasStrt:2039",
  "className":"Copyright Information",
  "icon":"WebViewIcon2",
  "name":"CopyRight2",
  "parent":"CM410B_SnsrMeasStrt:2036",
  "inspector":{
   "params":[
    "none"
   ],
   "values":[
    "on"
   ],
   "tabs":[
   ],
   "tabs_idx":[
   ]
  },
  "viewer":{
   "jshandler":"webview/handlers/ElementHandler"
  },
  "obj_viewer":[
  ],
  "finder":{
   "blocktype":"SubSystem",
   "masktype":"Copyright Information"
  }
 }
]