[
 {
  "sid":"CM410B_SnsrMeasStrt:2554",
  "className":"Simulink.Annotation",
  "icon":"WebViewIcon1",
  "name":"Follow below steps in same order: - Stop the timer OSTM1TT = 1 - Execute server call HwTq0MeasTrigStrt - Execute server call HwTq1MeasTrigStrt - Increment the Message Counter",
  "parent":"CM410B_SnsrMeasStrt:2235",
  "inspector":{
   "params":[
    "Text",
    "DropShadow",
    "Interpreter",
    "FontName",
    "FontWeight",
    "FontSize",
    "FontAngle",
    "ForegroundColor",
    "BackgroundColor",
    "HorizontalAlignment",
    "UseDisplayTextAsClickCallback",
    "ClickFcn"
   ],
   "values":[
    "Follow below steps in same order:\n\n- Stop the timer OSTM1TT = 1\n- Execute server call HwTq0MeasTrigStrt\n- Execute server call HwTq1MeasTrigStrt\n- Increment the Message Counter",
    "on",
    "off",
    "auto",
    "auto",
    14,
    "auto",
    "black",
    "green",
    "left",
    "off",
    ""
   ],
   "tabs":[
   ],
   "tabs_idx":[
   ]
  },
  "viewer":{
   "jshandler":"webview/handlers/ElementHandler"
  },
  "obj_viewer":[
  ],
  "finder":[
  ]
 },
 {
  "sid":"CM410B_SnsrMeasStrt:2236",
  "className":"Simulink.TriggerPort",
  "icon":"WebViewIcon3",
  "name":"function",
  "parent":"CM410B_SnsrMeasStrt:2235",
  "inspector":{
   "params":[
    "TriggerType",
    "ShowOutputPort",
    "OutDataTypeStr",
    "FunctionName",
    "FunctionPrototype",
    "GeneratePreprocessorConditionals",
    "Interpolate",
    "IsSimulinkFunction",
    "OutMax",
    "OutMin",
    "OutputDataType",
    "PortDimensions",
    "PropagateVarSize",
    "SampleTime",
    "SampleTimeType",
    "StatesWhenEnabling",
    "TriggerSignalSampleTime",
    "Variant",
    "VariantControl",
    "ZeroCross"
   ],
   "values":[
    "function-call",
    "off",
    "Inherit: auto",
    "",
    "f()",
    "off",
    "on",
    "off",
    "[]",
    "[]",
    "auto",
    "-1",
    "During execution",
    "1",
    "triggered",
    "held",
    "-1",
    "off",
    "Variant",
    "on"
   ],
   "tabs":[
    "Main",
    "Signal Attributes",
    "-Other"
   ],
   "tabs_idx":[
    0,
    2,
    3
   ]
  },
  "viewer":{
   "jshandler":"webview/handlers/ElementHandler"
  },
  "obj_viewer":[
  ],
  "finder":{
   "blocktype":"TriggerPort",
   "masktype":""
  }
 },
 {
  "sid":"CM410B_SnsrMeasStrt:2237",
  "className":"Copyright Information",
  "icon":"WebViewIcon2",
  "name":"CopyRight2",
  "parent":"CM410B_SnsrMeasStrt:2235",
  "inspector":{
   "params":[
    "none"
   ],
   "values":[
    "on"
   ],
   "tabs":[
   ],
   "tabs_idx":[
   ]
  },
  "viewer":{
   "jshandler":"webview/handlers/ElementHandler"
  },
  "obj_viewer":[
  ],
  "finder":{
   "blocktype":"SubSystem",
   "masktype":"Copyright Information"
  }
 },
 {
  "sid":"CM410B_SnsrMeasStrt:2535",
  "className":"Simulink.SubSystem",
  "icon":"WebViewIcon4",
  "name":"HwTq0MeasTrigStrt",
  "parent":"CM410B_SnsrMeasStrt:2235",
  "inspector":{
   "params":[
    "ShowPortLabels",
    "Permissions",
    "ErrorFcn",
    "PermitHierarchicalResolution",
    "TreatAsAtomicUnit",
    "TreatAsGroupedWhenPropagatingVariantConditions",
    "ActiveVariant",
    "ActiveVariantBlock",
    "BlockChoice",
    "CheckFcnCallInpInsideContextMsg",
    "FunctionInterfaceSpec",
    "FunctionWithSeparateData",
    "GeneratePreprocessorConditionals",
    "IsSubsystemVirtual",
    "MemberBlocks",
    "MinAlgLoopOccurrences",
    "OverrideUsingVariant",
    "PropExecContextOutsideSubsystem",
    "RTWFcnName",
    "RTWFcnNameOpts",
    "RTWFileName",
    "RTWFileNameOpts",
    "RTWMemSecDataConstants",
    "RTWMemSecDataInternal",
    "RTWMemSecDataParameters",
    "RTWMemSecFuncExecute",
    "RTWMemSecFuncInitTerm",
    "RTWSystemCode",
    "SystemSampleTime",
    "TemplateBlock",
    "Variant",
    "VariantControl"
   ],
   "values":[
    "FromPortIcon",
    "ReadWrite",
    "",
    "All",
    "on",
    "on",
    "",
    "",
    "",
    "off",
    "void_void",
    "off",
    "off",
    "off",
    "",
    "off",
    "",
    "off",
    "",
    "Auto",
    "",
    "Auto",
    "Inherit from model",
    "Inherit from model",
    "Inherit from model",
    "Inherit from model",
    "Inherit from model",
    "Auto",
    "-1",
    "",
    "off",
    ""
   ],
   "tabs":[
    "Main",
    "-Other"
   ],
   "tabs_idx":[
    0,
    6
   ]
  },
  "viewer":{
   "jshandler":"webview/handlers/ContainerHandler"
  },
  "obj_viewer":[
  ],
  "finder":{
   "blocktype":"SubSystem",
   "masktype":""
  }
 },
 {
  "sid":"CM410B_SnsrMeasStrt:2557",
  "className":"Simulink.SubSystem",
  "icon":"WebViewIcon4",
  "name":"HwTq1MeasTrigStrt",
  "parent":"CM410B_SnsrMeasStrt:2235",
  "inspector":{
   "params":[
    "ShowPortLabels",
    "Permissions",
    "ErrorFcn",
    "PermitHierarchicalResolution",
    "TreatAsAtomicUnit",
    "TreatAsGroupedWhenPropagatingVariantConditions",
    "ActiveVariant",
    "ActiveVariantBlock",
    "BlockChoice",
    "CheckFcnCallInpInsideContextMsg",
    "FunctionInterfaceSpec",
    "FunctionWithSeparateData",
    "GeneratePreprocessorConditionals",
    "IsSubsystemVirtual",
    "MemberBlocks",
    "MinAlgLoopOccurrences",
    "OverrideUsingVariant",
    "PropExecContextOutsideSubsystem",
    "RTWFcnName",
    "RTWFcnNameOpts",
    "RTWFileName",
    "RTWFileNameOpts",
    "RTWMemSecDataConstants",
    "RTWMemSecDataInternal",
    "RTWMemSecDataParameters",
    "RTWMemSecFuncExecute",
    "RTWMemSecFuncInitTerm",
    "RTWSystemCode",
    "SystemSampleTime",
    "TemplateBlock",
    "Variant",
    "VariantControl"
   ],
   "values":[
    "FromPortIcon",
    "ReadWrite",
    "",
    "All",
    "on",
    "on",
    "",
    "",
    "",
    "off",
    "void_void",
    "off",
    "off",
    "off",
    "",
    "off",
    "",
    "off",
    "",
    "Auto",
    "",
    "Auto",
    "Inherit from model",
    "Inherit from model",
    "Inherit from model",
    "Inherit from model",
    "Inherit from model",
    "Auto",
    "-1",
    "",
    "off",
    ""
   ],
   "tabs":[
    "Main",
    "-Other"
   ],
   "tabs_idx":[
    0,
    6
   ]
  },
  "viewer":{
   "jshandler":"webview/handlers/ContainerHandler"
  },
  "obj_viewer":[
  ],
  "finder":{
   "blocktype":"SubSystem",
   "masktype":""
  }
 },
 {
  "sid":"CM410B_SnsrMeasStrt:2568",
  "className":"Simulink.Constant",
  "icon":"WebViewIcon3",
  "name":"Constant",
  "parent":"CM410B_SnsrMeasStrt:2235",
  "inspector":{
   "params":[
    "Value",
    "VectorParams1D",
    "SampleTime",
    "OutMin",
    "OutMax",
    "OutDataTypeStr",
    "LockScale",
    "FramePeriod"
   ],
   "values":[
    "1",
    "on",
    "inf",
    "[]",
    "[]",
    "Inherit: Inherit from 'Constant value'",
    "off",
    "inf"
   ],
   "tabs":[
    "Main",
    "Signal Attributes",
    "-Other"
   ],
   "tabs_idx":[
    0,
    3,
    7
   ]
  },
  "viewer":{
   "jshandler":"webview/handlers/ElementHandler"
  },
  "obj_viewer":[
  ],
  "finder":{
   "blocktype":"Constant",
   "masktype":""
  }
 },
 {
  "sid":"CM410B_SnsrMeasStrt:2569",
  "className":"Simulink.Outport",
  "icon":"WebViewIcon3",
  "name":"RegOutpOSTM1TT",
  "parent":"CM410B_SnsrMeasStrt:2235",
  "inspector":{
   "params":[
    "Port",
    "IconDisplay",
    "SourceOfInitialOutputValue",
    "OutputWhenDisabled",
    "InitialOutput",
    "OutMin",
    "OutMax",
    "OutDataTypeStr",
    "LockScale",
    "Unit",
    "PortDimensions",
    "VarSizeSig",
    "SampleTime",
    "SignalType",
    "BusOutputAsStruct"
   ],
   "values":[
    "1",
    "Port number",
    "Dialog",
    "held",
    "[]",
    "[]",
    "[]",
    "Inherit: auto",
    "off",
    "inherit",
    "-1",
    "Inherit",
    "-1",
    "auto",
    "off"
   ],
   "tabs":[
    "Main",
    "Signal Attributes",
    "-Other"
   ],
   "tabs_idx":[
    0,
    5,
    14
   ]
  },
  "viewer":{
   "jshandler":"webview/handlers/ElementHandler"
  },
  "obj_viewer":[
  ],
  "finder":{
   "blocktype":"Outport",
   "masktype":""
  }
 },
 {
  "sid":"CM410B_SnsrMeasStrt:2570",
  "className":"Simulink.Constant",
  "icon":"WebViewIcon3",
  "name":"Constant1",
  "parent":"CM410B_SnsrMeasStrt:2235",
  "inspector":{
   "params":[
    "Value",
    "VectorParams1D",
    "SampleTime",
    "OutMin",
    "OutMax",
    "OutDataTypeStr",
    "LockScale",
    "FramePeriod"
   ],
   "values":[
    "1",
    "on",
    "inf",
    "[]",
    "[]",
    "Inherit: Inherit from 'Constant value'",
    "off",
    "inf"
   ],
   "tabs":[
    "Main",
    "Signal Attributes",
    "-Other"
   ],
   "tabs_idx":[
    0,
    3,
    7
   ]
  },
  "viewer":{
   "jshandler":"webview/handlers/ElementHandler"
  },
  "obj_viewer":[
  ],
  "finder":{
   "blocktype":"Constant",
   "masktype":""
  }
 },
 {
  "sid":"CM410B_SnsrMeasStrt:2572",
  "className":"Simulink.Sum",
  "icon":"WebViewIcon3",
  "name":"Add",
  "parent":"CM410B_SnsrMeasStrt:2235",
  "inspector":{
   "params":[
    "IconShape",
    "Inputs",
    "InputSameDT",
    "AccumDataTypeStr",
    "OutMin",
    "OutMax",
    "OutDataTypeStr",
    "LockScale",
    "RndMeth",
    "SaturateOnIntegerOverflow",
    "CollapseDim",
    "CollapseMode",
    "SampleTime"
   ],
   "values":[
    "rectangular",
    "++",
    "off",
    "Inherit: Inherit via internal rule",
    "[]",
    "[]",
    "Inherit: Inherit via internal rule",
    "off",
    "Floor",
    "off",
    "1",
    "All dimensions",
    "-1"
   ],
   "tabs":[
    "Main",
    "Signal Attributes",
    "-Other"
   ],
   "tabs_idx":[
    0,
    2,
    10
   ]
  },
  "viewer":{
   "jshandler":"webview/handlers/ElementHandler"
  },
  "obj_viewer":[
  ],
  "finder":{
   "blocktype":"Sum",
   "masktype":""
  }
 },
 {
  "sid":"CM410B_SnsrMeasStrt:2591",
  "className":"Simulink.Step",
  "icon":"WebViewIcon3",
  "name":"Step",
  "parent":"CM410B_SnsrMeasStrt:2235",
  "inspector":{
   "params":[
    "Time",
    "Before",
    "After",
    "SampleTime",
    "VectorParams1D",
    "ZeroCross"
   ],
   "values":[
    "1",
    "1",
    "0",
    "0",
    "on",
    "on"
   ],
   "tabs":[
    "Parameter Attributes",
    "-Other"
   ],
   "tabs_idx":[
    0,
    5
   ]
  },
  "viewer":{
   "jshandler":"webview/handlers/ElementHandler"
  },
  "obj_viewer":[
  ],
  "finder":{
   "blocktype":"Step",
   "masktype":""
  }
 },
 {
  "sid":"CM410B_SnsrMeasStrt:2595",
  "className":"Simulink.DataStoreRead",
  "icon":"WebViewIcon3",
  "name":"Data Store Read",
  "parent":"CM410B_SnsrMeasStrt:2235",
  "inspector":{
   "params":[
    "DataStoreName",
    "SampleTime",
    "DataStoreElements"
   ],
   "values":[
    "TqMsgTrigCnt",
    "-1",
    ""
   ],
   "tabs":[
    "Parameters",
    "-Other"
   ],
   "tabs_idx":[
    0,
    2
   ]
  },
  "viewer":{
   "jshandler":"webview/handlers/ElementHandler"
  },
  "obj_viewer":[
  ],
  "finder":{
   "blocktype":"DataStoreRead",
   "masktype":""
  }
 },
 {
  "sid":"CM410B_SnsrMeasStrt:2596",
  "className":"Simulink.DataStoreWrite",
  "icon":"WebViewIcon3",
  "name":"Data Store Write",
  "parent":"CM410B_SnsrMeasStrt:2235",
  "inspector":{
   "params":[
    "DataStoreName",
    "SampleTime",
    "DataStoreElements"
   ],
   "values":[
    "TqMsgTrigCnt",
    "-1",
    ""
   ],
   "tabs":[
    "Parameters",
    "-Other"
   ],
   "tabs_idx":[
    0,
    2
   ]
  },
  "viewer":{
   "jshandler":"webview/handlers/ElementHandler"
  },
  "obj_viewer":[
  ],
  "finder":{
   "blocktype":"DataStoreWrite",
   "masktype":""
  }
 },
 {
  "sid":"CM410B_SnsrMeasStrt:2568#out:1",
  "className":"Simulink.Line",
  "icon":"WebViewIcon5",
  "name":"",
  "parent":"CM410B_SnsrMeasStrt:2235",
  "inspector":{
   "params":[
    "SignalNameFromLabel",
    "MustResolveToSignal",
    "ShowPropagatedSignal",
    "DataLogging",
    "TestPoint",
    "SignalObjectPackage",
    "StorageClass",
    "Description",
    "documentLink"
   ],
   "values":[
    "",
    "off",
    "off",
    "off",
    "off",
    "Simulink",
    "Auto",
    "",
    ""
   ],
   "tabs":[
    "Logging and Accessibility",
    "Code Generation",
    "Documentation"
   ],
   "tabs_idx":[
    3,
    5,
    7
   ]
  },
  "viewer":{
   "jshandler":"webview/handlers/ElementHandler"
  },
  "obj_viewer":[
  ],
  "finder":[
  ]
 },
 {
  "sid":"CM410B_SnsrMeasStrt:2570#out:1",
  "className":"Simulink.Line",
  "icon":"WebViewIcon5",
  "name":"",
  "parent":"CM410B_SnsrMeasStrt:2235",
  "inspector":{
   "params":[
    "SignalNameFromLabel",
    "MustResolveToSignal",
    "ShowPropagatedSignal",
    "DataLogging",
    "TestPoint",
    "SignalObjectPackage",
    "StorageClass",
    "Description",
    "documentLink"
   ],
   "values":[
    "",
    "off",
    "off",
    "off",
    "off",
    "Simulink",
    "Auto",
    "",
    ""
   ],
   "tabs":[
    "Logging and Accessibility",
    "Code Generation",
    "Documentation"
   ],
   "tabs_idx":[
    3,
    5,
    7
   ]
  },
  "viewer":{
   "jshandler":"webview/handlers/ElementHandler"
  },
  "obj_viewer":[
  ],
  "finder":[
  ]
 },
 {
  "sid":"CM410B_SnsrMeasStrt:2591#out:1",
  "className":"Simulink.Line",
  "icon":"WebViewIcon5",
  "name":"",
  "parent":"CM410B_SnsrMeasStrt:2235",
  "inspector":{
   "params":[
    "SignalNameFromLabel",
    "MustResolveToSignal",
    "ShowPropagatedSignal",
    "DataLogging",
    "TestPoint",
    "SignalObjectPackage",
    "StorageClass",
    "Description",
    "documentLink"
   ],
   "values":[
    "",
    "off",
    "off",
    "off",
    "off",
    "Simulink",
    "Auto",
    "",
    ""
   ],
   "tabs":[
    "Logging and Accessibility",
    "Code Generation",
    "Documentation"
   ],
   "tabs_idx":[
    3,
    5,
    7
   ]
  },
  "viewer":{
   "jshandler":"webview/handlers/ElementHandler"
  },
  "obj_viewer":[
  ],
  "finder":[
  ]
 },
 {
  "sid":"CM410B_SnsrMeasStrt:2572#out:1",
  "className":"Simulink.Line",
  "icon":"WebViewIcon5",
  "name":"",
  "parent":"CM410B_SnsrMeasStrt:2235",
  "inspector":{
   "params":[
    "SignalNameFromLabel",
    "MustResolveToSignal",
    "ShowPropagatedSignal",
    "DataLogging",
    "TestPoint",
    "SignalObjectPackage",
    "StorageClass",
    "Description",
    "documentLink"
   ],
   "values":[
    "",
    "off",
    "off",
    "off",
    "off",
    "Simulink",
    "Auto",
    "",
    ""
   ],
   "tabs":[
    "Logging and Accessibility",
    "Code Generation",
    "Documentation"
   ],
   "tabs_idx":[
    3,
    5,
    7
   ]
  },
  "viewer":{
   "jshandler":"webview/handlers/ElementHandler"
  },
  "obj_viewer":[
  ],
  "finder":[
  ]
 },
 {
  "sid":"CM410B_SnsrMeasStrt:2595#out:1",
  "className":"Simulink.Line",
  "icon":"WebViewIcon5",
  "name":"",
  "parent":"CM410B_SnsrMeasStrt:2235",
  "inspector":{
   "params":[
    "SignalNameFromLabel",
    "MustResolveToSignal",
    "ShowPropagatedSignal",
    "DataLogging",
    "TestPoint",
    "SignalObjectPackage",
    "StorageClass",
    "Description",
    "documentLink"
   ],
   "values":[
    "",
    "off",
    "off",
    "off",
    "off",
    "Simulink",
    "Auto",
    "",
    ""
   ],
   "tabs":[
    "Logging and Accessibility",
    "Code Generation",
    "Documentation"
   ],
   "tabs_idx":[
    3,
    5,
    7
   ]
  },
  "viewer":{
   "jshandler":"webview/handlers/ElementHandler"
  },
  "obj_viewer":[
  ],
  "finder":[
  ]
 }
]