[
 {
  "hid":1,
  "sid":"CM410B_SnsrMeasStrt",
  "esid":"",
  "parent":"root",
  "children":[
   2
  ],
  "name":"CM410B_SnsrMeasStrt",
  "label":"CM410B_SnsrMeasStrt",
  "fullname":"CM410B_SnsrMeasStrt",
  "icon":"WebViewIcon0",
  "svg":"support/slwebview_files/CM410B_SnsrMeasStrt_d.svg",
  "thumbnail":"support/slwebview_files/CM410B_SnsrMeasStrt_d.png",
  "backingUrl":"support/slwebview_files/CM410B_SnsrMeasStrt_d.json",
  "elements":[
   ":761",
   ":110",
   ":760",
   ":108",
   ":2273",
   ":109",
   ":112",
   ":2025",
   ":2555",
   ":2598",
   ":112#out:1",
   ":2555#out:1",
   ":2598#out:1"
  ],
  "sameAsElement":0
 },
 {
  "hid":2,
  "sid":"CM410B_SnsrMeasStrt:2025",
  "esid":"CM410B_SnsrMeasStrt:2025",
  "parent":1,
  "children":[
   3,
   4,
   7
  ],
  "name":"SnsrMeasStrt",
  "label":"SnsrMeasStrt",
  "fullname":"CM410B_SnsrMeasStrt/SnsrMeasStrt",
  "icon":"WebViewIcon4",
  "svg":"support/slwebview_files/CM410B_SnsrMeasStrt_2025_d.svg",
  "thumbnail":"support/slwebview_files/CM410B_SnsrMeasStrt_2025_d.png",
  "backingUrl":"support/slwebview_files/CM410B_SnsrMeasStrt_2025_d.json",
  "elements":[
   ":2244",
   ":2026",
   ":2036",
   ":2027",
   ":2028",
   ":2235",
   ":2033",
   ":2042",
   ":2594",
   ":2601",
   ":2602",
   ":2603",
   ":2604",
   ":2027#out:1",
   ":2026#out:1",
   ":2028#out:1",
   ":2602#out:1",
   ":2042#out:1",
   ":2042#out:2",
   ":2235#out:1"
  ],
  "sameAsElement":1
 },
 {
  "hid":3,
  "sid":"CM410B_SnsrMeasStrt:2036",
  "esid":"CM410B_SnsrMeasStrt:2036",
  "parent":2,
  "children":[
  ],
  "name":"SnsrMeasStrtInit1",
  "label":"SnsrMeasStrtInit1",
  "fullname":"CM410B_SnsrMeasStrt/SnsrMeasStrt/SnsrMeasStrtInit1",
  "icon":"WebViewIcon4",
  "svg":"support/slwebview_files/CM410B_SnsrMeasStrt_2036_d.svg",
  "thumbnail":"support/slwebview_files/CM410B_SnsrMeasStrt_2036_d.png",
  "backingUrl":"support/slwebview_files/CM410B_SnsrMeasStrt_2036_d.json",
  "elements":[
   ":2272",
   ":2038",
   ":2039"
  ],
  "sameAsElement":1
 },
 {
  "hid":4,
  "sid":"CM410B_SnsrMeasStrt:2235",
  "esid":"CM410B_SnsrMeasStrt:2235",
  "parent":2,
  "children":[
   5,
   6
  ],
  "name":"SnsrMeasStrtIrq",
  "label":"SnsrMeasStrtIrq",
  "fullname":"CM410B_SnsrMeasStrt/SnsrMeasStrt/SnsrMeasStrtIrq",
  "icon":"WebViewIcon4",
  "svg":"support/slwebview_files/CM410B_SnsrMeasStrt_2235_d.svg",
  "thumbnail":"support/slwebview_files/CM410B_SnsrMeasStrt_2235_d.png",
  "backingUrl":"support/slwebview_files/CM410B_SnsrMeasStrt_2235_d.json",
  "elements":[
   ":2554",
   ":2236",
   ":2237",
   ":2535",
   ":2557",
   ":2568",
   ":2569",
   ":2570",
   ":2572",
   ":2591",
   ":2595",
   ":2596",
   ":2568#out:1",
   ":2570#out:1",
   ":2591#out:1",
   ":2572#out:1",
   ":2595#out:1"
  ],
  "sameAsElement":1
 },
 {
  "hid":5,
  "sid":"CM410B_SnsrMeasStrt:2535",
  "esid":"CM410B_SnsrMeasStrt:2535",
  "parent":4,
  "children":[
  ],
  "name":"HwTq0MeasTrigStrt",
  "label":"HwTq0MeasTrigStrt",
  "fullname":"CM410B_SnsrMeasStrt/SnsrMeasStrt/SnsrMeasStrtIrq/HwTq0MeasTrigStrt",
  "icon":"WebViewIcon4",
  "svg":"support/slwebview_files/CM410B_SnsrMeasStrt_2535_d.svg",
  "thumbnail":"support/slwebview_files/CM410B_SnsrMeasStrt_2535_d.png",
  "backingUrl":"support/slwebview_files/CM410B_SnsrMeasStrt_2535_d.json",
  "elements":[
   ":2536",
   ":2537"
  ],
  "sameAsElement":1
 },
 {
  "hid":6,
  "sid":"CM410B_SnsrMeasStrt:2557",
  "esid":"CM410B_SnsrMeasStrt:2557",
  "parent":4,
  "children":[
  ],
  "name":"HwTq1MeasTrigStrt",
  "label":"HwTq1MeasTrigStrt",
  "fullname":"CM410B_SnsrMeasStrt/SnsrMeasStrt/SnsrMeasStrtIrq/HwTq1MeasTrigStrt",
  "icon":"WebViewIcon4",
  "svg":"support/slwebview_files/CM410B_SnsrMeasStrt_2557_d.svg",
  "thumbnail":"support/slwebview_files/CM410B_SnsrMeasStrt_2557_d.png",
  "backingUrl":"support/slwebview_files/CM410B_SnsrMeasStrt_2557_d.json",
  "elements":[
   ":2558",
   ":2559"
  ],
  "sameAsElement":1
 },
 {
  "hid":7,
  "sid":"CM410B_SnsrMeasStrt:2042",
  "esid":"CM410B_SnsrMeasStrt:2042",
  "parent":2,
  "children":[
  ],
  "name":"SnsrMeasStrtPer1",
  "label":"SnsrMeasStrtPer1",
  "fullname":"CM410B_SnsrMeasStrt/SnsrMeasStrt/SnsrMeasStrtPer1",
  "icon":"WebViewIcon4",
  "svg":"support/slwebview_files/CM410B_SnsrMeasStrt_2042_d.svg",
  "thumbnail":"support/slwebview_files/CM410B_SnsrMeasStrt_2042_d.png",
  "backingUrl":"support/slwebview_files/CM410B_SnsrMeasStrt_2042_d.json",
  "elements":[
   ":2578",
   ":2046",
   ":2047",
   ":2231",
   ":2232",
   ":2430",
   ":2530",
   ":2580",
   ":2581",
   ":2582",
   ":2583",
   ":2530#out:1",
   ":2581#out:1",
   ":2580#out:1",
   ":2430#out:1",
   ":2582#out:1",
   ":2583#out:1"
  ],
  "sameAsElement":1
 }
]