<?xml version="1.0" encoding="UTF-8"?>
<!--EDRS Version 1.0-->
<global>
   <file name="C:\\component\\AR202A_MicroCtrlrSuprt_Impl\\include\\P1M\\R7F701311\\ostm_regs.h" comment="">
      <struct name="OSTM" comment="" line="113" attributes="volatile extern">
         <struct name="IC0CKSEL1" comment="" line="113" attributes="volatile extern">
            <scalar name="UINT16" comment="" line="113" base_type="uint16" attributes="volatile extern" complete_type="uint16" init_mode="PERMANENT" init_modes_allowed="4" init_range="min..max" global_assert="disabled" assert_range="disabled"/>
         </struct>
      </struct>
      <struct name="OSTM0" comment="" line="114" attributes="volatile extern">
         <scalar name="CMP" comment="" line="114" base_type="uint32" attributes="volatile extern" complete_type="uint32" init_mode="PERMANENT" init_modes_allowed="4" init_range="min..max" global_assert="disabled" assert_range="disabled"/>
         <scalar name="CNT" comment="" line="114" base_type="uint32" attributes="volatile extern const" complete_type="uint32" init_mode="PERMANENT" init_modes_allowed="4" init_range="min..max" global_assert="disabled" assert_range="disabled"/>
         <struct name="CTL" comment="" line="114" attributes="volatile extern">
            <scalar name="UINT8" comment="" line="114" base_type="uint8" attributes="volatile extern" complete_type="uint8" init_mode="PERMANENT" init_modes_allowed="4" init_range="min..max" global_assert="disabled" assert_range="disabled"/>
         </struct>
         <struct name="TS" comment="" line="114" attributes="volatile extern">
            <scalar name="UINT8" comment="" line="114" base_type="uint8" attributes="volatile extern" complete_type="uint8" init_mode="PERMANENT" init_modes_allowed="4" init_range="min..max" global_assert="disabled" assert_range="disabled"/>
         </struct>
         <struct name="TT" comment="" line="114" attributes="volatile extern">
            <scalar name="UINT8" comment="" line="114" base_type="uint8" attributes="volatile extern" complete_type="uint8" init_mode="PERMANENT" init_modes_allowed="4" init_range="min..max" global_assert="disabled" assert_range="disabled"/>
         </struct>
      </struct>
      <struct name="OSTM1" comment="" line="115" attributes="volatile extern">
         <scalar name="CMP" comment="" line="115" base_type="uint32" attributes="volatile extern" complete_type="uint32" init_mode="PERMANENT" init_modes_allowed="4" init_range="min..max" global_assert="disabled" assert_range="disabled"/>
         <scalar name="CNT" comment="" line="115" base_type="uint32" attributes="volatile extern const" complete_type="uint32" init_mode="PERMANENT" init_modes_allowed="4" init_range="min..max" global_assert="disabled" assert_range="disabled"/>
         <struct name="CTL" comment="" line="115" attributes="volatile extern">
            <scalar name="UINT8" comment="" line="115" base_type="uint8" attributes="volatile extern" complete_type="uint8" init_mode="PERMANENT" init_modes_allowed="4" init_range="min..max" global_assert="disabled" assert_range="disabled"/>
         </struct>
         <struct name="TS" comment="" line="115" attributes="volatile extern">
            <scalar name="UINT8" comment="" line="115" base_type="uint8" attributes="volatile extern" complete_type="uint8" init_mode="PERMANENT" init_modes_allowed="4" init_range="min..max" global_assert="disabled" assert_range="disabled"/>
         </struct>
         <struct name="TT" comment="" line="115" attributes="volatile extern">
            <scalar name="UINT8" comment="" line="115" base_type="uint8" attributes="volatile extern" complete_type="uint8" init_mode="PERMANENT" init_modes_allowed="4" init_range="min..max" global_assert="disabled" assert_range="disabled"/>
         </struct>
      </struct>
   </file>
   <file name="C:\\component\\CM410B_SnsrMeasStrt_Impl\\src\\CDD_SnsrMeasStrt.c" comment="">
      <function name="SnsrMeasStrtInit1" comment="" line="123" main_generator_called="MAIN_GENERATOR" attributes="unused"/>
      <function name="SnsrMeasStrtPer1" comment="" line="150" main_generator_called="MAIN_GENERATOR" attributes="unused"/>
   </file>
   <file name="C:\\component\\CM410B_SnsrMeasStrt_Impl\\src\\CDD_SnsrMeasStrt_Irq.c" comment="">
      <function name="SnsrMeasStrtIrq" comment="" line="46" main_generator_called="MAIN_GENERATOR" attributes="unused"/>
   </file>
   <file name="C:\\component\\CM410B_SnsrMeasStrt_Impl\\tools\\contract\\Rte_CDD_SnsrMeasStrt.h" comment="">
      <pointer name="Rte_Inst_CDD_SnsrMeasStrt" comment="" line="58" attributes="extern const" complete_type="const struct Rte_CDS_CDD_SnsrMeasStrt *" init_mode="INIT" init_modes_allowed="2" initialize_pointer="May-be NULL" number_allocated="max" init_pointed="MULTI">
         <struct comment="" line="58" complete_type="struct Rte_CDS_CDD_SnsrMeasStrt" attributes="extern const">
            <pointer name="Pim_TqMsgTrigCnt" comment="" line="58" attributes="extern const" complete_type="uint32 *" init_mode="INIT" init_modes_allowed="2" initialize_pointer="May-be NULL" number_allocated="max" init_pointed="MULTI">
               <scalar comment="" line="58" base_type="uint32" attributes="extern" complete_type="uint32" init_mode="INIT" init_modes_allowed="2" init_range="min..max" global_assert="unsupported" assert_range="unsupported"/>
            </pointer>
         </struct>
      </pointer>
      <function name="Rte_Prm_CDD_SnsrMeasStrt_SnsrMeasStrtTrigDly_Val" comment="" line="72" main_generator_called="disabled" attributes="extern">
         <scalar name="return" comment="" line="72" base_type="uint16" complete_type="uint16" init_mode="PERMANENT" init_modes_allowed="4" init_range="min..max" global_assert="unsupported" assert_range="unsupported"/>
      </function>
   </file>
   <file name="C:\\component\\CM410B_SnsrMeasStrt_Impl\\tools\\contract\\osekext.h" comment="">
      <function name="Dummyfunc" comment="" line="20" main_generator_called="disabled" attributes="extern">
         <scalar name="arg1" comment="" line="20" base_type="uint32" complete_type="uint32" init_mode="disabled" init_range="disabled" global_assert="unsupported" assert_range="unsupported"/>
      </function>
   </file>
</global>
