<?xml version="1.0" encoding="UTF-8"?>
<Navig version="1.0">
<Files>
<F id="1" n="C:\Program Files\MATLAB\R2013b\polyspace\verifier\cxx\cinclude\stdarg.h"/>
<F id="2" n="C:\Component\AR201A_ArCplrSuprt_Impl\include\ASR4.0.3\Platform_Types.h"/>
<F id="3" n="C:\Component\AR200A_ArSuprt_Impl\include\ASR4.0.3\Std_Types.h"/>
<F id="4" n="C:\Component\SF109A_ElecPwrCns_Impl\tools\contract\Rte_ElecPwrCns.h"/>
<F id="5" n="C:\Component\TL103A_CplrSuprt\include\2013.5.5\ansi\math.h"/>
<F id="6" n="C:\Component\AR100A_NxtrMath_Impl\include\NxtrMath.h"/>
<F id="7" n="C:\Component\SF109A_ElecPwrCns_Impl\src\ElecPwrCns.c"/>
<F id="8" n="C-STUBS\__polyspace__stdstubs.c"/>
<F id="9" n="C:\Component\SF109A_ElecPwrCns_Impl\doc\Polyspace_Results\CodeProver\C-ALL\C-STUBS\pst_stub_types.h"/>
<F id="10" n="C-STUBS\pst_stubs_1.c"/>
<F id="11" n="C-STUBS\pst_stubs_0.c"/>
<F id="12" n="C-STUBS\__polyspace_main.c"/>
<F id="13" n="C:\Program Files\MATLAB\R2013b\polyspace\verifier\cxx\cinclude\__polyspace__std_decls.h"/>
<F id="14" n="C:\Program Files\MATLAB\R2013b\polyspace\verifier\cxx\cinclude\assert.h"/>
<F id="15" n="C:\Program Files\MATLAB\R2013b\polyspace\verifier\cxx\cinclude\__polyspace__libc_defs.h"/>
<F id="16" n="C:\Component\SF109A_ElecPwrCns_Impl\tools\contract\Rte_ElecPwrCns_Type.h"/>
<F id="17" n="C:\Component\SF109A_ElecPwrCns_Impl\tools\contract\Rte_Type.h"/>
<F id="18" n="C:\Component\SF109A_ElecPwrCns_Impl\tools\contract\Rte.h"/>
<F id="19" n="C:\Component\AR201A_ArCplrSuprt_Impl\include\ASR4.0.3\Compiler.h"/>
<F id="20" n="C:\Component\AR201A_ArCplrSuprt_Impl\tools\contract\Compiler_Cfg.h"/>
<F id="21" n="C:\Component\AR201A_ArCplrSuprt_Impl\tools\contract\Renesas_Compiler.h"/>
<F id="22" n="C:\Component\SF109A_ElecPwrCns_Impl\tools\contract\Rte_DataHandleType.h"/>
<F id="23" n="C:\Component\AR200A_ArSuprt_Impl\tools\contract\MemMap.h"/>
<F id="24" n="C:\Component\SF109A_ElecPwrCns_Impl\tools\contract\ElecPwrCns_MemMap.h"/>
<F id="25" n="C:\Component\AR999A_ArchGlbPrm_Impl\include\ArchGlbPrm.h"/>
</Files>
<Definitions>
<D id="1" f="11" l="120" c="30" n="real_random_for_return" t="4" d="1"/>
<D id="2" f="11" l="121" c="21" n="random_for_return" t="4" d="1"/>
<D id="3" f="11" l="301" c="13" n="Rte_Write_ElecPwrCns_ElecInpPwrEstim_Val" t="2" d="1"/>
<D id="4" f="11" l="204" c="30" n="real_random_for_return" t="4" d="1"/>
<D id="5" f="11" l="103" c="13" n="Rte_Read_ElecPwrCns_IvtrLoaMtgtnEna_Logl" t="2" d="1"/>
<D id="6" f="11" l="232" c="30" n="real_random_for_return" t="4" d="1"/>
<D id="7" f="11" l="131" c="13" n="Rte_Read_ElecPwrCns_MotCtrlMotCurrDax_Val" t="2" d="1"/>
<D id="8" f="11" l="260" c="30" n="real_random_for_return" t="4" d="1"/>
<D id="9" f="11" l="321" c="13" n="Rte_Write_ElecPwrCns_SplyCurrEstim_Val" t="2" d="1"/>
<D id="10" f="11" l="205" c="21" n="random_for_return" t="4" d="1"/>
<D id="11" f="11" l="301" c="69" n="P_0" t="4" d="1"/>
<D id="12" f="11" l="233" c="21" n="random_for_return" t="4" d="1"/>
<D id="13" f="11" l="261" c="21" n="random_for_return" t="4" d="1"/>
<D id="14" f="11" l="215" c="13" n="Rte_Read_ElecPwrCns_MotCtrlMotVltgQax_Val" t="2" d="1"/>
<D id="15" f="11" l="243" c="13" n="Rte_Read_ElecPwrCns_MotCurrDaxCmd_Val" t="2" d="1"/>
<D id="16" f="11" l="271" c="13" n="Rte_Read_ElecPwrCns_MotCurrQaxCmd_Val" t="2" d="1"/>
<D id="17" f="11" l="308" c="30" n="real_random_for_return" t="4" d="1"/>
<D id="18" f="11" l="341" c="15" n="Rte_Prm_ElecPwrCns_ElecPwrCnsCtrlrInpR_Val" t="2" d="1"/>
<D id="19" f="11" l="309" c="21" n="random_for_return" t="4" d="1"/>
<D id="20" f="6" l="533" c="104" n="RngLo" t="4" d="1"/>
<D id="21" f="11" l="328" c="30" n="real_random_for_return" t="4" d="1"/>
<D id="22" f="11" l="148" c="30" n="real_random_for_return" t="4" d="1"/>
<D id="23" f="6" l="534" c="104" n="RngHi" t="4" d="1"/>
<D id="24" f="11" l="176" c="30" n="real_random_for_return" t="4" d="1"/>
<D id="25" f="11" l="361" c="15" n="Rte_Prm_ElecPwrCns_ElecPwrCnsPrstcPwrLoss_Val" t="2" d="1"/>
<D id="26" f="11" l="329" c="21" n="random_for_return" t="4" d="1"/>
<D id="27" f="11" l="149" c="21" n="random_for_return" t="4" d="1"/>
<D id="28" f="11" l="177" c="21" n="random_for_return" t="4" d="1"/>
<D id="29" f="10" l="106" c="26" n="_i_main_gen_tmp_1" t="4" d="1"/>
<D id="30" f="8" l="7006" c="14" n="_polyspace_compare_function_type" t="7" d="1"/>
<D id="31" f="10" l="105" c="45" n="_main_gen_tmp_0" t="4" d="1"/>
<D id="32" f="6" l="609" c="104" n="Denom" t="4" d="1"/>
<D id="33" f="11" l="159" c="13" n="Rte_Read_ElecPwrCns_MotCtrlMotCurrQax_Val" t="2" d="1"/>
<D id="34" f="11" l="288" c="30" n="real_random_for_return" t="4" d="1"/>
<D id="35" f="11" l="187" c="13" n="Rte_Read_ElecPwrCns_MotCtrlMotVltgDax_Val" t="2" d="1"/>
<D id="36" f="6" l="548" c="104" n="Denom" t="4" d="1"/>
<D id="37" f="11" l="348" c="32" n="real_random_for_return" t="4" d="1"/>
<D id="38" f="11" l="289" c="21" n="random_for_return" t="4" d="1"/>
<D id="39" f="11" l="349" c="23" n="random_for_return" t="4" d="1"/>
<D id="40" f="11" l="243" c="64" n="P_0" t="4" d="1"/>
<D id="41" f="11" l="368" c="32" n="real_random_for_return" t="4" d="1"/>
<D id="42" f="11" l="103" c="67" n="P_0" t="4" d="1"/>
<D id="43" f="11" l="271" c="64" n="P_0" t="4" d="1"/>
<D id="44" f="11" l="321" c="67" n="P_0" t="4" d="1"/>
<D id="45" f="11" l="369" c="23" n="random_for_return" t="4" d="1"/>
<D id="46" f="11" l="131" c="68" n="P_0" t="4" d="1"/>
<D id="47" f="11" l="215" c="68" n="P_0" t="4" d="1"/>
<D id="48" f="11" l="159" c="68" n="P_0" t="4" d="1"/>
<D id="49" f="11" l="187" c="68" n="P_0" t="4" d="1"/>
<D id="50" f="8" l="12310" c="16" n="__polyspace_absolute_address" t="1" d="1"/>
<D id="51" f="8" l="11450" c="23" n="random" t="4" d="1"/>
<D id="52" f="8" l="11466" c="21" n="HUGE_VAL" t="1" d="1"/>
<D id="53" f="8" l="11448" c="12" n="_polyspace_random_long_double" t="2" d="1"/>
<D id="54" f="8" l="11467" c="21" n="HUGE_VALF" t="1" d="1"/>
<D id="55" f="8" l="11468" c="21" n="HUGE_VALL" t="1" d="1"/>
<D id="56" f="9" l="3" c="20" n="__PST__SINT8" t="7" d="1"/>
<D id="57" f="9" l="5" c="19" n="__PST__SINT32" t="7" d="1"/>
<D id="58" f="9" l="1" c="13" n="__PST__CHAR" t="7" d="1"/>
<D id="59" f="9" l="4" c="21" n="__PST__SINT16" t="7" d="1"/>
<D id="60" f="9" l="2" c="13" n="__PST__VOID" t="7" d="1"/>
<D id="61" f="9" l="7" c="22" n="__PST__UINT8" t="7" d="1"/>
<D id="62" f="9" l="9" c="21" n="__PST__UINT32" t="7" d="1"/>
<D id="63" f="9" l="8" c="23" n="__PST__UINT16" t="7" d="1"/>
<D id="64" f="9" l="6" c="25" n="__PST__SINT64" t="7" d="1"/>
<D id="65" f="9" l="24" c="7" n="Rte_CDS_ElecPwrCns" t="6" d="1"/>
<D id="66" f="4" l="48" c="7" n="Rte_CDS_ElecPwrCns" t="6" d="1"/>
<D id="67" f="9" l="31" c="20" n="__PST__g__27" t="7" d="1"/>
<D id="68" f="4" l="51" c="11" n="Pim_dElecPwrCnsDrpInpPwr" t="9" d="1"/>
<D id="69" f="9" l="12" c="21" n="__PST__g__11" t="7" d="1"/>
<D id="70" f="9" l="20" c="40" n="__PST__g__24" t="7" d="1"/>
<D id="71" f="3" l="141" c="2" n="Std_VersionInfoType" t="7" d="1"/>
<D id="72" f="9" l="14" c="20" n="__PST__g__15" t="7" d="1"/>
<D id="73" f="4" l="52" c="11" n="Pim_dElecPwrCnsModInpPwr" t="9" d="1"/>
<D id="74" f="9" l="50" c="30" n="__PST__g__51" t="7" d="1"/>
<D id="75" f="4" l="53" c="11" n="Pim_dElecPwrCnsMotCurrDaxEstim" t="9" d="1"/>
<D id="76" f="9" l="21" c="22" n="__PST__g__23" t="7" d="1"/>
<D id="77" f="9" l="32" c="21" n="__PST__g__28" t="7" d="1"/>
<D id="78" f="9" l="40" c="22" n="__PST__g__36" t="7" d="1"/>
<D id="79" f="4" l="54" c="11" n="Pim_dElecPwrCnsMotCurrQaxEstim" t="9" d="1"/>
<D id="80" f="9" l="11" c="14" n="__PST__FLOAT32" t="7" d="1"/>
<D id="81" f="9" l="34" c="21" n="__PST__g__29" t="7" d="1"/>
<D id="82" f="9" l="51" c="22" n="__PST__g__52" t="7" d="1"/>
<D id="83" f="9" l="42" c="22" n="__PST__g__38" t="7" d="1"/>
<D id="84" f="9" l="33" c="22" n="__PST__g__30" t="7" d="1"/>
<D id="85" f="7" l="121" c="5" n="ElecPwrCnsPer1" t="2" d="1"/>
<D id="86" f="9" l="35" c="21" n="__PST__g__31" t="7" d="1"/>
<D id="87" f="9" l="52" c="22" n="__PST__g__53" t="7" d="1"/>
<D id="88" f="9" l="43" c="22" n="__PST__g__39" t="7" d="1"/>
<D id="89" f="9" l="53" c="31" n="__PST__g__54" t="7" d="1"/>
<D id="90" f="12" l="42" c="5" n="main" t="2" d="1"/>
<D id="91" f="9" l="16" c="22" n="__PST__g__18" t="7" d="1"/>
<D id="92" f="9" l="44" c="22" n="__PST__g__40" t="7" d="1"/>
<D id="93" f="9" l="13" c="15" n="__PST__FLOAT64" t="7" d="1"/>
<D id="94" f="9" l="15" c="23" n="__PST__g__16" t="7" d="1"/>
<D id="95" f="9" l="19" c="30" n="__PST__g__20" t="7" d="1"/>
<D id="96" f="9" l="23" c="24" n="__PST__g__26" t="7" d="1"/>
<D id="97" f="9" l="45" c="22" n="__PST__g__41" t="7" d="1"/>
<D id="98" f="1" l="45" c="14" n="__va_list" t="7" d="1"/>
<D id="99" f="9" l="47" c="21" n="__PST__g__48" t="7" d="1"/>
<D id="100" f="9" l="18" c="22" n="__PST__g__21" t="7" d="1"/>
<D id="101" f="9" l="46" c="31" n="__PST__g__42" t="7" d="1"/>
<D id="102" f="9" l="48" c="30" n="__PST__g__49" t="7" d="1"/>
<D id="103" f="9" l="17" c="32" n="__PST__g__19" t="7" d="1"/>
<D id="104" f="9" l="10" c="27" n="__PST__UINT64" t="7" d="1"/>
<D id="105" f="9" l="36" c="23" n="__PST__g__32" t="7" d="1"/>
<D id="106" f="9" l="38" c="22" n="__PST__g__34" t="7" d="1"/>
<D id="107" f="9" l="49" c="21" n="__PST__g__50" t="7" d="1"/>
<D id="108" f="4" l="66" c="41" n="Rte_Instance" t="7" d="1"/>
<D id="109" f="1" l="50" c="18" n="__gnuc_va_list" t="7" d="1"/>
<D id="110" f="9" l="37" c="23" n="__PST__g__33" t="7" d="1"/>
<D id="111" f="5" l="51" c="17" n="double_t" t="7" d="1"/>
<D id="112" f="9" l="39" c="22" n="__PST__g__35" t="7" d="1"/>
<D id="113" f="5" l="52" c="17" n="float_t" t="7" d="1"/>
<D id="114" f="5" l="731" c="6" n="expf" t="2" d="0"/>
<D id="115" f="9" l="22" c="27" n="__PST__g__22" t="7" d="1"/>
<D id="116" f="9" l="41" c="27" n="__PST__g__37" t="7" d="1"/>
<D id="117" f="5" l="741" c="6" n="sqrtf" t="2" d="0"/>
<D id="118" f="4" l="61" c="46" n="Rte_Inst_ElecPwrCns" t="1" d="0"/>
<D id="119" f="5" l="742" c="6" n="fabsf" t="2" d="0"/>
<D id="120" f="9" l="26" c="17" n="Pim_dElecPwrCnsDrpInpPwr" t="9" d="1"/>
<D id="121" f="5" l="724" c="6" n="atan2f" t="2" d="0"/>
<D id="122" f="9" l="27" c="17" n="Pim_dElecPwrCnsModInpPwr" t="9" d="1"/>
<D id="123" f="5" l="725" c="6" n="cosf" t="2" d="0"/>
<D id="124" f="9" l="28" c="17" n="Pim_dElecPwrCnsMotCurrDaxEstim" t="9" d="1"/>
<D id="125" f="8" l="557" c="4" n="errno" t="1" d="1"/>
<D id="126" f="5" l="726" c="6" n="sinf" t="2" d="0"/>
<D id="127" f="9" l="29" c="17" n="Pim_dElecPwrCnsMotCurrQaxEstim" t="9" d="1"/>
<D id="128" f="1" l="49" c="18" n="va_list" t="7" d="1"/>
<D id="129" f="5" l="748" c="6" n="fmodf" t="2" d="0"/>
<D id="130" f="10" l="41" c="19" n="x" t="4" d="1"/>
<D id="131" f="3" l="140" c="10" n="sw_patch_version" t="9" d="1"/>
<D id="132" f="2" l="110" c="31" n="uint32" t="7" d="1"/>
<D id="133" f="10" l="25" c="20" n="pst_random_int" t="3" d="1"/>
<D id="134" f="11" l="25" c="20" n="pst_random_int" t="3" d="1"/>
<D id="135" f="2" l="112" c="31" n="sint8_least" t="7" d="1"/>
<D id="136" f="2" l="103" c="31" n="boolean" t="7" d="1"/>
<D id="137" f="12" l="25" c="20" n="pst_random_int" t="3" d="1"/>
<D id="138" f="2" l="113" c="31" n="uint8_least" t="7" d="1"/>
<D id="139" f="10" l="53" c="30" n="_main_gen_tmp_2" t="4" d="1"/>
<D id="140" f="3" l="136" c="10" n="vendorID" t="9" d="1"/>
<D id="141" f="6" l="330" c="31" n="Inp1" t="4" d="1"/>
<D id="142" f="6" l="205" c="39" n="Inp" t="4" d="1"/>
<D id="143" f="2" l="114" c="31" n="sint16_least" t="7" d="1"/>
<D id="144" f="10" l="63" c="30" n="_main_gen_tmp_4" t="4" d="1"/>
<D id="145" f="2" l="105" c="31" n="sint8" t="7" d="1"/>
<D id="146" f="3" l="137" c="10" n="moduleID" t="9" d="1"/>
<D id="147" f="6" l="421" c="31" n="Inp1" t="4" d="1"/>
<D id="148" f="11" l="28" c="29" n="pst_random_g_6" t="3" d="1"/>
<D id="149" f="10" l="122" c="5" n="_extern_init" t="2" d="1"/>
<D id="150" f="10" l="73" c="30" n="_main_gen_tmp_6" t="4" d="1"/>
<D id="151" f="2" l="115" c="31" n="uint16_least" t="7" d="1"/>
<D id="152" f="2" l="106" c="31" n="uint8" t="7" d="1"/>
<D id="153" f="6" l="304" c="31" n="Inp1" t="4" d="1"/>
<D id="154" f="7" l="143" c="12" n="CurrMeasLoaMtgtnEna_Cnt_T_logl" t="4" d="1"/>
<D id="155" f="3" l="138" c="10" n="sw_major_version" t="9" d="1"/>
<D id="156" f="6" l="462" c="29" n="Inp" t="4" d="1"/>
<D id="157" f="11" l="64" c="30" n="real_random_for_return" t="4" d="1"/>
<D id="158" f="10" l="83" c="30" n="_main_gen_tmp_8" t="4" d="1"/>
<D id="159" f="3" l="132" c="14" n="Std_ReturnType" t="7" d="1"/>
<D id="160" f="11" l="92" c="30" n="real_random_for_return" t="4" d="1"/>
<D id="161" f="2" l="116" c="31" n="sint32_least" t="7" d="1"/>
<D id="162" f="10" l="54" c="22" n="_i_main_gen_tmp_3" t="4" d="1"/>
<D id="163" f="2" l="107" c="31" n="sint16" t="7" d="1"/>
<D id="164" f="3" l="125" c="22" n="StatusType" t="7" d="1"/>
<D id="165" f="8" l="181" c="21" n="size_t" t="7" d="1"/>
<D id="166" f="3" l="139" c="10" n="sw_minor_version" t="9" d="1"/>
<D id="167" f="6" l="504" c="31" n="Inp" t="4" d="1"/>
<D id="168" f="10" l="27" c="31" n="pst_random_g_10" t="3" d="1"/>
<D id="169" f="11" l="65" c="21" n="random_for_return" t="4" d="1"/>
<D id="170" f="11" l="27" c="31" n="pst_random_g_10" t="3" d="1"/>
<D id="171" f="10" l="64" c="22" n="_i_main_gen_tmp_5" t="4" d="1"/>
<D id="172" f="2" l="117" c="31" n="uint32_least" t="7" d="1"/>
<D id="173" f="11" l="93" c="21" n="random_for_return" t="4" d="1"/>
<D id="174" f="2" l="108" c="31" n="uint16" t="7" d="1"/>
<D id="175" f="6" l="265" c="29" n="Inp1" t="4" d="1"/>
<D id="176" f="7" l="127" c="12" n="BrdgVltg_Volt_T_f32" t="4" d="1"/>
<D id="177" f="10" l="74" c="22" n="_i_main_gen_tmp_7" t="4" d="1"/>
<D id="178" f="2" l="127" c="31" n="sint64" t="7" d="1"/>
<D id="179" f="7" l="130" c="16" n="MotCtrlMotVltgDax_Volt_T_f32" t="4" d="1"/>
<D id="180" f="6" l="356" c="29" n="Inp1" t="4" d="1"/>
<D id="181" f="2" l="109" c="31" n="sint32" t="7" d="1"/>
<D id="182" f="6" l="241" c="15" n="Sign_s08_s32" t="2" d="1"/>
<D id="183" f="10" l="84" c="22" n="_i_main_gen_tmp_9" t="4" d="1"/>
<D id="184" f="8" l="183" c="12" n="ptrdiff_t" t="7" d="1"/>
<D id="185" f="7" l="140" c="16" n="MotCurrDaxEstimd_Ampr_T_f32" t="4" d="1"/>
<D id="186" f="2" l="128" c="31" n="uint64" t="7" d="1"/>
<D id="187" f="6" l="330" c="16" n="Min_u32" t="2" d="1"/>
<D id="188" f="6" l="291" c="31" n="Inp1" t="4" d="1"/>
<D id="189" f="7" l="131" c="16" n="MotCtrlMotVltgQax_Volt_T_f32" t="4" d="1"/>
<D id="190" f="11" l="47" c="13" n="Rte_Read_ElecPwrCns_BrdgVltg_Val" t="2" d="1"/>
<D id="191" f="6" l="317" c="31" n="Inp1" t="4" d="1"/>
<D id="192" f="6" l="490" c="31" n="Inp" t="4" d="1"/>
<D id="193" f="11" l="75" c="13" n="Rte_Read_ElecPwrCns_CurrMeasLoaMtgtnEna_Logl" t="2" d="1"/>
<D id="194" f="8" l="601" c="25" n="random" t="4" d="1"/>
<D id="195" f="11" l="47" c="59" n="P_0" t="4" d="1"/>
<D id="196" f="2" l="138" c="31" n="float32" t="7" d="1"/>
<D id="197" f="6" l="421" c="16" n="Max_u32" t="2" d="1"/>
<D id="198" f="6" l="382" c="31" n="Inp1" t="4" d="1"/>
<D id="199" f="7" l="141" c="16" n="ModInpBrdgCurr_Ampr_T_f32" t="4" d="1"/>
<D id="200" f="6" l="408" c="31" n="Inp1" t="4" d="1"/>
<D id="201" f="6" l="448" c="29" n="Inp" t="4" d="1"/>
<D id="202" f="7" l="132" c="16" n="MotCurrDaxCmd_Ampr_T_f32" t="4" d="1"/>
<D id="203" f="6" l="532" c="33" n="Inp" t="4" d="1"/>
<D id="204" f="6" l="304" c="16" n="Min_u16" t="2" d="1"/>
<D id="205" f="6" l="560" c="33" n="Inp" t="4" d="1"/>
<D id="206" f="11" l="380" c="5" n="__PST__MAIN__ENTRY__POINT__" t="2" d="1"/>
<D id="207" f="2" l="139" c="31" n="float64" t="7" d="1"/>
<D id="208" f="6" l="343" c="33" n="Inp1" t="4" d="1"/>
<D id="209" f="6" l="152" c="34" n="Inp1" t="4" d="1"/>
<D id="210" f="7" l="133" c="16" n="MotCurrQaxCmd_Ampr_T_f32" t="4" d="1"/>
<D id="211" f="10" l="97" c="12" n="_main_gen_init_sym_Rte_Inst_ElecPwrCns" t="5" d="1"/>
<D id="212" f="6" l="278" c="29" n="Inp1" t="4" d="1"/>
<D id="213" f="6" l="253" c="15" n="Sign_s08_f32" t="2" d="1"/>
<D id="214" f="6" l="241" c="35" n="Inp" t="4" d="1"/>
<D id="215" f="6" l="518" c="31" n="Inp" t="4" d="1"/>
<D id="216" f="8" l="186" c="21" n="wchar_t" t="7" d="1"/>
<D id="217" f="8" l="591" c="13" n="_polyspace_random_int" t="5" d="1"/>
<D id="218" f="6" l="434" c="33" n="Inp1" t="4" d="1"/>
<D id="219" f="6" l="504" c="16" n="Lim_s32" t="2" d="1"/>
<D id="220" f="6" l="369" c="29" n="Inp1" t="4" d="1"/>
<D id="221" f="7" l="134" c="16" n="MotCurrQaxEstimd_Ampr_T_f32" t="4" d="1"/>
<D id="222" f="6" l="217" c="15" n="Sign_s08_s08" t="2" d="1"/>
<D id="223" f="8" l="607" c="23" n="_polyspace_random_ulong" t="5" d="1"/>
<D id="224" f="6" l="462" c="15" n="Lim_u08" t="2" d="1"/>
<D id="225" f="10" l="23" c="28" n="pst_random_char" t="3" d="1"/>
<D id="226" f="6" l="205" c="17" n="Abslt_f32_f32" t="2" d="1"/>
<D id="227" f="7" l="144" c="16" n="IvtrLoaMtgtnEna_Cnt_T_logl" t="4" d="1"/>
<D id="228" f="11" l="23" c="28" n="pst_random_char" t="3" d="1"/>
<D id="229" f="6" l="152" c="17" n="Blnd_f32" t="2" d="1"/>
<D id="230" f="7" l="135" c="16" n="ModInpPower_Watt_T_f32" t="4" d="1"/>
<D id="231" f="10" l="39" c="15" n="_main_gen_init_g10" t="2" d="1"/>
<D id="232" f="12" l="23" c="28" n="pst_random_char" t="3" d="1"/>
<D id="233" f="6" l="217" c="34" n="Inp" t="4" d="1"/>
<D id="234" f="6" l="572" c="33" n="Inp" t="4" d="1"/>
<D id="235" f="8" l="614" c="16" n="_polyspace_random_double" t="5" d="1"/>
<D id="236" f="6" l="395" c="31" n="Inp1" t="4" d="1"/>
<D id="237" f="6" l="476" c="31" n="Inp" t="4" d="1"/>
<D id="238" f="6" l="532" c="17" n="Lim_f32" t="2" d="1"/>
<D id="239" f="8" l="3661" c="4" n="__polyspace_nb_varargs" t="1" d="1"/>
<D id="240" f="7" l="136" c="16" n="ElecPwrCnsCurr_Ampr_T_f32" t="4" d="1"/>
<D id="241" f="8" l="583" c="23" n="_polyspace_random_uchar" t="5" d="1"/>
<D id="242" f="6" l="265" c="15" n="Min_s08" t="2" d="1"/>
<D id="243" f="6" l="291" c="16" n="Min_s16" t="2" d="1"/>
<D id="244" f="6" l="560" c="17" n="Sin_f32" t="2" d="1"/>
<D id="245" f="6" l="317" c="16" n="Min_s32" t="2" d="1"/>
<D id="246" f="6" l="343" c="17" n="Min_f32" t="2" d="1"/>
<D id="247" f="6" l="490" c="16" n="Lim_u16" t="2" d="1"/>
<D id="248" f="6" l="608" c="33" n="Numer" t="4" d="1"/>
<D id="249" f="6" l="166" c="15" n="Abslt_u08_s08" t="2" d="1"/>
<D id="250" f="6" l="192" c="16" n="Abslt_u32_s32" t="2" d="1"/>
<D id="251" f="11" l="75" c="71" n="P_0" t="4" d="1"/>
<D id="252" f="10" l="47" c="26" n="_main_gen_init_g25" t="2" d="1"/>
<D id="253" f="6" l="229" c="15" n="Sign_s08_s16" t="2" d="1"/>
<D id="254" f="6" l="356" c="15" n="Max_s08" t="2" d="1"/>
<D id="255" f="6" l="382" c="16" n="Max_s16" t="2" d="1"/>
<D id="256" f="7" l="137" c="16" n="DrpInpPwr_Watt_T_f32" t="4" d="1"/>
<D id="257" f="6" l="408" c="16" n="Max_s32" t="2" d="1"/>
<D id="258" f="6" l="434" c="17" n="Max_f32" t="2" d="1"/>
<D id="259" f="7" l="128" c="16" n="MotCtrlMotCurrDax_Ampr_T_f32" t="4" d="1"/>
<D id="260" f="8" l="575" c="14" n="_polyspace_random_char" t="5" d="1"/>
<D id="261" f="6" l="253" c="36" n="Inp" t="4" d="1"/>
<D id="262" f="7" l="138" c="16" n="SplyCurrEstim_Ampr_T_f32" t="4" d="1"/>
<D id="263" f="6" l="584" c="33" n="Inp" t="4" d="1"/>
<D id="264" f="7" l="129" c="16" n="MotCtrlMotCurrQax_Ampr_T_f32" t="4" d="1"/>
<D id="265" f="8" l="593" c="24" n="random" t="4" d="1"/>
<D id="266" f="6" l="518" c="16" n="Lim_u32" t="2" d="1"/>
<D id="267" f="6" l="448" c="15" n="Lim_s08" t="2" d="1"/>
<D id="268" f="6" l="572" c="17" n="Cos_f32" t="2" d="1"/>
<D id="269" f="7" l="139" c="16" n="ElecInpPwrEstim_Watt_T_f32" t="4" d="1"/>
<D id="270" f="8" l="609" c="34" n="random" t="4" d="1"/>
<D id="271" f="6" l="166" c="35" n="Inp" t="4" d="1"/>
<D id="272" f="8" l="3660" c="7" n="__polyspace_vararg" t="1" d="1"/>
<D id="273" f="10" l="99" c="24" n="Rte_Inst_ElecPwrCns" t="1" d="0"/>
<D id="274" f="6" l="229" c="35" n="Inp" t="4" d="1"/>
<D id="275" f="6" l="278" c="15" n="Min_u08" t="2" d="1"/>
<D id="276" f="6" l="608" c="17" n="Mod_f32" t="2" d="1"/>
<D id="277" f="8" l="616" c="27" n="random" t="4" d="1"/>
<D id="278" f="6" l="369" c="15" n="Max_u08" t="2" d="1"/>
<D id="279" f="6" l="395" c="16" n="Max_u16" t="2" d="1"/>
<D id="280" f="6" l="476" c="16" n="Lim_s16" t="2" d="1"/>
<D id="281" f="6" l="192" c="37" n="Inp" t="4" d="1"/>
<D id="282" f="6" l="520" c="95" n="RngHi" t="4" d="1"/>
<D id="283" f="8" l="585" c="34" n="random" t="4" d="1"/>
<D id="284" f="6" l="450" c="94" n="RngHi" t="4" d="1"/>
<D id="285" f="6" l="547" c="17" n="Arctan2_f32" t="2" d="1"/>
<D id="286" f="6" l="331" c="95" n="Inp2" t="4" d="1"/>
<D id="287" f="6" l="584" c="17" n="Exp_f32" t="2" d="1"/>
<D id="288" f="10" l="49" c="37" n="x" t="4" d="1"/>
<D id="289" f="6" l="179" c="16" n="Abslt_u16_s16" t="2" d="1"/>
<D id="290" f="6" l="422" c="95" n="Inp2" t="4" d="1"/>
<D id="291" f="8" l="577" c="25" n="random" t="4" d="1"/>
<D id="292" f="6" l="596" c="34" n="Inp" t="4" d="1"/>
<D id="293" f="8" l="599" c="14" n="_polyspace_random_long" t="5" d="1"/>
<D id="294" f="6" l="305" c="95" n="Inp2" t="4" d="1"/>
<D id="295" f="6" l="370" c="86" n="Inp2" t="4" d="1"/>
<D id="296" f="6" l="505" c="95" n="RngLo" t="4" d="1"/>
<D id="297" f="6" l="547" c="37" n="Numer" t="4" d="1"/>
<D id="298" f="6" l="596" c="17" n="Sqrt_f32" t="2" d="1"/>
<D id="299" f="6" l="463" c="94" n="RngLo" t="4" d="1"/>
<D id="300" f="6" l="506" c="95" n="RngHi" t="4" d="1"/>
<D id="301" f="6" l="464" c="94" n="RngHi" t="4" d="1"/>
<D id="302" f="6" l="179" c="37" n="Inp" t="4" d="1"/>
<D id="303" f="6" l="292" c="95" n="Inp2" t="4" d="1"/>
<D id="304" f="6" l="318" c="95" n="Inp2" t="4" d="1"/>
<D id="305" f="6" l="344" c="96" n="Inp2" t="4" d="1"/>
<D id="306" f="6" l="491" c="95" n="RngLo" t="4" d="1"/>
<D id="307" f="6" l="153" c="97" n="Inp2" t="4" d="1"/>
<D id="308" f="6" l="383" c="95" n="Inp2" t="4" d="1"/>
<D id="309" f="6" l="409" c="95" n="Inp2" t="4" d="1"/>
<D id="310" f="6" l="435" c="96" n="Inp2" t="4" d="1"/>
<D id="311" f="6" l="492" c="95" n="RngHi" t="4" d="1"/>
<D id="312" f="6" l="154" c="97" n="Fac" t="4" d="1"/>
<D id="313" f="6" l="266" c="86" n="Inp2" t="4" d="1"/>
<D id="314" f="6" l="519" c="95" n="RngLo" t="4" d="1"/>
<D id="315" f="6" l="357" c="86" n="Inp2" t="4" d="1"/>
<D id="316" f="6" l="449" c="94" n="RngLo" t="4" d="1"/>
<D id="317" f="6" l="396" c="95" n="Inp2" t="4" d="1"/>
<D id="318" f="6" l="477" c="95" n="RngLo" t="4" d="1"/>
<D id="319" f="6" l="279" c="86" n="Inp2" t="4" d="1"/>
<D id="320" f="6" l="478" c="95" n="RngHi" t="4" d="1"/>
</Definitions>
<Uses>
<U id="1" f="10" l="111" c="12" d="273" a="1"/>
<U id="2" f="11" l="112" c="12" d="42" a="0"/>
<U id="3" f="11" l="140" c="12" d="46" a="0"/>
<U id="4" f="11" l="121" c="41" d="1" a="0"/>
<U id="5" f="11" l="110" c="15" d="134" a="0"/>
<U id="6" f="10" l="106" c="12" d="62" a="0"/>
<U id="7" f="11" l="224" c="12" d="47" a="0"/>
<U id="8" f="11" l="310" c="15" d="19" a="0"/>
<U id="9" f="11" l="252" c="12" d="40" a="0"/>
<U id="10" f="10" l="111" c="34" d="133" a="0"/>
<U id="11" f="11" l="280" c="12" d="43" a="0"/>
<U id="12" f="10" l="107" c="40" d="29" a="0"/>
<U id="13" f="11" l="122" c="15" d="2" a="0"/>
<U id="14" f="11" l="205" c="41" d="4" a="0"/>
<U id="15" f="11" l="330" c="15" d="26" a="0"/>
<U id="16" f="11" l="112" c="34" d="148" a="0"/>
<U id="17" f="11" l="150" c="15" d="27" a="0"/>
<U id="18" f="11" l="233" c="41" d="6" a="0"/>
<U id="19" f="7" l="202" c="133" d="256" a="0"/>
<U id="20" f="11" l="112" c="16" d="134" a="0"/>
<U id="21" f="11" l="222" c="15" d="134" a="0"/>
<U id="22" f="11" l="140" c="34" d="170" a="0"/>
<U id="23" f="11" l="120" c="17" d="61" a="0"/>
<U id="24" f="11" l="261" c="41" d="8" a="0"/>
<U id="25" f="11" l="383" c="20" d="90" a="0"/>
<U id="26" f="11" l="140" c="16" d="134" a="0"/>
<U id="27" f="11" l="321" c="52" d="80" a="0"/>
<U id="28" f="11" l="250" c="15" d="134" a="0"/>
<U id="29" f="11" l="350" c="15" d="39" a="0"/>
<U id="30" f="11" l="301" c="54" d="80" a="0"/>
<U id="31" f="11" l="243" c="51" d="96" a="0"/>
<U id="32" f="11" l="206" c="15" d="10" a="0"/>
<U id="33" f="11" l="103" c="54" d="84" a="0"/>
<U id="34" f="11" l="271" c="51" d="96" a="0"/>
<U id="35" f="10" l="109" c="32" d="29" a="0"/>
<U id="36" f="11" l="234" c="15" d="12" a="0"/>
<U id="37" f="11" l="370" c="15" d="45" a="0"/>
<U id="38" f="11" l="224" c="34" d="170" a="0"/>
<U id="39" f="10" l="105" c="26" d="65" a="0"/>
<U id="40" f="11" l="204" c="17" d="61" a="0"/>
<U id="41" f="11" l="262" c="15" d="13" a="0"/>
<U id="42" f="11" l="114" c="17" d="148" a="0"/>
<U id="43" f="11" l="224" c="16" d="134" a="0"/>
<U id="44" f="11" l="252" c="34" d="170" a="0"/>
<U id="45" f="11" l="232" c="17" d="61" a="0"/>
<U id="46" f="11" l="290" c="15" d="38" a="0"/>
<U id="47" f="11" l="142" c="17" d="170" a="0"/>
<U id="48" f="11" l="252" c="16" d="134" a="0"/>
<U id="49" f="11" l="309" c="41" d="17" a="0"/>
<U id="50" f="10" l="111" c="56" d="31" a="1"/>
<U id="51" f="11" l="280" c="34" d="170" a="0"/>
<U id="52" f="11" l="168" c="12" d="48" a="0"/>
<U id="53" f="11" l="260" c="17" d="61" a="0"/>
<U id="54" f="11" l="131" c="55" d="96" a="0"/>
<U id="55" f="11" l="170" c="17" d="170" a="0"/>
<U id="56" f="11" l="280" c="16" d="134" a="0"/>
<U id="57" f="11" l="196" c="12" d="49" a="0"/>
<U id="58" f="10" l="107" c="17" d="29" a="1"/>
<U id="59" f="11" l="329" c="41" d="21" a="0"/>
<U id="60" f="10" l="109" c="16" d="31" a="1"/>
<U id="61" f="11" l="149" c="41" d="22" a="0"/>
<U id="62" f="11" l="138" c="15" d="134" a="0"/>
<U id="63" f="11" l="177" c="41" d="24" a="0"/>
<U id="64" f="11" l="166" c="15" d="134" a="0"/>
<U id="65" f="10" l="109" c="53" d="252" a="0"/>
<U id="66" f="7" l="195" c="105" d="18" a="0"/>
<U id="67" f="11" l="226" c="17" d="170" a="0"/>
<U id="68" f="11" l="194" c="15" d="134" a="0"/>
<U id="69" f="11" l="215" c="55" d="96" a="0"/>
<U id="70" f="11" l="254" c="17" d="170" a="0"/>
<U id="71" f="11" l="308" c="17" d="61" a="0"/>
<U id="72" f="11" l="282" c="17" d="170" a="0"/>
<U id="73" f="11" l="178" c="15" d="28" a="0"/>
<U id="74" f="11" l="328" c="17" d="61" a="0"/>
<U id="75" f="11" l="168" c="34" d="170" a="0"/>
<U id="76" f="11" l="148" c="17" d="61" a="0"/>
<U id="77" f="11" l="289" c="41" d="34" a="0"/>
<U id="78" f="10" l="55" c="183" d="162" a="1"/>
<U id="79" f="11" l="168" c="16" d="134" a="0"/>
<U id="80" f="11" l="278" c="15" d="134" a="0"/>
<U id="81" f="11" l="196" c="34" d="170" a="0"/>
<U id="82" f="11" l="349" c="43" d="37" a="0"/>
<U id="83" f="11" l="176" c="17" d="61" a="0"/>
<U id="84" f="11" l="196" c="16" d="134" a="0"/>
<U id="85" f="10" l="65" c="183" d="171" a="1"/>
<U id="86" f="11" l="348" c="17" d="80" a="0"/>
<U id="87" f="10" l="75" c="183" d="177" a="1"/>
<U id="88" f="11" l="369" c="43" d="41" a="0"/>
<U id="89" f="10" l="85" c="183" d="183" a="1"/>
<U id="90" f="11" l="368" c="17" d="80" a="0"/>
<U id="91" f="11" l="288" c="17" d="61" a="0"/>
<U id="92" f="11" l="159" c="55" d="96" a="0"/>
<U id="93" f="11" l="198" c="17" d="170" a="0"/>
<U id="94" f="11" l="187" c="55" d="96" a="0"/>
<U id="95" f="10" l="107" c="209" d="29" a="1"/>
<U id="96" f="8" l="11451" c="9" d="51" a="0"/>
<U id="97" f="4" l="51" c="2" d="196" a="0"/>
<U id="98" f="4" l="52" c="2" d="196" a="0"/>
<U id="99" f="4" l="92" c="0" d="159" a="0"/>
<U id="100" f="4" l="53" c="2" d="196" a="0"/>
<U id="101" f="4" l="93" c="0" d="159" a="0"/>
<U id="102" f="4" l="54" c="2" d="196" a="0"/>
<U id="103" f="4" l="94" c="0" d="159" a="0"/>
<U id="104" f="4" l="95" c="0" d="159" a="0"/>
<U id="105" f="4" l="96" c="0" d="159" a="0"/>
<U id="106" f="4" l="97" c="0" d="159" a="0"/>
<U id="107" f="9" l="26" c="4" d="96" a="0"/>
<U id="108" f="4" l="98" c="0" d="159" a="0"/>
<U id="109" f="1" l="50" c="8" d="98" a="0"/>
<U id="110" f="9" l="27" c="4" d="96" a="0"/>
<U id="111" f="9" l="21" c="8" d="70" a="0"/>
<U id="112" f="4" l="99" c="0" d="159" a="0"/>
<U id="113" f="9" l="12" c="8" d="60" a="0"/>
<U id="114" f="9" l="40" c="8" d="67" a="0"/>
<U id="115" f="9" l="31" c="8" d="60" a="0"/>
<U id="116" f="9" l="28" c="4" d="96" a="0"/>
<U id="117" f="9" l="32" c="8" d="61" a="0"/>
<U id="118" f="9" l="23" c="8" d="80" a="0"/>
<U id="119" f="9" l="29" c="4" d="96" a="0"/>
<U id="120" f="9" l="14" c="8" d="60" a="0"/>
<U id="121" f="9" l="51" c="8" d="57" a="0"/>
<U id="122" f="9" l="42" c="8" d="116" a="0"/>
<U id="123" f="9" l="33" c="8" d="61" a="0"/>
<U id="124" f="9" l="15" c="8" d="93" a="0"/>
<U id="125" f="9" l="52" c="8" d="62" a="0"/>
<U id="126" f="9" l="43" c="8" d="105" a="0"/>
<U id="127" f="9" l="34" c="8" d="61" a="0"/>
<U id="128" f="1" l="84" c="7" d="128" a="0"/>
<U id="129" f="9" l="16" c="8" d="69" a="0"/>
<U id="130" f="9" l="44" c="8" d="110" a="0"/>
<U id="131" f="9" l="35" c="8" d="61" a="0"/>
<U id="132" f="9" l="45" c="8" d="86" a="0"/>
<U id="133" f="9" l="36" c="8" d="80" a="0"/>
<U id="134" f="9" l="18" c="8" d="56" a="0"/>
<U id="135" f="9" l="37" c="8" d="80" a="0"/>
<U id="136" f="9" l="47" c="8" d="56" a="0"/>
<U id="137" f="1" l="49" c="8" d="98" a="0"/>
<U id="138" f="9" l="38" c="8" d="77" a="0"/>
<U id="139" f="9" l="39" c="8" d="81" a="0"/>
<U id="140" f="9" l="49" c="8" d="61" a="0"/>
<U id="141" f="4" l="100" c="0" d="159" a="0"/>
<U id="142" f="4" l="101" c="0" d="159" a="0"/>
<U id="143" f="4" l="102" c="0" d="159" a="0"/>
<U id="144" f="4" l="103" c="0" d="196" a="0"/>
<U id="145" f="4" l="104" c="0" d="196" a="0"/>
<U id="146" f="9" l="20" c="21" d="65" a="0"/>
<U id="147" f="4" l="61" c="20" d="66" a="0"/>
<U id="148" f="3" l="140" c="3" d="152" a="0"/>
<U id="149" f="10" l="41" c="4" d="80" a="0"/>
<U id="150" f="11" l="47" c="0" d="61" a="0"/>
<U id="151" f="11" l="75" c="0" d="61" a="0"/>
<U id="152" f="10" l="39" c="0" d="80" a="0"/>
<U id="153" f="10" l="43" c="4" d="130" a="1"/>
<U id="154" f="9" l="22" c="14" d="76" a="0"/>
<U id="155" f="1" l="84" c="39" d="128" a="0"/>
<U id="156" f="9" l="41" c="14" d="96" a="0"/>
<U id="157" f="9" l="31" c="33" d="57" a="0"/>
<U id="158" f="4" l="66" c="21" d="66" a="0"/>
<U id="159" f="3" l="136" c="3" d="174" a="0"/>
<U id="160" f="7" l="143" c="4" d="136" a="0"/>
<U id="161" f="9" l="32" c="34" d="96" a="0"/>
<U id="162" f="3" l="137" c="3" d="174" a="0"/>
<U id="163" f="4" l="103" c="8" d="18" a="0"/>
<U id="164" f="7" l="130" c="8" d="196" a="0"/>
<U id="165" f="3" l="138" c="3" d="152" a="0"/>
<U id="166" f="7" l="202" c="8" d="269" a="1"/>
<U id="167" f="9" l="50" c="17" d="61" a="0"/>
<U id="168" f="4" l="93" c="60" d="136" a="0"/>
<U id="169" f="7" l="127" c="4" d="196" a="0"/>
<U id="170" f="4" l="92" c="15" d="190" a="0"/>
<U id="171" f="11" l="51" c="8" d="195" a="0"/>
<U id="172" f="9" l="34" c="34" d="84" a="0"/>
<U id="173" f="7" l="140" c="8" d="196" a="0"/>
<U id="174" f="4" l="104" c="8" d="25" a="0"/>
<U id="175" f="7" l="131" c="8" d="196" a="0"/>
<U id="176" f="3" l="132" c="8" d="152" a="0"/>
<U id="177" f="3" l="139" c="3" d="152" a="0"/>
<U id="178" f="4" l="93" c="15" d="193" a="0"/>
<U id="179" f="9" l="35" c="34" d="80" a="0"/>
<U id="180" f="10" l="43" c="8" d="168" a="0"/>
<U id="181" f="11" l="52" c="8" d="134" a="0"/>
<U id="182" f="7" l="141" c="8" d="196" a="0"/>
<U id="183" f="7" l="132" c="8" d="196" a="0"/>
<U id="184" f="11" l="80" c="8" d="134" a="0"/>
<U id="185" f="4" l="94" c="15" d="5" a="0"/>
<U id="186" f="9" l="37" c="52" d="80" a="0"/>
<U id="187" f="9" l="53" c="17" d="62" a="0"/>
<U id="188" f="7" l="133" c="8" d="196" a="0"/>
<U id="189" f="4" l="95" c="15" d="7" a="0"/>
<U id="190" f="10" l="54" c="8" d="62" a="0"/>
<U id="191" f="9" l="17" c="17" d="93" a="0"/>
<U id="192" f="4" l="96" c="15" d="33" a="0"/>
<U id="193" f="7" l="134" c="8" d="196" a="0"/>
<U id="194" f="10" l="47" c="7" d="65" a="0"/>
<U id="195" f="10" l="64" c="8" d="62" a="0"/>
<U id="196" f="4" l="97" c="15" d="35" a="0"/>
<U id="197" f="9" l="46" c="17" d="57" a="0"/>
<U id="198" f="7" l="144" c="8" d="136" a="0"/>
<U id="199" f="10" l="74" c="8" d="62" a="0"/>
<U id="200" f="7" l="135" c="8" d="196" a="0"/>
<U id="201" f="9" l="19" c="17" d="100" a="0"/>
<U id="202" f="4" l="98" c="15" d="14" a="0"/>
<U id="203" f="11" l="65" c="8" d="61" a="0"/>
<U id="204" f="10" l="84" c="8" d="62" a="0"/>
<U id="205" f="11" l="93" c="8" d="61" a="0"/>
<U id="206" f="9" l="37" c="36" d="80" a="0"/>
<U id="207" f="7" l="136" c="8" d="196" a="0"/>
<U id="208" f="4" l="99" c="15" d="15" a="0"/>
<U id="209" f="9" l="48" c="17" d="56" a="0"/>
<U id="210" f="7" l="137" c="8" d="196" a="0"/>
<U id="211" f="7" l="128" c="8" d="196" a="0"/>
<U id="212" f="7" l="209" c="8" d="262" a="1"/>
<U id="213" f="11" l="58" c="8" d="195" a="0"/>
<U id="214" f="7" l="138" c="8" d="196" a="0"/>
<U id="215" f="11" l="86" c="8" d="251" a="0"/>
<U id="216" f="7" l="129" c="8" d="196" a="0"/>
<U id="217" f="10" l="59" c="8" d="288" a="1"/>
<U id="218" f="4" l="99" c="53" d="196" a="0"/>
<U id="219" f="4" l="92" c="48" d="196" a="0"/>
<U id="220" f="4" l="94" c="56" d="136" a="0"/>
<U id="221" f="7" l="194" c="8" d="199" a="1"/>
<U id="222" f="7" l="139" c="8" d="196" a="0"/>
<U id="223" f="10" l="69" c="8" d="288" a="1"/>
<U id="224" f="7" l="195" c="8" d="256" a="1"/>
<U id="225" f="10" l="79" c="8" d="288" a="1"/>
<U id="226" f="7" l="186" c="8" d="230" a="1"/>
<U id="227" f="11" l="79" c="8" d="251" a="0"/>
<U id="228" f="10" l="89" c="8" d="288" a="1"/>
<U id="229" f="4" l="95" c="57" d="196" a="0"/>
<U id="230" f="4" l="96" c="57" d="196" a="0"/>
<U id="231" f="9" l="37" c="68" d="80" a="0"/>
<U id="232" f="4" l="97" c="57" d="196" a="0"/>
<U id="233" f="4" l="98" c="57" d="196" a="0"/>
<U id="234" f="11" l="301" c="0" d="61" a="0"/>
<U id="235" f="11" l="103" c="0" d="61" a="0"/>
<U id="236" f="11" l="131" c="0" d="61" a="0"/>
<U id="237" f="6" l="330" c="9" d="132" a="0"/>
<U id="238" f="11" l="321" c="0" d="61" a="0"/>
<U id="239" f="6" l="421" c="9" d="132" a="0"/>
<U id="240" f="6" l="241" c="9" d="145" a="0"/>
<U id="241" f="6" l="304" c="9" d="174" a="0"/>
<U id="242" f="6" l="205" c="9" d="196" a="0"/>
<U id="243" f="11" l="341" c="0" d="80" a="0"/>
<U id="244" f="6" l="152" c="9" d="196" a="0"/>
<U id="245" f="6" l="504" c="9" d="181" a="0"/>
<U id="246" f="11" l="215" c="0" d="61" a="0"/>
<U id="247" f="6" l="532" c="9" d="196" a="0"/>
<U id="248" f="6" l="560" c="9" d="196" a="0"/>
<U id="249" f="6" l="320" c="30" d="191" a="0"/>
<U id="250" f="11" l="243" c="0" d="61" a="0"/>
<U id="251" f="8" l="610" c="11" d="270" a="0"/>
<U id="252" f="6" l="343" c="9" d="196" a="0"/>
<U id="253" f="6" l="253" c="9" d="145" a="0"/>
<U id="254" f="7" l="161" c="10" d="14" a="0"/>
<U id="255" f="11" l="361" c="0" d="80" a="0"/>
<U id="256" f="6" l="550" c="19" d="297" a="0"/>
<U id="257" f="11" l="271" c="0" d="61" a="0"/>
<U id="258" f="6" l="411" c="30" d="200" a="0"/>
<U id="259" f="12" l="54" c="19" d="60" a="0"/>
<U id="260" f="6" l="434" c="9" d="196" a="0"/>
<U id="261" f="7" l="180" c="10" d="118" a="0"/>
<U id="262" f="10" l="44" c="11" d="130" a="0"/>
<U id="263" f="6" l="217" c="9" d="145" a="0"/>
<U id="264" f="8" l="602" c="11" d="194" a="0"/>
<U id="265" f="6" l="462" c="9" d="152" a="0"/>
<U id="266" f="6" l="291" c="9" d="163" a="0"/>
<U id="267" f="6" l="317" c="9" d="181" a="0"/>
<U id="268" f="6" l="490" c="9" d="174" a="0"/>
<U id="269" f="6" l="320" c="22" d="304" a="0"/>
<U id="270" f="4" l="100" c="15" d="16" a="0"/>
<U id="271" f="6" l="192" c="9" d="132" a="0"/>
<U id="272" f="10" l="91" c="11" d="288" a="0"/>
<U id="273" f="12" l="52" c="12" d="137" a="0"/>
<U id="274" f="6" l="382" c="9" d="163" a="0"/>
<U id="275" f="6" l="611" c="12" d="129" a="0"/>
<U id="276" f="7" l="163" c="10" d="15" a="0"/>
<U id="277" f="6" l="408" c="9" d="181" a="0"/>
<U id="278" f="6" l="411" c="22" d="309" a="0"/>
<U id="279" f="6" l="572" c="9" d="196" a="0"/>
<U id="280" f="4" l="101" c="15" d="3" a="0"/>
<U id="281" f="6" l="265" c="9" d="145" a="0"/>
<U id="282" f="6" l="522" c="30" d="282" a="0"/>
<U id="283" f="6" l="522" c="21" d="282" a="0"/>
<U id="284" f="6" l="166" c="9" d="152" a="0"/>
<U id="285" f="6" l="320" c="14" d="191" a="0"/>
<U id="286" f="7" l="155" c="10" d="7" a="0"/>
<U id="287" f="6" l="608" c="9" d="196" a="0"/>
<U id="288" f="6" l="333" c="30" d="141" a="0"/>
<U id="289" f="4" l="102" c="15" d="9" a="0"/>
<U id="290" f="12" l="46" c="11" d="137" a="0"/>
<U id="291" f="6" l="229" c="9" d="145" a="0"/>
<U id="292" f="6" l="356" c="9" d="145" a="0"/>
<U id="293" f="6" l="518" c="9" d="132" a="0"/>
<U id="294" f="6" l="550" c="12" d="121" a="0"/>
<U id="295" f="4" l="100" c="53" d="196" a="0"/>
<U id="296" f="6" l="205" c="31" d="196" a="0"/>
<U id="297" f="6" l="411" c="14" d="200" a="0"/>
<U id="298" f="7" l="165" c="10" d="16" a="0"/>
<U id="299" f="6" l="424" c="30" d="147" a="0"/>
<U id="300" f="6" l="522" c="40" d="215" a="0"/>
<U id="301" f="6" l="231" c="14" d="274" a="0"/>
<U id="302" f="6" l="452" c="30" d="284" a="0"/>
<U id="303" f="6" l="207" c="12" d="119" a="0"/>
<U id="304" f="6" l="281" c="30" d="212" a="0"/>
<U id="305" f="6" l="452" c="21" d="284" a="0"/>
<U id="306" f="10" l="59" c="10" d="120" a="0"/>
<U id="307" f="6" l="547" c="9" d="196" a="0"/>
<U id="308" f="6" l="307" c="30" d="153" a="0"/>
<U id="309" f="6" l="480" c="30" d="320" a="0"/>
<U id="310" f="7" l="180" c="31" d="75" a="0"/>
<U id="311" f="12" l="54" c="31" d="85" a="0"/>
<U id="312" f="6" l="584" c="9" d="196" a="0"/>
<U id="313" f="6" l="156" c="29" d="312" a="0"/>
<U id="314" f="6" l="333" c="22" d="286" a="0"/>
<U id="315" f="6" l="480" c="21" d="320" a="0"/>
<U id="316" f="7" l="157" c="10" d="33" a="0"/>
<U id="317" f="6" l="330" c="24" d="132" a="0"/>
<U id="318" f="6" l="448" c="9" d="145" a="0"/>
<U id="319" f="11" l="56" c="12" d="195" a="0"/>
<U id="320" f="6" l="372" c="30" d="220" a="0"/>
<U id="321" f="7" l="151" c="14" d="193" a="0"/>
<U id="322" f="10" l="55" c="13" d="162" a="1"/>
<U id="323" f="10" l="69" c="10" d="122" a="0"/>
<U id="324" f="6" l="395" c="9" d="174" a="0"/>
<U id="325" f="6" l="476" c="9" d="163" a="0"/>
<U id="326" f="6" l="231" c="24" d="145" a="0"/>
<U id="327" f="12" l="56" c="12" d="85" a="0"/>
<U id="328" f="11" l="84" c="12" d="251" a="0"/>
<U id="329" f="6" l="166" c="29" d="145" a="0"/>
<U id="330" f="6" l="192" c="30" d="181" a="0"/>
<U id="331" f="6" l="424" c="22" d="290" a="0"/>
<U id="332" f="6" l="452" c="40" d="201" a="0"/>
<U id="333" f="7" l="163" c="49" d="202" a="1"/>
<U id="334" f="10" l="23" c="16" d="58" a="0"/>
<U id="335" f="10" l="57" c="12" d="139" a="1"/>
<U id="336" f="6" l="421" c="24" d="132" a="0"/>
<U id="337" f="7" l="151" c="60" d="154" a="1"/>
<U id="338" f="6" l="480" c="40" d="237" a="0"/>
<U id="339" f="6" l="522" c="14" d="215" a="0"/>
<U id="340" f="6" l="562" c="12" d="126" a="0"/>
<U id="341" f="7" l="149" c="10" d="190" a="0"/>
<U id="342" f="11" l="23" c="16" d="58" a="0"/>
<U id="343" f="10" l="65" c="13" d="171" a="1"/>
<U id="344" f="10" l="79" c="10" d="124" a="0"/>
<U id="345" f="6" l="278" c="9" d="152" a="0"/>
<U id="346" f="6" l="182" c="40" d="174" a="0"/>
<U id="347" f="6" l="281" c="22" d="319" a="0"/>
<U id="348" f="8" l="617" c="11" d="277" a="0"/>
<U id="349" f="6" l="307" c="22" d="294" a="0"/>
<U id="350" f="12" l="23" c="16" d="58" a="0"/>
<U id="351" f="11" l="220" c="8" d="134" a="0"/>
<U id="352" f="10" l="53" c="15" d="80" a="0"/>
<U id="353" f="10" l="57" c="49" d="231" a="0"/>
<U id="354" f="10" l="67" c="12" d="144" a="1"/>
<U id="355" f="6" l="179" c="9" d="174" a="0"/>
<U id="356" f="6" l="304" c="24" d="174" a="0"/>
<U id="357" f="6" l="333" c="14" d="141" a="0"/>
<U id="358" f="11" l="159" c="0" d="61" a="0"/>
<U id="359" f="6" l="243" c="14" d="214" a="0"/>
<U id="360" f="6" l="346" c="30" d="208" a="0"/>
<U id="361" f="6" l="508" c="30" d="300" a="0"/>
<U id="362" f="11" l="121" c="8" d="61" a="0"/>
<U id="363" f="10" l="75" c="13" d="177" a="1"/>
<U id="364" f="10" l="89" c="10" d="127" a="0"/>
<U id="365" f="6" l="369" c="9" d="152" a="0"/>
<U id="366" f="6" l="372" c="22" d="295" a="0"/>
<U id="367" f="6" l="508" c="21" d="300" a="0"/>
<U id="368" f="7" l="196" c="10" d="118" a="0"/>
<U id="369" f="4" l="102" c="54" d="196" a="0"/>
<U id="370" f="6" l="536" c="30" d="23" a="0"/>
<U id="371" f="7" l="153" c="14" d="5" a="0"/>
<U id="372" f="11" l="187" c="0" d="61" a="0"/>
<U id="373" f="10" l="127" c="4" d="211" a="0"/>
<U id="374" f="10" l="63" c="15" d="80" a="0"/>
<U id="375" f="10" l="67" c="49" d="231" a="0"/>
<U id="376" f="10" l="77" c="12" d="150" a="1"/>
<U id="377" f="6" l="547" c="29" d="196" a="0"/>
<U id="378" f="6" l="182" c="59" d="302" a="0"/>
<U id="379" f="6" l="255" c="40" d="145" a="0"/>
<U id="380" f="6" l="424" c="14" d="147" a="0"/>
<U id="381" f="6" l="536" c="21" d="23" a="0"/>
<U id="382" f="7" l="169" c="19" d="154" a="0"/>
<U id="383" f="11" l="65" c="41" d="157" a="0"/>
<U id="384" f="6" l="596" c="9" d="196" a="0"/>
<U id="385" f="6" l="437" c="30" d="218" a="0"/>
<U id="386" f="7" l="165" c="49" d="210" a="1"/>
<U id="387" f="7" l="216" c="14" d="3" a="0"/>
<U id="388" f="10" l="85" c="13" d="183" a="1"/>
<U id="389" f="6" l="504" c="24" d="181" a="0"/>
<U id="390" f="6" l="452" c="14" d="201" a="0"/>
<U id="391" f="6" l="611" c="25" d="32" a="0"/>
<U id="392" f="11" l="54" c="15" d="134" a="0"/>
<U id="393" f="11" l="93" c="41" d="160" a="0"/>
<U id="394" f="6" l="281" c="14" d="212" a="0"/>
<U id="395" f="10" l="73" c="15" d="80" a="0"/>
<U id="396" f="10" l="77" c="49" d="231" a="0"/>
<U id="397" f="10" l="87" c="12" d="158" a="1"/>
<U id="398" f="6" l="243" c="24" d="145" a="0"/>
<U id="399" f="6" l="294" c="30" d="188" a="0"/>
<U id="400" f="6" l="307" c="14" d="153" a="0"/>
<U id="401" f="6" l="480" c="14" d="237" a="0"/>
<U id="402" f="6" l="508" c="40" d="167" a="0"/>
<U id="403" f="7" l="188" c="10" d="118" a="0"/>
<U id="404" f="11" l="82" c="15" d="134" a="0"/>
<U id="405" f="6" l="462" c="23" d="152" a="0"/>
<U id="406" f="6" l="182" c="14" d="302" a="0"/>
<U id="407" f="7" l="179" c="10" d="118" a="0"/>
<U id="408" f="6" l="346" c="22" d="305" a="0"/>
<U id="409" f="6" l="536" c="40" d="203" a="0"/>
<U id="410" f="6" l="372" c="14" d="220" a="0"/>
<U id="411" f="6" l="574" c="12" d="123" a="0"/>
<U id="412" f="10" l="83" c="15" d="80" a="0"/>
<U id="413" f="10" l="87" c="49" d="231" a="0"/>
<U id="414" f="6" l="385" c="30" d="198" a="0"/>
<U id="415" f="6" l="466" c="30" d="301" a="0"/>
<U id="416" f="7" l="194" c="49" d="230" a="0"/>
<U id="417" f="8" l="594" c="11" d="265" a="0"/>
<U id="418" f="6" l="466" c="21" d="301" a="0"/>
<U id="419" f="7" l="171" c="52" d="210" a="0"/>
<U id="420" f="10" l="99" c="11" d="115" a="0"/>
<U id="421" f="4" l="101" c="56" d="196" a="0"/>
<U id="422" f="6" l="437" c="22" d="310" a="0"/>
<U id="423" f="6" l="494" c="30" d="311" a="0"/>
<U id="424" f="11" l="114" c="8" d="42" a="0"/>
<U id="425" f="6" l="182" c="33" d="302" a="0"/>
<U id="426" f="6" l="255" c="14" d="261" a="0"/>
<U id="427" f="6" l="494" c="21" d="311" a="0"/>
<U id="428" f="7" l="218" c="14" d="9" a="0"/>
<U id="429" f="10" l="27" c="16" d="80" a="0"/>
<U id="430" f="6" l="532" c="25" d="196" a="0"/>
<U id="431" f="6" l="182" c="24" d="174" a="0"/>
<U id="432" f="6" l="268" c="30" d="175" a="0"/>
<U id="433" f="10" l="59" c="59" d="139" a="1"/>
<U id="434" f="6" l="156" c="14" d="209" a="0"/>
<U id="435" f="6" l="169" c="39" d="152" a="0"/>
<U id="436" f="6" l="195" c="40" d="132" a="0"/>
<U id="437" f="6" l="294" c="22" d="303" a="0"/>
<U id="438" f="7" l="161" c="53" d="189" a="1"/>
<U id="439" f="7" l="171" c="16" d="221" a="1"/>
<U id="440" f="7" l="195" c="49" d="199" a="0"/>
<U id="441" f="11" l="142" c="8" d="46" a="0"/>
<U id="442" f="11" l="27" c="16" d="80" a="0"/>
<U id="443" f="6" l="153" c="89" d="196" a="0"/>
<U id="444" f="6" l="265" c="23" d="145" a="0"/>
<U id="445" f="6" l="291" c="24" d="163" a="0"/>
<U id="446" f="6" l="370" c="80" d="152" a="0"/>
<U id="447" f="6" l="560" c="25" d="196" a="0"/>
<U id="448" f="7" l="172" c="52" d="202" a="0"/>
<U id="449" f="8" l="586" c="11" d="283" a="0"/>
<U id="450" f="6" l="317" c="24" d="181" a="0"/>
<U id="451" f="6" l="343" c="25" d="196" a="0"/>
<U id="452" f="6" l="490" c="24" d="174" a="0"/>
<U id="453" f="6" l="219" c="14" d="233" a="0"/>
<U id="454" f="6" l="320" c="37" d="304" a="0"/>
<U id="455" f="6" l="346" c="14" d="208" a="0"/>
<U id="456" f="6" l="466" c="40" d="156" a="0"/>
<U id="457" f="6" l="508" c="14" d="167" a="0"/>
<U id="458" f="11" l="205" c="8" d="61" a="0"/>
<U id="459" f="6" l="152" c="26" d="196" a="0"/>
<U id="460" f="6" l="359" c="30" d="180" a="0"/>
<U id="461" f="11" l="170" c="8" d="48" a="0"/>
<U id="462" f="11" l="66" c="15" d="169" a="0"/>
<U id="463" f="10" l="69" c="59" d="144" a="1"/>
<U id="464" f="6" l="385" c="22" d="308" a="0"/>
<U id="465" f="6" l="494" c="40" d="192" a="0"/>
<U id="466" f="6" l="536" c="14" d="203" a="0"/>
<U id="467" f="6" l="179" c="30" d="163" a="0"/>
<U id="468" f="6" l="356" c="23" d="145" a="0"/>
<U id="469" f="6" l="382" c="24" d="163" a="0"/>
<U id="470" f="6" l="550" c="26" d="36" a="0"/>
<U id="471" f="7" l="172" c="16" d="185" a="1"/>
<U id="472" f="7" l="202" c="83" d="25" a="0"/>
<U id="473" f="11" l="233" c="8" d="61" a="0"/>
<U id="474" f="11" l="28" c="16" d="61" a="0"/>
<U id="475" f="11" l="56" c="34" d="170" a="0"/>
<U id="476" f="11" l="94" c="15" d="173" a="0"/>
<U id="477" f="6" l="154" c="89" d="196" a="0"/>
<U id="478" f="6" l="408" c="24" d="181" a="0"/>
<U id="479" f="6" l="434" c="25" d="196" a="0"/>
<U id="480" f="6" l="195" c="59" d="281" a="0"/>
<U id="481" f="6" l="411" c="37" d="309" a="0"/>
<U id="482" f="6" l="437" c="14" d="218" a="0"/>
<U id="483" f="6" l="611" c="18" d="248" a="0"/>
<U id="484" f="7" l="196" c="31" d="68" a="0"/>
<U id="485" f="11" l="56" c="16" d="134" a="0"/>
<U id="486" f="11" l="84" c="34" d="148" a="0"/>
<U id="487" f="8" l="578" c="11" d="291" a="0"/>
<U id="488" f="6" l="231" c="37" d="145" a="0"/>
<U id="489" f="6" l="268" c="22" d="313" a="0"/>
<U id="490" f="6" l="586" c="12" d="114" a="0"/>
<U id="491" f="11" l="261" c="8" d="61" a="0"/>
<U id="492" f="6" l="219" c="24" d="145" a="0"/>
<U id="493" f="6" l="294" c="14" d="188" a="0"/>
<U id="494" f="11" l="64" c="17" d="61" a="0"/>
<U id="495" f="11" l="84" c="16" d="134" a="0"/>
<U id="496" f="11" l="107" c="8" d="42" a="0"/>
<U id="497" f="6" l="195" c="14" d="281" a="0"/>
<U id="498" f="11" l="92" c="17" d="61" a="0"/>
<U id="499" f="6" l="359" c="22" d="315" a="0"/>
<U id="500" f="6" l="241" c="28" d="181" a="0"/>
<U id="501" f="6" l="518" c="24" d="132" a="0"/>
<U id="502" f="6" l="385" c="14" d="198" a="0"/>
<U id="503" f="6" l="466" c="14" d="156" a="0"/>
<U id="504" f="7" l="188" c="31" d="73" a="0"/>
<U id="505" f="11" l="135" c="8" d="46" a="0"/>
<U id="506" f="6" l="448" c="23" d="145" a="0"/>
<U id="507" f="6" l="398" c="30" d="236" a="0"/>
<U id="508" f="7" l="179" c="31" d="79" a="0"/>
<U id="509" f="10" l="55" c="36" d="162" a="0"/>
<U id="510" f="6" l="572" c="25" d="196" a="0"/>
<U id="511" f="6" l="494" c="14" d="192" a="0"/>
<U id="512" f="6" l="522" c="64" d="215" a="0"/>
<U id="513" f="7" l="155" c="53" d="259" a="1"/>
<U id="514" f="7" l="159" c="14" d="35" a="0"/>
<U id="515" f="11" l="108" c="8" d="134" a="0"/>
<U id="516" f="11" l="163" c="8" d="48" a="0"/>
<U id="517" f="6" l="169" c="32" d="271" a="0"/>
<U id="518" f="6" l="195" c="33" d="281" a="0"/>
<U id="519" f="6" l="268" c="14" d="175" a="0"/>
<U id="520" f="7" l="202" c="48" d="238" a="0"/>
<U id="521" f="6" l="195" c="24" d="132" a="0"/>
<U id="522" f="7" l="218" c="53" d="262" a="0"/>
<U id="523" f="11" l="226" c="8" d="47" a="0"/>
<U id="524" f="10" l="65" c="36" d="171" a="0"/>
<U id="525" f="6" l="169" c="14" d="271" a="0"/>
<U id="526" f="11" l="136" c="8" d="134" a="0"/>
<U id="527" f="11" l="191" c="8" d="49" a="0"/>
<U id="528" f="6" l="278" c="23" d="152" a="0"/>
<U id="529" f="6" l="608" c="25" d="196" a="0"/>
<U id="530" f="6" l="207" c="18" d="142" a="0"/>
<U id="531" f="6" l="562" c="17" d="205" a="0"/>
<U id="532" f="6" l="333" c="37" d="286" a="0"/>
<U id="533" f="6" l="359" c="14" d="180" a="0"/>
<U id="534" f="7" l="176" c="52" d="264" a="0"/>
<U id="535" f="11" l="254" c="8" d="40" a="0"/>
<U id="536" f="6" l="243" c="37" d="145" a="0"/>
<U id="537" f="6" l="598" c="12" d="117" a="0"/>
<U id="538" f="11" l="164" c="8" d="134" a="0"/>
<U id="539" f="10" l="75" c="36" d="177" a="0"/>
<U id="540" f="6" l="398" c="22" d="317" a="0"/>
<U id="541" f="6" l="266" c="80" d="145" a="0"/>
<U id="542" f="6" l="369" c="23" d="152" a="0"/>
<U id="543" f="6" l="395" c="24" d="174" a="0"/>
<U id="544" f="6" l="476" c="24" d="163" a="0"/>
<U id="545" f="6" l="452" c="64" d="201" a="0"/>
<U id="546" f="6" l="522" c="56" d="314" a="0"/>
<U id="547" f="7" l="202" c="58" d="230" a="0"/>
<U id="548" f="7" l="216" c="55" d="269" a="0"/>
<U id="549" f="11" l="282" c="8" d="43" a="0"/>
<U id="550" f="6" l="424" c="37" d="290" a="0"/>
<U id="551" f="6" l="522" c="47" d="314" a="0"/>
<U id="552" f="7" l="176" c="16" d="221" a="1"/>
<U id="553" f="7" l="186" c="52" d="179" a="0"/>
<U id="554" f="11" l="192" c="8" d="134" a="0"/>
<U id="555" f="11" l="58" c="17" d="170" a="0"/>
<U id="556" f="10" l="79" c="43" d="133" a="0"/>
<U id="557" f="6" l="169" c="24" d="152" a="0"/>
<U id="558" f="6" l="480" c="64" d="237" a="0"/>
<U id="559" f="7" l="157" c="53" d="264" a="1"/>
<U id="560" f="7" l="177" c="52" d="259" a="0"/>
<U id="561" f="7" l="180" c="65" d="185" a="0"/>
<U id="562" f="10" l="85" c="36" d="183" a="0"/>
<U id="563" f="6" l="253" c="28" d="196" a="0"/>
<U id="564" f="7" l="187" c="79" d="185" a="0"/>
<U id="565" f="11" l="86" c="17" d="148" a="0"/>
<U id="566" f="6" l="357" c="80" d="145" a="0"/>
<U id="567" f="6" l="281" c="37" d="319" a="0"/>
<U id="568" f="6" l="584" c="25" d="196" a="0"/>
<U id="569" f="6" l="156" c="45" d="312" a="0"/>
<U id="570" f="6" l="255" c="27" d="145" a="0"/>
<U id="571" f="6" l="307" c="37" d="294" a="0"/>
<U id="572" f="11" l="47" c="46" d="96" a="0"/>
<U id="573" f="10" l="89" c="43" d="133" a="0"/>
<U id="574" f="7" l="153" c="56" d="227" a="1"/>
<U id="575" f="7" l="177" c="16" d="185" a="1"/>
<U id="576" f="11" l="309" c="8" d="61" a="0"/>
<U id="577" f="6" l="217" c="28" d="145" a="0"/>
<U id="578" f="7" l="169" c="61" d="227" a="0"/>
<U id="579" f="11" l="219" c="8" d="47" a="0"/>
<U id="580" f="6" l="372" c="37" d="295" a="0"/>
<U id="581" f="6" l="398" c="14" d="236" a="0"/>
<U id="582" f="10" l="49" c="18" d="65" a="0"/>
<U id="583" f="6" l="452" c="56" d="316" a="0"/>
<U id="584" f="7" l="149" c="44" d="176" a="1"/>
<U id="585" f="10" l="57" c="28" d="162" a="0"/>
<U id="586" f="6" l="452" c="47" d="316" a="0"/>
<U id="587" f="6" l="574" c="17" d="234" a="0"/>
<U id="588" f="11" l="247" c="8" d="40" a="0"/>
<U id="589" f="11" l="383" c="8" d="60" a="0"/>
<U id="590" f="6" l="480" c="56" d="318" a="0"/>
<U id="591" f="6" l="480" c="47" d="318" a="0"/>
<U id="592" f="6" l="508" c="64" d="167" a="0"/>
<U id="593" f="11" l="275" c="8" d="43" a="0"/>
<U id="594" f="10" l="67" c="28" d="171" a="0"/>
<U id="595" f="6" l="536" c="64" d="203" a="0"/>
<U id="596" f="6" l="219" c="37" d="145" a="0"/>
<U id="597" f="6" l="346" c="37" d="305" a="0"/>
<U id="598" f="11" l="248" c="8" d="134" a="0"/>
<U id="599" f="11" l="329" c="8" d="61" a="0"/>
<U id="600" f="10" l="77" c="28" d="177" a="0"/>
<U id="601" f="11" l="149" c="8" d="61" a="0"/>
<U id="602" f="10" l="59" c="37" d="133" a="0"/>
<U id="603" f="6" l="279" c="80" d="152" a="0"/>
<U id="604" f="11" l="276" c="8" d="134" a="0"/>
<U id="605" f="6" l="437" c="37" d="310" a="0"/>
<U id="606" f="6" l="229" c="28" d="163" a="0"/>
<U id="607" f="6" l="182" c="48" d="163" a="0"/>
<U id="608" f="11" l="177" c="8" d="61" a="0"/>
<U id="609" f="10" l="87" c="28" d="183" a="0"/>
<U id="610" f="6" l="156" c="38" d="307" a="0"/>
<U id="611" f="6" l="508" c="56" d="296" a="0"/>
<U id="612" f="11" l="385" c="8" d="90" a="0"/>
<U id="613" f="10" l="69" c="37" d="133" a="0"/>
<U id="614" f="6" l="294" c="37" d="303" a="0"/>
<U id="615" f="6" l="508" c="47" d="296" a="0"/>
<U id="616" f="6" l="466" c="64" d="156" a="0"/>
<U id="617" f="6" l="536" c="56" d="20" a="0"/>
<U id="618" f="6" l="586" c="17" d="263" a="0"/>
<U id="619" f="6" l="536" c="47" d="20" a="0"/>
<U id="620" f="7" l="194" c="74" d="176" a="0"/>
<U id="621" f="6" l="494" c="64" d="192" a="0"/>
<U id="622" f="11" l="349" c="8" d="80" a="0"/>
<U id="623" f="6" l="520" c="88" d="132" a="0"/>
<U id="624" f="6" l="596" c="26" d="196" a="0"/>
<U id="625" f="6" l="385" c="37" d="308" a="0"/>
<U id="626" f="7" l="209" c="48" d="238" a="0"/>
<U id="627" f="6" l="331" c="88" d="132" a="0"/>
<U id="628" f="7" l="186" c="83" d="221" a="0"/>
<U id="629" f="11" l="75" c="58" d="84" a="0"/>
<U id="630" f="6" l="268" c="37" d="313" a="0"/>
<U id="631" f="10" l="79" c="65" d="150" a="1"/>
<U id="632" f="6" l="169" c="46" d="145" a="0"/>
<U id="633" f="6" l="466" c="56" d="299" a="0"/>
<U id="634" f="6" l="422" c="88" d="132" a="0"/>
<U id="635" f="6" l="466" c="47" d="299" a="0"/>
<U id="636" f="6" l="359" c="37" d="315" a="0"/>
<U id="637" f="6" l="494" c="56" d="306" a="0"/>
<U id="638" f="7" l="209" c="58" d="269" a="0"/>
<U id="639" f="10" l="89" c="65" d="158" a="1"/>
<U id="640" f="6" l="450" c="88" d="145" a="0"/>
<U id="641" f="6" l="494" c="47" d="306" a="0"/>
<U id="642" f="7" l="196" c="65" d="256" a="0"/>
<U id="643" f="11" l="369" c="8" d="80" a="0"/>
<U id="644" f="6" l="533" c="96" d="196" a="0"/>
<U id="645" f="11" l="198" c="8" d="49" a="0"/>
<U id="646" f="6" l="305" c="88" d="174" a="0"/>
<U id="647" f="6" l="169" c="56" d="271" a="0"/>
<U id="648" f="6" l="195" c="48" d="181" a="0"/>
<U id="649" f="6" l="534" c="96" d="196" a="0"/>
<U id="650" f="7" l="188" c="65" d="230" a="0"/>
<U id="651" f="11" l="289" c="8" d="61" a="0"/>
<U id="652" f="7" l="179" c="65" d="221" a="0"/>
<U id="653" f="6" l="505" c="88" d="181" a="0"/>
<U id="654" f="7" l="159" c="57" d="179" a="1"/>
<U id="655" f="6" l="398" c="37" d="317" a="0"/>
<U id="656" f="6" l="598" c="18" d="292" a="0"/>
<U id="657" f="7" l="187" c="48" d="189" a="0"/>
<U id="658" f="7" l="209" c="87" d="176" a="0"/>
<U id="659" f="6" l="344" c="88" d="196" a="0"/>
<U id="660" f="6" l="506" c="88" d="181" a="0"/>
<U id="661" f="6" l="435" c="88" d="196" a="0"/>
<U id="662" f="7" l="195" c="77" d="199" a="0"/>
<U id="663" f="6" l="463" c="88" d="152" a="0"/>
<U id="664" f="6" l="292" c="88" d="163" a="0"/>
<U id="665" f="6" l="318" c="88" d="181" a="0"/>
<U id="666" f="6" l="491" c="88" d="174" a="0"/>
<U id="667" f="6" l="609" c="96" d="196" a="0"/>
<U id="668" f="6" l="383" c="88" d="163" a="0"/>
<U id="669" f="6" l="464" c="88" d="152" a="0"/>
<U id="670" f="6" l="409" c="88" d="181" a="0"/>
<U id="671" f="6" l="492" c="88" d="174" a="0"/>
<U id="672" f="6" l="548" c="96" d="196" a="0"/>
<U id="673" f="6" l="519" c="88" d="132" a="0"/>
<U id="674" f="6" l="449" c="88" d="145" a="0"/>
<U id="675" f="6" l="396" c="88" d="174" a="0"/>
<U id="676" f="6" l="477" c="88" d="163" a="0"/>
<U id="677" f="6" l="478" c="88" d="163" a="0"/>
</Uses>
<Blocks>
<B id="1" t="else" f="7" l="174" c="8">
<BEGIN l="175" c="8"/>
<END l="178" c="8"/>
</B>
<B id="2" t="if" f="7" l="169" c="8">
<BEGIN l="170" c="8"/>
<END l="173" c="8"/>
<ELSE d="1"/>
</B>
<B id="3" t="routine" f="7" l="121" c="5">
<BEGIN l="122" c="0"/>
<END l="225" c="0"/>
<SUB d="2"/>
</B>
<B id="4" t="ppcif" f="13" l="15" c="0">
<BEGIN l="15" c="27"/>
<END l="330" c="0"/>
</B>
<B id="5" t="ppcif" f="13" l="25" c="0">
<BEGIN l="25" c="19"/>
<END l="155" c="0"/>
</B>
<B id="6" t="ppcrmif" f="13" l="46" c="0">
<BEGIN l="46" c="93"/>
<END l="91" c="0"/>
</B>
<B id="7" t="ppcrmif" f="13" l="94" c="0">
<BEGIN l="94" c="91"/>
<END l="153" c="0"/>
</B>
<B id="8" t="ppcrmelse" f="13" l="155" c="0">
<BEGIN l="155" c="35"/>
<END l="328" c="0"/>
</B>
<B id="9" t="ppcif" f="14" l="11" c="0">
<BEGIN l="11" c="27"/>
<END l="36" c="0"/>
</B>
<B id="10" t="ppcrmif" f="14" l="14" c="0">
<BEGIN l="14" c="19"/>
<END l="29" c="0"/>
</B>
<B id="11" t="ppcelse" f="14" l="29" c="0">
<BEGIN l="29" c="5"/>
<END l="33" c="0"/>
</B>
<B id="12" t="ppcif" f="1" l="22" c="0">
<BEGIN l="22" c="17"/>
<END l="109" c="0"/>
</B>
<B id="13" t="ppcrmif" f="1" l="39" c="0">
<BEGIN l="39" c="66"/>
<END l="43" c="0"/>
</B>
<B id="14" t="ppcelse" f="1" l="43" c="0">
<BEGIN l="43" c="60"/>
<END l="47" c="0"/>
</B>
<B id="15" t="ppcrmif" f="1" l="52" c="0">
<BEGIN l="52" c="18"/>
<END l="58" c="0"/>
</B>
<B id="16" t="ppcrmif" f="1" l="62" c="0">
<BEGIN l="62" c="33"/>
<END l="80" c="0"/>
</B>
<B id="17" t="ppcelse" f="1" l="80" c="0">
<BEGIN l="80" c="31"/>
<END l="93" c="0"/>
</B>
<B id="18" t="ppcrmif" f="1" l="96" c="0">
<BEGIN l="96" c="14"/>
<END l="106" c="0"/>
</B>
<B id="19" t="ppcif" f="15" l="3" c="0">
<BEGIN l="3" c="29"/>
<END l="348" c="0"/>
</B>
<B id="20" t="ppcif" f="15" l="61" c="0">
<BEGIN l="63" c="27"/>
<END l="66" c="0"/>
</B>
<B id="21" t="ppcrmif" f="15" l="165" c="0">
<BEGIN l="165" c="17"/>
<END l="206" c="0"/>
</B>
<B id="22" t="ppcrmif" f="15" l="209" c="0">
<BEGIN l="209" c="37"/>
<END l="211" c="0"/>
</B>
<B id="23" t="ppcrmif" f="15" l="213" c="0">
<BEGIN l="213" c="44"/>
<END l="321" c="0"/>
</B>
<B id="24" t="ppcif" f="15" l="323" c="0">
<BEGIN l="323" c="18"/>
<END l="346" c="0"/>
</B>
<B id="25" t="ppcrmif" f="15" l="326" c="0">
<BEGIN l="326" c="18"/>
<END l="328" c="0"/>
</B>
<B id="26" t="ppcrmif" f="15" l="329" c="0">
<BEGIN l="329" c="63"/>
<END l="331" c="0"/>
</B>
<B id="27" t="ppcrmif" f="15" l="332" c="0">
<BEGIN l="332" c="64"/>
<END l="334" c="0"/>
</B>
<B id="28" t="ppcrmif" f="15" l="335" c="0">
<BEGIN l="335" c="16"/>
<END l="340" c="0"/>
</B>
<B id="29" t="ppcif" f="15" l="343" c="0">
<BEGIN l="343" c="57"/>
<END l="345" c="0"/>
</B>
<B id="30" t="type" f="4" l="48" c="7">
<BEGIN l="48" c="24"/>
<END l="56" c="0"/>
</B>
<B id="31" t="ppcif" f="4" l="24" c="0">
<BEGIN l="24" c="25"/>
<END l="241" c="0"/>
</B>
<B id="32" t="ppcrmif" f="4" l="27" c="0">
<BEGIN l="27" c="35"/>
<END l="29" c="0"/>
</B>
<B id="33" t="ppcrmif" f="4" l="33" c="0">
<BEGIN l="33" c="19"/>
<END l="36" c="0"/>
</B>
<B id="34" t="ppcrmif" f="4" l="225" c="0">
<BEGIN l="225" c="19"/>
<END l="227" c="0"/>
</B>
<B id="35" t="ppcif" f="4" l="230" c="0">
<BEGIN l="230" c="26"/>
<END l="238" c="0"/>
</B>
<B id="36" t="ppcif" f="4" l="231" c="0">
<BEGIN l="231" c="25"/>
<END l="235" c="0"/>
</B>
<B id="37" t="ppcrmif" f="4" l="232" c="0">
<BEGIN l="232" c="37"/>
<END l="234" c="0"/>
</B>
<B id="38" t="ppcrmelse" f="4" l="235" c="0">
<BEGIN l="235" c="7"/>
<END l="237" c="0"/>
</B>
<B id="39" t="ppcif" f="16" l="24" c="0">
<BEGIN l="24" c="30"/>
<END l="55" c="0"/>
</B>
<B id="40" t="ppcrmif" f="16" l="27" c="0">
<BEGIN l="27" c="19"/>
<END l="30" c="0"/>
</B>
<B id="41" t="ppcrmif" f="16" l="39" c="0">
<BEGIN l="39" c="19"/>
<END l="41" c="0"/>
</B>
<B id="42" t="ppcif" f="16" l="44" c="0">
<BEGIN l="44" c="26"/>
<END l="52" c="0"/>
</B>
<B id="43" t="ppcif" f="16" l="45" c="0">
<BEGIN l="45" c="25"/>
<END l="49" c="0"/>
</B>
<B id="44" t="ppcrmif" f="16" l="46" c="0">
<BEGIN l="46" c="37"/>
<END l="48" c="0"/>
</B>
<B id="45" t="ppcrmelse" f="16" l="49" c="0">
<BEGIN l="49" c="7"/>
<END l="51" c="0"/>
</B>
<B id="46" t="ppcif" f="17" l="24" c="0">
<BEGIN l="24" c="19"/>
<END l="46" c="0"/>
</B>
<B id="47" t="ppcif" f="17" l="35" c="0">
<BEGIN l="35" c="26"/>
<END l="43" c="0"/>
</B>
<B id="48" t="ppcif" f="17" l="36" c="0">
<BEGIN l="36" c="25"/>
<END l="40" c="0"/>
</B>
<B id="49" t="ppcrmif" f="17" l="37" c="0">
<BEGIN l="37" c="37"/>
<END l="39" c="0"/>
</B>
<B id="50" t="ppcrmelse" f="17" l="40" c="0">
<BEGIN l="40" c="7"/>
<END l="42" c="0"/>
</B>
<B id="51" t="ppcif" f="18" l="25" c="0">
<BEGIN l="25" c="14"/>
<END l="95" c="0"/>
</B>
<B id="52" t="ppcrmif" f="18" l="41" c="0">
<BEGIN l="41" c="33"/>
<END l="43" c="0"/>
</B>
<B id="53" t="ppcrmif" f="18" l="45" c="0">
<BEGIN l="45" c="46"/>
<END l="47" c="0"/>
</B>
<B id="54" t="ppcrmif" f="18" l="49" c="0">
<BEGIN l="49" c="28"/>
<END l="51" c="0"/>
</B>
<B id="55" t="ppcif" f="18" l="84" c="0">
<BEGIN l="84" c="26"/>
<END l="92" c="0"/>
</B>
<B id="56" t="ppcrmif" f="18" l="85" c="0">
<BEGIN l="85" c="25"/>
<END l="89" c="0"/>
</B>
<B id="57" t="ppcelse" f="18" l="89" c="0">
<BEGIN l="89" c="7"/>
<END l="91" c="0"/>
</B>
<B id="58" t="type" f="3" l="135" c="0">
<BEGIN l="135" c="0"/>
<END l="141" c="0"/>
</B>
<B id="59" t="ppcif" f="3" l="56" c="0">
<BEGIN l="56" c="19"/>
<END l="154" c="0"/>
</B>
<B id="60" t="ppcif" f="3" l="122" c="0">
<BEGIN l="122" c="26"/>
<END l="126" c="0"/>
</B>
<B id="61" t="ppcif" f="2" l="43" c="0">
<BEGIN l="43" c="24"/>
<END l="150" c="0"/>
</B>
<B id="62" t="ppcif" f="2" l="81" c="0">
<BEGIN l="81" c="13"/>
<END l="83" c="0"/>
</B>
<B id="63" t="ppcif" f="2" l="85" c="0">
<BEGIN l="85" c="14"/>
<END l="87" c="0"/>
</B>
<B id="64" t="ppcrmif" f="2" l="119" c="0">
<BEGIN l="119" c="46"/>
<END l="125" c="0"/>
</B>
<B id="65" t="ppcelse" f="2" l="125" c="0">
<BEGIN l="125" c="6"/>
<END l="129" c="0"/>
</B>
<B id="66" t="ppcrmif" f="2" l="131" c="0">
<BEGIN l="131" c="46"/>
<END l="137" c="0"/>
</B>
<B id="67" t="ppcelse" f="2" l="137" c="0">
<BEGIN l="137" c="6"/>
<END l="140" c="0"/>
</B>
<B id="68" t="ppcif" f="19" l="43" c="0">
<BEGIN l="43" c="18"/>
<END l="202" c="0"/>
</B>
<B id="69" t="ppcif" f="19" l="88" c="0">
<BEGIN l="88" c="17"/>
<END l="90" c="0"/>
</B>
<B id="70" t="ppcif" f="20" l="19" c="0">
<BEGIN l="19" c="22"/>
<END l="23" c="0"/>
</B>
<B id="71" t="ppcif" f="21" l="19" c="0">
<BEGIN l="19" c="26"/>
<END l="23" c="0"/>
</B>
<B id="72" t="ppcif" f="22" l="24" c="0">
<BEGIN l="24" c="31"/>
<END l="39" c="0"/>
</B>
<B id="73" t="ppcif" f="22" l="28" c="0">
<BEGIN l="28" c="26"/>
<END l="36" c="0"/>
</B>
<B id="74" t="ppcif" f="22" l="29" c="0">
<BEGIN l="29" c="25"/>
<END l="33" c="0"/>
</B>
<B id="75" t="ppcrmif" f="22" l="30" c="0">
<BEGIN l="30" c="37"/>
<END l="32" c="0"/>
</B>
<B id="76" t="ppcrmelse" f="22" l="33" c="0">
<BEGIN l="33" c="7"/>
<END l="35" c="0"/>
</B>
<B id="77" t="ppcif" f="23" l="19" c="0">
<BEGIN l="19" c="16"/>
<END l="24" c="0"/>
</B>
<B id="78" t="ppcif" f="24" l="53" c="0">
<BEGIN l="53" c="32"/>
<END l="57" c="0"/>
</B>
<B id="79" t="ppcrmif" f="24" l="67" c="0">
<BEGIN l="67" c="45"/>
<END l="71" c="0"/>
</B>
<B id="80" t="ppcrmif" f="24" l="81" c="0">
<BEGIN l="81" c="50"/>
<END l="85" c="0"/>
</B>
<B id="81" t="ppcrmif" f="24" l="95" c="0">
<BEGIN l="95" c="48"/>
<END l="99" c="0"/>
</B>
<B id="82" t="ppcrmif" f="24" l="109" c="0">
<BEGIN l="109" c="53"/>
<END l="113" c="0"/>
</B>
<B id="83" t="ppcif" f="24" l="125" c="0">
<BEGIN l="125" c="31"/>
<END l="129" c="0"/>
</B>
<B id="84" t="ppcrmif" f="24" l="139" c="0">
<BEGIN l="139" c="44"/>
<END l="143" c="0"/>
</B>
<B id="85" t="ppcrmif" f="24" l="153" c="0">
<BEGIN l="153" c="49"/>
<END l="157" c="0"/>
</B>
<B id="86" t="ppcrmif" f="24" l="167" c="0">
<BEGIN l="167" c="47"/>
<END l="171" c="0"/>
</B>
<B id="87" t="ppcrmif" f="24" l="181" c="0">
<BEGIN l="181" c="52"/>
<END l="185" c="0"/>
</B>
<B id="88" t="ppcif" f="24" l="201" c="0">
<BEGIN l="201" c="25"/>
<END l="209" c="0"/>
</B>
<B id="89" t="ppcif" f="24" l="202" c="0">
<BEGIN l="202" c="24"/>
<END l="206" c="0"/>
</B>
<B id="90" t="ppcrmif" f="24" l="203" c="0">
<BEGIN l="203" c="36"/>
<END l="205" c="0"/>
</B>
<B id="91" t="ppcrmelse" f="24" l="206" c="0">
<BEGIN l="206" c="6"/>
<END l="208" c="0"/>
</B>
<B id="92" t="ppcif" f="25" l="19" c="0">
<BEGIN l="19" c="20"/>
<END l="65" c="0"/>
</B>
<B id="93" t="ppcif" f="6" l="20" c="0">
<BEGIN l="20" c="18"/>
<END l="614" c="0"/>
</B>
<B id="94" t="routine" f="6" l="152" c="17">
<BEGIN l="155" c="0"/>
<END l="157" c="0"/>
</B>
<B id="95" t="routine" f="6" l="166" c="15">
<BEGIN l="167" c="0"/>
<END l="170" c="0"/>
</B>
<B id="96" t="routine" f="6" l="179" c="16">
<BEGIN l="180" c="0"/>
<END l="183" c="0"/>
</B>
<B id="97" t="else" f="6" l="195" c="40">
<BEGIN l="195" c="40"/>
<END l="195" c="63"/>
</B>
<B id="98" t="if" f="6" l="195" c="22">
<BEGIN l="195" c="24"/>
<END l="195" c="36"/>
<ELSE d="97"/>
</B>
<B id="99" t="routine" f="6" l="192" c="16">
<BEGIN l="193" c="0"/>
<END l="196" c="0"/>
<SUB d="98"/>
</B>
<B id="100" t="routine" f="6" l="205" c="17">
<BEGIN l="206" c="0"/>
<END l="208" c="0"/>
</B>
<B id="101" t="else" f="6" l="219" c="37">
<BEGIN l="219" c="37"/>
<END l="219" c="45"/>
</B>
<B id="102" t="if" f="6" l="219" c="22">
<BEGIN l="219" c="24"/>
<END l="219" c="32"/>
<ELSE d="101"/>
</B>
<B id="103" t="routine" f="6" l="217" c="15">
<BEGIN l="218" c="0"/>
<END l="220" c="0"/>
<SUB d="102"/>
</B>
<B id="104" t="else" f="6" l="231" c="37">
<BEGIN l="231" c="37"/>
<END l="231" c="45"/>
</B>
<B id="105" t="if" f="6" l="231" c="22">
<BEGIN l="231" c="24"/>
<END l="231" c="32"/>
<ELSE d="104"/>
</B>
<B id="106" t="routine" f="6" l="229" c="15">
<BEGIN l="230" c="0"/>
<END l="232" c="0"/>
<SUB d="105"/>
</B>
<B id="107" t="else" f="6" l="243" c="37">
<BEGIN l="243" c="37"/>
<END l="243" c="45"/>
</B>
<B id="108" t="if" f="6" l="243" c="22">
<BEGIN l="243" c="24"/>
<END l="243" c="32"/>
<ELSE d="107"/>
</B>
<B id="109" t="routine" f="6" l="241" c="15">
<BEGIN l="242" c="0"/>
<END l="244" c="0"/>
<SUB d="108"/>
</B>
<B id="110" t="else" f="6" l="255" c="40">
<BEGIN l="255" c="40"/>
<END l="255" c="48"/>
</B>
<B id="111" t="if" f="6" l="255" c="25">
<BEGIN l="255" c="27"/>
<END l="255" c="35"/>
<ELSE d="110"/>
</B>
<B id="112" t="routine" f="6" l="253" c="15">
<BEGIN l="254" c="0"/>
<END l="256" c="0"/>
<SUB d="111"/>
</B>
<B id="113" t="routine" f="6" l="265" c="15">
<BEGIN l="267" c="0"/>
<END l="269" c="0"/>
</B>
<B id="114" t="routine" f="6" l="278" c="15">
<BEGIN l="280" c="0"/>
<END l="282" c="0"/>
</B>
<B id="115" t="routine" f="6" l="291" c="16">
<BEGIN l="293" c="0"/>
<END l="295" c="0"/>
</B>
<B id="116" t="routine" f="6" l="304" c="16">
<BEGIN l="306" c="0"/>
<END l="308" c="0"/>
</B>
<B id="117" t="else" f="6" l="320" c="37">
<BEGIN l="320" c="37"/>
<END l="320" c="40"/>
</B>
<B id="118" t="if" f="6" l="320" c="28">
<BEGIN l="320" c="30"/>
<END l="320" c="33"/>
<ELSE d="117"/>
</B>
<B id="119" t="routine" f="6" l="317" c="16">
<BEGIN l="319" c="0"/>
<END l="321" c="0"/>
<SUB d="118"/>
</B>
<B id="120" t="else" f="6" l="333" c="37">
<BEGIN l="333" c="37"/>
<END l="333" c="40"/>
</B>
<B id="121" t="if" f="6" l="333" c="28">
<BEGIN l="333" c="30"/>
<END l="333" c="33"/>
<ELSE d="120"/>
</B>
<B id="122" t="routine" f="6" l="330" c="16">
<BEGIN l="332" c="0"/>
<END l="334" c="0"/>
<SUB d="121"/>
</B>
<B id="123" t="else" f="6" l="346" c="37">
<BEGIN l="346" c="37"/>
<END l="346" c="40"/>
</B>
<B id="124" t="if" f="6" l="346" c="28">
<BEGIN l="346" c="30"/>
<END l="346" c="33"/>
<ELSE d="123"/>
</B>
<B id="125" t="routine" f="6" l="343" c="17">
<BEGIN l="345" c="0"/>
<END l="347" c="0"/>
<SUB d="124"/>
</B>
<B id="126" t="routine" f="6" l="356" c="15">
<BEGIN l="358" c="0"/>
<END l="360" c="0"/>
</B>
<B id="127" t="routine" f="6" l="369" c="15">
<BEGIN l="371" c="0"/>
<END l="373" c="0"/>
</B>
<B id="128" t="routine" f="6" l="382" c="16">
<BEGIN l="384" c="0"/>
<END l="386" c="0"/>
</B>
<B id="129" t="routine" f="6" l="395" c="16">
<BEGIN l="397" c="0"/>
<END l="399" c="0"/>
</B>
<B id="130" t="else" f="6" l="411" c="37">
<BEGIN l="411" c="37"/>
<END l="411" c="40"/>
</B>
<B id="131" t="if" f="6" l="411" c="28">
<BEGIN l="411" c="30"/>
<END l="411" c="33"/>
<ELSE d="130"/>
</B>
<B id="132" t="routine" f="6" l="408" c="16">
<BEGIN l="410" c="0"/>
<END l="412" c="0"/>
<SUB d="131"/>
</B>
<B id="133" t="else" f="6" l="424" c="37">
<BEGIN l="424" c="37"/>
<END l="424" c="40"/>
</B>
<B id="134" t="if" f="6" l="424" c="28">
<BEGIN l="424" c="30"/>
<END l="424" c="33"/>
<ELSE d="133"/>
</B>
<B id="135" t="routine" f="6" l="421" c="16">
<BEGIN l="423" c="0"/>
<END l="425" c="0"/>
<SUB d="134"/>
</B>
<B id="136" t="else" f="6" l="437" c="37">
<BEGIN l="437" c="37"/>
<END l="437" c="40"/>
</B>
<B id="137" t="if" f="6" l="437" c="28">
<BEGIN l="437" c="30"/>
<END l="437" c="33"/>
<ELSE d="136"/>
</B>
<B id="138" t="routine" f="6" l="434" c="17">
<BEGIN l="436" c="0"/>
<END l="438" c="0"/>
<SUB d="137"/>
</B>
<B id="139" t="routine" f="6" l="448" c="15">
<BEGIN l="451" c="0"/>
<END l="453" c="0"/>
</B>
<B id="140" t="routine" f="6" l="462" c="15">
<BEGIN l="465" c="0"/>
<END l="467" c="0"/>
</B>
<B id="141" t="routine" f="6" l="476" c="16">
<BEGIN l="479" c="0"/>
<END l="481" c="0"/>
</B>
<B id="142" t="routine" f="6" l="490" c="16">
<BEGIN l="493" c="0"/>
<END l="495" c="0"/>
</B>
<B id="143" t="else" f="6" l="508" c="38">
<BEGIN l="508" c="38"/>
<END l="508" c="67"/>
</B>
<B id="144" t="if" f="6" l="508" c="28">
<BEGIN l="508" c="30"/>
<END l="508" c="34"/>
<ELSE d="143"/>
</B>
<B id="145" t="routine" f="6" l="504" c="16">
<BEGIN l="507" c="0"/>
<END l="509" c="0"/>
<SUB d="144"/>
</B>
<B id="146" t="else" f="6" l="522" c="38">
<BEGIN l="522" c="38"/>
<END l="522" c="67"/>
</B>
<B id="147" t="if" f="6" l="522" c="28">
<BEGIN l="522" c="30"/>
<END l="522" c="34"/>
<ELSE d="146"/>
</B>
<B id="148" t="routine" f="6" l="518" c="16">
<BEGIN l="521" c="0"/>
<END l="523" c="0"/>
<SUB d="147"/>
</B>
<B id="149" t="else" f="6" l="536" c="38">
<BEGIN l="536" c="38"/>
<END l="536" c="67"/>
</B>
<B id="150" t="if" f="6" l="536" c="28">
<BEGIN l="536" c="30"/>
<END l="536" c="34"/>
<ELSE d="149"/>
</B>
<B id="151" t="routine" f="6" l="532" c="17">
<BEGIN l="535" c="0"/>
<END l="537" c="0"/>
<SUB d="150"/>
</B>
<B id="152" t="routine" f="6" l="547" c="17">
<BEGIN l="549" c="0"/>
<END l="551" c="0"/>
</B>
<B id="153" t="routine" f="6" l="560" c="17">
<BEGIN l="561" c="0"/>
<END l="563" c="0"/>
</B>
<B id="154" t="routine" f="6" l="572" c="17">
<BEGIN l="573" c="0"/>
<END l="575" c="0"/>
</B>
<B id="155" t="routine" f="6" l="584" c="17">
<BEGIN l="585" c="0"/>
<END l="587" c="0"/>
</B>
<B id="156" t="routine" f="6" l="596" c="17">
<BEGIN l="597" c="0"/>
<END l="599" c="0"/>
</B>
<B id="157" t="routine" f="6" l="608" c="17">
<BEGIN l="610" c="0"/>
<END l="612" c="0"/>
</B>
<B id="158" t="ppcif" f="5" l="13" c="0">
<BEGIN l="13" c="16"/>
<END l="823" c="0"/>
</B>
<B id="159" t="ppcrmif" f="5" l="14" c="0">
<BEGIN l="14" c="14"/>
<END l="16" c="0"/>
</B>
<B id="160" t="ppcif" f="5" l="18" c="0">
<BEGIN l="18" c="23"/>
<END l="819" c="0"/>
</B>
<B id="161" t="ppcrmif" f="5" l="20" c="0">
<BEGIN l="20" c="18"/>
<END l="22" c="0"/>
</B>
<B id="162" t="ppcrmif" f="5" l="26" c="0">
<BEGIN l="26" c="67"/>
<END l="28" c="0"/>
</B>
<B id="163" t="ppcrmelif" f="5" l="28" c="0">
<BEGIN l="28" c="5"/>
<END l="30" c="0"/>
</B>
<B id="164" t="ppcrmelif" f="5" l="30" c="0">
<BEGIN l="30" c="5"/>
<END l="33" c="0"/>
</B>
<B id="165" t="ppcrmelif" f="5" l="33" c="0">
<BEGIN l="33" c="5"/>
<END l="38" c="0"/>
</B>
<B id="166" t="ppcrmelse" f="5" l="38" c="0">
<BEGIN l="38" c="5"/>
<END l="40" c="0"/>
</B>
<B id="167" t="ppcrmif" f="5" l="42" c="0">
<BEGIN l="42" c="23"/>
<END l="44" c="0"/>
</B>
<B id="168" t="ppcrmelif" f="5" l="44" c="0">
<BEGIN l="44" c="5"/>
<END l="47" c="0"/>
</B>
<B id="169" t="ppcrmelif" f="5" l="47" c="0">
<BEGIN l="47" c="5"/>
<END l="50" c="0"/>
</B>
<B id="170" t="ppcrmelse" f="5" l="50" c="0">
<BEGIN l="50" c="5"/>
<END l="53" c="0"/>
</B>
<B id="171" t="ppcif" f="5" l="65" c="0">
<BEGIN l="65" c="20"/>
<END l="68" c="0"/>
</B>
<B id="172" t="ppcrmelse" f="5" l="68" c="0">
<BEGIN l="68" c="5"/>
<END l="76" c="0"/>
</B>
<B id="173" t="ppcrmif" f="5" l="78" c="0">
<BEGIN l="78" c="106"/>
<END l="82" c="0"/>
</B>
<B id="174" t="ppcelse" f="5" l="82" c="0">
<BEGIN l="82" c="5"/>
<END l="86" c="0"/>
</B>
<B id="175" t="ppcif" f="5" l="115" c="0">
<BEGIN l="116" c="51"/>
<END l="119" c="0"/>
</B>
<B id="176" t="ppcif" f="5" l="121" c="0">
<BEGIN l="121" c="68"/>
<END l="123" c="0"/>
</B>
<B id="177" t="ppcrmelse" f="5" l="123" c="0">
<BEGIN l="123" c="5"/>
<END l="126" c="0"/>
</B>
<B id="178" t="ppcrmif" f="5" l="128" c="0">
<BEGIN l="128" c="53"/>
<END l="131" c="0"/>
</B>
<B id="179" t="ppcrmif" f="5" l="133" c="0">
<BEGIN l="133" c="51"/>
<END l="135" c="0"/>
</B>
<B id="180" t="ppcif" f="5" l="137" c="0">
<BEGIN l="137" c="24"/>
<END l="265" c="0"/>
</B>
<B id="181" t="ppcif" f="5" l="138" c="0">
<BEGIN l="138" c="56"/>
<END l="140" c="0"/>
</B>
<B id="182" t="ppcrmif" f="5" l="171" c="0">
<BEGIN l="171" c="24"/>
<END l="173" c="0"/>
</B>
<B id="183" t="ppcrmif" f="5" l="188" c="0">
<BEGIN l="188" c="24"/>
<END l="190" c="0"/>
</B>
<B id="184" t="ppcif" f="5" l="196" c="0">
<BEGIN l="196" c="56"/>
<END l="263" c="0"/>
</B>
<B id="185" t="ppcrmif" f="5" l="217" c="0">
<BEGIN l="217" c="24"/>
<END l="219" c="0"/>
</B>
<B id="186" t="ppcrmif" f="5" l="260" c="0">
<BEGIN l="260" c="24"/>
<END l="262" c="0"/>
</B>
<B id="187" t="ppcrmif" f="5" l="268" c="0">
<BEGIN l="268" c="24"/>
<END l="270" c="0"/>
</B>
<B id="188" t="ppcrmif" f="5" l="284" c="0">
<BEGIN l="284" c="24"/>
<END l="286" c="0"/>
</B>
<B id="189" t="ppcif" f="5" l="291" c="0">
<BEGIN l="291" c="20"/>
<END l="750" c="0"/>
</B>
<B id="190" t="ppcif" f="5" l="292" c="0">
<BEGIN l="292" c="24"/>
<END l="307" c="0"/>
</B>
<B id="191" t="ppcrmif" f="5" l="310" c="0">
<BEGIN l="310" c="43"/>
<END l="317" c="0"/>
</B>
<B id="192" t="ppcelif" f="5" l="317" c="0">
<BEGIN l="317" c="5"/>
<END l="324" c="0"/>
</B>
<B id="193" t="ppcrmelif" f="5" l="324" c="0">
<BEGIN l="324" c="5"/>
<END l="337" c="0"/>
</B>
<B id="194" t="ppcrmelse" f="5" l="337" c="0">
<BEGIN l="337" c="5"/>
<END l="345" c="0"/>
</B>
<B id="195" t="ppcrmif" f="5" l="348" c="0">
<BEGIN l="348" c="43"/>
<END l="355" c="0"/>
</B>
<B id="196" t="ppcelif" f="5" l="355" c="0">
<BEGIN l="355" c="5"/>
<END l="364" c="0"/>
</B>
<B id="197" t="ppcrmelse" f="5" l="364" c="0">
<BEGIN l="364" c="5"/>
<END l="372" c="0"/>
</B>
<B id="198" t="ppcrmif" f="5" l="375" c="0">
<BEGIN l="375" c="23"/>
<END l="377" c="0"/>
</B>
<B id="199" t="ppcrmelif" f="5" l="377" c="0">
<BEGIN l="377" c="6"/>
<END l="379" c="0"/>
</B>
<B id="200" t="ppcrmelif" f="5" l="379" c="0">
<BEGIN l="379" c="6"/>
<END l="381" c="0"/>
</B>
<B id="201" t="ppcif" f="5" l="383" c="0">
<BEGIN l="383" c="64"/>
<END l="402" c="0"/>
</B>
<B id="202" t="ppcif" f="5" l="386" c="0">
<BEGIN l="386" c="24"/>
<END l="397" c="0"/>
</B>
<B id="203" t="ppcrmelse" f="5" l="402" c="0">
<BEGIN l="402" c="5"/>
<END l="682" c="0"/>
</B>
<B id="204" t="ppcif" f="5" l="685" c="0">
<BEGIN l="685" c="24"/>
<END l="698" c="0"/>
</B>
<B id="205" t="ppcif" f="5" l="695" c="0">
<BEGIN l="695" c="56"/>
<END l="697" c="0"/>
</B>
<B id="206" t="ppcrmif" f="5" l="708" c="0">
<BEGIN l="708" c="143"/>
<END l="716" c="0"/>
</B>
<B id="207" t="ppcif" f="5" l="740" c="0">
<BEGIN l="740" c="63"/>
<END l="743" c="0"/>
</B>
<B id="208" t="ppcrmif" f="5" l="752" c="0">
<BEGIN l="752" c="95"/>
<END l="772" c="0"/>
</B>
<B id="209" t="ppcrmif" f="5" l="774" c="0">
<BEGIN l="774" c="42"/>
<END l="776" c="0"/>
</B>
<B id="210" t="ppcrmif" f="5" l="778" c="0">
<BEGIN l="778" c="51"/>
<END l="780" c="0"/>
</B>
<B id="211" t="ppcrmif" f="5" l="782" c="0">
<BEGIN l="782" c="18"/>
<END l="816" c="0"/>
</B>
<B id="212" t="ppcrmif" f="5" l="820" c="0">
<BEGIN l="820" c="14"/>
<END l="822" c="0"/>
</B>
</Blocks>
</Navig>
