<?xml version="1.0" encoding="UTF-8"?>
<MISRA-C-Report-Summary>
<File Mode="advisory" Error="0" Warning="4" Total="4">
<Name>
C:\component\ES311A_GateDrv0Ctrl_Impl\src\GateDrv0Ctrl.c</Name>
</File>
<File Mode="required" Error="0" Warning="4" Total="4">
<Name>
C:\component\ES311A_GateDrv0Ctrl_Impl\src\GateDrv0Ctrl.c</Name>
</File>
<Rule Name="19.1" Count="4" Mode="advisory" Severity="warning">
<Message>
#include statements in a file shall only be preceded by other preprocessor directives or comments.</Message>
</Rule>
<Rule Name="8.10" Count="3" Mode="required" Severity="warning">
<Message>
</Message>
</Rule>
<Rule Name="1.1" Count="1" Mode="required" Severity="warning">
<Message>
All code shall conform to ISO 9899:1990 Programming languages  C,</Message>
</Rule>
</MISRA-C-Report-Summary>
