<?xml version="1.0" encoding="UTF-8"?>
<!--EDRS Version 1.0-->
<global>
   <file name="C:\\Component\\AR202A_MicroCtrlrSuprt_Impl\\include\\P1M\\R7F701311\\dma_regs.h" comment="">
      <struct name="DMASS" comment="" line="2714" attributes="volatile extern">
         <struct name="DTDA087" comment="" line="2714" attributes="volatile extern">
            <scalar name="UINT32" comment="" line="2714" base_type="uint32" attributes="volatile extern" complete_type="uint32" init_mode="PERMANENT" init_modes_allowed="4" init_range="min..max" global_assert="disabled" assert_range="disabled"/>
         </struct>
         <struct name="DTDA088" comment="" line="2714" attributes="volatile extern">
            <scalar name="UINT32" comment="" line="2714" base_type="uint32" attributes="volatile extern" complete_type="uint32" init_mode="PERMANENT" init_modes_allowed="4" init_range="min..max" global_assert="disabled" assert_range="disabled"/>
         </struct>
         <struct name="DTFSC087" comment="" line="2714" attributes="volatile extern">
            <scalar name="UINT32" comment="" line="2714" base_type="uint32" attributes="volatile extern" complete_type="uint32" init_mode="PERMANENT" init_modes_allowed="4" init_range="min..max" global_assert="disabled" assert_range="disabled"/>
         </struct>
         <struct name="DTFSC088" comment="" line="2714" attributes="volatile extern">
            <scalar name="UINT32" comment="" line="2714" base_type="uint32" attributes="volatile extern" complete_type="uint32" init_mode="PERMANENT" init_modes_allowed="4" init_range="min..max" global_assert="disabled" assert_range="disabled"/>
         </struct>
         <struct name="DTFSL087" comment="" line="2714" attributes="volatile extern">
            <scalar name="UINT32" comment="" line="2714" base_type="uint32" attributes="volatile extern" complete_type="uint32" init_mode="PERMANENT" init_modes_allowed="4" init_range="min..max" global_assert="disabled" assert_range="disabled"/>
         </struct>
         <struct name="DTFSL088" comment="" line="2714" attributes="volatile extern">
            <scalar name="UINT32" comment="" line="2714" base_type="uint32" attributes="volatile extern" complete_type="uint32" init_mode="PERMANENT" init_modes_allowed="4" init_range="min..max" global_assert="disabled" assert_range="disabled"/>
         </struct>
         <struct name="DTFSS088" comment="" line="2714" attributes="volatile extern">
            <scalar name="UINT32" comment="" line="2714" base_type="uint32" attributes="volatile extern" complete_type="uint32" init_mode="PERMANENT" init_modes_allowed="4" init_range="min..max" global_assert="disabled" assert_range="disabled"/>
         </struct>
         <struct name="DTRDA087" comment="" line="2714" attributes="volatile extern">
            <scalar name="UINT32" comment="" line="2714" base_type="uint32" attributes="volatile extern" complete_type="uint32" init_mode="PERMANENT" init_modes_allowed="4" init_range="min..max" global_assert="disabled" assert_range="disabled"/>
         </struct>
         <struct name="DTRSA087" comment="" line="2714" attributes="volatile extern">
            <scalar name="UINT32" comment="" line="2714" base_type="uint32" attributes="volatile extern" complete_type="uint32" init_mode="PERMANENT" init_modes_allowed="4" init_range="min..max" global_assert="disabled" assert_range="disabled"/>
         </struct>
         <struct name="DTRTC087" comment="" line="2714" attributes="volatile extern">
            <scalar name="UINT32" comment="" line="2714" base_type="uint32" attributes="volatile extern" complete_type="uint32" init_mode="PERMANENT" init_modes_allowed="4" init_range="min..max" global_assert="disabled" assert_range="disabled"/>
         </struct>
         <struct name="DTS087CM" comment="" line="2714" attributes="volatile extern">
            <scalar name="UINT32" comment="" line="2714" base_type="uint32" attributes="volatile extern" complete_type="uint32" init_mode="PERMANENT" init_modes_allowed="4" init_range="min..max" global_assert="disabled" assert_range="disabled"/>
         </struct>
         <struct name="DTS088CM" comment="" line="2714" attributes="volatile extern">
            <scalar name="UINT32" comment="" line="2714" base_type="uint32" attributes="volatile extern" complete_type="uint32" init_mode="PERMANENT" init_modes_allowed="4" init_range="min..max" global_assert="disabled" assert_range="disabled"/>
         </struct>
         <struct name="DTSA087" comment="" line="2714" attributes="volatile extern">
            <scalar name="UINT32" comment="" line="2714" base_type="uint32" attributes="volatile extern" complete_type="uint32" init_mode="PERMANENT" init_modes_allowed="4" init_range="min..max" global_assert="disabled" assert_range="disabled"/>
         </struct>
         <struct name="DTSA088" comment="" line="2714" attributes="volatile extern">
            <scalar name="UINT32" comment="" line="2714" base_type="uint32" attributes="volatile extern" complete_type="uint32" init_mode="PERMANENT" init_modes_allowed="4" init_range="min..max" global_assert="disabled" assert_range="disabled"/>
         </struct>
         <struct name="DTTC087" comment="" line="2714" attributes="volatile extern">
            <scalar name="UINT32" comment="" line="2714" base_type="uint32" attributes="volatile extern" complete_type="uint32" init_mode="PERMANENT" init_modes_allowed="4" init_range="min..max" global_assert="disabled" assert_range="disabled"/>
         </struct>
         <struct name="DTTC088" comment="" line="2714" attributes="volatile extern">
            <scalar name="UINT32" comment="" line="2714" base_type="uint32" attributes="volatile extern" complete_type="uint32" init_mode="PERMANENT" init_modes_allowed="4" init_range="min..max" global_assert="disabled" assert_range="disabled"/>
         </struct>
         <struct name="DTTCT087" comment="" line="2714" attributes="volatile extern">
            <scalar name="UINT32" comment="" line="2714" base_type="uint32" attributes="volatile extern" complete_type="uint32" init_mode="PERMANENT" init_modes_allowed="4" init_range="min..max" global_assert="disabled" assert_range="disabled"/>
         </struct>
         <struct name="DTTCT088" comment="" line="2714" attributes="volatile extern">
            <scalar name="UINT32" comment="" line="2714" base_type="uint32" attributes="volatile extern" complete_type="uint32" init_mode="PERMANENT" init_modes_allowed="4" init_range="min..max" global_assert="disabled" assert_range="disabled"/>
         </struct>
      </struct>
   </file>
   <file name="C:\\Component\\AR202A_MicroCtrlrSuprt_Impl\\include\\P1M\\R7F701311\\sci3_regs.h" comment="">
      <struct name="SCI30" comment="" line="122" attributes="volatile extern">
         <scalar name="BRR" comment="" line="122" base_type="uint8" attributes="volatile extern" complete_type="uint8" init_mode="PERMANENT" init_modes_allowed="4" init_range="min..max" global_assert="disabled" assert_range="disabled"/>
         <scalar name="RDR" comment="" line="122" base_type="uint8" attributes="volatile extern const" complete_type="uint8" init_mode="PERMANENT" init_modes_allowed="4" init_range="min..max" global_assert="disabled" assert_range="disabled"/>
         <struct name="SCMR" comment="" line="122" attributes="volatile extern">
            <scalar name="UINT8" comment="" line="122" base_type="uint8" attributes="volatile extern" complete_type="uint8" init_mode="PERMANENT" init_modes_allowed="4" init_range="min..max" global_assert="disabled" assert_range="disabled"/>
         </struct>
         <struct name="SCR" comment="" line="122" attributes="volatile extern">
            <scalar name="UINT8" comment="" line="122" base_type="uint8" attributes="volatile extern" complete_type="uint8" init_mode="PERMANENT" init_modes_allowed="4" init_range="min..max" global_assert="disabled" assert_range="disabled"/>
         </struct>
         <struct name="SEMR" comment="" line="122" attributes="volatile extern">
            <scalar name="UINT8" comment="" line="122" base_type="uint8" attributes="volatile extern" complete_type="uint8" init_mode="PERMANENT" init_modes_allowed="4" init_range="min..max" global_assert="disabled" assert_range="disabled"/>
         </struct>
         <struct name="SMR" comment="" line="122" attributes="volatile extern">
            <scalar name="UINT8" comment="" line="122" base_type="uint8" attributes="volatile extern" complete_type="uint8" init_mode="PERMANENT" init_modes_allowed="4" init_range="min..max" global_assert="disabled" assert_range="disabled"/>
         </struct>
         <struct name="SSR" comment="" line="122" attributes="volatile extern">
            <struct name="BIT" comment="" line="122" attributes="volatile extern">
               <scalar name="FER" comment="" line="122" base_type="uint1" attributes="volatile extern" complete_type="uint1" init_mode="PERMANENT" init_modes_allowed="4" init_range="min..max" global_assert="disabled" assert_range="disabled"/>
               <scalar name="ORER" comment="" line="122" base_type="uint1" attributes="volatile extern" complete_type="uint1" init_mode="PERMANENT" init_modes_allowed="4" init_range="min..max" global_assert="disabled" assert_range="disabled"/>
               <scalar name="PER" comment="" line="122" base_type="uint1" attributes="volatile extern" complete_type="uint1" init_mode="PERMANENT" init_modes_allowed="4" init_range="min..max" global_assert="disabled" assert_range="disabled"/>
               <scalar name="RDRF" comment="" line="122" base_type="uint1" attributes="volatile extern" complete_type="uint1" init_mode="PERMANENT" init_modes_allowed="4" init_range="min..max" global_assert="disabled" assert_range="disabled"/>
               <scalar name="TDRE" comment="" line="122" base_type="uint1" attributes="volatile extern" complete_type="uint1" init_mode="PERMANENT" init_modes_allowed="4" init_range="min..max" global_assert="disabled" assert_range="disabled"/>
            </struct>
         </struct>
         <scalar name="TDR" comment="" line="122" base_type="uint8" attributes="volatile extern" complete_type="uint8" init_mode="PERMANENT" init_modes_allowed="4" init_range="min..max" global_assert="disabled" assert_range="disabled"/>
      </struct>
   </file>
   <file name="C:\\Component\\CM745A_Sci30CfgAndUse_Impl\\src\\CDD_Sci30CfgAndUse.c" comment="">
      <function name="IninSciDtsChMstReg" comment="" line="533" main_generator_called="MAIN_GENERATOR"/>
      <function name="RollOvrAdd" comment="" line="606" main_generator_called="MAIN_GENERATOR" attributes="static">
         <scalar name="arg1" comment="" line="606" base_type="uint8" attributes="static" complete_type="uint8" init_mode="MAIN_GENERATOR" init_modes_allowed="10" init_range="min..max" global_assert="unsupported" assert_range="unsupported"/>
         <scalar name="return" comment="" line="606" base_type="uint8" attributes="static" complete_type="uint8" init_mode="disabled" init_range="disabled" global_assert="unsupported" assert_range="unsupported"/>
      </function>
      <function name="Sci30CfgAndUseInit1" comment="" line="177" main_generator_called="MAIN_GENERATOR" attributes="unused"/>
      <function name="Sci30CfgAndUsePer1" comment="" line="254" main_generator_called="MAIN_GENERATOR" attributes="unused"/>
      <function name="Sci30CfgAndUsePer2" comment="" line="347" main_generator_called="MAIN_GENERATOR" attributes="unused"/>
      <function name="Sci30CfgAndUsePer3" comment="" line="462" main_generator_called="MAIN_GENERATOR" attributes="unused"/>
      <function name="Sci30CfgAndUsePer4" comment="" line="499" main_generator_called="MAIN_GENERATOR" attributes="unused"/>
      <array name="SciGlbRxBuf_M" comment="" line="110" complete_type="uint8 [144]" attributes="static">
         <scalar comment="" line="110" base_type="uint8" attributes="static" complete_type="uint8" init_mode="MAIN_GENERATOR" init_modes_allowed="15" init_range="min..max" global_assert="NO" assert_range=""/>
      </array>
      <array name="SciGlbTxBuf_M" comment="" line="102" complete_type="uint8 [80]" attributes="static">
         <scalar comment="" line="102" base_type="uint8" attributes="static" complete_type="uint8" init_mode="MAIN_GENERATOR" init_modes_allowed="15" init_range="min..max" global_assert="NO" assert_range=""/>
      </array>
      <function name="UpdDtsRxReg" comment="" line="569" main_generator_called="MAIN_GENERATOR" attributes="static"/>
      <function name="UpdDtsTxReg" comment="" line="551" main_generator_called="MAIN_GENERATOR" attributes="static">
         <scalar name="arg1" comment="" line="551" base_type="uint8" attributes="static" complete_type="uint8" init_mode="MAIN_GENERATOR" init_modes_allowed="10" init_range="min..max" global_assert="unsupported" assert_range="unsupported"/>
      </function>
   </file>
   <file name="C:\\Component\\CM745A_Sci30CfgAndUse_Impl\\tools\\contract\\Rte_CDD_Sci30CfgAndUse.h" comment="">
      <function name="Rte_Call_CDD_Sci30CfgAndUse_GetTxRateGroup_Oper" comment="" line="84" main_generator_called="disabled" attributes="extern">
         <scalar name="arg1" comment="" line="84" base_type="uint8" complete_type="uint8" init_mode="disabled" init_range="disabled" global_assert="unsupported" assert_range="unsupported"/>
         <pointer name="arg2" comment="" line="84" complete_type="uint8 *" init_mode="disabled" initialize_pointer="disabled" number_allocated="disabled" init_pointed="MULTI">
            <scalar comment="" line="84" base_type="uint8" complete_type="uint8" init_mode="PERMANENT" init_modes_allowed="4" init_range="min..max" global_assert="unsupported" assert_range="unsupported"/>
         </pointer>
         <scalar name="return" comment="" line="84" base_type="uint8" complete_type="uint8" init_mode="PERMANENT" init_modes_allowed="4" init_range="min..max" global_assert="unsupported" assert_range="unsupported"/>
      </function>
      <function name="Rte_Call_CDD_Sci30CfgAndUse_SetRxSigGroup_Oper" comment="" line="86" main_generator_called="disabled" attributes="extern">
         <scalar name="arg1" comment="" line="86" base_type="uint8" complete_type="uint8" init_mode="disabled" init_range="disabled" global_assert="unsupported" assert_range="unsupported"/>
         <scalar name="arg2" comment="" line="86" base_type="uint8" complete_type="uint8" init_mode="disabled" init_range="disabled" global_assert="unsupported" assert_range="unsupported"/>
         <pointer name="arg3" comment="" line="86" complete_type="const uint8 *" init_mode="disabled" initialize_pointer="disabled" number_allocated="disabled" init_pointed="disabled">
            <scalar comment="" line="86" base_type="uint8" attributes="const" complete_type="uint8" init_mode="disabled" init_range="disabled" global_assert="unsupported" assert_range="unsupported"/>
         </pointer>
         <scalar name="return" comment="" line="86" base_type="uint8" complete_type="uint8" init_mode="PERMANENT" init_modes_allowed="4" init_range="min..max" global_assert="unsupported" assert_range="unsupported"/>
      </function>
      <pointer name="Rte_Inst_CDD_Sci30CfgAndUse" comment="" line="70" attributes="extern const" complete_type="const struct Rte_CDS_CDD_Sci30CfgAndUse *" init_mode="INIT" init_modes_allowed="2" initialize_pointer="May-be NULL" number_allocated="max" init_pointed="MULTI">
         <struct comment="" line="70" complete_type="struct Rte_CDS_CDD_Sci30CfgAndUse" attributes="extern const">
            <pointer name="Pim_Sci100MilliSecBufCnt" comment="" line="70" attributes="extern const" complete_type="uint8 ((*)[3])[8]" init_mode="INIT" init_modes_allowed="2" initialize_pointer="May-be NULL" number_allocated="max" init_pointed="MULTI">
               <array comment="" line="70" complete_type="uint8 ([3])[8]" attributes="extern">
                  <array comment="" line="70" complete_type="uint8 [8]" attributes="extern">
                     <scalar comment="" line="70" base_type="uint8" attributes="extern" complete_type="uint8" init_mode="INIT" init_modes_allowed="2" init_range="min..max" global_assert="unsupported" assert_range="unsupported"/>
                  </array>
               </array>
            </pointer>
            <pointer name="Pim_Sci100MilliSecReadCmpl" comment="" line="70" attributes="extern const" complete_type="uint8 *" init_mode="INIT" init_modes_allowed="2" initialize_pointer="May-be NULL" number_allocated="max" init_pointed="MULTI">
               <scalar comment="" line="70" base_type="uint8" attributes="extern" complete_type="uint8" init_mode="INIT" init_modes_allowed="2" init_range="min..max" global_assert="unsupported" assert_range="unsupported"/>
            </pointer>
            <pointer name="Pim_Sci10MilliSecBufCnt" comment="" line="70" attributes="extern const" complete_type="uint8 ((*)[2])[8]" init_mode="INIT" init_modes_allowed="2" initialize_pointer="May-be NULL" number_allocated="max" init_pointed="MULTI">
               <array comment="" line="70" complete_type="uint8 ([2])[8]" attributes="extern">
                  <array comment="" line="70" complete_type="uint8 [8]" attributes="extern">
                     <scalar comment="" line="70" base_type="uint8" attributes="extern" complete_type="uint8" init_mode="INIT" init_modes_allowed="2" init_range="min..max" global_assert="unsupported" assert_range="unsupported"/>
                  </array>
               </array>
            </pointer>
            <pointer name="Pim_Sci10MilliSecReadCmpl" comment="" line="70" attributes="extern const" complete_type="uint8 *" init_mode="INIT" init_modes_allowed="2" initialize_pointer="May-be NULL" number_allocated="max" init_pointed="MULTI">
               <scalar comment="" line="70" base_type="uint8" attributes="extern" complete_type="uint8" init_mode="INIT" init_modes_allowed="2" init_range="min..max" global_assert="unsupported" assert_range="unsupported"/>
            </pointer>
            <pointer name="Pim_Sci2MilliSecBufCnt" comment="" line="70" attributes="extern const" complete_type="uint8 ((*)[1])[8]" init_mode="INIT" init_modes_allowed="2" initialize_pointer="May-be NULL" number_allocated="max" init_pointed="MULTI">
               <array comment="" line="70" complete_type="uint8 ([1])[8]" attributes="extern">
                  <array comment="" line="70" complete_type="uint8 [8]" attributes="extern">
                     <scalar comment="" line="70" base_type="uint8" attributes="extern" complete_type="uint8" init_mode="INIT" init_modes_allowed="2" init_range="min..max" global_assert="unsupported" assert_range="unsupported"/>
                  </array>
               </array>
            </pointer>
            <pointer name="Pim_SciDiagcFrmErrCntr" comment="" line="70" attributes="extern const" complete_type="uint32 *" init_mode="INIT" init_modes_allowed="2" initialize_pointer="May-be NULL" number_allocated="max" init_pointed="MULTI">
               <scalar comment="" line="70" base_type="uint32" attributes="extern" complete_type="uint32" init_mode="INIT" init_modes_allowed="2" init_range="min..max" global_assert="unsupported" assert_range="unsupported"/>
            </pointer>
            <pointer name="Pim_SciDiagcOvrrunErrCntr" comment="" line="70" attributes="extern const" complete_type="uint32 *" init_mode="INIT" init_modes_allowed="2" initialize_pointer="May-be NULL" number_allocated="max" init_pointed="MULTI">
               <scalar comment="" line="70" base_type="uint32" attributes="extern" complete_type="uint32" init_mode="INIT" init_modes_allowed="2" init_range="min..max" global_assert="unsupported" assert_range="unsupported"/>
            </pointer>
            <pointer name="Pim_SciDiagcParErrCntr" comment="" line="70" attributes="extern const" complete_type="uint32 *" init_mode="INIT" init_modes_allowed="2" initialize_pointer="May-be NULL" number_allocated="max" init_pointed="MULTI">
               <scalar comment="" line="70" base_type="uint32" attributes="extern" complete_type="uint32" init_mode="INIT" init_modes_allowed="2" init_range="min..max" global_assert="unsupported" assert_range="unsupported"/>
            </pointer>
            <pointer name="Pim_SciDiagcRxMaxDataErrCntr" comment="" line="70" attributes="extern const" complete_type="uint32 *" init_mode="INIT" init_modes_allowed="2" initialize_pointer="May-be NULL" number_allocated="max" init_pointed="MULTI">
               <scalar comment="" line="70" base_type="uint32" attributes="extern" complete_type="uint32" init_mode="INIT" init_modes_allowed="2" init_range="min..max" global_assert="unsupported" assert_range="unsupported"/>
            </pointer>
            <pointer name="Pim_SciNrOfPnd100MilliSecFrmCnt" comment="" line="70" attributes="extern const" complete_type="uint8 *" init_mode="INIT" init_modes_allowed="2" initialize_pointer="May-be NULL" number_allocated="max" init_pointed="MULTI">
               <scalar comment="" line="70" base_type="uint8" attributes="extern" complete_type="uint8" init_mode="INIT" init_modes_allowed="2" init_range="min..max" global_assert="unsupported" assert_range="unsupported"/>
            </pointer>
            <pointer name="Pim_SciNrOfPnd10MilliSecFrmCnt" comment="" line="70" attributes="extern const" complete_type="uint8 *" init_mode="INIT" init_modes_allowed="2" initialize_pointer="May-be NULL" number_allocated="max" init_pointed="MULTI">
               <scalar comment="" line="70" base_type="uint8" attributes="extern" complete_type="uint8" init_mode="INIT" init_modes_allowed="2" init_range="min..max" global_assert="unsupported" assert_range="unsupported"/>
            </pointer>
            <pointer name="Pim_SciRxPrevLoopDataUnread" comment="" line="70" attributes="extern const" complete_type="uint8 *" init_mode="INIT" init_modes_allowed="2" initialize_pointer="May-be NULL" number_allocated="max" init_pointed="MULTI">
               <scalar comment="" line="70" base_type="uint8" attributes="extern" complete_type="uint8" init_mode="INIT" init_modes_allowed="2" init_range="min..max" global_assert="unsupported" assert_range="unsupported"/>
            </pointer>
            <pointer name="Pim_SciRxProcIdx" comment="" line="70" attributes="extern const" complete_type="uint8 *" init_mode="INIT" init_modes_allowed="2" initialize_pointer="May-be NULL" number_allocated="max" init_pointed="MULTI">
               <scalar comment="" line="70" base_type="uint8" attributes="extern" complete_type="uint8" init_mode="INIT" init_modes_allowed="2" init_range="min..max" global_assert="unsupported" assert_range="unsupported"/>
            </pointer>
         </struct>
      </pointer>
   </file>
</global>
