<?xml version="1.0" encoding="UTF-8"?>

<MISRA-C-Report version="1.3">


<CodeStruct Name="ClrHwAgTrimVal_Oper" File="C:\Component\SF053A_HwAgVehCentrTrim_Impl\src\HwAgVehCentrTrim.c" Line="701" Column="5">

<Rule Name="21.1" Mode="required" Report="warning" Id="2">
<Loc File="C:\Component\SF053A_HwAgVehCentrTrim_Impl\src\HwAgVehCentrTrim.c" Line="708" Column="30">
</Loc>
<Message>
Minimisation of run-time failures.
</Message>
</Rule>

<Rule Name="21.1" Mode="required" Report="warning" Id="3">
<Loc File="C:\Component\SF053A_HwAgVehCentrTrim_Impl\src\HwAgVehCentrTrim.c" Line="708" Column="49">
</Loc>
<Message>
Minimisation of run-time failures.
</Message>
</Rule>

<Rule Name="21.1" Mode="required" Report="warning" Id="4">
<Loc File="C:\Component\SF053A_HwAgVehCentrTrim_Impl\src\HwAgVehCentrTrim.c" Line="709" Column="49">
</Loc>
<Message>
Minimisation of run-time failures.
</Message>
</Rule>

</CodeStruct>

<CodeStruct Name="" File="C:\Component\SF053A_HwAgVehCentrTrim_Impl\src\HwAgVehCentrTrim.c" Line="0" Column="0">

<Rule Name="19.1" Mode="advisory" Report="warning" Id="1">
<Loc File="C:\Component\SF053A_HwAgVehCentrTrim_Impl\src\HwAgVehCentrTrim.c" Line="1034" Column="0">
</Loc>
<Message>
#include statements in a file shall only be preceded by other preprocessor directives or comments.
</Message>
</Rule>

</CodeStruct>

<CodeStruct Name="UpdHwAgTrimVal_Oper" File="C:\Component\SF053A_HwAgVehCentrTrim_Impl\src\HwAgVehCentrTrim.c" Line="956" Column="5">

<Rule Name="9.1" Mode="required" Report="warning" Id="9">
<Loc File="C:\Component\SF053A_HwAgVehCentrTrim_Impl\src\HwAgVehCentrTrim.c" Line="982" Column="21">
</Loc>
<Message>
All automatic variables shall have been assigned a value before being used.
</Message>
</Rule>

<Rule Name="21.1" Mode="required" Report="warning" Id="10">
<Loc File="C:\Component\SF053A_HwAgVehCentrTrim_Impl\src\HwAgVehCentrTrim.c" Line="984" Column="8">
</Loc>
<Message>
Minimisation of run-time failures.
</Message>
</Rule>

<Rule Name="9.1" Mode="required" Report="warning" Id="11">
<Loc File="C:\Component\SF053A_HwAgVehCentrTrim_Impl\src\HwAgVehCentrTrim.c" Line="986" Column="12">
</Loc>
<Message>
All automatic variables shall have been assigned a value before being used.
</Message>
</Rule>

<Rule Name="21.1" Mode="required" Report="warning" Id="12">
<Loc File="C:\Component\SF053A_HwAgVehCentrTrim_Impl\src\HwAgVehCentrTrim.c" Line="988" Column="8">
</Loc>
<Message>
Minimisation of run-time failures.
</Message>
</Rule>

<Rule Name="9.1" Mode="required" Report="warning" Id="13">
<Loc File="C:\Component\SF053A_HwAgVehCentrTrim_Impl\src\HwAgVehCentrTrim.c" Line="990" Column="12">
</Loc>
<Message>
All automatic variables shall have been assigned a value before being used.
</Message>
</Rule>

<Rule Name="21.1" Mode="required" Report="warning" Id="14">
<Loc File="C:\Component\SF053A_HwAgVehCentrTrim_Impl\src\HwAgVehCentrTrim.c" Line="992" Column="8">
</Loc>
<Message>
Minimisation of run-time failures.
</Message>
</Rule>

<Rule Name="9.1" Mode="required" Report="warning" Id="15">
<Loc File="C:\Component\SF053A_HwAgVehCentrTrim_Impl\src\HwAgVehCentrTrim.c" Line="994" Column="12">
</Loc>
<Message>
All automatic variables shall have been assigned a value before being used.
</Message>
</Rule>

<Rule Name="21.1" Mode="required" Report="warning" Id="16">
<Loc File="C:\Component\SF053A_HwAgVehCentrTrim_Impl\src\HwAgVehCentrTrim.c" Line="996" Column="8">
</Loc>
<Message>
Minimisation of run-time failures.
</Message>
</Rule>

<Rule Name="9.1" Mode="required" Report="warning" Id="17">
<Loc File="C:\Component\SF053A_HwAgVehCentrTrim_Impl\src\HwAgVehCentrTrim.c" Line="998" Column="28">
</Loc>
<Message>
All automatic variables shall have been assigned a value before being used.
</Message>
</Rule>

<Rule Name="9.1" Mode="required" Report="warning" Id="18">
<Loc File="C:\Component\SF053A_HwAgVehCentrTrim_Impl\src\HwAgVehCentrTrim.c" Line="998" Column="53">
</Loc>
<Message>
All automatic variables shall have been assigned a value before being used.
</Message>
</Rule>

<Rule Name="9.1" Mode="required" Report="warning" Id="19">
<Loc File="C:\Component\SF053A_HwAgVehCentrTrim_Impl\src\HwAgVehCentrTrim.c" Line="998" Column="88">
</Loc>
<Message>
All automatic variables shall have been assigned a value before being used.
</Message>
</Rule>

<Rule Name="21.1" Mode="required" Report="warning" Id="20">
<Loc File="C:\Component\SF053A_HwAgVehCentrTrim_Impl\src\HwAgVehCentrTrim.c" Line="1000" Column="8">
</Loc>
<Message>
Minimisation of run-time failures.
</Message>
</Rule>

<Rule Name="21.1" Mode="required" Report="warning" Id="21">
<Loc File="C:\Component\SF053A_HwAgVehCentrTrim_Impl\src\HwAgVehCentrTrim.c" Line="1005" Column="8">
</Loc>
<Message>
Minimisation of run-time failures.
</Message>
</Rule>

<Rule Name="21.1" Mode="required" Report="warning" Id="22">
<Loc File="C:\Component\SF053A_HwAgVehCentrTrim_Impl\src\HwAgVehCentrTrim.c" Line="1006" Column="34">
</Loc>
<Message>
Minimisation of run-time failures.
</Message>
</Rule>

<Rule Name="21.1" Mode="required" Report="warning" Id="23">
<Loc File="C:\Component\SF053A_HwAgVehCentrTrim_Impl\src\HwAgVehCentrTrim.c" Line="1006" Column="53">
</Loc>
<Message>
Minimisation of run-time failures.
</Message>
</Rule>

<Rule Name="21.1" Mode="required" Report="warning" Id="24">
<Loc File="C:\Component\SF053A_HwAgVehCentrTrim_Impl\src\HwAgVehCentrTrim.c" Line="1007" Column="53">
</Loc>
<Message>
Minimisation of run-time failures.
</Message>
</Rule>

<Rule Name="21.1" Mode="required" Report="warning" Id="25">
<Loc File="C:\Component\SF053A_HwAgVehCentrTrim_Impl\src\HwAgVehCentrTrim.c" Line="1018" Column="38">
</Loc>
<Message>
Minimisation of run-time failures.
</Message>
</Rule>

<Rule Name="21.1" Mode="required" Report="warning" Id="26">
<Loc File="C:\Component\SF053A_HwAgVehCentrTrim_Impl\src\HwAgVehCentrTrim.c" Line="1018" Column="57">
</Loc>
<Message>
Minimisation of run-time failures.
</Message>
</Rule>

</CodeStruct>

<CodeStruct Name="GetHwAgTrimVal_Oper" File="C:\Component\SF053A_HwAgVehCentrTrim_Impl\src\HwAgVehCentrTrim.c" Line="735" Column="5">

<Rule Name="21.1" Mode="required" Report="warning" Id="5">
<Loc File="C:\Component\SF053A_HwAgVehCentrTrim_Impl\src\HwAgVehCentrTrim.c" Line="742" Column="4">
</Loc>
<Message>
Minimisation of run-time failures.
</Message>
</Rule>

<Rule Name="21.1" Mode="required" Report="warning" Id="6">
<Loc File="C:\Component\SF053A_HwAgVehCentrTrim_Impl\src\HwAgVehCentrTrim.c" Line="742" Column="49">
</Loc>
<Message>
Minimisation of run-time failures.
</Message>
</Rule>

<Rule Name="21.1" Mode="required" Report="warning" Id="7">
<Loc File="C:\Component\SF053A_HwAgVehCentrTrim_Impl\src\HwAgVehCentrTrim.c" Line="742" Column="68">
</Loc>
<Message>
Minimisation of run-time failures.
</Message>
</Rule>

<Rule Name="21.1" Mode="required" Report="warning" Id="8">
<Loc File="C:\Component\SF053A_HwAgVehCentrTrim_Impl\src\HwAgVehCentrTrim.c" Line="743" Column="4">
</Loc>
<Message>
Minimisation of run-time failures.
</Message>
</Rule>

</CodeStruct>

<CodeStruct Name="HwAgVehCentrTrimInit1" File="C:\Component\SF053A_HwAgVehCentrTrim_Impl\src\HwAgVehCentrTrim.c" Line="760" Column="5">

<Rule Name="21.1" Mode="required" Report="warning" Id="27">
<Loc File="C:\Component\SF053A_HwAgVehCentrTrim_Impl\src\HwAgVehCentrTrim.c" Line="766" Column="33">
</Loc>
<Message>
Minimisation of run-time failures.
</Message>
</Rule>

<Rule Name="21.1" Mode="required" Report="warning" Id="28">
<Loc File="C:\Component\SF053A_HwAgVehCentrTrim_Impl\src\HwAgVehCentrTrim.c" Line="766" Column="52">
</Loc>
<Message>
Minimisation of run-time failures.
</Message>
</Rule>

</CodeStruct>

<CodeStruct Name="HwAgVehCentrTrimPer1" File="C:\Component\SF053A_HwAgVehCentrTrim_Impl\src\HwAgVehCentrTrim.c" Line="817" Column="5">

<Rule Name="21.1" Mode="required" Report="warning" Id="29">
<Loc File="C:\Component\SF053A_HwAgVehCentrTrim_Impl\src\HwAgVehCentrTrim.c" Line="834" Column="57">
</Loc>
<Message>
Minimisation of run-time failures.
</Message>
</Rule>

<Rule Name="21.1" Mode="required" Report="warning" Id="30">
<Loc File="C:\Component\SF053A_HwAgVehCentrTrim_Impl\src\HwAgVehCentrTrim.c" Line="834" Column="76">
</Loc>
<Message>
Minimisation of run-time failures.
</Message>
</Rule>

<Rule Name="9.1" Mode="required" Report="warning" Id="31">
<Loc File="C:\Component\SF053A_HwAgVehCentrTrim_Impl\src\HwAgVehCentrTrim.c" Line="837" Column="44">
</Loc>
<Message>
All automatic variables shall have been assigned a value before being used.
</Message>
</Rule>

</CodeStruct>

<CodeStruct Name="SetHwAgTrimVal_Oper" File="C:\Component\SF053A_HwAgVehCentrTrim_Impl\src\HwAgVehCentrTrim.c" Line="885" Column="5">

<Rule Name="21.1" Mode="required" Report="warning" Id="32">
<Loc File="C:\Component\SF053A_HwAgVehCentrTrim_Impl\src\HwAgVehCentrTrim.c" Line="892" Column="30">
</Loc>
<Message>
Minimisation of run-time failures.
</Message>
</Rule>

<Rule Name="21.1" Mode="required" Report="warning" Id="33">
<Loc File="C:\Component\SF053A_HwAgVehCentrTrim_Impl\src\HwAgVehCentrTrim.c" Line="892" Column="49">
</Loc>
<Message>
Minimisation of run-time failures.
</Message>
</Rule>

<Rule Name="21.1" Mode="required" Report="warning" Id="34">
<Loc File="C:\Component\SF053A_HwAgVehCentrTrim_Impl\src\HwAgVehCentrTrim.c" Line="895" Column="49">
</Loc>
<Message>
Minimisation of run-time failures.
</Message>
</Rule>

</CodeStruct>

</MISRA-C-Report>
