<?xml version="1.0" encoding="UTF-8"?>

<project name="Polyspace" files="3" includes="37" ap_cg_cycle="0" ap_cg_direct_cycle="0" pshv="0" unpshv="0">
<file name="C:\ExcpnHndlg\CM101A_ExcpnHndlg_Impl\src\CDD_ExcpnHndlgNonRte.c" total_lines="318" lines_without_cmt="142" comf="49" fco="-2">
<function name="ProcNonCritOsErr" path="1" goto="0" vg="1" calling="0" calls="0" param="1" stmt="1" level="1" return="0" vocf="1.3" flin="1" fxln="1" ncalls="0">
</function>
<function name="ProcPrmntOsErr" path="1" goto="0" vg="1" calling="0" calls="1" param="1" stmt="1" level="1" return="0" vocf="1.4" flin="1" fxln="1" ncalls="1">
</function>
<function name="ProcPrvlgdInstrExcpnErr" path="1" goto="0" vg="1" calling="0" calls="1" param="1" stmt="1" level="1" return="0" vocf="1.4" flin="1" fxln="1" ncalls="1">
</function>
<function name="ProcMpuExcpnErr" path="1" goto="0" vg="1" calling="0" calls="1" param="1" stmt="1" level="1" return="0" vocf="1.4" flin="1" fxln="1" ncalls="1">
</function>
<function name="ProcUkwnExcpnErr" path="1" goto="0" vg="1" calling="0" calls="1" param="1" stmt="1" level="1" return="0" vocf="1.4" flin="1" fxln="1" ncalls="1">
</function>
<function name="GetMcuDiagcIdnData" path="1" goto="0" vg="1" calling="0" calls="0" param="1" stmt="1" level="1" return="0" vocf="1.2" flin="1" fxln="1" ncalls="0">
</function>
<function name="SetMcuDiagcIdnData" path="2" goto="0" vg="2" calling="6" calls="0" param="2" stmt="4" level="1" return="0" vocf="2.8" flin="11" fxln="6" ncalls="0">
</function>
<function name="FeNmiDtsDblBit" path="1" goto="0" vg="1" calling="0" calls="1" param="0" stmt="1" level="1" return="0" vocf="1.5" flin="1" fxln="1" ncalls="1">
</function>
<function name="FeNmiWdg" path="5" goto="0" vg="5" calling="0" calls="1" param="0" stmt="18" level="4" return="0" vocf="3.7" flin="43" fxln="19" ncalls="1">
</function>
<function name="FeNmiEcmMstChkrCmp" path="1" goto="0" vg="1" calling="0" calls="1" param="0" stmt="1" level="1" return="0" vocf="1.5" flin="1" fxln="1" ncalls="1">
</function>
<function name="FeNmiDmaRegAcsProtnErr" path="1" goto="0" vg="1" calling="0" calls="1" param="0" stmt="1" level="1" return="0" vocf="1.4" flin="1" fxln="1" ncalls="1">
</function>
<function name="FeNmiDmaTrf" path="1" goto="0" vg="1" calling="0" calls="1" param="0" stmt="1" level="1" return="0" vocf="1.4" flin="1" fxln="1" ncalls="1">
</function>
<function name="FeNmiSpiDblBit" path="4" goto="0" vg="4" calling="0" calls="1" param="0" stmt="12" level="3" return="0" vocf="3.8" flin="26" fxln="13" ncalls="1">
</function>
<function name="FeNmiPeg" path="1" goto="0" vg="1" calling="0" calls="1" param="0" stmt="1" level="1" return="0" vocf="1.5" flin="2" fxln="1" ncalls="1">
</function>
<function name="ExcpnHndlgInit1" path="1" goto="0" vg="1" calling="0" calls="1" param="0" stmt="1" level="1" return="0" vocf="1.3" flin="3" fxln="1" ncalls="1">
</function>
<function name="NxtrSwRstFromExcpn" path="6" goto="0" vg="4" calling="15" calls="4" param="2" stmt="10" level="2" return="0" vocf="2.8" flin="0" fxln="0" ncalls="6">
</function>
<function name="NxtrSwRst" path="2" goto="0" vg="2" calling="0" calls="2" param="2" stmt="4" level="1" return="0" vocf="1.6" flin="0" fxln="0" ncalls="2">
</function>
<function name="WrProtdRegFlmd_u32" path="3" goto="0" vg="3" calling="0" calls="4" param="2" stmt="18" level="2" return="0" vocf="4.0" flin="0" fxln="0" ncalls="4">
</function>
<function name="WrProtdRegEcm_u32" path="3" goto="0" vg="3" calling="4" calls="4" param="2" stmt="18" level="2" return="0" vocf="3.9" flin="0" fxln="0" ncalls="4">
</function>
<function name="WrProtdRegEcm_u16" path="3" goto="0" vg="3" calling="0" calls="4" param="2" stmt="18" level="2" return="0" vocf="3.9" flin="0" fxln="0" ncalls="4">
</function>
<function name="WrProtdRegEcm_u08" path="3" goto="0" vg="3" calling="0" calls="4" param="2" stmt="18" level="2" return="0" vocf="3.9" flin="0" fxln="0" ncalls="4">
</function>
<function name="WrProtdRegEcmc_u08" path="3" goto="0" vg="3" calling="0" calls="4" param="2" stmt="18" level="2" return="0" vocf="3.8" flin="0" fxln="0" ncalls="4">
</function>
<function name="WrProtdRegEcmm_u08" path="3" goto="0" vg="3" calling="0" calls="4" param="2" stmt="18" level="2" return="0" vocf="3.8" flin="0" fxln="0" ncalls="4">
</function>
<function name="WrProtdRegClma3_u08" path="3" goto="0" vg="3" calling="0" calls="4" param="2" stmt="18" level="2" return="0" vocf="3.8" flin="0" fxln="0" ncalls="4">
</function>
<function name="WrProtdRegClma2_u08" path="3" goto="0" vg="3" calling="0" calls="4" param="2" stmt="18" level="2" return="0" vocf="3.8" flin="0" fxln="0" ncalls="4">
</function>
<function name="WrProtdRegClma1_u08" path="3" goto="0" vg="3" calling="0" calls="4" param="2" stmt="18" level="2" return="0" vocf="3.8" flin="0" fxln="0" ncalls="4">
</function>
<function name="WrProtdRegClma0_u08" path="3" goto="0" vg="3" calling="0" calls="4" param="2" stmt="18" level="2" return="0" vocf="3.8" flin="0" fxln="0" ncalls="4">
</function>
<function name="WrProtdRegSysClmac_u32" path="3" goto="0" vg="3" calling="0" calls="4" param="2" stmt="18" level="2" return="0" vocf="4.0" flin="0" fxln="0" ncalls="4">
</function>
<function name="WrProtdRegSys_u32" path="3" goto="0" vg="3" calling="0" calls="4" param="2" stmt="18" level="2" return="0" vocf="4.0" flin="0" fxln="0" ncalls="4">
</function>
<function name="WrProtdRegSys_u08" path="3" goto="0" vg="3" calling="0" calls="4" param="2" stmt="18" level="2" return="0" vocf="4.0" flin="0" fxln="0" ncalls="4">
</function>
<function name="WrProtdRegPort5_u32" path="3" goto="0" vg="3" calling="0" calls="4" param="2" stmt="18" level="2" return="0" vocf="4.0" flin="0" fxln="0" ncalls="4">
</function>
<function name="WrProtdRegPort4_u32" path="3" goto="0" vg="3" calling="0" calls="4" param="2" stmt="18" level="2" return="0" vocf="4.0" flin="0" fxln="0" ncalls="4">
</function>
<function name="WrProtdRegPort3_u32" path="3" goto="0" vg="3" calling="0" calls="4" param="2" stmt="18" level="2" return="0" vocf="4.0" flin="0" fxln="0" ncalls="4">
</function>
<function name="WrProtdRegPort2_u32" path="3" goto="0" vg="3" calling="0" calls="4" param="2" stmt="18" level="2" return="0" vocf="4.0" flin="0" fxln="0" ncalls="4">
</function>
<function name="WrProtdRegPort1_u32" path="3" goto="0" vg="3" calling="0" calls="4" param="2" stmt="18" level="2" return="0" vocf="4.0" flin="0" fxln="0" ncalls="4">
</function>
<function name="WrProtdRegPort0_u32" path="3" goto="0" vg="3" calling="0" calls="4" param="2" stmt="18" level="2" return="0" vocf="4.0" flin="0" fxln="0" ncalls="4">
</function>
<function name="WrProtdRegPortJ_u32" path="3" goto="0" vg="3" calling="0" calls="4" param="2" stmt="18" level="2" return="0" vocf="7.0" flin="0" fxln="0" ncalls="4">
</function>
</file>
<file name="C:\ExcpnHndlg\CM101A_ExcpnHndlg_Impl\src\CDD_ExcpnHndlgIrq.c" total_lines="260" lines_without_cmt="151" comf="42" fco="5">
<function name="ResdOperIrq" path="1" goto="0" vg="1" calling="0" calls="1" param="0" stmt="1" level="1" return="0" vocf="1.5" flin="2" fxln="1" ncalls="1">
</function>
<function name="AlgnErrIrq" path="2" goto="0" vg="2" calling="0" calls="2" param="0" stmt="6" level="1" return="0" vocf="3.2" flin="17" fxln="7" ncalls="3">
</function>
<function name="FpuErrIrq" path="4" goto="0" vg="4" calling="0" calls="2" param="0" stmt="10" level="3" return="0" vocf="4.1" flin="25" fxln="11" ncalls="3">
</function>
<function name="SysErrIrq" path="10" goto="0" vg="10" calling="0" calls="1" param="0" stmt="25" level="6" return="0" vocf="5.8" flin="61" fxln="28" ncalls="1">
</function>
<function name="NxtrSwRstFromExcpn" path="6" goto="0" vg="4" calling="15" calls="4" param="2" stmt="10" level="2" return="0" vocf="2.8" flin="0" fxln="0" ncalls="6">
</function>
<function name="NxtrSwRst" path="2" goto="0" vg="2" calling="0" calls="2" param="2" stmt="4" level="1" return="0" vocf="1.6" flin="0" fxln="0" ncalls="2">
</function>
<function name="WrProtdRegFlmd_u32" path="3" goto="0" vg="3" calling="0" calls="4" param="2" stmt="18" level="2" return="0" vocf="4.0" flin="0" fxln="0" ncalls="4">
</function>
<function name="WrProtdRegEcm_u32" path="3" goto="0" vg="3" calling="4" calls="4" param="2" stmt="18" level="2" return="0" vocf="3.9" flin="0" fxln="0" ncalls="4">
</function>
<function name="WrProtdRegEcm_u16" path="3" goto="0" vg="3" calling="0" calls="4" param="2" stmt="18" level="2" return="0" vocf="3.9" flin="0" fxln="0" ncalls="4">
</function>
<function name="WrProtdRegEcm_u08" path="3" goto="0" vg="3" calling="0" calls="4" param="2" stmt="18" level="2" return="0" vocf="3.9" flin="0" fxln="0" ncalls="4">
</function>
<function name="WrProtdRegEcmc_u08" path="3" goto="0" vg="3" calling="0" calls="4" param="2" stmt="18" level="2" return="0" vocf="3.8" flin="0" fxln="0" ncalls="4">
</function>
<function name="WrProtdRegEcmm_u08" path="3" goto="0" vg="3" calling="0" calls="4" param="2" stmt="18" level="2" return="0" vocf="3.8" flin="0" fxln="0" ncalls="4">
</function>
<function name="WrProtdRegClma3_u08" path="3" goto="0" vg="3" calling="0" calls="4" param="2" stmt="18" level="2" return="0" vocf="3.8" flin="0" fxln="0" ncalls="4">
</function>
<function name="WrProtdRegClma2_u08" path="3" goto="0" vg="3" calling="0" calls="4" param="2" stmt="18" level="2" return="0" vocf="3.8" flin="0" fxln="0" ncalls="4">
</function>
<function name="WrProtdRegClma1_u08" path="3" goto="0" vg="3" calling="0" calls="4" param="2" stmt="18" level="2" return="0" vocf="3.8" flin="0" fxln="0" ncalls="4">
</function>
<function name="WrProtdRegClma0_u08" path="3" goto="0" vg="3" calling="0" calls="4" param="2" stmt="18" level="2" return="0" vocf="3.8" flin="0" fxln="0" ncalls="4">
</function>
<function name="WrProtdRegSysClmac_u32" path="3" goto="0" vg="3" calling="0" calls="4" param="2" stmt="18" level="2" return="0" vocf="4.0" flin="0" fxln="0" ncalls="4">
</function>
<function name="WrProtdRegSys_u32" path="3" goto="0" vg="3" calling="0" calls="4" param="2" stmt="18" level="2" return="0" vocf="4.0" flin="0" fxln="0" ncalls="4">
</function>
<function name="WrProtdRegSys_u08" path="3" goto="0" vg="3" calling="0" calls="4" param="2" stmt="18" level="2" return="0" vocf="4.0" flin="0" fxln="0" ncalls="4">
</function>
<function name="WrProtdRegPort5_u32" path="3" goto="0" vg="3" calling="0" calls="4" param="2" stmt="18" level="2" return="0" vocf="4.0" flin="0" fxln="0" ncalls="4">
</function>
<function name="WrProtdRegPort4_u32" path="3" goto="0" vg="3" calling="0" calls="4" param="2" stmt="18" level="2" return="0" vocf="4.0" flin="0" fxln="0" ncalls="4">
</function>
<function name="WrProtdRegPort3_u32" path="3" goto="0" vg="3" calling="0" calls="4" param="2" stmt="18" level="2" return="0" vocf="4.0" flin="0" fxln="0" ncalls="4">
</function>
<function name="WrProtdRegPort2_u32" path="3" goto="0" vg="3" calling="0" calls="4" param="2" stmt="18" level="2" return="0" vocf="4.0" flin="0" fxln="0" ncalls="4">
</function>
<function name="WrProtdRegPort1_u32" path="3" goto="0" vg="3" calling="0" calls="4" param="2" stmt="18" level="2" return="0" vocf="4.0" flin="0" fxln="0" ncalls="4">
</function>
<function name="WrProtdRegPort0_u32" path="3" goto="0" vg="3" calling="0" calls="4" param="2" stmt="18" level="2" return="0" vocf="4.0" flin="0" fxln="0" ncalls="4">
</function>
<function name="WrProtdRegPortJ_u32" path="3" goto="0" vg="3" calling="0" calls="4" param="2" stmt="18" level="2" return="0" vocf="7.0" flin="0" fxln="0" ncalls="4">
</function>
</file>
<file name="C:\ExcpnHndlg\CM101A_ExcpnHndlg_Impl\src\CDD_ExcpnHndlg.c" total_lines="1153" lines_without_cmt="319" comf="36" fco="78">
<function name="ProcPinRst" path="1" goto="0" vg="1" calling="1" calls="1" param="0" stmt="1" level="1" return="0" vocf="2.0" flin="1" fxln="1" ncalls="1">
</function>
<function name="ProcStrtUpOrSwRst" path="48" goto="0" vg="48" calling="1" calls="1" param="0" stmt="98" level="1" return="0" vocf="13.6" flin="199" fxln="146" ncalls="48">
</function>
<function name="ProcEcmRst" path="2" goto="0" vg="2" calling="1" calls="2" param="0" stmt="5" level="1" return="0" vocf="3.1" flin="12" fxln="6" ncalls="4">
</function>
<function name="ExcpnHndlgPer1" path="2" goto="0" vg="2" calling="0" calls="1" param="0" stmt="2" level="1" return="0" vocf="2.2" flin="11" fxln="2" ncalls="1">
</function>
<function name="ExcpnHndlgInit2" path="8" goto="0" vg="8" calling="0" calls="4" param="0" stmt="38" level="7" return="0" vocf="9.0" flin="85" fxln="39" ncalls="28">
</function>
<function name="NxtrSwRstFromExcpn" path="6" goto="0" vg="4" calling="15" calls="4" param="2" stmt="10" level="2" return="0" vocf="2.8" flin="0" fxln="0" ncalls="6">
</function>
<function name="NxtrSwRst" path="2" goto="0" vg="2" calling="0" calls="2" param="2" stmt="4" level="1" return="0" vocf="1.6" flin="0" fxln="0" ncalls="2">
</function>
<function name="WrProtdRegFlmd_u32" path="3" goto="0" vg="3" calling="0" calls="4" param="2" stmt="18" level="2" return="0" vocf="4.0" flin="0" fxln="0" ncalls="4">
</function>
<function name="WrProtdRegEcm_u32" path="3" goto="0" vg="3" calling="4" calls="4" param="2" stmt="18" level="2" return="0" vocf="3.9" flin="0" fxln="0" ncalls="4">
</function>
<function name="WrProtdRegEcm_u16" path="3" goto="0" vg="3" calling="0" calls="4" param="2" stmt="18" level="2" return="0" vocf="3.9" flin="0" fxln="0" ncalls="4">
</function>
<function name="WrProtdRegEcm_u08" path="3" goto="0" vg="3" calling="0" calls="4" param="2" stmt="18" level="2" return="0" vocf="3.9" flin="0" fxln="0" ncalls="4">
</function>
<function name="WrProtdRegEcmc_u08" path="3" goto="0" vg="3" calling="0" calls="4" param="2" stmt="18" level="2" return="0" vocf="3.8" flin="0" fxln="0" ncalls="4">
</function>
<function name="WrProtdRegEcmm_u08" path="3" goto="0" vg="3" calling="0" calls="4" param="2" stmt="18" level="2" return="0" vocf="3.8" flin="0" fxln="0" ncalls="4">
</function>
<function name="WrProtdRegClma3_u08" path="3" goto="0" vg="3" calling="0" calls="4" param="2" stmt="18" level="2" return="0" vocf="3.8" flin="0" fxln="0" ncalls="4">
</function>
<function name="WrProtdRegClma2_u08" path="3" goto="0" vg="3" calling="0" calls="4" param="2" stmt="18" level="2" return="0" vocf="3.8" flin="0" fxln="0" ncalls="4">
</function>
<function name="WrProtdRegClma1_u08" path="3" goto="0" vg="3" calling="0" calls="4" param="2" stmt="18" level="2" return="0" vocf="3.8" flin="0" fxln="0" ncalls="4">
</function>
<function name="WrProtdRegClma0_u08" path="3" goto="0" vg="3" calling="0" calls="4" param="2" stmt="18" level="2" return="0" vocf="3.8" flin="0" fxln="0" ncalls="4">
</function>
<function name="WrProtdRegSysClmac_u32" path="3" goto="0" vg="3" calling="0" calls="4" param="2" stmt="18" level="2" return="0" vocf="4.0" flin="0" fxln="0" ncalls="4">
</function>
<function name="WrProtdRegSys_u32" path="3" goto="0" vg="3" calling="0" calls="4" param="2" stmt="18" level="2" return="0" vocf="4.0" flin="0" fxln="0" ncalls="4">
</function>
<function name="WrProtdRegSys_u08" path="3" goto="0" vg="3" calling="0" calls="4" param="2" stmt="18" level="2" return="0" vocf="4.0" flin="0" fxln="0" ncalls="4">
</function>
<function name="WrProtdRegPort5_u32" path="3" goto="0" vg="3" calling="0" calls="4" param="2" stmt="18" level="2" return="0" vocf="4.0" flin="0" fxln="0" ncalls="4">
</function>
<function name="WrProtdRegPort4_u32" path="3" goto="0" vg="3" calling="0" calls="4" param="2" stmt="18" level="2" return="0" vocf="4.0" flin="0" fxln="0" ncalls="4">
</function>
<function name="WrProtdRegPort3_u32" path="3" goto="0" vg="3" calling="0" calls="4" param="2" stmt="18" level="2" return="0" vocf="4.0" flin="0" fxln="0" ncalls="4">
</function>
<function name="WrProtdRegPort2_u32" path="3" goto="0" vg="3" calling="0" calls="4" param="2" stmt="18" level="2" return="0" vocf="4.0" flin="0" fxln="0" ncalls="4">
</function>
<function name="WrProtdRegPort1_u32" path="3" goto="0" vg="3" calling="0" calls="4" param="2" stmt="18" level="2" return="0" vocf="4.0" flin="0" fxln="0" ncalls="4">
</function>
<function name="WrProtdRegPort0_u32" path="3" goto="0" vg="3" calling="0" calls="4" param="2" stmt="18" level="2" return="0" vocf="4.0" flin="0" fxln="0" ncalls="4">
</function>
<function name="WrProtdRegPortJ_u32" path="3" goto="0" vg="3" calling="0" calls="4" param="2" stmt="18" level="2" return="0" vocf="7.0" flin="0" fxln="0" ncalls="4">
</function>
</file>
</project>
