[
 {
  "id":"ES238B_HwAgArbn:115",
  "name":"HwAgAAvail",
  "parent":"ES238B_HwAgArbn:110",
  "inspector":{
   "params":[
    "Port",
    "IconDisplay",
    "Interpolate",
    "OutputFunctionCall",
    "OutMin",
    "OutMax",
    "OutDataTypeStr",
    "LockScale",
    "PortDimensions",
    "VarSizeSig",
    "SampleTime",
    "SignalType",
    "SamplingMode",
    "BusOutputAsStruct",
    "InputConnect",
    "LatchByDelayingOutsideSignal",
    "LatchInputForFeedbackSignals"
   ],
   "values":[
    "1",
    "Port number",
    "on",
    "off",
    "[]",
    "[]",
    "Inherit: auto",
    "off",
    "-1",
    "Inherit",
    "-1",
    "auto",
    "auto",
    "off",
    "",
    "off",
    "off"
   ],
   "tabs":[
    "Main",
    "Signal Attributes",
    "-Other"
   ],
   "tabs_idx":[
    0,
    3,
    13
   ]
  },
  "viewer":{
   "jshandler":"webview/handlers/ElementHandler"
  },
  "obj_viewer":[
  ],
  "finder":{
   "blocktype":"Inport",
   "masktype":""
  }
 },
 {
  "id":"ES238B_HwAgArbn:186",
  "name":"HwAgA",
  "parent":"ES238B_HwAgArbn:110",
  "inspector":{
   "params":[
    "Port",
    "IconDisplay",
    "Interpolate",
    "OutputFunctionCall",
    "OutMin",
    "OutMax",
    "OutDataTypeStr",
    "LockScale",
    "PortDimensions",
    "VarSizeSig",
    "SampleTime",
    "SignalType",
    "SamplingMode",
    "BusOutputAsStruct",
    "InputConnect",
    "LatchByDelayingOutsideSignal",
    "LatchInputForFeedbackSignals"
   ],
   "values":[
    "2",
    "Port number",
    "on",
    "off",
    "[]",
    "[]",
    "Inherit: auto",
    "off",
    "-1",
    "Inherit",
    "-1",
    "auto",
    "auto",
    "off",
    "",
    "off",
    "off"
   ],
   "tabs":[
    "Main",
    "Signal Attributes",
    "-Other"
   ],
   "tabs_idx":[
    0,
    3,
    13
   ]
  },
  "viewer":{
   "jshandler":"webview/handlers/ElementHandler"
  },
  "obj_viewer":[
  ],
  "finder":{
   "blocktype":"Inport",
   "masktype":""
  }
 },
 {
  "id":"ES238B_HwAgArbn:393",
  "name":"CopyRight2",
  "parent":"ES238B_HwAgArbn:110",
  "inspector":{
   "params":[
    "ShowPortLabels",
    "Permissions",
    "ErrorFcn",
    "PermitHierarchicalResolution",
    "TreatAsAtomicUnit",
    "ActiveVariant",
    "ActiveVariantBlock",
    "BlockChoice",
    "CheckFcnCallInpInsideContextMsg",
    "FunctionInterfaceSpec",
    "FunctionWithSeparateData",
    "GeneratePreprocessorConditionals",
    "IsSubsystemVirtual",
    "MemberBlocks",
    "MinAlgLoopOccurrences",
    "OverrideUsingVariant",
    "PropExecContextOutsideSubsystem",
    "RTWFcnName",
    "RTWFcnNameOpts",
    "RTWFileName",
    "RTWFileNameOpts",
    "RTWMemSecDataConstants",
    "RTWMemSecDataInternal",
    "RTWMemSecDataParameters",
    "RTWMemSecFuncExecute",
    "RTWMemSecFuncInitTerm",
    "RTWSystemCode",
    "SystemSampleTime",
    "TemplateBlock",
    "Variant",
    "VariantControl"
   ],
   "values":[
    "FromPortIcon",
    "ReadWrite",
    "",
    "All",
    "off",
    "",
    "",
    "",
    "off",
    "void_void",
    "off",
    "off",
    "on",
    "",
    "off",
    "",
    "off",
    "",
    "Auto",
    "",
    "Auto",
    "Inherit from model",
    "Inherit from model",
    "Inherit from model",
    "Inherit from model",
    "Inherit from model",
    "Auto",
    "-1",
    "",
    "off",
    ""
   ],
   "tabs":[
    "Main",
    "-Other"
   ],
   "tabs_idx":[
    0,
    5
   ]
  },
  "viewer":{
   "jshandler":"webview/handlers/ContainerHandler",
   "trgSid":"ES238B_HwAgArbn:393"
  },
  "obj_viewer":[
  ],
  "finder":{
   "blocktype":"SubSystem",
   "masktype":"Copyright Information"
  }
 },
 {
  "id":"ES238B_HwAgArbn:421",
  "name":"HwAg",
  "parent":"ES238B_HwAgArbn:110",
  "inspector":{
   "params":[
    "Port",
    "IconDisplay",
    "OutMin",
    "OutMax",
    "OutDataTypeStr",
    "LockScale",
    "PortDimensions",
    "VarSizeSig",
    "SampleTime",
    "SignalType",
    "SamplingMode",
    "BusOutputAsStruct",
    "InitialOutput",
    "OutputWhenDisabled",
    "SourceOfInitialOutputValue"
   ],
   "values":[
    "1",
    "Port number",
    "[]",
    "[]",
    "Inherit: auto",
    "off",
    "-1",
    "Inherit",
    "-1",
    "auto",
    "auto",
    "off",
    "[]",
    "held",
    "Dialog"
   ],
   "tabs":[
    "Main",
    "Signal Attributes",
    "-Other"
   ],
   "tabs_idx":[
    0,
    2,
    11
   ]
  },
  "viewer":{
   "jshandler":"webview/handlers/ElementHandler"
  },
  "obj_viewer":[
  ],
  "finder":{
   "blocktype":"Outport",
   "masktype":""
  }
 },
 {
  "id":"ES238B_HwAgArbn:480",
  "name":"Data Store Read HwAgPrev",
  "parent":"ES238B_HwAgArbn:110",
  "inspector":{
   "params":[
    "DataStoreName",
    "SampleTime",
    "DataStoreElements"
   ],
   "values":[
    "HwAgPrev",
    "-1",
    ""
   ],
   "tabs":[
    "Parameters",
    "-Other"
   ],
   "tabs_idx":[
    0,
    2
   ]
  },
  "viewer":{
   "jshandler":"webview/handlers/ElementHandler"
  },
  "obj_viewer":[
  ],
  "finder":{
   "blocktype":"DataStoreRead",
   "masktype":""
  }
 },
 {
  "id":"ES238B_HwAgArbn:481",
  "name":"Data Store Write HwAgPrev",
  "parent":"ES238B_HwAgArbn:110",
  "inspector":{
   "params":[
    "DataStoreName",
    "SampleTime",
    "DataStoreElements"
   ],
   "values":[
    "HwAgPrev",
    "-1",
    ""
   ],
   "tabs":[
    "Parameters",
    "-Other"
   ],
   "tabs_idx":[
    0,
    2
   ]
  },
  "viewer":{
   "jshandler":"webview/handlers/ElementHandler"
  },
  "obj_viewer":[
  ],
  "finder":{
   "blocktype":"DataStoreWrite",
   "masktype":""
  }
 },
 {
  "id":"ES238B_HwAgArbn:530",
  "name":"Switch",
  "parent":"ES238B_HwAgArbn:110",
  "inspector":{
   "params":[
    "Criteria",
    "ZeroCross",
    "InputSameDT",
    "OutMin",
    "OutMax",
    "OutDataTypeStr",
    "LockScale",
    "RndMeth",
    "SaturateOnIntegerOverflow",
    "AllowDiffInputSizes",
    "SampleTime",
    "Threshold"
   ],
   "values":[
    "u2 ~= 0",
    "on",
    "off",
    "[]",
    "[]",
    "Inherit: Inherit via internal rule",
    "off",
    "Floor",
    "off",
    "off",
    "-1",
    "0"
   ],
   "tabs":[
    "Main",
    "Signal Attributes",
    "-Other"
   ],
   "tabs_idx":[
    0,
    2,
    10
   ]
  },
  "viewer":{
   "jshandler":"webview/handlers/ElementHandler"
  },
  "obj_viewer":[
  ],
  "finder":{
   "blocktype":"Switch",
   "masktype":""
  }
 },
 {
  "id":"ES238B_HwAgArbn:530#out:1",
  "name":"",
  "parent":"ES238B_HwAgArbn:110",
  "inspector":{
   "params":[
    "SignalNameFromLabel",
    "MustResolveToSignal",
    "ShowPropagatedSignal",
    "DataLogging",
    "TestPoint",
    "SignalObjectPackage",
    "StorageClass",
    "Description",
    "documentLink"
   ],
   "values":[
    "",
    "off",
    "off",
    "off",
    "off",
    "--- None ---",
    "Auto",
    "",
    ""
   ],
   "tabs":[
    "Logging and Accessibility",
    "Code Generation",
    "Documentation"
   ],
   "tabs_idx":[
    3,
    5,
    7
   ]
  },
  "viewer":{
   "jshandler":"webview/handlers/ElementHandler"
  },
  "obj_viewer":[
  ],
  "finder":[
  ]
 },
 {
  "id":"ES238B_HwAgArbn:115#out:1",
  "name":"",
  "parent":"ES238B_HwAgArbn:110",
  "inspector":{
   "params":[
    "SignalNameFromLabel",
    "MustResolveToSignal",
    "ShowPropagatedSignal",
    "DataLogging",
    "TestPoint",
    "SignalObjectPackage",
    "StorageClass",
    "Description",
    "documentLink"
   ],
   "values":[
    "",
    "off",
    "on",
    "off",
    "off",
    "--- None ---",
    "Auto",
    "",
    ""
   ],
   "tabs":[
    "Logging and Accessibility",
    "Code Generation",
    "Documentation"
   ],
   "tabs_idx":[
    3,
    5,
    7
   ]
  },
  "viewer":{
   "jshandler":"webview/handlers/ElementHandler"
  },
  "obj_viewer":[
  ],
  "finder":[
  ]
 },
 {
  "id":"ES238B_HwAgArbn:186#out:1",
  "name":"",
  "parent":"ES238B_HwAgArbn:110",
  "inspector":{
   "params":[
    "SignalNameFromLabel",
    "MustResolveToSignal",
    "ShowPropagatedSignal",
    "DataLogging",
    "TestPoint",
    "SignalObjectPackage",
    "StorageClass",
    "Description",
    "documentLink"
   ],
   "values":[
    "",
    "off",
    "off",
    "off",
    "off",
    "--- None ---",
    "Auto",
    "",
    ""
   ],
   "tabs":[
    "Logging and Accessibility",
    "Code Generation",
    "Documentation"
   ],
   "tabs_idx":[
    3,
    5,
    7
   ]
  },
  "viewer":{
   "jshandler":"webview/handlers/ElementHandler"
  },
  "obj_viewer":[
  ],
  "finder":[
  ]
 },
 {
  "id":"ES238B_HwAgArbn:480#out:1",
  "name":"",
  "parent":"ES238B_HwAgArbn:110",
  "inspector":{
   "params":[
    "SignalNameFromLabel",
    "MustResolveToSignal",
    "ShowPropagatedSignal",
    "DataLogging",
    "TestPoint",
    "SignalObjectPackage",
    "StorageClass",
    "Description",
    "documentLink"
   ],
   "values":[
    "",
    "off",
    "off",
    "off",
    "off",
    "--- None ---",
    "Auto",
    "",
    ""
   ],
   "tabs":[
    "Logging and Accessibility",
    "Code Generation",
    "Documentation"
   ],
   "tabs_idx":[
    3,
    5,
    7
   ]
  },
  "viewer":{
   "jshandler":"webview/handlers/ElementHandler"
  },
  "obj_viewer":[
  ],
  "finder":[
  ]
 }
]