<?xml version="1.0" encoding="UTF-8"?>

<MISRA-C-Report version="1.3">


<CodeStruct Name="" File="C:\component\ES248B_MotAgArbn_Impl\src\CDD_MotAgArbn.c" Line="0" Column="0">

<Rule Name="19.1" Mode="advisory" Report="warning" Id="5">
<Loc File="C:\component\ES248B_MotAgArbn_Impl\src\CDD_MotAgArbn.c" Line="98" Column="0">
</Loc>
<Message>
#include statements in a file shall only be preceded by other preprocessor directives or comments.
</Message>
</Rule>

</CodeStruct>

<CodeStruct Name="" File="C:\component\ES248B_MotAgArbn_Impl\include\CDD_MotAgArbn_MotCtrl_MemMap.h" Line="0" Column="0">

<Rule Name="19.15" Mode="required" Report="warning" Id="2">
<Loc File="C:\component\ES248B_MotAgArbn_Impl\include\CDD_MotAgArbn_MotCtrl_MemMap.h" Line="1" Column="0">
</Loc>
<Message>
Precautions shall be taken in order to prevent the contents of a header file being included twice.
</Message>
</Rule>

<Rule Name="19.6" Mode="required" Report="warning" Id="3">
<Loc File="C:\component\ES248B_MotAgArbn_Impl\include\CDD_MotAgArbn_MotCtrl_MemMap.h" Line="25" Column="0">
</Loc>
<Message>
#undef shall not be used.
</Message>
</Rule>

<Rule Name="19.6" Mode="required" Report="warning" Id="4">
<Loc File="C:\component\ES248B_MotAgArbn_Impl\include\CDD_MotAgArbn_MotCtrl_MemMap.h" Line="31" Column="0">
</Loc>
<Message>
#undef shall not be used.
</Message>
</Rule>

</CodeStruct>

<CodeStruct Name="" File="C:\component\ES248B_MotAgArbn_Impl\src\CDD_MotAgArbn_MotCtrl.c" Line="0" Column="0">

<Rule Name="19.1" Mode="advisory" Report="warning" Id="1">
<Loc File="C:\component\ES248B_MotAgArbn_Impl\src\CDD_MotAgArbn_MotCtrl.c" Line="137" Column="0">
</Loc>
<Message>
#include statements in a file shall only be preceded by other preprocessor directives or comments.
</Message>
</Rule>

</CodeStruct>

<CodeStruct Name="MotAgArbnPer1" File="C:\component\ES248B_MotAgArbn_Impl\src\CDD_MotAgArbn_MotCtrl.c" Line="51" Column="5">

<Rule Name="21.1" Mode="required" Report="warning" Id="6">
<Loc File="C:\component\ES248B_MotAgArbn_Impl\src\CDD_MotAgArbn_MotCtrl.c" Line="68" Column="105">
</Loc>
<Message>
Minimisation of run-time failures.
</Message>
</Rule>

<Rule Name="21.1" Mode="required" Report="warning" Id="7">
<Loc File="C:\component\ES248B_MotAgArbn_Impl\src\CDD_MotAgArbn_MotCtrl.c" Line="78" Column="48">
</Loc>
<Message>
Minimisation of run-time failures.
</Message>
</Rule>

<Rule Name="21.1" Mode="required" Report="warning" Id="8">
<Loc File="C:\component\ES248B_MotAgArbn_Impl\src\CDD_MotAgArbn_MotCtrl.c" Line="81" Column="8">
</Loc>
<Message>
Minimisation of run-time failures.
</Message>
</Rule>

</CodeStruct>

<CodeStruct Name="SigAvlChkRev" File="C:\component\ES248B_MotAgArbn_Impl\src\CDD_MotAgArbn_MotCtrl.c" Line="96" Column="15">

<Rule Name="21.1" Mode="required" Report="warning" Id="9">
<Loc File="C:\component\ES248B_MotAgArbn_Impl\src\CDD_MotAgArbn_MotCtrl.c" Line="104" Column="37">
</Loc>
<Message>
Minimisation of run-time failures.
</Message>
</Rule>

<Rule Name="21.1" Mode="required" Report="warning" Id="10">
<Loc File="C:\component\ES248B_MotAgArbn_Impl\src\CDD_MotAgArbn_MotCtrl.c" Line="106" Column="20">
</Loc>
<Message>
Minimisation of run-time failures.
</Message>
</Rule>

<Rule Name="21.1" Mode="required" Report="warning" Id="11">
<Loc File="C:\component\ES248B_MotAgArbn_Impl\src\CDD_MotAgArbn_MotCtrl.c" Line="113" Column="16">
</Loc>
<Message>
Minimisation of run-time failures.
</Message>
</Rule>

</CodeStruct>

</MISRA-C-Report>
