<?xml version="1.0" encoding="UTF-8"?>

<MISRA-C-Report version="1.3">


<CodeStruct Name="" File="C:\component\SF049A_LoaMgr_Impl\src\LoaMgr.c" Line="0" Column="0">

<Rule Name="19.1" Mode="advisory" Report="warning" Id="1">
<Loc File="C:\component\SF049A_LoaMgr_Impl\src\LoaMgr.c" Line="738" Column="0">
</Loc>
<Message>
#include statements in a file shall only be preceded by other preprocessor directives or comments.
</Message>
</Rule>

<Rule Name="19.1" Mode="advisory" Report="warning" Id="2">
<Loc File="C:\component\SF049A_LoaMgr_Impl\src\LoaMgr.c" Line="1104" Column="0">
</Loc>
<Message>
#include statements in a file shall only be preceded by other preprocessor directives or comments.
</Message>
</Rule>

</CodeStruct>

<CodeStruct Name="LoaMgrPer1" File="C:\component\SF049A_LoaMgr_Impl\src\LoaMgr.c" Line="846" Column="5">

<Rule Name="9.1" Mode="required" Report="warning" Id="3">
<Loc File="C:\component\SF049A_LoaMgr_Impl\src\LoaMgr.c" Line="893" Column="31">
</Loc>
<Message>
All automatic variables shall have been assigned a value before being used.
</Message>
</Rule>

<Rule Name="9.1" Mode="required" Report="warning" Id="4">
<Loc File="C:\component\SF049A_LoaMgr_Impl\src\LoaMgr.c" Line="894" Column="31">
</Loc>
<Message>
All automatic variables shall have been assigned a value before being used.
</Message>
</Rule>

<Rule Name="9.1" Mode="required" Report="warning" Id="5">
<Loc File="C:\component\SF049A_LoaMgr_Impl\src\LoaMgr.c" Line="898" Column="38">
</Loc>
<Message>
All automatic variables shall have been assigned a value before being used.
</Message>
</Rule>

<Rule Name="21.1" Mode="required" Report="warning" Id="6">
<Loc File="C:\component\SF049A_LoaMgr_Impl\src\LoaMgr.c" Line="899" Column="38">
</Loc>
<Message>
Minimisation of run-time failures.
</Message>
</Rule>

<Rule Name="21.1" Mode="required" Report="warning" Id="7">
<Loc File="C:\component\SF049A_LoaMgr_Impl\src\LoaMgr.c" Line="899" Column="55">
</Loc>
<Message>
Minimisation of run-time failures.
</Message>
</Rule>

<Rule Name="9.1" Mode="required" Report="warning" Id="8">
<Loc File="C:\component\SF049A_LoaMgr_Impl\src\LoaMgr.c" Line="903" Column="39">
</Loc>
<Message>
All automatic variables shall have been assigned a value before being used.
</Message>
</Rule>

<Rule Name="21.1" Mode="required" Report="warning" Id="9">
<Loc File="C:\component\SF049A_LoaMgr_Impl\src\LoaMgr.c" Line="904" Column="39">
</Loc>
<Message>
Minimisation of run-time failures.
</Message>
</Rule>

<Rule Name="9.1" Mode="required" Report="warning" Id="10">
<Loc File="C:\component\SF049A_LoaMgr_Impl\src\LoaMgr.c" Line="908" Column="42">
</Loc>
<Message>
All automatic variables shall have been assigned a value before being used.
</Message>
</Rule>

<Rule Name="21.1" Mode="required" Report="warning" Id="11">
<Loc File="C:\component\SF049A_LoaMgr_Impl\src\LoaMgr.c" Line="909" Column="42">
</Loc>
<Message>
Minimisation of run-time failures.
</Message>
</Rule>

<Rule Name="21.1" Mode="required" Report="warning" Id="12">
<Loc File="C:\component\SF049A_LoaMgr_Impl\src\LoaMgr.c" Line="912" Column="59">
</Loc>
<Message>
Minimisation of run-time failures.
</Message>
</Rule>

<Rule Name="9.1" Mode="required" Report="warning" Id="13">
<Loc File="C:\component\SF049A_LoaMgr_Impl\src\LoaMgr.c" Line="921" Column="59">
</Loc>
<Message>
All automatic variables shall have been assigned a value before being used.
</Message>
</Rule>

<Rule Name="21.1" Mode="required" Report="warning" Id="14">
<Loc File="C:\component\SF049A_LoaMgr_Impl\src\LoaMgr.c" Line="922" Column="52">
</Loc>
<Message>
Minimisation of run-time failures.
</Message>
</Rule>

<Rule Name="21.1" Mode="required" Report="warning" Id="15">
<Loc File="C:\component\SF049A_LoaMgr_Impl\src\LoaMgr.c" Line="930" Column="54">
</Loc>
<Message>
Minimisation of run-time failures.
</Message>
</Rule>

<Rule Name="21.1" Mode="required" Report="warning" Id="16">
<Loc File="C:\component\SF049A_LoaMgr_Impl\src\LoaMgr.c" Line="938" Column="60">
</Loc>
<Message>
Minimisation of run-time failures.
</Message>
</Rule>

<Rule Name="21.1" Mode="required" Report="warning" Id="17">
<Loc File="C:\component\SF049A_LoaMgr_Impl\src\LoaMgr.c" Line="946" Column="54">
</Loc>
<Message>
Minimisation of run-time failures.
</Message>
</Rule>

<Rule Name="21.1" Mode="required" Report="warning" Id="18">
<Loc File="C:\component\SF049A_LoaMgr_Impl\src\LoaMgr.c" Line="957" Column="69">
</Loc>
<Message>
Minimisation of run-time failures.
</Message>
</Rule>

<Rule Name="21.1" Mode="required" Report="warning" Id="19">
<Loc File="C:\component\SF049A_LoaMgr_Impl\src\LoaMgr.c" Line="964" Column="71">
</Loc>
<Message>
Minimisation of run-time failures.
</Message>
</Rule>

<Rule Name="21.1" Mode="required" Report="warning" Id="20">
<Loc File="C:\component\SF049A_LoaMgr_Impl\src\LoaMgr.c" Line="973" Column="77">
</Loc>
<Message>
Minimisation of run-time failures.
</Message>
</Rule>

<Rule Name="21.1" Mode="required" Report="warning" Id="21">
<Loc File="C:\component\SF049A_LoaMgr_Impl\src\LoaMgr.c" Line="980" Column="70">
</Loc>
<Message>
Minimisation of run-time failures.
</Message>
</Rule>

<Rule Name="9.1" Mode="required" Report="warning" Id="22">
<Loc File="C:\component\SF049A_LoaMgr_Impl\src\LoaMgr.c" Line="1073" Column="17">
</Loc>
<Message>
All automatic variables shall have been assigned a value before being used.
</Message>
</Rule>

</CodeStruct>

<CodeStruct Name="SwMtgtnEn" File="C:\component\SF049A_LoaMgr_Impl\src\LoaMgr.c" Line="1369" Column="12">

<Rule Name="21.1" Mode="required" Report="warning" Id="23">
<Loc File="C:\component\SF049A_LoaMgr_Impl\src\LoaMgr.c" Line="1399" Column="72">
</Loc>
<Message>
Minimisation of run-time failures.
</Message>
</Rule>

<Rule Name="21.1" Mode="required" Report="warning" Id="24">
<Loc File="C:\component\SF049A_LoaMgr_Impl\src\LoaMgr.c" Line="1418" Column="55">
</Loc>
<Message>
Minimisation of run-time failures.
</Message>
</Rule>

<Rule Name="21.1" Mode="required" Report="warning" Id="25">
<Loc File="C:\component\SF049A_LoaMgr_Impl\src\LoaMgr.c" Line="1479" Column="4">
</Loc>
<Message>
Minimisation of run-time failures.
</Message>
</Rule>

<Rule Name="21.1" Mode="required" Report="warning" Id="26">
<Loc File="C:\component\SF049A_LoaMgr_Impl\src\LoaMgr.c" Line="1480" Column="4">
</Loc>
<Message>
Minimisation of run-time failures.
</Message>
</Rule>

</CodeStruct>

<CodeStruct Name="LoaMgrInit1" File="C:\component\SF049A_LoaMgr_Impl\src\LoaMgr.c" Line="766" Column="5">

<Rule Name="21.1" Mode="required" Report="warning" Id="27">
<Loc File="C:\component\SF049A_LoaMgr_Impl\src\LoaMgr.c" Line="781" Column="4">
</Loc>
<Message>
Minimisation of run-time failures.
</Message>
</Rule>

<Rule Name="21.1" Mode="required" Report="warning" Id="28">
<Loc File="C:\component\SF049A_LoaMgr_Impl\src\LoaMgr.c" Line="781" Column="21">
</Loc>
<Message>
Minimisation of run-time failures.
</Message>
</Rule>

<Rule Name="21.1" Mode="required" Report="warning" Id="29">
<Loc File="C:\component\SF049A_LoaMgr_Impl\src\LoaMgr.c" Line="782" Column="4">
</Loc>
<Message>
Minimisation of run-time failures.
</Message>
</Rule>

<Rule Name="21.1" Mode="required" Report="warning" Id="30">
<Loc File="C:\component\SF049A_LoaMgr_Impl\src\LoaMgr.c" Line="783" Column="4">
</Loc>
<Message>
Minimisation of run-time failures.
</Message>
</Rule>

<Rule Name="21.1" Mode="required" Report="warning" Id="31">
<Loc File="C:\component\SF049A_LoaMgr_Impl\src\LoaMgr.c" Line="784" Column="4">
</Loc>
<Message>
Minimisation of run-time failures.
</Message>
</Rule>

</CodeStruct>

</MISRA-C-Report>
