<?xml version="1.0" encoding="UTF-8"?>

<MISRA-C-Report version="1.3">


<CodeStruct Name="" File="C:\ExcpnHndlg\CM101A_ExcpnHndlg_Impl\src\CDD_ExcpnHndlgIrq.c" Line="0" Column="0">

<Rule Name="2.1" Mode="required" Report="warning" Id="7">
<Loc File="C:\ExcpnHndlg\CM101A_ExcpnHndlg_Impl\src\CDD_ExcpnHndlgIrq.c" Line="72" Column="5">
</Loc>
<Message>
Assembly language shall be encapsulated and isolated.
</Message>
</Rule>

<Rule Name="2.1" Mode="required" Report="warning" Id="8">
<Loc File="C:\ExcpnHndlg\CM101A_ExcpnHndlg_Impl\src\CDD_ExcpnHndlgIrq.c" Line="73" Column="5">
</Loc>
<Message>
Assembly language shall be encapsulated and isolated.
</Message>
</Rule>

<Rule Name="2.1" Mode="required" Report="warning" Id="9">
<Loc File="C:\ExcpnHndlg\CM101A_ExcpnHndlg_Impl\src\CDD_ExcpnHndlgIrq.c" Line="74" Column="5">
</Loc>
<Message>
Assembly language shall be encapsulated and isolated.
</Message>
</Rule>

<Rule Name="2.1" Mode="required" Report="warning" Id="10">
<Loc File="C:\ExcpnHndlg\CM101A_ExcpnHndlg_Impl\src\CDD_ExcpnHndlgIrq.c" Line="75" Column="5">
</Loc>
<Message>
Assembly language shall be encapsulated and isolated.
</Message>
</Rule>

<Rule Name="2.1" Mode="required" Report="warning" Id="11">
<Loc File="C:\ExcpnHndlg\CM101A_ExcpnHndlg_Impl\src\CDD_ExcpnHndlgIrq.c" Line="76" Column="5">
</Loc>
<Message>
Assembly language shall be encapsulated and isolated.
</Message>
</Rule>

<Rule Name="2.1" Mode="required" Report="warning" Id="12">
<Loc File="C:\ExcpnHndlg\CM101A_ExcpnHndlg_Impl\src\CDD_ExcpnHndlgIrq.c" Line="77" Column="5">
</Loc>
<Message>
Assembly language shall be encapsulated and isolated.
</Message>
</Rule>

<Rule Name="3.4" Mode="required" Report="warning" Id="13">
<Loc File="C:\ExcpnHndlg\CM101A_ExcpnHndlg_Impl\src\CDD_ExcpnHndlgIrq.c" Line="90" Column="0">
</Loc>
<Message>
All uses of the #pragma directive shall be documented and explained.
</Message>
</Rule>

<Rule Name="2.1" Mode="required" Report="warning" Id="14">
<Loc File="C:\ExcpnHndlg\CM101A_ExcpnHndlg_Impl\src\CDD_ExcpnHndlgIrq.c" Line="160" Column="5">
</Loc>
<Message>
Assembly language shall be encapsulated and isolated.
</Message>
</Rule>

<Rule Name="2.1" Mode="required" Report="warning" Id="15">
<Loc File="C:\ExcpnHndlg\CM101A_ExcpnHndlg_Impl\src\CDD_ExcpnHndlgIrq.c" Line="161" Column="5">
</Loc>
<Message>
Assembly language shall be encapsulated and isolated.
</Message>
</Rule>

<Rule Name="2.1" Mode="required" Report="warning" Id="16">
<Loc File="C:\ExcpnHndlg\CM101A_ExcpnHndlg_Impl\src\CDD_ExcpnHndlgIrq.c" Line="162" Column="5">
</Loc>
<Message>
Assembly language shall be encapsulated and isolated.
</Message>
</Rule>

<Rule Name="2.1" Mode="required" Report="warning" Id="17">
<Loc File="C:\ExcpnHndlg\CM101A_ExcpnHndlg_Impl\src\CDD_ExcpnHndlgIrq.c" Line="163" Column="5">
</Loc>
<Message>
Assembly language shall be encapsulated and isolated.
</Message>
</Rule>

<Rule Name="2.1" Mode="required" Report="warning" Id="18">
<Loc File="C:\ExcpnHndlg\CM101A_ExcpnHndlg_Impl\src\CDD_ExcpnHndlgIrq.c" Line="164" Column="5">
</Loc>
<Message>
Assembly language shall be encapsulated and isolated.
</Message>
</Rule>

<Rule Name="2.1" Mode="required" Report="warning" Id="19">
<Loc File="C:\ExcpnHndlg\CM101A_ExcpnHndlg_Impl\src\CDD_ExcpnHndlgIrq.c" Line="165" Column="5">
</Loc>
<Message>
Assembly language shall be encapsulated and isolated.
</Message>
</Rule>

<Rule Name="3.4" Mode="required" Report="warning" Id="20">
<Loc File="C:\ExcpnHndlg\CM101A_ExcpnHndlg_Impl\src\CDD_ExcpnHndlgIrq.c" Line="178" Column="0">
</Loc>
<Message>
All uses of the #pragma directive shall be documented and explained.
</Message>
</Rule>

<Rule Name="3.4" Mode="required" Report="warning" Id="21">
<Loc File="C:\ExcpnHndlg\CM101A_ExcpnHndlg_Impl\src\CDD_ExcpnHndlgIrq.c" Line="219" Column="0">
</Loc>
<Message>
All uses of the #pragma directive shall be documented and explained.
</Message>
</Rule>

<Rule Name="3.4" Mode="required" Report="warning" Id="22">
<Loc File="C:\ExcpnHndlg\CM101A_ExcpnHndlg_Impl\src\CDD_ExcpnHndlgIrq.c" Line="252" Column="0">
</Loc>
<Message>
All uses of the #pragma directive shall be documented and explained.
</Message>
</Rule>

<Rule Name="19.1" Mode="advisory" Report="warning" Id="23">
<Loc File="C:\ExcpnHndlg\CM101A_ExcpnHndlg_Impl\src\CDD_ExcpnHndlgIrq.c" Line="260" Column="0">
</Loc>
<Message>
#include statements in a file shall only be preceded by other preprocessor directives or comments.
</Message>
</Rule>

</CodeStruct>

<CodeStruct Name="" File="C:\ExcpnHndlg\CM101A_ExcpnHndlg_Impl\src\CDD_ExcpnHndlgNonRte.c" Line="0" Column="0">

<Rule Name="19.1" Mode="advisory" Report="warning" Id="6">
<Loc File="C:\ExcpnHndlg\CM101A_ExcpnHndlg_Impl\src\CDD_ExcpnHndlgNonRte.c" Line="318" Column="0">
</Loc>
<Message>
#include statements in a file shall only be preceded by other preprocessor directives or comments.
</Message>
</Rule>

</CodeStruct>

<CodeStruct Name="" File="C:\ExcpnHndlg\CM101A_ExcpnHndlg_Impl\src\CDD_ExcpnHndlg.c" Line="0" Column="0">

<Rule Name="19.1" Mode="advisory" Report="warning" Id="1">
<Loc File="C:\ExcpnHndlg\CM101A_ExcpnHndlg_Impl\src\CDD_ExcpnHndlg.c" Line="193" Column="0">
</Loc>
<Message>
#include statements in a file shall only be preceded by other preprocessor directives or comments.
</Message>
</Rule>

<Rule Name="19.1" Mode="advisory" Report="warning" Id="2">
<Loc File="C:\ExcpnHndlg\CM101A_ExcpnHndlg_Impl\src\CDD_ExcpnHndlg.c" Line="734" Column="0">
</Loc>
<Message>
#include statements in a file shall only be preceded by other preprocessor directives or comments.
</Message>
</Rule>

<Rule Name="19.1" Mode="advisory" Report="warning" Id="3">
<Loc File="C:\ExcpnHndlg\CM101A_ExcpnHndlg_Impl\src\CDD_ExcpnHndlg.c" Line="883" Column="0">
</Loc>
<Message>
#include statements in a file shall only be preceded by other preprocessor directives or comments.
</Message>
</Rule>

<Rule Name="19.1" Mode="advisory" Report="warning" Id="4">
<Loc File="C:\ExcpnHndlg\CM101A_ExcpnHndlg_Impl\src\CDD_ExcpnHndlg.c" Line="890" Column="0">
</Loc>
<Message>
#include statements in a file shall only be preceded by other preprocessor directives or comments.
</Message>
</Rule>

<Rule Name="19.1" Mode="advisory" Report="warning" Id="5">
<Loc File="C:\ExcpnHndlg\CM101A_ExcpnHndlg_Impl\src\CDD_ExcpnHndlg.c" Line="1139" Column="0">
</Loc>
<Message>
#include statements in a file shall only be preceded by other preprocessor directives or comments.
</Message>
</Rule>

</CodeStruct>

<CodeStruct Name="GetMcuDiagcIdnData" File="C:\ExcpnHndlg\CM101A_ExcpnHndlg_Impl\src\CDD_ExcpnHndlgNonRte.c" Line="247" Column="5">

<Rule Name="21.1" Mode="required" Report="warning" Id="24">
<Loc File="C:\ExcpnHndlg\CM101A_ExcpnHndlg_Impl\src\CDD_ExcpnHndlgNonRte.c" Line="249" Column="16">
</Loc>
<Message>
Minimisation of run-time failures.
</Message>
</Rule>

</CodeStruct>

<CodeStruct Name="FeNmiWdg" File="C:\ExcpnHndlg\CM101A_ExcpnHndlg_Impl\src\CDD_ExcpnHndlgNonRte.c" Line="150" Column="5">

<Rule Name="21.1" Mode="required" Report="warning" Id="25">
<Loc File="C:\ExcpnHndlg\CM101A_ExcpnHndlg_Impl\src\CDD_ExcpnHndlgNonRte.c" Line="172" Column="33">
</Loc>
<Message>
Minimisation of run-time failures.
</Message>
</Rule>

<Rule Name="21.1" Mode="required" Report="warning" Id="26">
<Loc File="C:\ExcpnHndlg\CM101A_ExcpnHndlg_Impl\src\CDD_ExcpnHndlgNonRte.c" Line="172" Column="51">
</Loc>
<Message>
Minimisation of run-time failures.
</Message>
</Rule>

</CodeStruct>

</MISRA-C-Report>
