<?xml version="1.0" encoding="UTF-8"?>

<MISRA-C-Report version="1.3">


<CodeStruct Name="" File="C:\component\CM515A_MotAg4Meas_Impl\src\CDD_MotAg4Meas.c" Line="0" Column="0">

<Rule Name="19.1" Mode="advisory" Report="warning" Id="1">
<Loc File="C:\component\CM515A_MotAg4Meas_Impl\src\CDD_MotAg4Meas.c" Line="220" Column="0">
</Loc>
<Message>
#include statements in a file shall only be preceded by other preprocessor directives or comments.
</Message>
</Rule>

</CodeStruct>

<CodeStruct Name="GetMotAg4Mecl_Oper" File="C:\component\CM515A_MotAg4Meas_Impl\src\CDD_MotAg4Meas.c" Line="144" Column="5">

<Rule Name="9.1" Mode="required" Report="warning" Id="2">
<Loc File="C:\component\CM515A_MotAg4Meas_Impl\src\CDD_MotAg4Meas.c" Line="168" Column="4">
</Loc>
<Message>
All automatic variables shall have been assigned a value before being used.
</Message>
</Rule>

<Rule Name="21.1" Mode="required" Report="warning" Id="3">
<Loc File="C:\component\CM515A_MotAg4Meas_Impl\src\CDD_MotAg4Meas.c" Line="170" Column="5">
</Loc>
<Message>
Minimisation of run-time failures.
</Message>
</Rule>

<Rule Name="21.1" Mode="required" Report="warning" Id="4">
<Loc File="C:\component\CM515A_MotAg4Meas_Impl\src\CDD_MotAg4Meas.c" Line="174" Column="5">
</Loc>
<Message>
Minimisation of run-time failures.
</Message>
</Rule>

</CodeStruct>

</MISRA-C-Report>
