<?xml version="1.0" encoding="UTF-8"?>

<project name="Polyspace" files="2" includes="23" ap_cg_cycle="0" ap_cg_direct_cycle="0" pshv="0" unpshv="0">
<file name="C:\Component\CM475A_TSG31CfgAndUse_Impl\src\CDD_TSG31CfgAndUse_MotCtrl.c" total_lines="108" lines_without_cmt="61" comf="26" fco="13">
<function name="TSG31CfgAndUsePer1" path="5" goto="0" vg="5" calling="0" calls="4" param="0" stmt="32" level="4" return="0" vocf="5.5" flin="60" fxln="33" ncalls="13">
</function>
<function name="CnvNanoSecToTmrCnt" path="1" goto="0" vg="1" calling="2" calls="0" param="1" stmt="4" level="1" return="1" vocf="2.8" flin="0" fxln="0" ncalls="0">
</function>
</file>
<file name="C:\Component\CM475A_TSG31CfgAndUse_Impl\src\CDD_TSG31CfgAndUse.c" total_lines="743" lines_without_cmt="266" comf="45" fco="60">
<function name="MapPinsToGpio" path="1" goto="0" vg="1" calling="2" calls="6" param="0" stmt="6" level="1" return="0" vocf="3.6" flin="9" fxln="6" ncalls="6">
</function>
<function name="MapFetCtrlSigToGpioAndSetLow" path="1" goto="0" vg="1" calling="2" calls="7" param="0" stmt="7" level="1" return="0" vocf="3.8" flin="25" fxln="7" ncalls="7">
</function>
<function name="NoTranSysStNotEn" path="1" goto="0" vg="1" calling="1" calls="0" param="0" stmt="0" level="1" return="0" vocf="1.1" flin="2" fxln="0" ncalls="0">
</function>
<function name="TranToEn" path="1" goto="0" vg="1" calling="1" calls="6" param="0" stmt="6" level="1" return="0" vocf="3.6" flin="9" fxln="6" ncalls="6">
</function>
<function name="TranFromEn" path="1" goto="0" vg="1" calling="1" calls="1" param="0" stmt="1" level="1" return="0" vocf="1.3" flin="4" fxln="1" ncalls="1">
</function>
<function name="NoTranSysStIsEn" path="5" goto="0" vg="5" calling="1" calls="7" param="1" stmt="34" level="1" return="0" vocf="9.0" flin="58" fxln="40" ncalls="28">
</function>
<function name="TSG31CfgAndUsePer2" path="8" goto="0" vg="5" calling="0" calls="6" param="0" stmt="13" level="2" return="0" vocf="4.0" flin="69" fxln="17" ncalls="6">
</function>
<function name="TSG31CfgAndUseInit1" path="2" goto="0" vg="2" calling="0" calls="7" param="0" stmt="44" level="1" return="0" vocf="13.9" flin="178" fxln="124" ncalls="13">
</function>
<function name="CnvNanoSecToTmrCnt" path="1" goto="0" vg="1" calling="2" calls="0" param="1" stmt="4" level="1" return="1" vocf="2.8" flin="0" fxln="0" ncalls="0">
</function>
</file>
</project>
