<?xml version="1.0" encoding="UTF-8"?>

<MISRA-C-Report version="1.3">


<CodeStruct Name="" File="C:\component\ES004A_PwrUpSeq_Impl\src\PwrUpSeq.c" Line="0" Column="0">

<Rule Name="19.1" Mode="advisory" Report="warning" Id="1">
<Loc File="C:\component\ES004A_PwrUpSeq_Impl\src\PwrUpSeq.c" Line="285" Column="0">
</Loc>
<Message>
#include statements in a file shall only be preceded by other preprocessor directives or comments.
</Message>
</Rule>

</CodeStruct>

<CodeStruct Name="PwrUpSeqPer1" File="C:\component\ES004A_PwrUpSeq_Impl\src\PwrUpSeq.c" Line="164" Column="5">

<Rule Name="9.1" Mode="required" Report="warning" Id="2">
<Loc File="C:\component\ES004A_PwrUpSeq_Impl\src\PwrUpSeq.c" Line="206" Column="16">
</Loc>
<Message>
All automatic variables shall have been assigned a value before being used.
</Message>
</Rule>

<Rule Name="9.1" Mode="required" Report="warning" Id="3">
<Loc File="C:\component\ES004A_PwrUpSeq_Impl\src\PwrUpSeq.c" Line="216" Column="36">
</Loc>
<Message>
All automatic variables shall have been assigned a value before being used.
</Message>
</Rule>

<Rule Name="9.1" Mode="required" Report="warning" Id="4">
<Loc File="C:\component\ES004A_PwrUpSeq_Impl\src\PwrUpSeq.c" Line="222" Column="41">
</Loc>
<Message>
All automatic variables shall have been assigned a value before being used.
</Message>
</Rule>

<Rule Name="9.1" Mode="required" Report="warning" Id="5">
<Loc File="C:\component\ES004A_PwrUpSeq_Impl\src\PwrUpSeq.c" Line="228" Column="41">
</Loc>
<Message>
All automatic variables shall have been assigned a value before being used.
</Message>
</Rule>

<Rule Name="9.1" Mode="required" Report="warning" Id="6">
<Loc File="C:\component\ES004A_PwrUpSeq_Impl\src\PwrUpSeq.c" Line="234" Column="42">
</Loc>
<Message>
All automatic variables shall have been assigned a value before being used.
</Message>
</Rule>

<Rule Name="9.1" Mode="required" Report="warning" Id="7">
<Loc File="C:\component\ES004A_PwrUpSeq_Impl\src\PwrUpSeq.c" Line="234" Column="84">
</Loc>
<Message>
All automatic variables shall have been assigned a value before being used.
</Message>
</Rule>

<Rule Name="9.1" Mode="required" Report="warning" Id="8">
<Loc File="C:\component\ES004A_PwrUpSeq_Impl\src\PwrUpSeq.c" Line="240" Column="41">
</Loc>
<Message>
All automatic variables shall have been assigned a value before being used.
</Message>
</Rule>

<Rule Name="9.1" Mode="required" Report="warning" Id="9">
<Loc File="C:\component\ES004A_PwrUpSeq_Impl\src\PwrUpSeq.c" Line="246" Column="41">
</Loc>
<Message>
All automatic variables shall have been assigned a value before being used.
</Message>
</Rule>

</CodeStruct>

</MISRA-C-Report>
