{
 "baseUrl":"support/slwebview_files",
 "homeHid":1,
 "initialElement":"",
 "sections":[
  {
   "hid":1,
   "sid":"CM410B_SnsrMeasStrt",
   "name":"CM410B_SnsrMeasStrt",
   "fullname":"CM410B_SnsrMeasStrt",
   "parent":"root",
   "descendants":[
    2,
    3,
    4,
    5,
    6,
    7
   ],
   "hierarchyUrl":"support/slwebview_files/CM410B_SnsrMeasStrt_h_1.json",
   "backingUrl":"support/slwebview_files/CM410B_SnsrMeasStrt_m.json"
  }
 ],
 "optViews":[
 ],
 "display":{
  "informer":0
 },
 "iconsUrl":"support/slwebview_files/CM410B_SnsrMeasStrt_icons.css"
}