<?xml version="1.0" encoding="UTF-8"?>

<MISRA-C-Report version="1.3">


<CodeStruct Name="" File="C:\component\SF102A_MotCtrlPrmEstimn_Impl\src\MotCtrlPrmEstimn.c" Line="0" Column="0">

<Rule Name="5.1" Mode="required" Report="warning" Id="1">
<Loc File="C:\component\SF102A_MotCtrlPrmEstimn_Impl\src\MotCtrlPrmEstimn.c" Line="109" Column="9">
</Loc>
<Message>
Identifiers "PrmMotCtrlPrmEstimnMotBackEmfConSatnX" (MotCtrlPrmEstimn.c line 108 column 9) and "PrmMotCtrlPrmEstimnMotBackEmfConSatnY" (MotCtrlPrmEstimn.c line 109 column 9) have the same first 36 characters.
</Message>
</Rule>

<Rule Name="19.1" Mode="advisory" Report="warning" Id="2">
<Loc File="C:\component\SF102A_MotCtrlPrmEstimn_Impl\src\MotCtrlPrmEstimn.c" Line="829" Column="0">
</Loc>
<Message>
#include statements in a file shall only be preceded by other preprocessor directives or comments.
</Message>
</Rule>

</CodeStruct>

<CodeStruct Name="GetMotPrmNomEol_Oper" File="C:\component\SF102A_MotCtrlPrmEstimn_Impl\src\MotCtrlPrmEstimn.c" Line="249" Column="15">

<Rule Name="21.1" Mode="required" Report="warning" Id="3">
<Loc File="C:\component\SF102A_MotCtrlPrmEstimn_Impl\src\MotCtrlPrmEstimn.c" Line="258" Column="8">
</Loc>
<Message>
Minimisation of run-time failures.
</Message>
</Rule>

<Rule Name="21.1" Mode="required" Report="warning" Id="4">
<Loc File="C:\component\SF102A_MotCtrlPrmEstimn_Impl\src\MotCtrlPrmEstimn.c" Line="258" Column="60">
</Loc>
<Message>
Minimisation of run-time failures.
</Message>
</Rule>

<Rule Name="21.1" Mode="required" Report="warning" Id="5">
<Loc File="C:\component\SF102A_MotCtrlPrmEstimn_Impl\src\MotCtrlPrmEstimn.c" Line="258" Column="76">
</Loc>
<Message>
Minimisation of run-time failures.
</Message>
</Rule>

<Rule Name="21.1" Mode="required" Report="warning" Id="6">
<Loc File="C:\component\SF102A_MotCtrlPrmEstimn_Impl\src\MotCtrlPrmEstimn.c" Line="259" Column="8">
</Loc>
<Message>
Minimisation of run-time failures.
</Message>
</Rule>

</CodeStruct>

<CodeStruct Name="MotCtrlPrmEstimnPer2" File="C:\component\SF102A_MotCtrlPrmEstimn_Impl\src\MotCtrlPrmEstimn.c" Line="650" Column="5">

<Rule Name="9.1" Mode="required" Report="warning" Id="7">
<Loc File="C:\component\SF102A_MotCtrlPrmEstimn_Impl\src\MotCtrlPrmEstimn.c" Line="687" Column="46">
</Loc>
<Message>
All automatic variables shall have been assigned a value before being used.
</Message>
</Rule>

<Rule Name="21.1" Mode="required" Report="warning" Id="8">
<Loc File="C:\component\SF102A_MotCtrlPrmEstimn_Impl\src\MotCtrlPrmEstimn.c" Line="691" Column="84">
</Loc>
<Message>
Minimisation of run-time failures.
</Message>
</Rule>

<Rule Name="21.1" Mode="required" Report="warning" Id="9">
<Loc File="C:\component\SF102A_MotCtrlPrmEstimn_Impl\src\MotCtrlPrmEstimn.c" Line="691" Column="100">
</Loc>
<Message>
Minimisation of run-time failures.
</Message>
</Rule>

<Rule Name="21.1" Mode="required" Report="warning" Id="10">
<Loc File="C:\component\SF102A_MotCtrlPrmEstimn_Impl\src\MotCtrlPrmEstimn.c" Line="694" Column="8">
</Loc>
<Message>
Minimisation of run-time failures.
</Message>
</Rule>

<Rule Name="9.1" Mode="required" Report="warning" Id="11">
<Loc File="C:\component\SF102A_MotCtrlPrmEstimn_Impl\src\MotCtrlPrmEstimn.c" Line="696" Column="46">
</Loc>
<Message>
All automatic variables shall have been assigned a value before being used.
</Message>
</Rule>

<Rule Name="21.1" Mode="required" Report="warning" Id="12">
<Loc File="C:\component\SF102A_MotCtrlPrmEstimn_Impl\src\MotCtrlPrmEstimn.c" Line="702" Column="8">
</Loc>
<Message>
Minimisation of run-time failures.
</Message>
</Rule>

<Rule Name="21.1" Mode="required" Report="warning" Id="13">
<Loc File="C:\component\SF102A_MotCtrlPrmEstimn_Impl\src\MotCtrlPrmEstimn.c" Line="707" Column="8">
</Loc>
<Message>
Minimisation of run-time failures.
</Message>
</Rule>

<Rule Name="9.1" Mode="required" Report="warning" Id="14">
<Loc File="C:\component\SF102A_MotCtrlPrmEstimn_Impl\src\MotCtrlPrmEstimn.c" Line="733" Column="57">
</Loc>
<Message>
All automatic variables shall have been assigned a value before being used.
</Message>
</Rule>

</CodeStruct>

<CodeStruct Name="SetMotPrmNomEol_Oper" File="C:\component\SF102A_MotCtrlPrmEstimn_Impl\src\MotCtrlPrmEstimn.c" Line="790" Column="15">

<Rule Name="21.1" Mode="required" Report="warning" Id="15">
<Loc File="C:\component\SF102A_MotCtrlPrmEstimn_Impl\src\MotCtrlPrmEstimn.c" Line="803" Column="34">
</Loc>
<Message>
Minimisation of run-time failures.
</Message>
</Rule>

<Rule Name="21.1" Mode="required" Report="warning" Id="16">
<Loc File="C:\component\SF102A_MotCtrlPrmEstimn_Impl\src\MotCtrlPrmEstimn.c" Line="803" Column="50">
</Loc>
<Message>
Minimisation of run-time failures.
</Message>
</Rule>

<Rule Name="21.1" Mode="required" Report="warning" Id="17">
<Loc File="C:\component\SF102A_MotCtrlPrmEstimn_Impl\src\MotCtrlPrmEstimn.c" Line="807" Column="50">
</Loc>
<Message>
Minimisation of run-time failures.
</Message>
</Rule>

</CodeStruct>

<CodeStruct Name="MotCtrlPrmEstimnPer1" File="C:\component\SF102A_MotCtrlPrmEstimn_Impl\src\MotCtrlPrmEstimn.c" Line="384" Column="5">

<Rule Name="5.1" Mode="required" Report="warning" Id="24">
<Loc File="C:\component\SF102A_MotCtrlPrmEstimn_Impl\src\MotCtrlPrmEstimn.c" Line="407" Column="17">
</Loc>
<Message>
Identifiers "MotInduEstimdSatnSclFacQax_Uls_T_u2p14" (MotCtrlPrmEstimn.c line 406 column 15) and "MotInduEstimdSatnSclFacQax_Uls_T_f32" (MotCtrlPrmEstimn.c line 407 column 17) have the same first 33 characters.
</Message>
</Rule>

<Rule Name="5.1" Mode="required" Report="warning" Id="25">
<Loc File="C:\component\SF102A_MotCtrlPrmEstimn_Impl\src\MotCtrlPrmEstimn.c" Line="411" Column="17">
</Loc>
<Message>
Identifiers "MotInduEstimdSatnSclFacDax_Uls_T_u2p14" (MotCtrlPrmEstimn.c line 410 column 15) and "MotInduEstimdSatnSclFacDax_Uls_T_f32" (MotCtrlPrmEstimn.c line 411 column 17) have the same first 33 characters.
</Message>
</Rule>

<Rule Name="9.1" Mode="required" Report="warning" Id="26">
<Loc File="C:\component\SF102A_MotCtrlPrmEstimn_Impl\src\MotCtrlPrmEstimn.c" Line="430" Column="71">
</Loc>
<Message>
All automatic variables shall have been assigned a value before being used.
</Message>
</Rule>

<Rule Name="9.1" Mode="required" Report="warning" Id="27">
<Loc File="C:\component\SF102A_MotCtrlPrmEstimn_Impl\src\MotCtrlPrmEstimn.c" Line="432" Column="71">
</Loc>
<Message>
All automatic variables shall have been assigned a value before being used.
</Message>
</Rule>

<Rule Name="11.5" Mode="required" Report="warning" Id="28">
<Loc File="C:\component\SF102A_MotCtrlPrmEstimn_Impl\src\MotCtrlPrmEstimn.c" Line="452" Column="123">
</Loc>
<Message>
A cast shall not be performed that removes any const or volatile qualification
from the type addressed by a pointer.
</Message>
</Rule>

<Rule Name="11.5" Mode="required" Report="warning" Id="29">
<Loc File="C:\component\SF102A_MotCtrlPrmEstimn_Impl\src\MotCtrlPrmEstimn.c" Line="453" Column="123">
</Loc>
<Message>
A cast shall not be performed that removes any const or volatile qualification
from the type addressed by a pointer.
</Message>
</Rule>

<Rule Name="12.3" Mode="required" Report="warning" Id="30">
<Loc File="C:\component\SF102A_MotCtrlPrmEstimn_Impl\src\MotCtrlPrmEstimn.c" Line="454" Column="129">
</Loc>
<Message>
The sizeof operator should not be used on expressions that contain side effects.
</Message>
</Rule>

<Rule Name="11.5" Mode="required" Report="warning" Id="31">
<Loc File="C:\component\SF102A_MotCtrlPrmEstimn_Impl\src\MotCtrlPrmEstimn.c" Line="454" Column="139">
</Loc>
<Message>
A cast shall not be performed that removes any const or volatile qualification
from the type addressed by a pointer.
</Message>
</Rule>

<Rule Name="12.3" Mode="required" Report="warning" Id="32">
<Loc File="C:\component\SF102A_MotCtrlPrmEstimn_Impl\src\MotCtrlPrmEstimn.c" Line="454" Column="236">
</Loc>
<Message>
The sizeof operator should not be used on expressions that contain side effects.
</Message>
</Rule>

<Rule Name="11.5" Mode="required" Report="warning" Id="33">
<Loc File="C:\component\SF102A_MotCtrlPrmEstimn_Impl\src\MotCtrlPrmEstimn.c" Line="454" Column="247">
</Loc>
<Message>
A cast shall not be performed that removes any const or volatile qualification
from the type addressed by a pointer.
</Message>
</Rule>

<Rule Name="9.1" Mode="required" Report="warning" Id="34">
<Loc File="C:\component\SF102A_MotCtrlPrmEstimn_Impl\src\MotCtrlPrmEstimn.c" Line="460" Column="13">
</Loc>
<Message>
All automatic variables shall have been assigned a value before being used.
</Message>
</Rule>

<Rule Name="9.1" Mode="required" Report="warning" Id="35">
<Loc File="C:\component\SF102A_MotCtrlPrmEstimn_Impl\src\MotCtrlPrmEstimn.c" Line="460" Column="51">
</Loc>
<Message>
All automatic variables shall have been assigned a value before being used.
</Message>
</Rule>

<Rule Name="21.1" Mode="required" Report="warning" Id="36">
<Loc File="C:\component\SF102A_MotCtrlPrmEstimn_Impl\src\MotCtrlPrmEstimn.c" Line="467" Column="8">
</Loc>
<Message>
Minimisation of run-time failures.
</Message>
</Rule>

<Rule Name="21.1" Mode="required" Report="warning" Id="37">
<Loc File="C:\component\SF102A_MotCtrlPrmEstimn_Impl\src\MotCtrlPrmEstimn.c" Line="467" Column="35">
</Loc>
<Message>
Minimisation of run-time failures.
</Message>
</Rule>

<Rule Name="21.1" Mode="required" Report="warning" Id="38">
<Loc File="C:\component\SF102A_MotCtrlPrmEstimn_Impl\src\MotCtrlPrmEstimn.c" Line="471" Column="8">
</Loc>
<Message>
Minimisation of run-time failures.
</Message>
</Rule>

<Rule Name="11.5" Mode="required" Report="warning" Id="39">
<Loc File="C:\component\SF102A_MotCtrlPrmEstimn_Impl\src\MotCtrlPrmEstimn.c" Line="506" Column="107">
</Loc>
<Message>
A cast shall not be performed that removes any const or volatile qualification
from the type addressed by a pointer.
</Message>
</Rule>

<Rule Name="12.3" Mode="required" Report="warning" Id="40">
<Loc File="C:\component\SF102A_MotCtrlPrmEstimn_Impl\src\MotCtrlPrmEstimn.c" Line="507" Column="113">
</Loc>
<Message>
The sizeof operator should not be used on expressions that contain side effects.
</Message>
</Rule>

<Rule Name="11.5" Mode="required" Report="warning" Id="41">
<Loc File="C:\component\SF102A_MotCtrlPrmEstimn_Impl\src\MotCtrlPrmEstimn.c" Line="507" Column="123">
</Loc>
<Message>
A cast shall not be performed that removes any const or volatile qualification
from the type addressed by a pointer.
</Message>
</Rule>

<Rule Name="12.3" Mode="required" Report="warning" Id="42">
<Loc File="C:\component\SF102A_MotCtrlPrmEstimn_Impl\src\MotCtrlPrmEstimn.c" Line="507" Column="228">
</Loc>
<Message>
The sizeof operator should not be used on expressions that contain side effects.
</Message>
</Rule>

<Rule Name="11.5" Mode="required" Report="warning" Id="43">
<Loc File="C:\component\SF102A_MotCtrlPrmEstimn_Impl\src\MotCtrlPrmEstimn.c" Line="507" Column="239">
</Loc>
<Message>
A cast shall not be performed that removes any const or volatile qualification
from the type addressed by a pointer.
</Message>
</Rule>

<Rule Name="11.5" Mode="required" Report="warning" Id="44">
<Loc File="C:\component\SF102A_MotCtrlPrmEstimn_Impl\src\MotCtrlPrmEstimn.c" Line="508" Column="107">
</Loc>
<Message>
A cast shall not be performed that removes any const or volatile qualification
from the type addressed by a pointer.
</Message>
</Rule>

<Rule Name="11.5" Mode="required" Report="warning" Id="45">
<Loc File="C:\component\SF102A_MotCtrlPrmEstimn_Impl\src\MotCtrlPrmEstimn.c" Line="509" Column="122">
</Loc>
<Message>
A cast shall not be performed that removes any const or volatile qualification
from the type addressed by a pointer.
</Message>
</Rule>

<Rule Name="12.3" Mode="required" Report="warning" Id="46">
<Loc File="C:\component\SF102A_MotCtrlPrmEstimn_Impl\src\MotCtrlPrmEstimn.c" Line="510" Column="113">
</Loc>
<Message>
The sizeof operator should not be used on expressions that contain side effects.
</Message>
</Rule>

<Rule Name="11.5" Mode="required" Report="warning" Id="47">
<Loc File="C:\component\SF102A_MotCtrlPrmEstimn_Impl\src\MotCtrlPrmEstimn.c" Line="510" Column="123">
</Loc>
<Message>
A cast shall not be performed that removes any const or volatile qualification
from the type addressed by a pointer.
</Message>
</Rule>

<Rule Name="12.3" Mode="required" Report="warning" Id="48">
<Loc File="C:\component\SF102A_MotCtrlPrmEstimn_Impl\src\MotCtrlPrmEstimn.c" Line="510" Column="220">
</Loc>
<Message>
The sizeof operator should not be used on expressions that contain side effects.
</Message>
</Rule>

<Rule Name="11.5" Mode="required" Report="warning" Id="49">
<Loc File="C:\component\SF102A_MotCtrlPrmEstimn_Impl\src\MotCtrlPrmEstimn.c" Line="510" Column="231">
</Loc>
<Message>
A cast shall not be performed that removes any const or volatile qualification
from the type addressed by a pointer.
</Message>
</Rule>

<Rule Name="21.1" Mode="required" Report="warning" Id="50">
<Loc File="C:\component\SF102A_MotCtrlPrmEstimn_Impl\src\MotCtrlPrmEstimn.c" Line="516" Column="8">
</Loc>
<Message>
Minimisation of run-time failures.
</Message>
</Rule>

<Rule Name="9.1" Mode="required" Report="warning" Id="51">
<Loc File="C:\component\SF102A_MotCtrlPrmEstimn_Impl\src\MotCtrlPrmEstimn.c" Line="518" Column="51">
</Loc>
<Message>
All automatic variables shall have been assigned a value before being used.
</Message>
</Rule>

<Rule Name="21.1" Mode="required" Report="warning" Id="52">
<Loc File="C:\component\SF102A_MotCtrlPrmEstimn_Impl\src\MotCtrlPrmEstimn.c" Line="528" Column="8">
</Loc>
<Message>
Minimisation of run-time failures.
</Message>
</Rule>

<Rule Name="21.1" Mode="required" Report="warning" Id="53">
<Loc File="C:\component\SF102A_MotCtrlPrmEstimn_Impl\src\MotCtrlPrmEstimn.c" Line="534" Column="59">
</Loc>
<Message>
Minimisation of run-time failures.
</Message>
</Rule>

<Rule Name="11.5" Mode="required" Report="warning" Id="54">
<Loc File="C:\component\SF102A_MotCtrlPrmEstimn_Impl\src\MotCtrlPrmEstimn.c" Line="565" Column="107">
</Loc>
<Message>
A cast shall not be performed that removes any const or volatile qualification
from the type addressed by a pointer.
</Message>
</Rule>

<Rule Name="12.3" Mode="required" Report="warning" Id="55">
<Loc File="C:\component\SF102A_MotCtrlPrmEstimn_Impl\src\MotCtrlPrmEstimn.c" Line="566" Column="113">
</Loc>
<Message>
The sizeof operator should not be used on expressions that contain side effects.
</Message>
</Rule>

<Rule Name="11.5" Mode="required" Report="warning" Id="56">
<Loc File="C:\component\SF102A_MotCtrlPrmEstimn_Impl\src\MotCtrlPrmEstimn.c" Line="566" Column="123">
</Loc>
<Message>
A cast shall not be performed that removes any const or volatile qualification
from the type addressed by a pointer.
</Message>
</Rule>

<Rule Name="12.3" Mode="required" Report="warning" Id="57">
<Loc File="C:\component\SF102A_MotCtrlPrmEstimn_Impl\src\MotCtrlPrmEstimn.c" Line="566" Column="228">
</Loc>
<Message>
The sizeof operator should not be used on expressions that contain side effects.
</Message>
</Rule>

<Rule Name="11.5" Mode="required" Report="warning" Id="58">
<Loc File="C:\component\SF102A_MotCtrlPrmEstimn_Impl\src\MotCtrlPrmEstimn.c" Line="566" Column="239">
</Loc>
<Message>
A cast shall not be performed that removes any const or volatile qualification
from the type addressed by a pointer.
</Message>
</Rule>

<Rule Name="11.5" Mode="required" Report="warning" Id="59">
<Loc File="C:\component\SF102A_MotCtrlPrmEstimn_Impl\src\MotCtrlPrmEstimn.c" Line="567" Column="107">
</Loc>
<Message>
A cast shall not be performed that removes any const or volatile qualification
from the type addressed by a pointer.
</Message>
</Rule>

<Rule Name="11.5" Mode="required" Report="warning" Id="60">
<Loc File="C:\component\SF102A_MotCtrlPrmEstimn_Impl\src\MotCtrlPrmEstimn.c" Line="568" Column="122">
</Loc>
<Message>
A cast shall not be performed that removes any const or volatile qualification
from the type addressed by a pointer.
</Message>
</Rule>

<Rule Name="12.3" Mode="required" Report="warning" Id="61">
<Loc File="C:\component\SF102A_MotCtrlPrmEstimn_Impl\src\MotCtrlPrmEstimn.c" Line="569" Column="113">
</Loc>
<Message>
The sizeof operator should not be used on expressions that contain side effects.
</Message>
</Rule>

<Rule Name="11.5" Mode="required" Report="warning" Id="62">
<Loc File="C:\component\SF102A_MotCtrlPrmEstimn_Impl\src\MotCtrlPrmEstimn.c" Line="569" Column="123">
</Loc>
<Message>
A cast shall not be performed that removes any const or volatile qualification
from the type addressed by a pointer.
</Message>
</Rule>

<Rule Name="12.3" Mode="required" Report="warning" Id="63">
<Loc File="C:\component\SF102A_MotCtrlPrmEstimn_Impl\src\MotCtrlPrmEstimn.c" Line="569" Column="220">
</Loc>
<Message>
The sizeof operator should not be used on expressions that contain side effects.
</Message>
</Rule>

<Rule Name="11.5" Mode="required" Report="warning" Id="64">
<Loc File="C:\component\SF102A_MotCtrlPrmEstimn_Impl\src\MotCtrlPrmEstimn.c" Line="569" Column="231">
</Loc>
<Message>
A cast shall not be performed that removes any const or volatile qualification
from the type addressed by a pointer.
</Message>
</Rule>

<Rule Name="21.1" Mode="required" Report="warning" Id="65">
<Loc File="C:\component\SF102A_MotCtrlPrmEstimn_Impl\src\MotCtrlPrmEstimn.c" Line="575" Column="8">
</Loc>
<Message>
Minimisation of run-time failures.
</Message>
</Rule>

<Rule Name="9.1" Mode="required" Report="warning" Id="66">
<Loc File="C:\component\SF102A_MotCtrlPrmEstimn_Impl\src\MotCtrlPrmEstimn.c" Line="578" Column="51">
</Loc>
<Message>
All automatic variables shall have been assigned a value before being used.
</Message>
</Rule>

<Rule Name="21.1" Mode="required" Report="warning" Id="67">
<Loc File="C:\component\SF102A_MotCtrlPrmEstimn_Impl\src\MotCtrlPrmEstimn.c" Line="588" Column="8">
</Loc>
<Message>
Minimisation of run-time failures.
</Message>
</Rule>

<Rule Name="21.1" Mode="required" Report="warning" Id="68">
<Loc File="C:\component\SF102A_MotCtrlPrmEstimn_Impl\src\MotCtrlPrmEstimn.c" Line="594" Column="59">
</Loc>
<Message>
Minimisation of run-time failures.
</Message>
</Rule>

</CodeStruct>

<CodeStruct Name="MotCtrlPrmEstimnInit1" File="C:\component\SF102A_MotCtrlPrmEstimn_Impl\src\MotCtrlPrmEstimn.c" Line="302" Column="5">

<Rule Name="9.1" Mode="required" Report="warning" Id="18">
<Loc File="C:\component\SF102A_MotCtrlPrmEstimn_Impl\src\MotCtrlPrmEstimn.c" Line="326" Column="12">
</Loc>
<Message>
All automatic variables shall have been assigned a value before being used.
</Message>
</Rule>

<Rule Name="21.1" Mode="required" Report="warning" Id="19">
<Loc File="C:\component\SF102A_MotCtrlPrmEstimn_Impl\src\MotCtrlPrmEstimn.c" Line="331" Column="42">
</Loc>
<Message>
Minimisation of run-time failures.
</Message>
</Rule>

<Rule Name="21.1" Mode="required" Report="warning" Id="20">
<Loc File="C:\component\SF102A_MotCtrlPrmEstimn_Impl\src\MotCtrlPrmEstimn.c" Line="331" Column="58">
</Loc>
<Message>
Minimisation of run-time failures.
</Message>
</Rule>

<Rule Name="21.1" Mode="required" Report="warning" Id="21">
<Loc File="C:\component\SF102A_MotCtrlPrmEstimn_Impl\src\MotCtrlPrmEstimn.c" Line="332" Column="58">
</Loc>
<Message>
Minimisation of run-time failures.
</Message>
</Rule>

<Rule Name="21.1" Mode="required" Report="warning" Id="22">
<Loc File="C:\component\SF102A_MotCtrlPrmEstimn_Impl\src\MotCtrlPrmEstimn.c" Line="337" Column="93">
</Loc>
<Message>
Minimisation of run-time failures.
</Message>
</Rule>

<Rule Name="21.1" Mode="required" Report="warning" Id="23">
<Loc File="C:\component\SF102A_MotCtrlPrmEstimn_Impl\src\MotCtrlPrmEstimn.c" Line="337" Column="109">
</Loc>
<Message>
Minimisation of run-time failures.
</Message>
</Rule>

</CodeStruct>

</MISRA-C-Report>
