<?xml version="1.0" encoding="UTF-8"?>
<MISRA-C-Report-Summary>
<File Mode="advisory" Error="0" Warning="1" Total="1">
<Name>
C:\Component\ES999A_ElecGlbPrm_Impl\src\ElecGlbPrm.c</Name>
</File>
<File Mode="required" Error="0" Warning="1" Total="1">
<Name>
C:\Component\ES999A_ElecGlbPrm_Impl\src\ElecGlbPrm.c</Name>
</File>
<Rule Name="19.1" Count="1" Mode="advisory" Severity="warning">
<Message>
#include statements in a file shall only be preceded by other preprocessor directives or comments.</Message>
</Rule>
<Rule Name="8.10" Count="1" Mode="required" Severity="warning">
<Message>
Variable 'ELECGLBPRM_GATEDRVOFFSTCHKDATA_CNT_U16' should have internal linkage.</Message>
</Rule>
</MISRA-C-Report-Summary>
