<?xml version="1.0" encoding="UTF-8"?>

<project name="Polyspace" files="1" includes="25" ap_cg_cycle="0" ap_cg_direct_cycle="0" pshv="0" unpshv="0">
<file name="C:\Component\CM745A_Sci30CfgAndUse_Impl\src\CDD_Sci30CfgAndUse.c" total_lines="625" lines_without_cmt="273" comf="30" fco="15">
<function name="RollOvrAdd" path="1" goto="0" vg="1" calling="1" calls="0" param="1" stmt="1" level="1" return="1" vocf="1.8" flin="1" fxln="1" ncalls="0">
</function>
<function name="UpdDtsRxReg" path="16" goto="0" vg="5" calling="1" calls="0" param="0" stmt="17" level="1" return="0" vocf="4.3" flin="26" fxln="17" ncalls="0">
</function>
<function name="UpdDtsTxReg" path="1" goto="0" vg="1" calling="1" calls="0" param="1" stmt="7" level="1" return="0" vocf="2.9" flin="7" fxln="7" ncalls="0">
</function>
<function name="IninSciDtsChMstReg" path="1" goto="0" vg="1" calling="1" calls="0" param="0" stmt="2" level="1" return="0" vocf="4.5" flin="7" fxln="6" ncalls="0">
</function>
<function name="Sci30CfgAndUsePer4" path="1" goto="0" vg="1" calling="0" calls="1" param="0" stmt="2" level="1" return="0" vocf="2.2" flin="12" fxln="2" ncalls="1">
</function>
<function name="Sci30CfgAndUsePer3" path="1" goto="0" vg="1" calling="0" calls="1" param="0" stmt="2" level="1" return="0" vocf="2.2" flin="12" fxln="2" ncalls="1">
</function>
<function name="Sci30CfgAndUsePer2" path="294" goto="0" vg="12" calling="0" calls="4" param="0" stmt="36" level="3" return="0" vocf="7.0" flin="90" fxln="36" ncalls="6">
</function>
<function name="Sci30CfgAndUsePer1" path="6" goto="0" vg="6" calling="0" calls="3" param="0" stmt="27" level="5" return="0" vocf="7.7" flin="63" fxln="28" ncalls="14">
</function>
<function name="Sci30CfgAndUseInit1" path="1" goto="0" vg="1" calling="0" calls="1" param="0" stmt="26" level="1" return="0" vocf="6.5" flin="52" fxln="36" ncalls="1">
</function>
</file>
</project>
