<?xml version="1.0" encoding="UTF-8"?>

<MISRA-C-Report version="1.3">


<CodeStruct Name="" File="C:\component\SF108A_MotCurrPeakEstimn_Impl\src\MotCurrPeakEstimn.c" Line="0" Column="0">

<Rule Name="19.1" Mode="advisory" Report="warning" Id="1">
<Loc File="C:\component\SF108A_MotCurrPeakEstimn_Impl\src\MotCurrPeakEstimn.c" Line="264" Column="0">
</Loc>
<Message>
#include statements in a file shall only be preceded by other preprocessor directives or comments.
</Message>
</Rule>

</CodeStruct>

<CodeStruct Name="MotCurrPeakEstimnPer1" File="C:\component\SF108A_MotCurrPeakEstimn_Impl\src\MotCurrPeakEstimn.c" Line="152" Column="5">

<Rule Name="9.1" Mode="required" Report="warning" Id="2">
<Loc File="C:\component\SF108A_MotCurrPeakEstimn_Impl\src\MotCurrPeakEstimn.c" Line="182" Column="13">
</Loc>
<Message>
All automatic variables shall have been assigned a value before being used.
</Message>
</Rule>

<Rule Name="9.1" Mode="required" Report="warning" Id="3">
<Loc File="C:\component\SF108A_MotCurrPeakEstimn_Impl\src\MotCurrPeakEstimn.c" Line="182" Column="51">
</Loc>
<Message>
All automatic variables shall have been assigned a value before being used.
</Message>
</Rule>

<Rule Name="9.1" Mode="required" Report="warning" Id="4">
<Loc File="C:\component\SF108A_MotCurrPeakEstimn_Impl\src\MotCurrPeakEstimn.c" Line="182" Column="93">
</Loc>
<Message>
All automatic variables shall have been assigned a value before being used.
</Message>
</Rule>

<Rule Name="9.1" Mode="required" Report="warning" Id="5">
<Loc File="C:\component\SF108A_MotCurrPeakEstimn_Impl\src\MotCurrPeakEstimn.c" Line="184" Column="47">
</Loc>
<Message>
All automatic variables shall have been assigned a value before being used.
</Message>
</Rule>

<Rule Name="9.1" Mode="required" Report="warning" Id="6">
<Loc File="C:\component\SF108A_MotCurrPeakEstimn_Impl\src\MotCurrPeakEstimn.c" Line="185" Column="47">
</Loc>
<Message>
All automatic variables shall have been assigned a value before being used.
</Message>
</Rule>

<Rule Name="9.1" Mode="required" Report="warning" Id="7">
<Loc File="C:\component\SF108A_MotCurrPeakEstimn_Impl\src\MotCurrPeakEstimn.c" Line="189" Column="47">
</Loc>
<Message>
All automatic variables shall have been assigned a value before being used.
</Message>
</Rule>

<Rule Name="9.1" Mode="required" Report="warning" Id="8">
<Loc File="C:\component\SF108A_MotCurrPeakEstimn_Impl\src\MotCurrPeakEstimn.c" Line="190" Column="47">
</Loc>
<Message>
All automatic variables shall have been assigned a value before being used.
</Message>
</Rule>

<Rule Name="21.1" Mode="required" Report="warning" Id="9">
<Loc File="C:\component\SF108A_MotCurrPeakEstimn_Impl\src\MotCurrPeakEstimn.c" Line="193" Column="108">
</Loc>
<Message>
Minimisation of run-time failures.
</Message>
</Rule>

<Rule Name="21.1" Mode="required" Report="warning" Id="10">
<Loc File="C:\component\SF108A_MotCurrPeakEstimn_Impl\src\MotCurrPeakEstimn.c" Line="196" Column="9">
</Loc>
<Message>
Minimisation of run-time failures.
</Message>
</Rule>

<Rule Name="21.1" Mode="required" Report="warning" Id="11">
<Loc File="C:\component\SF108A_MotCurrPeakEstimn_Impl\src\MotCurrPeakEstimn.c" Line="197" Column="9">
</Loc>
<Message>
Minimisation of run-time failures.
</Message>
</Rule>

</CodeStruct>

<CodeStruct Name="MotCurrPeakEstimnInit1" File="C:\component\SF108A_MotCurrPeakEstimn_Impl\src\MotCurrPeakEstimn.c" Line="99" Column="5">

<Rule Name="21.1" Mode="required" Report="warning" Id="12">
<Loc File="C:\component\SF108A_MotCurrPeakEstimn_Impl\src\MotCurrPeakEstimn.c" Line="106" Column="131">
</Loc>
<Message>
Minimisation of run-time failures.
</Message>
</Rule>

</CodeStruct>

<CodeStruct Name="MotCurrPeakEstimnPer2" File="C:\component\SF108A_MotCurrPeakEstimn_Impl\src\MotCurrPeakEstimn.c" Line="239" Column="5">

<Rule Name="21.1" Mode="required" Report="warning" Id="13">
<Loc File="C:\component\SF108A_MotCurrPeakEstimn_Impl\src\MotCurrPeakEstimn.c" Line="248" Column="160">
</Loc>
<Message>
Minimisation of run-time failures.
</Message>
</Rule>

</CodeStruct>

</MISRA-C-Report>
