<?xml version="1.0" encoding="UTF-8"?>
<!--EDRS Version 1.0-->
<global>
   <file name="C:\\Component\\AR100A_NxtrMath_Impl\\include\\NxtrMath.h" comment="">
      <function name="Max_u32" comment="" line="439" main_generator_called="MAIN_GENERATOR" attributes="static">
         <scalar name="arg1" comment="" line="439" base_type="uint32" attributes="static" complete_type="uint32" init_mode="MAIN_GENERATOR" init_modes_allowed="10" init_range="min..max" global_assert="unsupported" assert_range="unsupported"/>
         <scalar name="arg2" comment="" line="439" base_type="uint32" attributes="static" complete_type="uint32" init_mode="MAIN_GENERATOR" init_modes_allowed="10" init_range="min..max" global_assert="unsupported" assert_range="unsupported"/>
         <scalar name="return" comment="" line="439" base_type="uint32" attributes="static" complete_type="uint32" init_mode="disabled" init_range="disabled" global_assert="unsupported" assert_range="unsupported"/>
      </function>
   </file>
   <file name="C:\\Component\\AR202A_MicroCtrlrSuprt_Impl\\include\\P1M\\R7F701311\\adcd_regs.h" comment="">
      <struct name="ADCD0" comment="" line="1427" attributes="volatile extern">
         <struct name="DR00" comment="" line="1427" attributes="volatile extern const">
            <scalar name="UINT32" comment="" line="1427" base_type="uint32" attributes="volatile extern const" complete_type="uint32" init_mode="PERMANENT" init_modes_allowed="4" init_range="min..max" global_assert="disabled" assert_range="disabled"/>
         </struct>
      </struct>
      <struct name="ADCD1" comment="" line="1428" attributes="volatile extern">
         <struct name="DR00" comment="" line="1428" attributes="volatile extern const">
            <scalar name="UINT32" comment="" line="1428" base_type="uint32" attributes="volatile extern const" complete_type="uint32" init_mode="PERMANENT" init_modes_allowed="4" init_range="min..max" global_assert="disabled" assert_range="disabled"/>
         </struct>
      </struct>
   </file>
   <file name="C:\\Component\\AR202A_MicroCtrlrSuprt_Impl\\include\\P1M\\R7F701311\\dma_regs.h" comment="">
      <struct name="DMASS" comment="" line="2714" attributes="volatile extern">
         <struct name="DCEN1" comment="" line="2714" attributes="volatile extern">
            <struct name="BIT" comment="" line="2714" attributes="volatile extern">
               <scalar name="DTE" comment="" line="2714" base_type="uint1" attributes="volatile extern" complete_type="uint1" init_mode="PERMANENT" init_modes_allowed="4" init_range="min..max" global_assert="disabled" assert_range="disabled"/>
            </struct>
            <scalar name="UINT32" comment="" line="2714" base_type="uint32" attributes="volatile extern" complete_type="uint32" init_mode="PERMANENT" init_modes_allowed="4" init_range="min..max" global_assert="disabled" assert_range="disabled"/>
         </struct>
         <struct name="DCEN14" comment="" line="2714" attributes="volatile extern">
            <struct name="BIT" comment="" line="2714" attributes="volatile extern">
               <scalar name="DTE" comment="" line="2714" base_type="uint1" attributes="volatile extern" complete_type="uint1" init_mode="PERMANENT" init_modes_allowed="4" init_range="min..max" global_assert="disabled" assert_range="disabled"/>
            </struct>
            <scalar name="UINT32" comment="" line="2714" base_type="uint32" attributes="volatile extern" complete_type="uint32" init_mode="PERMANENT" init_modes_allowed="4" init_range="min..max" global_assert="disabled" assert_range="disabled"/>
         </struct>
         <struct name="DCEN15" comment="" line="2714" attributes="volatile extern">
            <struct name="BIT" comment="" line="2714" attributes="volatile extern">
               <scalar name="DTE" comment="" line="2714" base_type="uint1" attributes="volatile extern" complete_type="uint1" init_mode="PERMANENT" init_modes_allowed="4" init_range="min..max" global_assert="disabled" assert_range="disabled"/>
            </struct>
            <scalar name="UINT32" comment="" line="2714" base_type="uint32" attributes="volatile extern" complete_type="uint32" init_mode="PERMANENT" init_modes_allowed="4" init_range="min..max" global_assert="disabled" assert_range="disabled"/>
         </struct>
         <struct name="DCEN3" comment="" line="2714" attributes="volatile extern">
            <struct name="BIT" comment="" line="2714" attributes="volatile extern">
               <scalar name="DTE" comment="" line="2714" base_type="uint1" attributes="volatile extern" complete_type="uint1" init_mode="PERMANENT" init_modes_allowed="4" init_range="min..max" global_assert="disabled" assert_range="disabled"/>
            </struct>
            <scalar name="UINT32" comment="" line="2714" base_type="uint32" attributes="volatile extern" complete_type="uint32" init_mode="PERMANENT" init_modes_allowed="4" init_range="min..max" global_assert="disabled" assert_range="disabled"/>
         </struct>
         <struct name="DCEN4" comment="" line="2714" attributes="volatile extern">
            <struct name="BIT" comment="" line="2714" attributes="volatile extern">
               <scalar name="DTE" comment="" line="2714" base_type="uint1" attributes="volatile extern" complete_type="uint1" init_mode="PERMANENT" init_modes_allowed="4" init_range="min..max" global_assert="disabled" assert_range="disabled"/>
            </struct>
            <scalar name="UINT32" comment="" line="2714" base_type="uint32" attributes="volatile extern" complete_type="uint32" init_mode="PERMANENT" init_modes_allowed="4" init_range="min..max" global_assert="disabled" assert_range="disabled"/>
         </struct>
         <struct name="DCEN9" comment="" line="2714" attributes="volatile extern">
            <struct name="BIT" comment="" line="2714" attributes="volatile extern">
               <scalar name="DTE" comment="" line="2714" base_type="uint1" attributes="volatile extern" complete_type="uint1" init_mode="PERMANENT" init_modes_allowed="4" init_range="min..max" global_assert="disabled" assert_range="disabled"/>
            </struct>
            <scalar name="UINT32" comment="" line="2714" base_type="uint32" attributes="volatile extern" complete_type="uint32" init_mode="PERMANENT" init_modes_allowed="4" init_range="min..max" global_assert="disabled" assert_range="disabled"/>
         </struct>
         <struct name="DCST15" comment="" line="2714" attributes="volatile extern const">
            <struct name="BIT" comment="" line="2714" attributes="volatile extern const">
               <scalar name="TC" comment="" line="2714" base_type="uint1" attributes="volatile extern const" complete_type="uint1" init_mode="PERMANENT" init_modes_allowed="4" init_range="min..max" global_assert="disabled" assert_range="disabled"/>
            </struct>
         </struct>
         <struct name="DCSTC14" comment="" line="2714" attributes="volatile extern">
            <struct name="BIT" comment="" line="2714" attributes="volatile extern">
               <scalar name="TCC" comment="" line="2714" base_type="uint1" attributes="volatile extern" complete_type="uint1" init_mode="PERMANENT" init_modes_allowed="4" init_range="min..max" global_assert="disabled" assert_range="disabled"/>
            </struct>
         </struct>
         <struct name="DCSTC15" comment="" line="2714" attributes="volatile extern">
            <struct name="BIT" comment="" line="2714" attributes="volatile extern">
               <scalar name="TCC" comment="" line="2714" base_type="uint1" attributes="volatile extern" complete_type="uint1" init_mode="PERMANENT" init_modes_allowed="4" init_range="min..max" global_assert="disabled" assert_range="disabled"/>
            </struct>
         </struct>
         <struct name="DCSTC9" comment="" line="2714" attributes="volatile extern">
            <struct name="BIT" comment="" line="2714" attributes="volatile extern">
               <scalar name="TCC" comment="" line="2714" base_type="uint1" attributes="volatile extern" complete_type="uint1" init_mode="PERMANENT" init_modes_allowed="4" init_range="min..max" global_assert="disabled" assert_range="disabled"/>
            </struct>
         </struct>
         <struct name="DDA1" comment="" line="2714" attributes="volatile extern">
            <scalar name="UINT32" comment="" line="2714" base_type="uint32" attributes="volatile extern" complete_type="uint32" init_mode="PERMANENT" init_modes_allowed="4" init_range="min..max" global_assert="disabled" assert_range="disabled"/>
         </struct>
         <struct name="DDA14" comment="" line="2714" attributes="volatile extern">
            <scalar name="UINT32" comment="" line="2714" base_type="uint32" attributes="volatile extern" complete_type="uint32" init_mode="PERMANENT" init_modes_allowed="4" init_range="min..max" global_assert="disabled" assert_range="disabled"/>
         </struct>
         <struct name="DDA15" comment="" line="2714" attributes="volatile extern">
            <scalar name="UINT32" comment="" line="2714" base_type="uint32" attributes="volatile extern" complete_type="uint32" init_mode="PERMANENT" init_modes_allowed="4" init_range="min..max" global_assert="disabled" assert_range="disabled"/>
         </struct>
         <struct name="DDA3" comment="" line="2714" attributes="volatile extern">
            <scalar name="UINT32" comment="" line="2714" base_type="uint32" attributes="volatile extern" complete_type="uint32" init_mode="PERMANENT" init_modes_allowed="4" init_range="min..max" global_assert="disabled" assert_range="disabled"/>
         </struct>
         <struct name="DDA4" comment="" line="2714" attributes="volatile extern">
            <scalar name="UINT32" comment="" line="2714" base_type="uint32" attributes="volatile extern" complete_type="uint32" init_mode="PERMANENT" init_modes_allowed="4" init_range="min..max" global_assert="disabled" assert_range="disabled"/>
         </struct>
         <struct name="DDA9" comment="" line="2714" attributes="volatile extern">
            <scalar name="UINT32" comment="" line="2714" base_type="uint32" attributes="volatile extern" complete_type="uint32" init_mode="PERMANENT" init_modes_allowed="4" init_range="min..max" global_assert="disabled" assert_range="disabled"/>
         </struct>
         <struct name="DM01CM" comment="" line="2714" attributes="volatile extern">
            <scalar name="UINT32" comment="" line="2714" base_type="uint32" attributes="volatile extern" complete_type="uint32" init_mode="PERMANENT" init_modes_allowed="4" init_range="min..max" global_assert="disabled" assert_range="disabled"/>
         </struct>
         <struct name="DM02CM" comment="" line="2714" attributes="volatile extern">
            <scalar name="UINT32" comment="" line="2714" base_type="uint32" attributes="volatile extern" complete_type="uint32" init_mode="PERMANENT" init_modes_allowed="4" init_range="min..max" global_assert="disabled" assert_range="disabled"/>
         </struct>
         <struct name="DM03CM" comment="" line="2714" attributes="volatile extern">
            <scalar name="UINT32" comment="" line="2714" base_type="uint32" attributes="volatile extern" complete_type="uint32" init_mode="PERMANENT" init_modes_allowed="4" init_range="min..max" global_assert="disabled" assert_range="disabled"/>
         </struct>
         <struct name="DM04CM" comment="" line="2714" attributes="volatile extern">
            <scalar name="UINT32" comment="" line="2714" base_type="uint32" attributes="volatile extern" complete_type="uint32" init_mode="PERMANENT" init_modes_allowed="4" init_range="min..max" global_assert="disabled" assert_range="disabled"/>
         </struct>
         <struct name="DM11CM" comment="" line="2714" attributes="volatile extern">
            <scalar name="UINT32" comment="" line="2714" base_type="uint32" attributes="volatile extern" complete_type="uint32" init_mode="PERMANENT" init_modes_allowed="4" init_range="min..max" global_assert="disabled" assert_range="disabled"/>
         </struct>
         <struct name="DM16CM" comment="" line="2714" attributes="volatile extern">
            <scalar name="UINT32" comment="" line="2714" base_type="uint32" attributes="volatile extern" complete_type="uint32" init_mode="PERMANENT" init_modes_allowed="4" init_range="min..max" global_assert="disabled" assert_range="disabled"/>
         </struct>
         <struct name="DM17CM" comment="" line="2714" attributes="volatile extern">
            <scalar name="UINT32" comment="" line="2714" base_type="uint32" attributes="volatile extern" complete_type="uint32" init_mode="PERMANENT" init_modes_allowed="4" init_range="min..max" global_assert="disabled" assert_range="disabled"/>
         </struct>
         <struct name="DRDA1" comment="" line="2714" attributes="volatile extern">
            <scalar name="UINT32" comment="" line="2714" base_type="uint32" attributes="volatile extern" complete_type="uint32" init_mode="PERMANENT" init_modes_allowed="4" init_range="min..max" global_assert="disabled" assert_range="disabled"/>
         </struct>
         <struct name="DRDA14" comment="" line="2714" attributes="volatile extern">
            <scalar name="UINT32" comment="" line="2714" base_type="uint32" attributes="volatile extern" complete_type="uint32" init_mode="PERMANENT" init_modes_allowed="4" init_range="min..max" global_assert="disabled" assert_range="disabled"/>
         </struct>
         <struct name="DRDA15" comment="" line="2714" attributes="volatile extern">
            <scalar name="UINT32" comment="" line="2714" base_type="uint32" attributes="volatile extern" complete_type="uint32" init_mode="PERMANENT" init_modes_allowed="4" init_range="min..max" global_assert="disabled" assert_range="disabled"/>
         </struct>
         <struct name="DRDA3" comment="" line="2714" attributes="volatile extern">
            <scalar name="UINT32" comment="" line="2714" base_type="uint32" attributes="volatile extern" complete_type="uint32" init_mode="PERMANENT" init_modes_allowed="4" init_range="min..max" global_assert="disabled" assert_range="disabled"/>
         </struct>
         <struct name="DRDA4" comment="" line="2714" attributes="volatile extern">
            <scalar name="UINT32" comment="" line="2714" base_type="uint32" attributes="volatile extern" complete_type="uint32" init_mode="PERMANENT" init_modes_allowed="4" init_range="min..max" global_assert="disabled" assert_range="disabled"/>
         </struct>
         <struct name="DRDA9" comment="" line="2714" attributes="volatile extern">
            <scalar name="UINT32" comment="" line="2714" base_type="uint32" attributes="volatile extern" complete_type="uint32" init_mode="PERMANENT" init_modes_allowed="4" init_range="min..max" global_assert="disabled" assert_range="disabled"/>
         </struct>
         <struct name="DRSA1" comment="" line="2714" attributes="volatile extern">
            <scalar name="UINT32" comment="" line="2714" base_type="uint32" attributes="volatile extern" complete_type="uint32" init_mode="PERMANENT" init_modes_allowed="4" init_range="min..max" global_assert="disabled" assert_range="disabled"/>
         </struct>
         <struct name="DRSA14" comment="" line="2714" attributes="volatile extern">
            <scalar name="UINT32" comment="" line="2714" base_type="uint32" attributes="volatile extern" complete_type="uint32" init_mode="PERMANENT" init_modes_allowed="4" init_range="min..max" global_assert="disabled" assert_range="disabled"/>
         </struct>
         <struct name="DRSA15" comment="" line="2714" attributes="volatile extern">
            <scalar name="UINT32" comment="" line="2714" base_type="uint32" attributes="volatile extern" complete_type="uint32" init_mode="PERMANENT" init_modes_allowed="4" init_range="min..max" global_assert="disabled" assert_range="disabled"/>
         </struct>
         <struct name="DRSA3" comment="" line="2714" attributes="volatile extern">
            <scalar name="UINT32" comment="" line="2714" base_type="uint32" attributes="volatile extern" complete_type="uint32" init_mode="PERMANENT" init_modes_allowed="4" init_range="min..max" global_assert="disabled" assert_range="disabled"/>
         </struct>
         <struct name="DRSA4" comment="" line="2714" attributes="volatile extern">
            <scalar name="UINT32" comment="" line="2714" base_type="uint32" attributes="volatile extern" complete_type="uint32" init_mode="PERMANENT" init_modes_allowed="4" init_range="min..max" global_assert="disabled" assert_range="disabled"/>
         </struct>
         <struct name="DRSA9" comment="" line="2714" attributes="volatile extern">
            <scalar name="UINT32" comment="" line="2714" base_type="uint32" attributes="volatile extern" complete_type="uint32" init_mode="PERMANENT" init_modes_allowed="4" init_range="min..max" global_assert="disabled" assert_range="disabled"/>
         </struct>
         <struct name="DRTC1" comment="" line="2714" attributes="volatile extern">
            <scalar name="UINT32" comment="" line="2714" base_type="uint32" attributes="volatile extern" complete_type="uint32" init_mode="PERMANENT" init_modes_allowed="4" init_range="min..max" global_assert="disabled" assert_range="disabled"/>
         </struct>
         <struct name="DRTC14" comment="" line="2714" attributes="volatile extern">
            <scalar name="UINT32" comment="" line="2714" base_type="uint32" attributes="volatile extern" complete_type="uint32" init_mode="PERMANENT" init_modes_allowed="4" init_range="min..max" global_assert="disabled" assert_range="disabled"/>
         </struct>
         <struct name="DRTC15" comment="" line="2714" attributes="volatile extern">
            <scalar name="UINT32" comment="" line="2714" base_type="uint32" attributes="volatile extern" complete_type="uint32" init_mode="PERMANENT" init_modes_allowed="4" init_range="min..max" global_assert="disabled" assert_range="disabled"/>
         </struct>
         <struct name="DRTC3" comment="" line="2714" attributes="volatile extern">
            <scalar name="UINT32" comment="" line="2714" base_type="uint32" attributes="volatile extern" complete_type="uint32" init_mode="PERMANENT" init_modes_allowed="4" init_range="min..max" global_assert="disabled" assert_range="disabled"/>
         </struct>
         <struct name="DRTC4" comment="" line="2714" attributes="volatile extern">
            <scalar name="UINT32" comment="" line="2714" base_type="uint32" attributes="volatile extern" complete_type="uint32" init_mode="PERMANENT" init_modes_allowed="4" init_range="min..max" global_assert="disabled" assert_range="disabled"/>
         </struct>
         <struct name="DRTC9" comment="" line="2714" attributes="volatile extern">
            <scalar name="UINT32" comment="" line="2714" base_type="uint32" attributes="volatile extern" complete_type="uint32" init_mode="PERMANENT" init_modes_allowed="4" init_range="min..max" global_assert="disabled" assert_range="disabled"/>
         </struct>
         <struct name="DSA1" comment="" line="2714" attributes="volatile extern">
            <scalar name="UINT32" comment="" line="2714" base_type="uint32" attributes="volatile extern" complete_type="uint32" init_mode="PERMANENT" init_modes_allowed="4" init_range="min..max" global_assert="disabled" assert_range="disabled"/>
         </struct>
         <struct name="DSA14" comment="" line="2714" attributes="volatile extern">
            <scalar name="UINT32" comment="" line="2714" base_type="uint32" attributes="volatile extern" complete_type="uint32" init_mode="PERMANENT" init_modes_allowed="4" init_range="min..max" global_assert="disabled" assert_range="disabled"/>
         </struct>
         <struct name="DSA15" comment="" line="2714" attributes="volatile extern">
            <scalar name="UINT32" comment="" line="2714" base_type="uint32" attributes="volatile extern" complete_type="uint32" init_mode="PERMANENT" init_modes_allowed="4" init_range="min..max" global_assert="disabled" assert_range="disabled"/>
         </struct>
         <struct name="DSA3" comment="" line="2714" attributes="volatile extern">
            <scalar name="UINT32" comment="" line="2714" base_type="uint32" attributes="volatile extern" complete_type="uint32" init_mode="PERMANENT" init_modes_allowed="4" init_range="min..max" global_assert="disabled" assert_range="disabled"/>
         </struct>
         <struct name="DSA4" comment="" line="2714" attributes="volatile extern">
            <scalar name="UINT32" comment="" line="2714" base_type="uint32" attributes="volatile extern" complete_type="uint32" init_mode="PERMANENT" init_modes_allowed="4" init_range="min..max" global_assert="disabled" assert_range="disabled"/>
         </struct>
         <struct name="DSA9" comment="" line="2714" attributes="volatile extern">
            <scalar name="UINT32" comment="" line="2714" base_type="uint32" attributes="volatile extern" complete_type="uint32" init_mode="PERMANENT" init_modes_allowed="4" init_range="min..max" global_assert="disabled" assert_range="disabled"/>
         </struct>
         <struct name="DTC1" comment="" line="2714" attributes="volatile extern">
            <scalar name="UINT32" comment="" line="2714" base_type="uint32" attributes="volatile extern" complete_type="uint32" init_mode="PERMANENT" init_modes_allowed="4" init_range="min..max" global_assert="disabled" assert_range="disabled"/>
         </struct>
         <struct name="DTC14" comment="" line="2714" attributes="volatile extern">
            <scalar name="UINT32" comment="" line="2714" base_type="uint32" attributes="volatile extern" complete_type="uint32" init_mode="PERMANENT" init_modes_allowed="4" init_range="min..max" global_assert="disabled" assert_range="disabled"/>
         </struct>
         <struct name="DTC15" comment="" line="2714" attributes="volatile extern">
            <scalar name="UINT32" comment="" line="2714" base_type="uint32" attributes="volatile extern" complete_type="uint32" init_mode="PERMANENT" init_modes_allowed="4" init_range="min..max" global_assert="disabled" assert_range="disabled"/>
         </struct>
         <struct name="DTC3" comment="" line="2714" attributes="volatile extern">
            <scalar name="UINT32" comment="" line="2714" base_type="uint32" attributes="volatile extern" complete_type="uint32" init_mode="PERMANENT" init_modes_allowed="4" init_range="min..max" global_assert="disabled" assert_range="disabled"/>
         </struct>
         <struct name="DTC4" comment="" line="2714" attributes="volatile extern">
            <scalar name="UINT32" comment="" line="2714" base_type="uint32" attributes="volatile extern" complete_type="uint32" init_mode="PERMANENT" init_modes_allowed="4" init_range="min..max" global_assert="disabled" assert_range="disabled"/>
         </struct>
         <struct name="DTC9" comment="" line="2714" attributes="volatile extern">
            <scalar name="UINT32" comment="" line="2714" base_type="uint32" attributes="volatile extern" complete_type="uint32" init_mode="PERMANENT" init_modes_allowed="4" init_range="min..max" global_assert="disabled" assert_range="disabled"/>
         </struct>
         <struct name="DTCT1" comment="" line="2714" attributes="volatile extern">
            <scalar name="UINT32" comment="" line="2714" base_type="uint32" attributes="volatile extern" complete_type="uint32" init_mode="PERMANENT" init_modes_allowed="4" init_range="min..max" global_assert="disabled" assert_range="disabled"/>
         </struct>
         <struct name="DTCT14" comment="" line="2714" attributes="volatile extern">
            <scalar name="UINT32" comment="" line="2714" base_type="uint32" attributes="volatile extern" complete_type="uint32" init_mode="PERMANENT" init_modes_allowed="4" init_range="min..max" global_assert="disabled" assert_range="disabled"/>
         </struct>
         <struct name="DTCT15" comment="" line="2714" attributes="volatile extern">
            <scalar name="UINT32" comment="" line="2714" base_type="uint32" attributes="volatile extern" complete_type="uint32" init_mode="PERMANENT" init_modes_allowed="4" init_range="min..max" global_assert="disabled" assert_range="disabled"/>
         </struct>
         <struct name="DTCT3" comment="" line="2714" attributes="volatile extern">
            <scalar name="UINT32" comment="" line="2714" base_type="uint32" attributes="volatile extern" complete_type="uint32" init_mode="PERMANENT" init_modes_allowed="4" init_range="min..max" global_assert="disabled" assert_range="disabled"/>
         </struct>
         <struct name="DTCT4" comment="" line="2714" attributes="volatile extern">
            <scalar name="UINT32" comment="" line="2714" base_type="uint32" attributes="volatile extern" complete_type="uint32" init_mode="PERMANENT" init_modes_allowed="4" init_range="min..max" global_assert="disabled" assert_range="disabled"/>
         </struct>
         <struct name="DTCT9" comment="" line="2714" attributes="volatile extern">
            <scalar name="UINT32" comment="" line="2714" base_type="uint32" attributes="volatile extern" complete_type="uint32" init_mode="PERMANENT" init_modes_allowed="4" init_range="min..max" global_assert="disabled" assert_range="disabled"/>
         </struct>
         <struct name="DTFR1" comment="" line="2714" attributes="volatile extern">
            <scalar name="UINT32" comment="" line="2714" base_type="uint32" attributes="volatile extern" complete_type="uint32" init_mode="PERMANENT" init_modes_allowed="4" init_range="min..max" global_assert="disabled" assert_range="disabled"/>
         </struct>
         <struct name="DTFR14" comment="" line="2714" attributes="volatile extern">
            <scalar name="UINT32" comment="" line="2714" base_type="uint32" attributes="volatile extern" complete_type="uint32" init_mode="PERMANENT" init_modes_allowed="4" init_range="min..max" global_assert="disabled" assert_range="disabled"/>
         </struct>
         <struct name="DTFR15" comment="" line="2714" attributes="volatile extern">
            <scalar name="UINT32" comment="" line="2714" base_type="uint32" attributes="volatile extern" complete_type="uint32" init_mode="PERMANENT" init_modes_allowed="4" init_range="min..max" global_assert="disabled" assert_range="disabled"/>
         </struct>
         <struct name="DTFR3" comment="" line="2714" attributes="volatile extern">
            <scalar name="UINT32" comment="" line="2714" base_type="uint32" attributes="volatile extern" complete_type="uint32" init_mode="PERMANENT" init_modes_allowed="4" init_range="min..max" global_assert="disabled" assert_range="disabled"/>
         </struct>
         <struct name="DTFR4" comment="" line="2714" attributes="volatile extern">
            <scalar name="UINT32" comment="" line="2714" base_type="uint32" attributes="volatile extern" complete_type="uint32" init_mode="PERMANENT" init_modes_allowed="4" init_range="min..max" global_assert="disabled" assert_range="disabled"/>
         </struct>
         <struct name="DTFR9" comment="" line="2714" attributes="volatile extern">
            <scalar name="UINT32" comment="" line="2714" base_type="uint32" attributes="volatile extern" complete_type="uint32" init_mode="PERMANENT" init_modes_allowed="4" init_range="min..max" global_assert="disabled" assert_range="disabled"/>
         </struct>
         <struct name="DTFRRQC14" comment="" line="2714" attributes="volatile extern">
            <struct name="BIT" comment="" line="2714" attributes="volatile extern">
               <scalar name="DRQC" comment="" line="2714" base_type="uint1" attributes="volatile extern" complete_type="uint1" init_mode="PERMANENT" init_modes_allowed="4" init_range="min..max" global_assert="disabled" assert_range="disabled"/>
            </struct>
         </struct>
         <struct name="DTFRRQC9" comment="" line="2714" attributes="volatile extern">
            <struct name="BIT" comment="" line="2714" attributes="volatile extern">
               <scalar name="DRQC" comment="" line="2714" base_type="uint1" attributes="volatile extern" complete_type="uint1" init_mode="PERMANENT" init_modes_allowed="4" init_range="min..max" global_assert="disabled" assert_range="disabled"/>
            </struct>
         </struct>
      </struct>
   </file>
   <file name="C:\\Component\\AR202A_MicroCtrlrSuprt_Impl\\include\\P1M\\R7F701311\\tsg3_regs.h" comment="">
      <struct name="TSG31" comment="" line="897" attributes="volatile extern">
         <struct name="CMPWE" comment="" line="897" attributes="volatile extern">
            <scalar name="UINT32" comment="" line="897" base_type="uint32" attributes="volatile extern" complete_type="uint32" init_mode="PERMANENT" init_modes_allowed="4" init_range="min..max" global_assert="disabled" assert_range="disabled"/>
         </struct>
         <struct name="DCMP0E" comment="" line="897" attributes="volatile extern">
            <scalar name="UINT32" comment="" line="897" base_type="uint32" attributes="volatile extern" complete_type="uint32" init_mode="PERMANENT" init_modes_allowed="4" init_range="min..max" global_assert="disabled" assert_range="disabled"/>
         </struct>
      </struct>
   </file>
   <file name="C:\\Component\\CM200C_DmaCfgAndUse_Impl\\src\\CDD_DmaCfgAndUse.c" comment="">
      <function name="DmaCfgAndUseInit1" comment="" line="114" main_generator_called="MAIN_GENERATOR" attributes="unused"/>
      <function name="DmaCfgAndUsePer1" comment="" line="154" main_generator_called="MAIN_GENERATOR" attributes="unused"/>
      <function name="DmaEna2MilliSecToMotCtrlTrf_Oper" comment="" line="189" main_generator_called="MAIN_GENERATOR" attributes="unused"/>
      <function name="DmaRegInin" comment="" line="312" main_generator_called="MAIN_GENERATOR"/>
      <function name="DmaWaitForMotCtrlTo2MilliSecTrf_Oper" comment="" line="255" main_generator_called="MAIN_GENERATOR" attributes="unused">
         <scalar name="return" comment="" line="255" base_type="uint8" complete_type="uint8" init_mode="disabled" init_range="disabled" global_assert="unsupported" assert_range="unsupported"/>
      </function>
      <function name="InjDmaErr" comment="" line="507" main_generator_called="MAIN_GENERATOR" attributes="unused">
         <scalar name="return" comment="" line="507" base_type="uint8" complete_type="uint8" init_mode="disabled" init_range="disabled" global_assert="unsupported" assert_range="unsupported"/>
      </function>
      <function name="InjMcuDiagcErr" comment="" line="543" main_generator_called="MAIN_GENERATOR" attributes="unused">
         <scalar name="return" comment="" line="543" base_type="uint8" complete_type="uint8" init_mode="disabled" init_range="disabled" global_assert="unsupported" assert_range="unsupported"/>
      </function>
   </file>
   <file name="C:\\Component\\CM200C_DmaCfgAndUse_Impl\\tools\\contract\\CDD_MotCtrlMgr_Data.h" comment="">
      <array name="MOTCTRLMGR_MotCtrlAdc0RawRes" comment="" line="40" complete_type="uint32 []" attributes="extern">
         <scalar comment="" line="40" base_type="uint32" attributes="extern" complete_type="uint32" init_mode="INIT" init_modes_allowed="6" init_range="min..max" global_assert="NO" assert_range=""/>
      </array>
      <array name="MOTCTRLMGR_MotCtrlAdc1RawRes" comment="" line="45" complete_type="uint32 []" attributes="extern">
         <scalar comment="" line="45" base_type="uint32" attributes="extern" complete_type="uint32" init_mode="INIT" init_modes_allowed="6" init_range="min..max" global_assert="NO" assert_range=""/>
      </array>
      <scalar name="MOTCTRLMGR_MotCtrlTSG31CMPWE" comment="" line="42" base_type="uint32" attributes="extern" complete_type="uint32" init_mode="INIT" init_modes_allowed="6" init_range="min..max" global_assert="NO" assert_range=""/>
      <scalar name="MOTCTRLMGR_MotCtrlTSG31DCMP0E" comment="" line="41" base_type="uint32" attributes="extern" complete_type="uint32" init_mode="INIT" init_modes_allowed="6" init_range="min..max" global_assert="NO" assert_range=""/>
   </file>
   <file name="C:\\Component\\CM200C_DmaCfgAndUse_Impl\\tools\\contract\\McuErrInj.h" comment="">
      <function name="ReadErrInjReg_Oper" comment="" line="6" main_generator_called="disabled" attributes="extern">
         <pointer name="arg1" comment="" line="6" complete_type="uint32 *" init_mode="disabled" initialize_pointer="disabled" number_allocated="disabled" init_pointed="MULTI">
            <scalar comment="" line="6" base_type="uint32" complete_type="uint32" init_mode="PERMANENT" init_modes_allowed="4" init_range="min..max" global_assert="unsupported" assert_range="unsupported"/>
         </pointer>
      </function>
   </file>
   <file name="C:\\Component\\CM200C_DmaCfgAndUse_Impl\\tools\\contract\\Rte_CDD_DmaCfgAndUse.h" comment="">
      <function name="Rte_Call_CDD_DmaCfgAndUse_Adc1CfgAndUseAdc1EnaCnvn_Oper" comment="" line="74" main_generator_called="disabled" attributes="extern">
         <scalar name="return" comment="" line="74" base_type="uint8" complete_type="uint8" init_mode="PERMANENT" init_modes_allowed="4" init_range="min..max" global_assert="unsupported" assert_range="unsupported"/>
      </function>
      <function name="Rte_Call_CDD_DmaCfgAndUse_GetRefTmr1MicroSec32bit_Oper" comment="" line="75" main_generator_called="disabled" attributes="extern">
         <pointer name="arg1" comment="" line="75" complete_type="uint32 *" init_mode="disabled" initialize_pointer="disabled" number_allocated="disabled" init_pointed="MULTI">
            <scalar comment="" line="75" base_type="uint32" complete_type="uint32" init_mode="PERMANENT" init_modes_allowed="4" init_range="min..max" global_assert="unsupported" assert_range="unsupported"/>
         </pointer>
         <scalar name="return" comment="" line="75" base_type="uint8" complete_type="uint8" init_mode="PERMANENT" init_modes_allowed="4" init_range="min..max" global_assert="unsupported" assert_range="unsupported"/>
      </function>
      <function name="Rte_Call_CDD_DmaCfgAndUse_GetTiSpan1MicroSec32bit_Oper" comment="" line="76" main_generator_called="disabled" attributes="extern">
         <scalar name="arg1" comment="" line="76" base_type="uint32" complete_type="uint32" init_mode="disabled" init_range="disabled" global_assert="unsupported" assert_range="unsupported"/>
         <pointer name="arg2" comment="" line="76" complete_type="uint32 *" init_mode="disabled" initialize_pointer="disabled" number_allocated="disabled" init_pointed="MULTI">
            <scalar comment="" line="76" base_type="uint32" complete_type="uint32" init_mode="PERMANENT" init_modes_allowed="4" init_range="min..max" global_assert="unsupported" assert_range="unsupported"/>
         </pointer>
         <scalar name="return" comment="" line="76" base_type="uint8" complete_type="uint8" init_mode="PERMANENT" init_modes_allowed="4" init_range="min..max" global_assert="unsupported" assert_range="unsupported"/>
      </function>
      <pointer name="Rte_Inst_CDD_DmaCfgAndUse" comment="" line="60" attributes="extern const" complete_type="const struct Rte_CDS_CDD_DmaCfgAndUse *" init_mode="INIT" init_modes_allowed="2" initialize_pointer="May-be NULL" number_allocated="max" init_pointed="MULTI">
         <struct comment="" line="60" complete_type="struct Rte_CDS_CDD_DmaCfgAndUse" attributes="extern const">
            <pointer name="Pim_DmaCfgAndUse2MilliSecAdcStrtTi" comment="" line="60" attributes="extern const" complete_type="uint32 *" init_mode="INIT" init_modes_allowed="2" initialize_pointer="May-be NULL" number_allocated="max" init_pointed="MULTI">
               <scalar comment="" line="60" base_type="uint32" attributes="extern" complete_type="uint32" init_mode="INIT" init_modes_allowed="2" init_range="min..max" global_assert="unsupported" assert_range="unsupported"/>
            </pointer>
            <pointer name="Pim_d2MilliSecAdcActDmaTrfTi" comment="" line="60" attributes="extern const" complete_type="uint32 *" init_mode="INIT" init_modes_allowed="2" initialize_pointer="May-be NULL" number_allocated="max" init_pointed="MULTI">
               <scalar comment="" line="60" base_type="uint32" attributes="extern" complete_type="uint32" init_mode="INIT" init_modes_allowed="2" init_range="min..max" global_assert="unsupported" assert_range="unsupported"/>
            </pointer>
            <pointer name="Pim_d2MilliSecAdcMaxDmaTrfTi" comment="" line="60" attributes="extern const" complete_type="uint32 *" init_mode="INIT" init_modes_allowed="2" initialize_pointer="May-be NULL" number_allocated="max" init_pointed="MULTI">
               <scalar comment="" line="60" base_type="uint32" attributes="extern" complete_type="uint32" init_mode="INIT" init_modes_allowed="2" init_range="min..max" global_assert="unsupported" assert_range="unsupported"/>
            </pointer>
         </struct>
      </pointer>
   </file>
   <file name="C:\\Component\\TL103A_CplrSuprt\\include\\2015.1.5\\ansi\\math.h" comment="">
      <struct name="__Infinity" comment="" line="72" attributes="static">
         <scalar name="__V_" comment="" line="72" base_type="int32" attributes="static" complete_type="int32" init_mode="MAIN_GENERATOR" init_modes_allowed="15" init_range="min..max" global_assert="NO" assert_range=""/>
      </struct>
      <struct name="__NaN" comment="" line="72" attributes="static">
         <scalar name="__V_" comment="" line="72" base_type="int32" attributes="static" complete_type="int32" init_mode="MAIN_GENERATOR" init_modes_allowed="15" init_range="min..max" global_assert="NO" assert_range=""/>
      </struct>
   </file>
</global>
