<?xml version="1.0" encoding="UTF-8"?>

<MISRA-C-Report version="1.3">


<CodeStruct Name="StOutpCtrlPer1" File="C:\component\SF005A_StOutpCtrl_Impl\src\StOutpCtrl.c" Line="171" Column="5">

<Rule Name="5.1" Mode="required" Report="warning" Id="5">
<Loc File="C:\component\SF005A_StOutpCtrl_Impl\src\StOutpCtrl.c" Line="181" Column="16">
</Loc>
<Message>
Identifiers "VehStrtStopMotTqCmdSca_Uls_T_f32" (StOutpCtrl.c line 81 column 105) and "VehStrtStopMotTqCmdSca_Uls_T_f32" (StOutpCtrl.c line 181 column 16) have the same first 32 characters.
</Message>
</Rule>

<Rule Name="9.1" Mode="required" Report="warning" Id="6">
<Loc File="C:\component\SF005A_StOutpCtrl_Impl\src\StOutpCtrl.c" Line="221" Column="12">
</Loc>
<Message>
All automatic variables shall have been assigned a value before being used.
</Message>
</Rule>

<Rule Name="9.1" Mode="required" Report="warning" Id="7">
<Loc File="C:\component\SF005A_StOutpCtrl_Impl\src\StOutpCtrl.c" Line="221" Column="47">
</Loc>
<Message>
All automatic variables shall have been assigned a value before being used.
</Message>
</Rule>

<Rule Name="9.1" Mode="required" Report="warning" Id="8">
<Loc File="C:\component\SF005A_StOutpCtrl_Impl\src\StOutpCtrl.c" Line="222" Column="47">
</Loc>
<Message>
All automatic variables shall have been assigned a value before being used.
</Message>
</Rule>

<Rule Name="9.1" Mode="required" Report="warning" Id="9">
<Loc File="C:\component\SF005A_StOutpCtrl_Impl\src\StOutpCtrl.c" Line="227" Column="16">
</Loc>
<Message>
All automatic variables shall have been assigned a value before being used.
</Message>
</Rule>

<Rule Name="9.1" Mode="required" Report="warning" Id="10">
<Loc File="C:\component\SF005A_StOutpCtrl_Impl\src\StOutpCtrl.c" Line="243" Column="53">
</Loc>
<Message>
All automatic variables shall have been assigned a value before being used.
</Message>
</Rule>

<Rule Name="9.1" Mode="required" Report="warning" Id="11">
<Loc File="C:\component\SF005A_StOutpCtrl_Impl\src\StOutpCtrl.c" Line="244" Column="53">
</Loc>
<Message>
All automatic variables shall have been assigned a value before being used.
</Message>
</Rule>

<Rule Name="9.1" Mode="required" Report="warning" Id="12">
<Loc File="C:\component\SF005A_StOutpCtrl_Impl\src\StOutpCtrl.c" Line="245" Column="73">
</Loc>
<Message>
All automatic variables shall have been assigned a value before being used.
</Message>
</Rule>

<Rule Name="9.1" Mode="required" Report="warning" Id="13">
<Loc File="C:\component\SF005A_StOutpCtrl_Impl\src\StOutpCtrl.c" Line="257" Column="18">
</Loc>
<Message>
All automatic variables shall have been assigned a value before being used.
</Message>
</Rule>

<Rule Name="9.1" Mode="required" Report="warning" Id="14">
<Loc File="C:\component\SF005A_StOutpCtrl_Impl\src\StOutpCtrl.c" Line="259" Column="39">
</Loc>
<Message>
All automatic variables shall have been assigned a value before being used.
</Message>
</Rule>

<Rule Name="9.1" Mode="required" Report="warning" Id="15">
<Loc File="C:\component\SF005A_StOutpCtrl_Impl\src\StOutpCtrl.c" Line="260" Column="39">
</Loc>
<Message>
All automatic variables shall have been assigned a value before being used.
</Message>
</Rule>

<Rule Name="9.1" Mode="required" Report="warning" Id="16">
<Loc File="C:\component\SF005A_StOutpCtrl_Impl\src\StOutpCtrl.c" Line="279" Column="18">
</Loc>
<Message>
All automatic variables shall have been assigned a value before being used.
</Message>
</Rule>

<Rule Name="21.1" Mode="required" Report="warning" Id="17">
<Loc File="C:\component\SF005A_StOutpCtrl_Impl\src\StOutpCtrl.c" Line="291" Column="8">
</Loc>
<Message>
Minimisation of run-time failures.
</Message>
</Rule>

<Rule Name="21.1" Mode="required" Report="warning" Id="18">
<Loc File="C:\component\SF005A_StOutpCtrl_Impl\src\StOutpCtrl.c" Line="292" Column="8">
</Loc>
<Message>
Minimisation of run-time failures.
</Message>
</Rule>

<Rule Name="21.1" Mode="required" Report="warning" Id="19">
<Loc File="C:\component\SF005A_StOutpCtrl_Impl\src\StOutpCtrl.c" Line="300" Column="52">
</Loc>
<Message>
Minimisation of run-time failures.
</Message>
</Rule>

<Rule Name="5.1" Mode="required" Report="warning" Id="20">
<Loc File="C:\component\SF005A_StOutpCtrl_Impl\src\StOutpCtrl.c" Line="368" Column="105">
</Loc>
<Message>
Identifiers "VehStrtStopMotTqCmdSca_Uls_T_f32" (StOutpCtrl.c line 368 column 105) and "VehStrtStopMotTqCmdSca_Uls_T_f32" (StOutpCtrl.c line 181 column 16) have the same first 32 characters.
</Message>
</Rule>

</CodeStruct>

<CodeStruct Name="" File="C:\component\SF005A_StOutpCtrl_Impl\src\StOutpCtrl.c" Line="0" Column="0">

<Rule Name="19.1" Mode="advisory" Report="warning" Id="1">
<Loc File="C:\component\SF005A_StOutpCtrl_Impl\src\StOutpCtrl.c" Line="112" Column="0">
</Loc>
<Message>
#include statements in a file shall only be preceded by other preprocessor directives or comments.
</Message>
</Rule>

<Rule Name="19.1" Mode="advisory" Report="warning" Id="2">
<Loc File="C:\component\SF005A_StOutpCtrl_Impl\src\StOutpCtrl.c" Line="348" Column="0">
</Loc>
<Message>
#include statements in a file shall only be preceded by other preprocessor directives or comments.
</Message>
</Rule>

<Rule Name="5.1" Mode="required" Report="warning" Id="3">
<Loc File="C:\component\SF005A_StOutpCtrl_Impl\src\StOutpCtrl.c" Line="368" Column="105">
</Loc>
<Message>
Identifiers "VehStrtStopMotTqCmdSca_Uls_T_f32" (StOutpCtrl.c line 368 column 105) and "VehStrtStopMotTqCmdSca_Uls_T_f32" (StOutpCtrl.c line 81 column 105) have the same first 32 characters.
</Message>
</Rule>

<Rule Name="5.1" Mode="required" Report="warning" Id="4">
<Loc File="C:\component\SF005A_StOutpCtrl_Impl\src\StOutpCtrl.c" Line="422" Column="105">
</Loc>
<Message>
Identifiers "VehStrtStopRampRate_UlspS_T_f32" (StOutpCtrl.c line 422 column 105) and "VehStrtStopRampRate_UlspS_T_f32" (StOutpCtrl.c line 77 column 105) have the same first 31 characters.
</Message>
</Rule>

</CodeStruct>

<CodeStruct Name="RateLimit" File="C:\component\SF005A_StOutpCtrl_Impl\src\StOutpCtrl.c" Line="420" Column="15">

<Rule Name="21.1" Mode="required" Report="warning" Id="21">
<Loc File="C:\component\SF005A_StOutpCtrl_Impl\src\StOutpCtrl.c" Line="427" Column="15">
</Loc>
<Message>
Minimisation of run-time failures.
</Message>
</Rule>

</CodeStruct>

<CodeStruct Name="RateSource" File="C:\component\SF005A_StOutpCtrl_Impl\src\StOutpCtrl.c" Line="366" Column="15">

<Rule Name="21.1" Mode="required" Report="warning" Id="22">
<Loc File="C:\component\SF005A_StOutpCtrl_Impl\src\StOutpCtrl.c" Line="380" Column="60">
</Loc>
<Message>
Minimisation of run-time failures.
</Message>
</Rule>

<Rule Name="21.1" Mode="required" Report="warning" Id="23">
<Loc File="C:\component\SF005A_StOutpCtrl_Impl\src\StOutpCtrl.c" Line="380" Column="81">
</Loc>
<Message>
Minimisation of run-time failures.
</Message>
</Rule>

<Rule Name="21.1" Mode="required" Report="warning" Id="24">
<Loc File="C:\component\SF005A_StOutpCtrl_Impl\src\StOutpCtrl.c" Line="382" Column="32">
</Loc>
<Message>
Minimisation of run-time failures.
</Message>
</Rule>

<Rule Name="21.1" Mode="required" Report="warning" Id="25">
<Loc File="C:\component\SF005A_StOutpCtrl_Impl\src\StOutpCtrl.c" Line="388" Column="48">
</Loc>
<Message>
Minimisation of run-time failures.
</Message>
</Rule>

<Rule Name="21.1" Mode="required" Report="warning" Id="26">
<Loc File="C:\component\SF005A_StOutpCtrl_Impl\src\StOutpCtrl.c" Line="388" Column="69">
</Loc>
<Message>
Minimisation of run-time failures.
</Message>
</Rule>

<Rule Name="21.1" Mode="required" Report="warning" Id="27">
<Loc File="C:\component\SF005A_StOutpCtrl_Impl\src\StOutpCtrl.c" Line="390" Column="32">
</Loc>
<Message>
Minimisation of run-time failures.
</Message>
</Rule>

<Rule Name="21.1" Mode="required" Report="warning" Id="28">
<Loc File="C:\component\SF005A_StOutpCtrl_Impl\src\StOutpCtrl.c" Line="397" Column="64">
</Loc>
<Message>
Minimisation of run-time failures.
</Message>
</Rule>

<Rule Name="21.1" Mode="required" Report="warning" Id="29">
<Loc File="C:\component\SF005A_StOutpCtrl_Impl\src\StOutpCtrl.c" Line="397" Column="85">
</Loc>
<Message>
Minimisation of run-time failures.
</Message>
</Rule>

<Rule Name="21.1" Mode="required" Report="warning" Id="30">
<Loc File="C:\component\SF005A_StOutpCtrl_Impl\src\StOutpCtrl.c" Line="399" Column="32">
</Loc>
<Message>
Minimisation of run-time failures.
</Message>
</Rule>

</CodeStruct>

<CodeStruct Name="StOutpCtrlInit1" File="C:\component\SF005A_StOutpCtrl_Impl\src\StOutpCtrl.c" Line="124" Column="5">

<Rule Name="21.1" Mode="required" Report="warning" Id="31">
<Loc File="C:\component\SF005A_StOutpCtrl_Impl\src\StOutpCtrl.c" Line="130" Column="8">
</Loc>
<Message>
Minimisation of run-time failures.
</Message>
</Rule>

<Rule Name="21.1" Mode="required" Report="warning" Id="32">
<Loc File="C:\component\SF005A_StOutpCtrl_Impl\src\StOutpCtrl.c" Line="130" Column="30">
</Loc>
<Message>
Minimisation of run-time failures.
</Message>
</Rule>

</CodeStruct>

</MISRA-C-Report>
