<?xml version="1.0" encoding="UTF-8"?>
<Navig version="1.0">
<Files>
<F id="1" n="C:\Program Files\MATLAB\R2013b\polyspace\verifier\cxx\cinclude\stdarg.h"/>
<F id="2" n="C:\component\AR201A_ArCplrSuprt_Impl\include\ASR4.0.3\Platform_Types.h"/>
<F id="3" n="C:\component\AR200A_ArSuprt_Impl\include\ASR4.0.3\Std_Types.h"/>
<F id="4" n="C:\component\CM515A_MotAg4Meas_Impl\tools\contract\Rte_Type.h"/>
<F id="5" n="C:\component\CM515A_MotAg4Meas_Impl\tools\contract\Rte_CDD_MotAg4Meas.h"/>
<F id="6" n="C:\component\AR202A_MicroCtrlrSuprt_Impl\include\P1M\R7F701311\reg_common.h"/>
<F id="7" n="C:\component\AR202A_MicroCtrlrSuprt_Impl\include\P1M\R7F701311\enca_regs.h"/>
<F id="8" n="C:\component\CM515A_MotAg4Meas_Impl\src\CDD_MotAg4Meas.c"/>
<F id="9" n="C-STUBS\__polyspace__stdstubs.c"/>
<F id="10" n="C:\component\CM515A_MotAg4Meas_Impl\doc\Polyspace_Results\CodeProver\C-ALL\C-STUBS\pst_stub_types.h"/>
<F id="11" n="C-STUBS\pst_stubs_1.c"/>
<F id="12" n="C-STUBS\pst_stubs_0.c"/>
<F id="13" n="C-STUBS\__polyspace_main.c"/>
<F id="14" n="C:\Program Files\MATLAB\R2013b\polyspace\verifier\cxx\cinclude\__polyspace__std_decls.h"/>
<F id="15" n="C:\Program Files\MATLAB\R2013b\polyspace\verifier\cxx\cinclude\assert.h"/>
<F id="16" n="C:\Program Files\MATLAB\R2013b\polyspace\verifier\cxx\cinclude\__polyspace__libc_defs.h"/>
<F id="17" n="C:\component\CM515A_MotAg4Meas_Impl\tools\contract\Rte_CDD_MotAg4Meas_Type.h"/>
<F id="18" n="C:\component\CM515A_MotAg4Meas_Impl\tools\contract\Rte.h"/>
<F id="19" n="C:\component\AR201A_ArCplrSuprt_Impl\include\ASR4.0.3\Compiler.h"/>
<F id="20" n="C:\component\AR201A_ArCplrSuprt_Impl\tools\contract\Compiler_Cfg.h"/>
<F id="21" n="C:\component\AR201A_ArCplrSuprt_Impl\tools\contract\Renesas_Compiler.h"/>
<F id="22" n="C:\component\CM515A_MotAg4Meas_Impl\tools\contract\Rte_DataHandleType.h"/>
<F id="23" n="C:\component\AR200A_ArSuprt_Impl\tools\contract\MemMap.h"/>
<F id="24" n="C:\component\CM515A_MotAg4Meas_Impl\tools\contract\CDD_MotAg4Meas_MemMap.h"/>
<F id="25" n="C:\component\CM515A_MotAg4Meas_Impl\include\CDD_MotAg4Meas.h"/>
</Files>
<Definitions>
<D id="1" f="11" l="104" c="12" n="_main_gen_init_sym_ENCA1" t="5" d="1"/>
<D id="2" f="10" l="160" c="21" n="__PST__g__58" t="7" d="1"/>
<D id="3" f="10" l="134" c="21" n="__PST__g__51" t="7" d="1"/>
<D id="4" f="10" l="170" c="22" n="__PST__g__68" t="7" d="1"/>
<D id="5" f="10" l="161" c="22" n="__PST__g__59" t="7" d="1"/>
<D id="6" f="10" l="180" c="22" n="__PST__g__83" t="7" d="1"/>
<D id="7" f="10" l="162" c="31" n="__PST__g__60" t="7" d="1"/>
<D id="8" f="10" l="110" c="17" n="__pst_unused_field_pstnonamef1" t="9" d="1"/>
<D id="9" f="10" l="112" c="34" n="__PST__g__40" t="7" d="1"/>
<D id="10" f="10" l="181" c="31" n="__PST__g__84" t="7" d="1"/>
<D id="11" f="10" l="120" c="17" n="__pst_unused_field_0" t="9" d="1"/>
<D id="12" f="10" l="172" c="22" n="__PST__g__70" t="7" d="1"/>
<D id="13" f="10" l="163" c="22" n="__PST__g__61" t="7" d="1"/>
<D id="14" f="10" l="130" c="17" n="__pst_unused_field_0" t="9" d="1"/>
<D id="15" f="10" l="121" c="17" n="__pst_unused_field_pstnonamef1" t="9" d="1"/>
<D id="16" f="10" l="106" c="33" n="__PST__g__38" t="7" d="1"/>
<D id="17" f="10" l="164" c="22" n="__PST__g__62" t="7" d="1"/>
<D id="18" f="10" l="103" c="17" n="__pst_unused_field_0" t="9" d="1"/>
<D id="19" f="11" l="106" c="24" n="ENCA1" t="1" d="0"/>
<D id="20" f="10" l="131" c="17" n="__pst_unused_field_1" t="9" d="1"/>
<D id="21" f="10" l="174" c="22" n="__PST__g__72" t="7" d="1"/>
<D id="22" f="10" l="104" c="17" n="__pst_unused_field_1" t="9" d="1"/>
<D id="23" f="10" l="159" c="20" n="__PST__g__57" t="7" d="1"/>
<D id="24" f="10" l="167" c="30" n="__PST__g__65" t="7" d="1"/>
<D id="25" f="10" l="176" c="21" n="__PST__g__79" t="7" d="1"/>
<D id="26" f="10" l="109" c="23" n="__pst_unused_field_0" t="9" d="1"/>
<D id="27" f="10" l="132" c="17" n="__pst_unused_field_pstnonamef1" t="9" d="1"/>
<D id="28" f="10" l="158" c="21" n="__PST__g__56" t="7" d="1"/>
<D id="29" f="10" l="175" c="31" n="__PST__g__73" t="7" d="1"/>
<D id="30" f="10" l="140" c="18" n="__pst_unused_field_3" t="9" d="1"/>
<D id="31" f="10" l="166" c="22" n="__PST__g__64" t="7" d="1"/>
<D id="32" f="10" l="177" c="30" n="__PST__g__80" t="7" d="1"/>
<D id="33" f="10" l="151" c="17" n="__pst_unused_field_0" t="9" d="1"/>
<D id="34" f="10" l="115" c="17" n="__pst_unused_field_0" t="9" d="1"/>
<D id="35" f="10" l="141" c="18" n="__pst_unused_field_pstnonamef1" t="9" d="1"/>
<D id="36" f="10" l="152" c="17" n="__pst_unused_field_1" t="9" d="1"/>
<D id="37" f="10" l="178" c="21" n="__PST__g__81" t="7" d="1"/>
<D id="38" f="10" l="125" c="17" n="__pst_unused_field_0" t="9" d="1"/>
<D id="39" f="10" l="116" c="17" n="__pst_unused_field_pstnonamef1" t="9" d="1"/>
<D id="40" f="10" l="142" c="18" n="__pst_unused_field_5" t="9" d="1"/>
<D id="41" f="10" l="168" c="22" n="__PST__g__66" t="7" d="1"/>
<D id="42" f="10" l="153" c="17" n="__pst_unused_field_2" t="9" d="1"/>
<D id="43" f="10" l="126" c="17" n="__pst_unused_field_1" t="9" d="1"/>
<D id="44" f="10" l="143" c="18" n="__pst_unused_field_6" t="9" d="1"/>
<D id="45" f="10" l="171" c="36" n="__PST__g__69" t="7" d="1"/>
<D id="46" f="10" l="154" c="17" n="__pst_unused_field_3" t="9" d="1"/>
<D id="47" f="10" l="179" c="22" n="__PST__g__82" t="7" d="1"/>
<D id="48" f="10" l="144" c="18" n="__pst_unused_field_7" t="9" d="1"/>
<D id="49" f="10" l="155" c="17" n="__pst_unused_field_4" t="9" d="1"/>
<D id="50" f="10" l="145" c="18" n="__pst_unused_field_pstnonamef2" t="9" d="1"/>
<D id="51" f="10" l="173" c="36" n="__PST__g__71" t="7" d="1"/>
<D id="52" f="10" l="156" c="17" n="__pst_unused_field_5" t="9" d="1"/>
<D id="53" f="10" l="146" c="18" n="__pst_unused_field_9" t="9" d="1"/>
<D id="54" f="10" l="137" c="18" n="__pst_unused_field_0" t="9" d="1"/>
<D id="55" f="10" l="165" c="36" n="__PST__g__63" t="7" d="1"/>
<D id="56" f="9" l="6843" c="14" n="_polyspace_compare_function_type" t="7" d="1"/>
<D id="57" f="10" l="147" c="18" n="__pst_unused_field_10" t="9" d="1"/>
<D id="58" f="10" l="138" c="18" n="__pst_unused_field_1" t="9" d="1"/>
<D id="59" f="10" l="139" c="18" n="__pst_unused_field_2" t="9" d="1"/>
<D id="60" f="10" l="169" c="36" n="__PST__g__67" t="7" d="1"/>
<D id="61" f="9" l="11303" c="21" n="HUGE_VAL" t="1" d="1"/>
<D id="62" f="9" l="11304" c="21" n="HUGE_VALF" t="1" d="1"/>
<D id="63" f="9" l="11305" c="21" n="HUGE_VALL" t="1" d="1"/>
<D id="64" f="9" l="11285" c="12" n="_polyspace_random_long_double" t="2" d="1"/>
<D id="65" f="9" l="12147" c="16" n="__polyspace_absolute_address" t="1" d="1"/>
<D id="66" f="9" l="11287" c="23" n="random" t="4" d="1"/>
<D id="67" f="6" l="51" c="2" n="__bitf_T" t="7" d="1"/>
<D id="68" f="7" l="33" c="2" n="__type815" t="7" d="1"/>
<D id="69" f="7" l="45" c="2" n="__type817" t="7" d="1"/>
<D id="70" f="6" l="64" c="2" n="__type468" t="7" d="1"/>
<D id="71" f="7" l="73" c="2" n="__type2094" t="7" d="1"/>
<D id="72" f="6" l="74" c="2" n="__type539" t="7" d="1"/>
<D id="73" f="7" l="83" c="2" n="__type2096" t="7" d="1"/>
<D id="74" f="6" l="93" c="2" n="__type554" t="7" d="1"/>
<D id="75" f="7" l="93" c="2" n="__type2098" t="7" d="1"/>
<D id="76" f="6" l="85" c="2" n="__type541" t="7" d="1"/>
<D id="77" f="7" l="39" c="2" n="__type816" t="7" d="1"/>
<D id="78" f="7" l="68" c="2" n="__type819" t="7" d="1"/>
<D id="79" f="7" l="59" c="2" n="__type818" t="7" d="1"/>
<D id="80" f="5" l="51" c="8" n="_dummy" t="9" d="1"/>
<D id="81" f="6" l="69" c="2" n="__type538" t="7" d="1"/>
<D id="82" f="7" l="78" c="2" n="__type2095" t="7" d="1"/>
<D id="83" f="6" l="79" c="2" n="__type540" t="7" d="1"/>
<D id="84" f="7" l="88" c="2" n="__type2097" t="7" d="1"/>
<D id="85" f="6" l="98" c="2" n="__type721" t="7" d="1"/>
<D id="86" f="6" l="89" c="2" n="__type552" t="7" d="1"/>
<D id="87" f="5" l="48" c="7" n="Rte_CDS_CDD_MotAg4Meas" t="6" d="1"/>
<D id="88" f="10" l="3" c="20" n="__PST__SINT8" t="7" d="1"/>
<D id="89" f="10" l="5" c="19" n="__PST__SINT32" t="7" d="1"/>
<D id="90" f="6" l="50" c="10" n="bit07" t="9" d="1"/>
<D id="91" f="6" l="120" c="2" n="__type728" t="7" d="1"/>
<D id="92" f="10" l="1" c="13" n="__PST__CHAR" t="7" d="1"/>
<D id="93" f="10" l="2" c="13" n="__PST__VOID" t="7" d="1"/>
<D id="94" f="10" l="4" c="21" n="__PST__SINT16" t="7" d="1"/>
<D id="95" f="9" l="20" c="12" n="ptrdiff_t" t="7" d="1"/>
<D id="96" f="7" l="50" c="11" n="ECM1" t="9" d="1"/>
<D id="97" f="6" l="43" c="10" n="bit00" t="9" d="1"/>
<D id="98" f="6" l="103" c="2" n="__type723" t="7" d="1"/>
<D id="99" f="6" l="131" c="2" n="__type1817" t="7" d="1"/>
<D id="100" f="3" l="141" c="2" n="Std_VersionInfoType" t="7" d="1"/>
<D id="101" f="7" l="51" c="11" n="LDE" t="9" d="1"/>
<D id="102" f="6" l="44" c="10" n="bit01" t="9" d="1"/>
<D id="103" f="6" l="113" c="2" n="__type727" t="7" d="1"/>
<D id="104" f="7" l="42" c="11" n="TIS10" t="9" d="1"/>
<D id="105" f="6" l="141" c="2" n="__type1819" t="7" d="1"/>
<D id="106" f="6" l="45" c="10" n="bit02" t="9" d="1"/>
<D id="107" f="7" l="43" c="11" n="TIS32" t="9" d="1"/>
<D id="108" f="7" l="71" c="11" n="UINT8" t="9" d="1"/>
<D id="109" f="9" l="23" c="21" n="wchar_t" t="7" d="1"/>
<D id="110" f="6" l="151" c="2" n="__type1831" t="7" d="1"/>
<D id="111" f="7" l="62" c="11" n="EIS" t="9" d="1"/>
<D id="112" f="7" l="53" c="11" n="CTS" t="9" d="1"/>
<D id="113" f="6" l="46" c="10" n="bit03" t="9" d="1"/>
<D id="114" f="6" l="72" c="11" n="TS" t="9" d="1"/>
<D id="115" f="7" l="72" c="20" n="BIT" t="9" d="1"/>
<D id="116" f="7" l="81" c="11" n="UINT8" t="9" d="1"/>
<D id="117" f="6" l="161" c="2" n="__type2000" t="7" d="1"/>
<D id="118" f="7" l="63" c="11" n="ECS" t="9" d="1"/>
<D id="119" f="10" l="30" c="6" n="__PST__g__45" t="6" d="1"/>
<D id="120" f="6" l="82" c="11" n="MD0" t="9" d="1"/>
<D id="121" f="7" l="54" c="11" n="CRM0" t="9" d="1"/>
<D id="122" f="7" l="91" c="11" n="UINT8" t="9" d="1"/>
<D id="123" f="6" l="47" c="10" n="bit04" t="9" d="1"/>
<D id="124" f="10" l="7" c="22" n="__PST__UINT8" t="7" d="1"/>
<D id="125" f="7" l="36" c="11" n="CLOV" t="9" d="1"/>
<D id="126" f="10" l="9" c="21" n="__PST__UINT32" t="7" d="1"/>
<D id="127" f="6" l="171" c="2" n="__type2006" t="7" d="1"/>
<D id="128" f="7" l="64" c="11" n="ACL" t="9" d="1"/>
<D id="129" f="6" l="83" c="11" n="MD1" t="9" d="1"/>
<D id="130" f="7" l="55" c="11" n="CRM1" t="9" d="1"/>
<D id="131" f="6" l="48" c="10" n="bit05" t="9" d="1"/>
<D id="132" f="7" l="37" c="11" n="CLUD" t="9" d="1"/>
<D id="133" f="7" l="65" c="11" n="BCL" t="9" d="1"/>
<D id="134" f="6" l="126" c="2" n="__type1747" t="7" d="1"/>
<D id="135" f="6" l="49" c="10" n="bit06" t="9" d="1"/>
<D id="136" f="7" l="66" c="11" n="ZCL" t="9" d="1"/>
<D id="137" f="9" l="18" c="21" n="size_t" t="7" d="1"/>
<D id="138" f="6" l="136" c="2" n="__type1818" t="7" d="1"/>
<D id="139" f="7" l="57" c="11" n="MCS" t="9" d="1"/>
<D id="140" f="10" l="8" c="23" n="__PST__UINT16" t="7" d="1"/>
<D id="141" f="7" l="48" c="11" n="UDS" t="9" d="1"/>
<D id="142" f="10" l="42" c="6" n="__PST__g__54" t="6" d="1"/>
<D id="143" f="7" l="76" c="11" n="UINT8" t="9" d="1"/>
<D id="144" f="7" l="67" c="11" n="SCE" t="9" d="1"/>
<D id="145" f="1" l="45" c="14" n="__va_list" t="7" d="1"/>
<D id="146" f="6" l="146" c="2" n="__type1820" t="7" d="1"/>
<D id="147" f="7" l="58" c="11" n="CME" t="9" d="1"/>
<D id="148" f="6" l="77" c="11" n="TT" t="9" d="1"/>
<D id="149" f="7" l="49" c="11" n="ECM0" t="9" d="1"/>
<D id="150" f="7" l="86" c="11" n="UINT16" t="9" d="1"/>
<D id="151" f="10" l="6" c="25" n="__PST__SINT64" t="7" d="1"/>
<D id="152" f="6" l="96" c="11" n="TIS" t="9" d="1"/>
<D id="153" f="6" l="156" c="2" n="__type1833" t="7" d="1"/>
<D id="154" f="7" l="30" c="17" n="UDF" t="9" d="1"/>
<D id="155" f="7" l="119" c="2" n="__type2610" t="7" d="1"/>
<D id="156" f="10" l="25" c="6" n="__PST__g__43" t="6" d="1"/>
<D id="157" f="7" l="82" c="14" n="BIT" t="9" d="1"/>
<D id="158" f="4" l="35" c="15" n="u0p16" t="7" d="1"/>
<D id="159" f="10" l="90" c="6" n="__PST__g__35" t="6" d="1"/>
<D id="160" f="6" l="88" c="11" n="TX" t="9" d="1"/>
<D id="161" f="6" l="166" c="2" n="__type2002" t="7" d="1"/>
<D id="162" f="7" l="31" c="17" n="CSF" t="9" d="1"/>
<D id="163" f="7" l="97" c="11" n="CCR0" t="9" d="1"/>
<D id="164" f="7" l="92" c="14" n="BIT" t="9" d="1"/>
<D id="165" f="1" l="50" c="18" n="__gnuc_va_list" t="7" d="1"/>
<D id="166" f="6" l="176" c="2" n="__type2007" t="7" d="1"/>
<D id="167" f="7" l="98" c="11" n="dummy576" t="9" d="1"/>
<D id="168" f="8" l="144" c="5" n="GetMotAg4Mecl_Oper" t="2" d="1"/>
<D id="169" f="10" l="81" c="7" n="__PST__g__30" t="6" d="1"/>
<D id="170" f="7" l="99" c="11" n="CCR1" t="9" d="1"/>
<D id="171" f="10" l="37" c="6" n="__PST__g__52" t="6" d="1"/>
<D id="172" f="6" l="62" c="17" n="PRERR" t="9" d="1"/>
<D id="173" f="12" l="75" c="5" n="__PST__MAIN__ENTRY__POINT__" t="2" d="1"/>
<D id="174" f="5" l="62" c="45" n="Rte_Instance" t="7" d="1"/>
<D id="175" f="7" l="77" c="14" n="BIT" t="9" d="1"/>
<D id="176" f="8" l="192" c="5" n="MotAg4MeasInit1" t="2" d="1"/>
<D id="177" f="13" l="75" c="5" n="main" t="2" d="1"/>
<D id="178" f="10" l="75" c="6" n="__PST__g__28" t="6" d="1"/>
<D id="179" f="7" l="87" c="14" n="BIT" t="9" d="1"/>
<D id="180" f="8" l="153" c="7" n="MotAgMecl4Polarity_Uls_T_s08" t="4" d="1"/>
<D id="181" f="8" l="152" c="8" n="EncATmrCntr_Cnt_T_u16" t="4" d="1"/>
<D id="182" f="6" l="92" c="17" n="RX" t="9" d="1"/>
<D id="183" f="9" l="394" c="4" n="errno" t="1" d="1"/>
<D id="184" f="10" l="48" c="7" n="__PST__g__25" t="6" d="1"/>
<D id="185" f="7" l="29" c="17" n="OVF" t="9" d="1"/>
<D id="186" f="10" l="95" c="7" n="__PST__g__36" t="6" d="1"/>
<D id="187" f="6" l="67" c="17" n="TE" t="9" d="1"/>
<D id="188" f="1" l="49" c="18" n="va_list" t="7" d="1"/>
<D id="189" f="8" l="156" c="8" n="MotAg4Raw_Cnt_T_u0p16" t="4" d="1"/>
<D id="190" f="7" l="100" c="11" n="dummy577" t="9" d="1"/>
<D id="191" f="6" l="110" c="11" n="MAS" t="9" d="1"/>
<D id="192" f="3" l="140" c="10" n="sw_patch_version" t="9" d="1"/>
<D id="193" f="6" l="101" c="11" n="CLOV" t="9" d="1"/>
<D id="194" f="7" l="110" c="11" n="dummy582" t="9" d="1"/>
<D id="195" f="7" l="101" c="11" n="CNT" t="9" d="1"/>
<D id="196" f="10" l="21" c="30" n="__PST__g__22" t="7" d="1"/>
<D id="197" f="6" l="111" c="11" n="CCS" t="9" d="1"/>
<D id="198" f="10" l="12" c="21" n="__PST__g__11" t="7" d="1"/>
<D id="199" f="6" l="130" c="20" n="BIT" t="9" d="1"/>
<D id="200" f="7" l="102" c="11" n="dummy578" t="9" d="1"/>
<D id="201" f="10" l="20" c="22" n="__PST__g__23" t="7" d="1"/>
<D id="202" f="2" l="110" c="31" n="uint32" t="7" d="1"/>
<D id="203" f="6" l="112" c="11" n="CKS" t="9" d="1"/>
<D id="204" f="10" l="22" c="21" n="__PST__g__85" t="7" d="1"/>
<D id="205" f="7" l="112" c="11" n="dummy583" t="9" d="1"/>
<D id="206" f="10" l="15" c="20" n="__PST__g__15" t="7" d="1"/>
<D id="207" f="10" l="23" c="21" n="__PST__g__86" t="7" d="1"/>
<D id="208" f="11" l="81" c="19" n="_main_gen_init_g54" t="2" d="1"/>
<D id="209" f="7" l="104" c="11" n="dummy579" t="9" d="1"/>
<D id="210" f="10" l="11" c="14" n="__PST__FLOAT32" t="7" d="1"/>
<D id="211" f="10" l="16" c="20" n="__PST__g__17" t="7" d="1"/>
<D id="212" f="7" l="103" c="21" n="FLG" t="9" d="1"/>
<D id="213" f="11" l="25" c="20" n="pst_random_int" t="3" d="1"/>
<D id="214" f="2" l="112" c="31" n="sint8_least" t="7" d="1"/>
<D id="215" f="10" l="24" c="21" n="__PST__g__87" t="7" d="1"/>
<D id="216" f="2" l="103" c="31" n="boolean" t="7" d="1"/>
<D id="217" f="7" l="114" c="11" n="dummy584" t="9" d="1"/>
<D id="218" f="12" l="25" c="20" n="pst_random_int" t="3" d="1"/>
<D id="219" f="11" l="73" c="19" n="_main_gen_init_g52" t="2" d="1"/>
<D id="220" f="13" l="25" c="20" n="pst_random_int" t="3" d="1"/>
<D id="221" f="6" l="124" c="11" n="UINT8" t="9" d="1"/>
<D id="222" f="13" l="51" c="12" n="_main_gen_call_GetMotAg4Mecl_Oper" t="5" d="1"/>
<D id="223" f="11" l="120" c="5" n="_extern_init" t="2" d="1"/>
<D id="224" f="2" l="113" c="31" n="uint8_least" t="7" d="1"/>
<D id="225" f="6" l="106" c="11" n="MD" t="9" d="1"/>
<D id="226" f="10" l="101" c="6" n="__PST__g__39" t="6" d="1"/>
<D id="227" f="3" l="136" c="10" n="vendorID" t="9" d="1"/>
<D id="228" f="7" l="106" c="11" n="dummy580" t="9" d="1"/>
<D id="229" f="11" l="65" c="19" n="_main_gen_init_g45" t="2" d="1"/>
<D id="230" f="6" l="125" c="20" n="BIT" t="9" d="1"/>
<D id="231" f="6" l="134" c="11" n="UINT8" t="9" d="1"/>
<D id="232" f="11" l="27" c="29" n="pst_random_g_6" t="3" d="1"/>
<D id="233" f="10" l="35" c="21" n="__PST__g__88" t="7" d="1"/>
<D id="234" f="2" l="114" c="31" n="sint16_least" t="7" d="1"/>
<D id="235" f="6" l="116" c="11" n="PRS0" t="9" d="1"/>
<D id="236" f="13" l="60" c="22" n="_i_main_gen_tmp_1" t="4" d="1"/>
<D id="237" f="12" l="27" c="29" n="pst_random_g_2" t="3" d="1"/>
<D id="238" f="2" l="105" c="31" n="sint8" t="7" d="1"/>
<D id="239" f="7" l="116" c="11" n="dummy585" t="9" d="1"/>
<D id="240" f="3" l="137" c="10" n="moduleID" t="9" d="1"/>
<D id="241" f="6" l="144" c="11" n="UINT8" t="9" d="1"/>
<D id="242" f="10" l="14" c="23" n="__PST__g__16" t="7" d="1"/>
<D id="243" f="11" l="57" c="19" n="_main_gen_init_g43" t="2" d="1"/>
<D id="244" f="12" l="63" c="30" n="real_random_for_return" t="4" d="1"/>
<D id="245" f="2" l="115" c="31" n="uint16_least" t="7" d="1"/>
<D id="246" f="6" l="117" c="11" n="PRS1" t="9" d="1"/>
<D id="247" f="2" l="106" c="31" n="uint8" t="7" d="1"/>
<D id="248" f="6" l="108" c="11" n="COS" t="9" d="1"/>
<D id="249" f="6" l="140" c="14" n="BIT" t="9" d="1"/>
<D id="250" f="6" l="154" c="11" n="UINT16" t="9" d="1"/>
<D id="251" f="10" l="13" c="15" n="__PST__FLOAT64" t="7" d="1"/>
<D id="252" f="10" l="70" c="23" n="IOC1" t="9" d="1"/>
<D id="253" f="3" l="138" c="10" n="sw_major_version" t="9" d="1"/>
<D id="254" f="7" l="108" c="11" n="dummy581" t="9" d="1"/>
<D id="255" f="7" l="111" c="15" n="TT" t="9" d="1"/>
<D id="256" f="9" l="420" c="23" n="_polyspace_random_uchar" t="5" d="1"/>
<D id="257" f="3" l="132" c="14" n="Std_ReturnType" t="7" d="1"/>
<D id="258" f="7" l="107" c="21" n="TE" t="9" d="1"/>
<D id="259" f="2" l="116" c="31" n="sint32_least" t="7" d="1"/>
<D id="260" f="6" l="118" c="11" n="PRS2" t="9" d="1"/>
<D id="261" f="6" l="150" c="14" n="BIT" t="9" d="1"/>
<D id="262" f="6" l="155" c="20" n="BIT" t="9" d="1"/>
<D id="263" f="6" l="164" c="11" n="UINT8" t="9" d="1"/>
<D id="264" f="13" l="27" c="30" n="pst_random_g_7" t="3" d="1"/>
<D id="265" f="12" l="64" c="21" n="random_for_return" t="4" d="1"/>
<D id="266" f="10" l="74" c="21" n="__PST__g__26" t="7" d="1"/>
<D id="267" f="11" l="83" c="30" n="x" t="4" d="1"/>
<D id="268" f="2" l="107" c="31" n="sint16" t="7" d="1"/>
<D id="269" f="3" l="125" c="22" n="StatusType" t="7" d="1"/>
<D id="270" f="6" l="109" c="11" n="STS" t="9" d="1"/>
<D id="271" f="7" l="118" c="11" n="dummy586" t="9" d="1"/>
<D id="272" f="3" l="139" c="10" n="sw_minor_version" t="9" d="1"/>
<D id="273" f="10" l="36" c="22" n="__PST__g__90" t="7" d="1"/>
<D id="274" f="10" l="62" c="23" n="TS" t="9" d="1"/>
<D id="275" f="10" l="47" c="21" n="__PST__g__89" t="7" d="1"/>
<D id="276" f="6" l="160" c="14" n="BIT" t="9" d="1"/>
<D id="277" f="6" l="174" c="11" n="UINT16" t="9" d="1"/>
<D id="278" f="10" l="10" c="27" n="__PST__UINT64" t="7" d="1"/>
<D id="279" f="10" l="18" c="22" n="__PST__g__20" t="7" d="1"/>
<D id="280" f="2" l="117" c="31" n="uint32_least" t="7" d="1"/>
<D id="281" f="6" l="119" c="11" n="PRS3" t="9" d="1"/>
<D id="282" f="9" l="412" c="14" n="_polyspace_random_char" t="5" d="1"/>
<D id="283" f="2" l="108" c="31" n="uint16" t="7" d="1"/>
<D id="284" f="11" l="75" c="30" n="x" t="4" d="1"/>
<D id="285" f="10" l="17" c="23" n="__PST__g__18" t="7" d="1"/>
<D id="286" f="10" l="80" c="33" n="__PST__g__27" t="7" d="1"/>
<D id="287" f="6" l="170" c="14" n="BIT" t="9" d="1"/>
<D id="288" f="7" l="113" c="15" n="IOC0" t="9" d="1"/>
<D id="289" f="8" l="144" c="31" n="MotAgMecl_Arg" t="4" d="1"/>
<D id="290" f="10" l="123" c="6" n="__PST__g__47" t="6" d="1"/>
<D id="291" f="2" l="127" c="31" n="sint64" t="7" d="1"/>
<D id="292" f="6" l="129" c="11" n="UINT8" t="9" d="1"/>
<D id="293" f="9" l="430" c="24" n="random" t="4" d="1"/>
<D id="294" f="2" l="109" c="31" n="sint32" t="7" d="1"/>
<D id="295" f="12" l="46" c="13" n="Rte_Read_CDD_MotAg4Meas_MotAgMecl4Polarity_Val" t="2" d="1"/>
<D id="296" f="10" l="113" c="7" n="__PST__g__44" t="6" d="1"/>
<D id="297" f="10" l="64" c="23" n="TT" t="9" d="1"/>
<D id="298" f="11" l="67" c="30" n="x" t="4" d="1"/>
<D id="299" f="6" l="139" c="11" n="UINT8" t="9" d="1"/>
<D id="300" f="2" l="128" c="31" n="uint64" t="7" d="1"/>
<D id="301" f="7" l="105" c="15" n="FGC" t="9" d="1"/>
<D id="302" f="13" l="59" c="29" n="_main_gen_tmp_0" t="4" d="1"/>
<D id="303" f="10" l="32" c="17" n="__pst_unused_field_0" t="9" d="1"/>
<D id="304" f="10" l="83" c="23" n="__pst_unused_field_0" t="9" d="1"/>
<D id="305" f="10" l="19" c="32" n="__PST__g__21" t="7" d="1"/>
<D id="306" f="6" l="135" c="14" n="BIT" t="9" d="1"/>
<D id="307" f="6" l="149" c="11" n="UINT16" t="9" d="1"/>
<D id="308" f="10" l="40" c="18" n="UINT16" t="9" d="1"/>
<D id="309" f="10" l="60" c="17" n="__pst_unused_field_10" t="9" d="1"/>
<D id="310" f="2" l="138" c="31" n="float32" t="7" d="1"/>
<D id="311" f="7" l="115" c="15" n="CTL" t="9" d="1"/>
<D id="312" f="7" l="122" c="62" n="ENCA1" t="1" d="0"/>
<D id="313" f="10" l="51" c="17" n="__pst_unused_field_1" t="9" d="1"/>
<D id="314" f="11" l="59" c="30" n="x" t="4" d="1"/>
<D id="315" f="10" l="33" c="17" n="UINT8" t="9" d="1"/>
<D id="316" f="11" l="51" c="17" n="x" t="4" d="1"/>
<D id="317" f="10" l="84" c="23" n="__pst_unused_field_1" t="9" d="1"/>
<D id="318" f="6" l="145" c="14" n="BIT" t="9" d="1"/>
<D id="319" f="6" l="159" c="11" n="UINT8" t="9" d="1"/>
<D id="320" f="10" l="50" c="18" n="__pst_unused_field_0" t="9" d="1"/>
<D id="321" f="13" l="37" c="14" n="_main_gen_init_g7" t="2" d="1"/>
<D id="322" f="10" l="61" c="17" n="__pst_unused_field_11" t="9" d="1"/>
<D id="323" f="2" l="139" c="31" n="float64" t="7" d="1"/>
<D id="324" f="9" l="422" c="34" n="random" t="4" d="1"/>
<D id="325" f="11" l="49" c="13" n="_main_gen_init_g6" t="2" d="1"/>
<D id="326" f="6" l="169" c="11" n="UINT16" t="9" d="1"/>
<D id="327" f="10" l="85" c="23" n="__pst_unused_field_2" t="9" d="1"/>
<D id="328" f="10" l="71" c="17" n="__pst_unused_field_21" t="9" d="1"/>
<D id="329" f="9" l="444" c="23" n="_polyspace_random_ulong" t="5" d="1"/>
<D id="330" f="7" l="117" c="15" n="IOC1" t="9" d="1"/>
<D id="331" f="10" l="53" c="17" n="__pst_unused_field_3" t="9" d="1"/>
<D id="332" f="6" l="165" c="14" n="BIT" t="9" d="1"/>
<D id="333" f="10" l="44" c="17" n="__pst_unused_field_0" t="9" d="1"/>
<D id="334" f="10" l="89" c="21" n="__PST__g__34" t="7" d="1"/>
<D id="335" f="10" l="107" c="7" n="__PST__g__41" t="6" d="1"/>
<D id="336" f="9" l="414" c="25" n="random" t="4" d="1"/>
<D id="337" f="10" l="52" c="18" n="__pst_unused_field_2" t="9" d="1"/>
<D id="338" f="9" l="428" c="13" n="_polyspace_random_int" t="5" d="1"/>
<D id="339" f="10" l="63" c="17" n="__pst_unused_field_13" t="9" d="1"/>
<D id="340" f="10" l="68" c="23" n="CTL" t="9" d="1"/>
<D id="341" f="9" l="451" c="16" n="_polyspace_random_double" t="5" d="1"/>
<D id="342" f="6" l="175" c="14" n="BIT" t="9" d="1"/>
<D id="343" f="10" l="135" c="7" n="__PST__g__53" t="6" d="1"/>
<D id="344" f="11" l="23" c="28" n="pst_random_char" t="3" d="1"/>
<D id="345" f="9" l="436" c="14" n="_polyspace_random_long" t="5" d="1"/>
<D id="346" f="7" l="109" c="15" n="TS" t="9" d="1"/>
<D id="347" f="10" l="45" c="17" n="UINT8" t="9" d="1"/>
<D id="348" f="12" l="23" c="28" n="pst_random_char" t="3" d="1"/>
<D id="349" f="10" l="27" c="17" n="__pst_unused_field_0" t="9" d="1"/>
<D id="350" f="11" l="91" c="17" n="x" t="4" d="1"/>
<D id="351" f="13" l="23" c="28" n="pst_random_char" t="3" d="1"/>
<D id="352" f="10" l="55" c="17" n="__pst_unused_field_5" t="9" d="1"/>
<D id="353" f="10" l="92" c="17" n="__pst_unused_field_0" t="9" d="1"/>
<D id="354" f="11" l="89" c="13" n="_main_gen_init_g24" t="2" d="1"/>
<D id="355" f="10" l="118" c="7" n="__PST__g__46" t="6" d="1"/>
<D id="356" f="10" l="28" c="17" n="UINT8" t="9" d="1"/>
<D id="357" f="10" l="54" c="18" n="CNT" t="9" d="1"/>
<D id="358" f="10" l="65" c="17" n="__pst_unused_field_15" t="9" d="1"/>
<D id="359" f="10" l="56" c="17" n="__pst_unused_field_6" t="9" d="1"/>
<D id="360" f="13" l="55" c="17" n="__arg__0" t="4" d="1"/>
<D id="361" f="10" l="93" c="17" n="__pst_unused_field_1" t="9" d="1"/>
<D id="362" f="10" l="128" c="7" n="__PST__g__48" t="6" d="1"/>
<D id="363" f="10" l="66" c="17" n="__pst_unused_field_16" t="9" d="1"/>
<D id="364" f="10" l="57" c="17" n="__pst_unused_field_7" t="9" d="1"/>
<D id="365" f="10" l="39" c="17" n="__pst_unused_field_0" t="9" d="1"/>
<D id="366" f="10" l="73" c="37" n="__PST__g__24" t="7" d="1"/>
<D id="367" f="9" l="446" c="34" n="random" t="4" d="1"/>
<D id="368" f="10" l="67" c="17" n="__pst_unused_field_17" t="9" d="1"/>
<D id="369" f="12" l="46" c="73" n="P_0" t="4" d="1"/>
<D id="370" f="10" l="58" c="17" n="__pst_unused_field_8" t="9" d="1"/>
<D id="371" f="10" l="86" c="17" n="__pst_unused_field_pstnonamef1" t="9" d="1"/>
<D id="372" f="10" l="88" c="34" n="__PST__g__29" t="7" d="1"/>
<D id="373" f="10" l="77" c="17" n="__pst_unused_field_0" t="9" d="1"/>
<D id="374" f="9" l="453" c="27" n="random" t="4" d="1"/>
<D id="375" f="10" l="59" c="17" n="__pst_unused_field_9" t="9" d="1"/>
<D id="376" f="9" l="438" c="25" n="random" t="4" d="1"/>
<D id="377" f="10" l="78" c="17" n="__pst_unused_field_1" t="9" d="1"/>
<D id="378" f="10" l="149" c="7" n="__PST__g__55" t="6" d="1"/>
<D id="379" f="10" l="69" c="17" n="__pst_unused_field_19" t="9" d="1"/>
<D id="380" f="13" l="39" c="18" n="x" t="4" d="1"/>
<D id="381" f="10" l="97" c="17" n="__pst_unused_field_0" t="9" d="1"/>
<D id="382" f="10" l="98" c="17" n="__pst_unused_field_1" t="9" d="1"/>
<D id="383" f="10" l="99" c="17" n="__pst_unused_field_pstnonamef1" t="9" d="1"/>
<D id="384" f="9" l="3498" c="4" n="__polyspace_nb_varargs" t="1" d="1"/>
<D id="385" f="9" l="3497" c="7" n="__polyspace_vararg" t="1" d="1"/>
</Definitions>
<Uses>
<U id="1" f="10" l="112" c="21" d="335" a="0"/>
<U id="2" f="10" l="106" c="20" d="226" a="0"/>
<U id="3" f="11" l="106" c="11" d="366" a="0"/>
<U id="4" f="10" l="109" c="10" d="124" a="0"/>
<U id="5" f="11" l="110" c="16" d="354" a="0"/>
<U id="6" f="10" l="171" c="23" d="142" a="0"/>
<U id="7" f="10" l="160" c="34" d="201" a="0"/>
<U id="8" f="10" l="173" c="23" d="156" a="0"/>
<U id="9" f="10" l="165" c="23" d="119" a="0"/>
<U id="10" f="13" l="61" c="181" d="236" a="1"/>
<U id="11" f="10" l="162" c="17" d="140" a="0"/>
<U id="12" f="10" l="181" c="17" d="126" a="0"/>
<U id="13" f="10" l="169" c="23" d="171" a="0"/>
<U id="14" f="10" l="159" c="33" d="89" a="0"/>
<U id="15" f="10" l="175" c="17" d="89" a="0"/>
<U id="16" f="10" l="167" c="17" d="124" a="0"/>
<U id="17" f="10" l="177" c="17" d="88" a="0"/>
<U id="18" f="9" l="11288" c="9" d="66" a="0"/>
<U id="19" f="5" l="51" c="2" d="247" a="0"/>
<U id="20" f="6" l="50" c="4" d="247" a="0"/>
<U id="21" f="7" l="50" c="4" d="283" a="0"/>
<U id="22" f="7" l="51" c="4" d="283" a="0"/>
<U id="23" f="7" l="42" c="4" d="247" a="0"/>
<U id="24" f="6" l="43" c="4" d="247" a="0"/>
<U id="25" f="7" l="43" c="4" d="247" a="0"/>
<U id="26" f="7" l="71" c="4" d="247" a="0"/>
<U id="27" f="7" l="62" c="4" d="247" a="0"/>
<U id="28" f="6" l="44" c="4" d="247" a="0"/>
<U id="29" f="7" l="53" c="4" d="283" a="0"/>
<U id="30" f="5" l="78" c="0" d="257" a="0"/>
<U id="31" f="6" l="72" c="4" d="247" a="0"/>
<U id="32" f="7" l="81" c="4" d="247" a="0"/>
<U id="33" f="7" l="63" c="4" d="247" a="0"/>
<U id="34" f="6" l="45" c="4" d="247" a="0"/>
<U id="35" f="6" l="82" c="4" d="247" a="0"/>
<U id="36" f="7" l="54" c="4" d="283" a="0"/>
<U id="37" f="7" l="91" c="4" d="247" a="0"/>
<U id="38" f="7" l="82" c="4" d="69" a="0"/>
<U id="39" f="1" l="50" c="8" d="145" a="0"/>
<U id="40" f="7" l="36" c="4" d="247" a="0"/>
<U id="41" f="7" l="64" c="4" d="247" a="0"/>
<U id="42" f="6" l="46" c="4" d="247" a="0"/>
<U id="43" f="6" l="83" c="4" d="247" a="0"/>
<U id="44" f="7" l="55" c="4" d="283" a="0"/>
<U id="45" f="7" l="92" c="4" d="78" a="0"/>
<U id="46" f="7" l="37" c="4" d="247" a="0"/>
<U id="47" f="7" l="65" c="4" d="247" a="0"/>
<U id="48" f="6" l="47" c="4" d="247" a="0"/>
<U id="49" f="7" l="66" c="4" d="247" a="0"/>
<U id="50" f="6" l="48" c="4" d="247" a="0"/>
<U id="51" f="7" l="57" c="4" d="283" a="0"/>
<U id="52" f="7" l="48" c="4" d="283" a="0"/>
<U id="53" f="7" l="76" c="4" d="247" a="0"/>
<U id="54" f="7" l="67" c="4" d="247" a="0"/>
<U id="55" f="6" l="49" c="4" d="247" a="0"/>
<U id="56" f="7" l="58" c="4" d="283" a="0"/>
<U id="57" f="6" l="77" c="4" d="247" a="0"/>
<U id="58" f="7" l="49" c="4" d="283" a="0"/>
<U id="59" f="7" l="86" c="4" d="283" a="0"/>
<U id="60" f="7" l="77" c="4" d="77" a="0"/>
<U id="61" f="4" l="35" c="8" d="283" a="0"/>
<U id="62" f="6" l="96" c="4" d="247" a="0"/>
<U id="63" f="7" l="87" c="4" d="79" a="0"/>
<U id="64" f="1" l="84" c="7" d="188" a="0"/>
<U id="65" f="6" l="88" c="4" d="283" a="0"/>
<U id="66" f="7" l="97" c="4" d="283" a="0"/>
<U id="67" f="7" l="98" c="4" d="247" a="0"/>
<U id="68" f="7" l="99" c="4" d="283" a="0"/>
<U id="69" f="1" l="49" c="8" d="145" a="0"/>
<U id="70" f="7" l="30" c="10" d="247" a="0"/>
<U id="71" f="7" l="31" c="10" d="247" a="0"/>
<U id="72" f="8" l="211" c="1" d="312" a="1"/>
<U id="73" f="8" l="202" c="1" d="312" a="1"/>
<U id="74" f="7" l="100" c="4" d="247" a="0"/>
<U id="75" f="6" l="62" c="10" d="247" a="0"/>
<U id="76" f="6" l="110" c="4" d="283" a="0"/>
<U id="77" f="6" l="101" c="4" d="247" a="0"/>
<U id="78" f="7" l="110" c="4" d="247" a="0"/>
<U id="79" f="10" l="40" c="4" d="140" a="0"/>
<U id="80" f="3" l="140" c="3" d="247" a="0"/>
<U id="81" f="7" l="101" c="4" d="283" a="0"/>
<U id="82" f="7" l="72" c="10" d="68" a="0"/>
<U id="83" f="6" l="111" c="4" d="283" a="0"/>
<U id="84" f="8" l="205" c="1" d="312" a="1"/>
<U id="85" f="10" l="50" c="4" d="140" a="0"/>
<U id="86" f="7" l="111" c="4" d="105" a="0"/>
<U id="87" f="7" l="102" c="4" d="247" a="0"/>
<U id="88" f="8" l="152" c="1" d="283" a="0"/>
<U id="89" f="12" l="46" c="0" d="124" a="0"/>
<U id="90" f="10" l="32" c="4" d="207" a="0"/>
<U id="91" f="6" l="92" c="10" d="283" a="0"/>
<U id="92" f="10" l="60" c="4" d="207" a="0"/>
<U id="93" f="6" l="112" c="4" d="283" a="0"/>
<U id="94" f="13" l="37" c="0" d="140" a="0"/>
<U id="95" f="10" l="51" c="4" d="204" a="0"/>
<U id="96" f="5" l="62" c="21" d="87" a="0"/>
<U id="97" f="7" l="112" c="4" d="247" a="0"/>
<U id="98" f="6" l="140" c="4" d="83" a="0"/>
<U id="99" f="8" l="153" c="1" d="238" a="0"/>
<U id="100" f="13" l="41" c="4" d="380" a="1"/>
<U id="101" f="10" l="33" c="4" d="124" a="0"/>
<U id="102" f="11" l="51" c="4" d="124" a="0"/>
<U id="103" f="10" l="61" c="4" d="215" a="0"/>
<U id="104" f="10" l="52" c="4" d="140" a="0"/>
<U id="105" f="6" l="150" c="4" d="86" a="0"/>
<U id="106" f="7" l="29" c="10" d="247" a="0"/>
<U id="107" f="7" l="113" c="4" d="73" a="0"/>
<U id="108" f="11" l="61" c="4" d="314" a="1"/>
<U id="109" f="7" l="104" c="4" d="247" a="0"/>
<U id="110" f="10" l="71" c="4" d="275" a="0"/>
<U id="111" f="6" l="67" c="10" d="247" a="0"/>
<U id="112" f="1" l="84" c="39" d="188" a="0"/>
<U id="113" f="6" l="160" c="4" d="85" a="0"/>
<U id="114" f="8" l="208" c="1" d="312" a="1"/>
<U id="115" f="10" l="53" c="4" d="204" a="0"/>
<U id="116" f="11" l="49" c="0" d="124" a="0"/>
<U id="117" f="7" l="114" c="4" d="247" a="0"/>
<U id="118" f="10" l="20" c="8" d="88" a="0"/>
<U id="119" f="10" l="44" c="4" d="207" a="0"/>
<U id="120" f="7" l="105" c="4" d="82" a="0"/>
<U id="121" f="11" l="53" c="4" d="316" a="1"/>
<U id="122" f="6" l="124" c="4" d="247" a="0"/>
<U id="123" f="6" l="170" c="4" d="103" a="0"/>
<U id="124" f="10" l="63" c="4" d="215" a="0"/>
<U id="125" f="10" l="54" c="4" d="140" a="0"/>
<U id="126" f="6" l="106" c="4" d="283" a="0"/>
<U id="127" f="7" l="115" c="4" d="84" a="0"/>
<U id="128" f="8" l="165" c="1" d="189" a="1"/>
<U id="129" f="10" l="45" c="4" d="124" a="0"/>
<U id="130" f="7" l="106" c="4" d="247" a="0"/>
<U id="131" f="8" l="156" c="1" d="283" a="0"/>
<U id="132" f="10" l="12" c="8" d="93" a="0"/>
<U id="133" f="3" l="136" c="3" d="283" a="0"/>
<U id="134" f="6" l="134" c="4" d="247" a="0"/>
<U id="135" f="10" l="27" c="4" d="207" a="0"/>
<U id="136" f="11" l="91" c="4" d="366" a="0"/>
<U id="137" f="6" l="116" c="4" d="283" a="0"/>
<U id="138" f="10" l="55" c="4" d="204" a="0"/>
<U id="139" f="11" l="61" c="6" d="356" a="0"/>
<U id="140" f="7" l="116" c="4" d="247" a="0"/>
<U id="141" f="10" l="22" c="8" d="88" a="0"/>
<U id="142" f="10" l="92" c="4" d="207" a="0"/>
<U id="143" f="6" l="144" c="4" d="247" a="0"/>
<U id="144" f="3" l="137" c="3" d="283" a="0"/>
<U id="145" f="6" l="135" c="4" d="72" a="0"/>
<U id="146" f="10" l="28" c="4" d="124" a="0"/>
<U id="147" f="10" l="65" c="4" d="215" a="0"/>
<U id="148" f="6" l="117" c="4" d="283" a="0"/>
<U id="149" f="10" l="56" c="4" d="207" a="0"/>
<U id="150" f="6" l="108" c="4" d="283" a="0"/>
<U id="151" f="6" l="154" c="4" d="283" a="0"/>
<U id="152" f="7" l="117" c="4" d="75" a="0"/>
<U id="153" f="13" l="55" c="4" d="242" a="0"/>
<U id="154" f="10" l="23" c="8" d="88" a="0"/>
<U id="155" f="10" l="93" c="4" d="124" a="0"/>
<U id="156" f="11" l="89" c="0" d="366" a="0"/>
<U id="157" f="6" l="145" c="4" d="76" a="0"/>
<U id="158" f="7" l="108" c="4" d="247" a="0"/>
<U id="159" f="12" l="50" c="8" d="369" a="0"/>
<U id="160" f="10" l="14" c="8" d="140" a="0"/>
<U id="161" f="3" l="138" c="3" d="247" a="0"/>
<U id="162" f="11" l="81" c="6" d="142" a="0"/>
<U id="163" f="11" l="93" c="4" d="350" a="1"/>
<U id="164" f="10" l="66" c="4" d="207" a="0"/>
<U id="165" f="6" l="118" c="4" d="283" a="0"/>
<U id="166" f="6" l="164" c="4" d="247" a="0"/>
<U id="167" f="8" l="170" c="6" d="289" a="0"/>
<U id="168" f="13" l="41" c="8" d="264" a="0"/>
<U id="169" f="10" l="57" c="4" d="215" a="0"/>
<U id="170" f="6" l="109" c="4" d="283" a="0"/>
<U id="171" f="7" l="118" c="4" d="247" a="0"/>
<U id="172" f="10" l="24" c="8" d="88" a="0"/>
<U id="173" f="7" l="109" c="4" d="138" a="0"/>
<U id="174" f="8" l="159" c="1" d="181" a="1"/>
<U id="175" f="12" l="51" c="8" d="218" a="0"/>
<U id="176" f="10" l="15" c="8" d="93" a="0"/>
<U id="177" f="10" l="39" c="4" d="273" a="0"/>
<U id="178" f="3" l="132" c="8" d="247" a="0"/>
<U id="179" f="3" l="139" c="3" d="247" a="0"/>
<U id="180" f="8" l="160" c="7" d="295" a="0"/>
<U id="181" f="13" l="60" c="8" d="126" a="0"/>
<U id="182" f="11" l="94" c="4" d="350" a="1"/>
<U id="183" f="6" l="174" c="4" d="283" a="0"/>
<U id="184" f="10" l="67" c="4" d="233" a="0"/>
<U id="185" f="11" l="73" c="6" d="171" a="0"/>
<U id="186" f="11" l="85" c="4" d="267" a="1"/>
<U id="187" f="6" l="119" c="4" d="283" a="0"/>
<U id="188" f="6" l="165" c="4" d="98" a="0"/>
<U id="189" f="10" l="58" c="4" d="207" a="0"/>
<U id="190" f="10" l="16" c="8" d="93" a="0"/>
<U id="191" f="10" l="86" c="4" d="124" a="0"/>
<U id="192" f="13" l="39" c="4" d="140" a="0"/>
<U id="193" f="10" l="77" c="4" d="207" a="0"/>
<U id="194" f="11" l="95" c="4" d="350" a="1"/>
<U id="195" f="6" l="129" c="4" d="247" a="0"/>
<U id="196" f="6" l="175" c="4" d="91" a="0"/>
<U id="197" f="12" l="80" c="8" d="177" a="0"/>
<U id="198" f="10" l="35" c="8" d="88" a="0"/>
<U id="199" f="11" l="53" c="8" d="232" a="0"/>
<U id="200" f="10" l="59" c="4" d="215" a="0"/>
<U id="201" f="11" l="65" c="6" d="119" a="0"/>
<U id="202" f="11" l="77" c="4" d="284" a="1"/>
<U id="203" f="10" l="17" c="8" d="251" a="0"/>
<U id="204" f="11" l="93" c="6" d="274" a="0"/>
<U id="205" f="6" l="139" c="4" d="247" a="0"/>
<U id="206" f="10" l="78" c="4" d="124" a="0"/>
<U id="207" f="11" l="96" c="4" d="350" a="1"/>
<U id="208" f="10" l="69" c="4" d="204" a="0"/>
<U id="209" f="10" l="36" c="8" d="94" a="0"/>
<U id="210" f="11" l="37" c="7" d="140" a="0"/>
<U id="211" f="11" l="57" c="6" d="156" a="0"/>
<U id="212" f="10" l="97" c="4" d="124" a="0"/>
<U id="213" f="11" l="69" c="4" d="298" a="1"/>
<U id="214" f="6" l="149" c="4" d="283" a="0"/>
<U id="215" f="10" l="18" c="8" d="198" a="0"/>
<U id="216" f="11" l="94" c="6" d="297" a="0"/>
<U id="217" f="11" l="85" c="6" d="347" a="0"/>
<U id="218" f="11" l="97" c="4" d="350" a="1"/>
<U id="219" f="5" l="78" c="15" d="295" a="0"/>
<U id="220" f="8" l="174" c="6" d="289" a="0"/>
<U id="221" f="13" l="69" c="4" d="168" a="0"/>
<U id="222" f="6" l="159" c="4" d="247" a="0"/>
<U id="223" f="12" l="64" c="8" d="124" a="0"/>
<U id="224" f="10" l="74" c="8" d="124" a="0"/>
<U id="225" f="10" l="98" c="4" d="124" a="0"/>
<U id="226" f="8" l="168" c="4" d="180" a="0"/>
<U id="227" f="11" l="95" c="6" d="340" a="0"/>
<U id="228" f="10" l="47" c="8" d="88" a="0"/>
<U id="229" f="11" l="77" c="6" d="308" a="0"/>
<U id="230" f="6" l="169" c="4" d="283" a="0"/>
<U id="231" f="10" l="99" c="4" d="124" a="0"/>
<U id="232" f="11" l="96" c="6" d="252" a="0"/>
<U id="233" f="13" l="65" c="8" d="360" a="1"/>
<U id="234" f="5" l="78" c="62" d="238" a="0"/>
<U id="235" f="11" l="69" c="6" d="315" a="0"/>
<U id="236" f="12" l="57" c="8" d="369" a="0"/>
<U id="237" f="11" l="97" c="6" d="357" a="0"/>
<U id="238" f="12" l="78" c="8" d="93" a="0"/>
<U id="239" f="10" l="89" c="8" d="124" a="0"/>
<U id="240" f="8" l="211" c="9" d="346" a="0"/>
<U id="241" f="8" l="202" c="9" d="255" a="0"/>
<U id="242" f="6" l="130" c="10" d="81" a="0"/>
<U id="243" f="7" l="103" c="10" d="71" a="0"/>
<U id="244" f="10" l="70" c="10" d="142" a="0"/>
<U id="245" f="10" l="110" c="4" d="124" a="0"/>
<U id="246" f="8" l="205" c="9" d="311" a="0"/>
<U id="247" f="10" l="62" c="10" d="156" a="0"/>
<U id="248" f="10" l="120" c="4" d="124" a="0"/>
<U id="249" f="11" l="70" c="11" d="298" a="0"/>
<U id="250" f="10" l="80" c="20" d="178" a="0"/>
<U id="251" f="13" l="42" c="11" d="380" a="0"/>
<U id="252" f="10" l="130" c="4" d="124" a="0"/>
<U id="253" f="10" l="121" c="4" d="124" a="0"/>
<U id="254" f="6" l="125" c="10" d="70" a="0"/>
<U id="255" f="10" l="64" c="10" d="119" a="0"/>
<U id="256" f="11" l="62" c="11" d="314" a="0"/>
<U id="257" f="10" l="103" c="4" d="207" a="0"/>
<U id="258" f="7" l="107" c="10" d="99" a="0"/>
<U id="259" f="10" l="140" c="4" d="140" a="0"/>
<U id="260" f="10" l="83" c="10" d="124" a="0"/>
<U id="261" f="9" l="431" c="11" d="293" a="0"/>
<U id="262" f="8" l="208" c="9" d="330" a="0"/>
<U id="263" f="10" l="131" c="4" d="124" a="0"/>
<U id="264" f="13" l="53" c="11" d="93" a="0"/>
<U id="265" f="11" l="54" c="11" d="316" a="0"/>
<U id="266" f="10" l="104" c="4" d="124" a="0"/>
<U id="267" f="10" l="84" c="10" d="124" a="0"/>
<U id="268" f="10" l="141" c="4" d="140" a="0"/>
<U id="269" f="9" l="423" c="11" d="324" a="0"/>
<U id="270" f="13" l="65" c="19" d="220" a="0"/>
<U id="271" f="10" l="132" c="4" d="124" a="0"/>
<U id="272" f="6" l="155" c="10" d="74" a="0"/>
<U id="273" f="13" l="93" c="19" d="93" a="0"/>
<U id="274" f="8" l="211" c="14" d="231" a="0"/>
<U id="275" f="10" l="85" c="10" d="124" a="0"/>
<U id="276" f="8" l="202" c="14" d="299" a="0"/>
<U id="277" f="10" l="151" c="4" d="124" a="0"/>
<U id="278" f="13" l="61" c="13" d="236" a="1"/>
<U id="279" f="10" l="142" c="4" d="140" a="0"/>
<U id="280" f="9" l="415" c="11" d="336" a="0"/>
<U id="281" f="13" l="63" c="12" d="302" a="1"/>
<U id="282" f="11" l="93" c="11" d="243" a="0"/>
<U id="283" f="10" l="115" c="4" d="124" a="0"/>
<U id="284" f="13" l="91" c="12" d="220" a="0"/>
<U id="285" f="11" l="61" c="14" d="325" a="0"/>
<U id="286" f="11" l="37" c="21" d="321" a="0"/>
<U id="287" f="10" l="152" c="4" d="124" a="0"/>
<U id="288" f="10" l="68" c="10" d="171" a="0"/>
<U id="289" f="13" l="63" c="49" d="321" a="0"/>
<U id="290" f="12" l="55" c="12" d="369" a="0"/>
<U id="291" f="10" l="143" c="4" d="140" a="0"/>
<U id="292" f="7" l="122" c="51" d="155" a="0"/>
<U id="293" f="11" l="110" c="8" d="19" a="1"/>
<U id="294" f="11" l="94" c="11" d="229" a="0"/>
<U id="295" f="10" l="15" c="33" d="242" a="0"/>
<U id="296" f="10" l="125" c="4" d="207" a="0"/>
<U id="297" f="10" l="116" c="4" d="124" a="0"/>
<U id="298" f="10" l="21" c="17" d="201" a="0"/>
<U id="299" f="11" l="125" c="4" d="1" a="0"/>
<U id="300" f="10" l="153" c="4" d="124" a="0"/>
<U id="301" f="9" l="454" c="11" d="374" a="0"/>
<U id="302" f="8" l="170" c="32" d="189" a="0"/>
<U id="303" f="10" l="144" c="4" d="140" a="0"/>
<U id="304" f="13" l="53" c="23" d="168" a="0"/>
<U id="305" f="11" l="86" c="11" d="267" a="0"/>
<U id="306" f="10" l="126" c="4" d="124" a="0"/>
<U id="307" f="11" l="23" c="16" d="92" a="0"/>
<U id="308" f="12" l="23" c="16" d="92" a="0"/>
<U id="309" f="10" l="154" c="4" d="124" a="0"/>
<U id="310" f="13" l="23" c="16" d="92" a="0"/>
<U id="311" f="12" l="64" c="41" d="244" a="0"/>
<U id="312" f="10" l="145" c="4" d="140" a="0"/>
<U id="313" f="13" l="53" c="42" d="242" a="0"/>
<U id="314" f="11" l="78" c="11" d="284" a="0"/>
<U id="315" f="13" l="93" c="31" d="176" a="0"/>
<U id="316" f="12" l="78" c="20" d="177" a="0"/>
<U id="317" f="13" l="85" c="12" d="220" a="0"/>
<U id="318" f="12" l="53" c="15" d="218" a="0"/>
<U id="319" f="11" l="95" c="12" d="219" a="0"/>
<U id="320" f="8" l="205" c="15" d="150" a="0"/>
<U id="321" f="9" l="447" c="11" d="367" a="0"/>
<U id="322" f="10" l="155" c="4" d="124" a="0"/>
<U id="323" f="10" l="73" c="24" d="184" a="0"/>
<U id="324" f="13" l="95" c="12" d="176" a="0"/>
<U id="325" f="10" l="146" c="4" d="140" a="0"/>
<U id="326" f="8" l="174" c="22" d="189" a="0"/>
<U id="327" f="13" l="65" c="41" d="302" a="1"/>
<U id="328" f="10" l="137" c="4" d="140" a="0"/>
<U id="329" f="12" l="46" c="60" d="201" a="0"/>
<U id="330" f="11" l="98" c="11" d="350" a="0"/>
<U id="331" f="13" l="79" c="11" d="220" a="0"/>
<U id="332" f="10" l="88" c="21" d="169" a="0"/>
<U id="333" f="9" l="439" c="11" d="376" a="0"/>
<U id="334" f="8" l="144" c="24" d="158" a="0"/>
<U id="335" f="10" l="156" c="4" d="124" a="0"/>
<U id="336" f="13" l="87" c="12" d="222" a="0"/>
<U id="337" f="10" l="160" c="8" d="124" a="0"/>
<U id="338" f="10" l="147" c="4" d="140" a="0"/>
<U id="339" f="11" l="97" c="12" d="321" a="0"/>
<U id="340" f="10" l="138" c="4" d="140" a="0"/>
<U id="341" f="11" l="85" c="14" d="325" a="0"/>
<U id="342" f="11" l="96" c="13" d="208" a="0"/>
<U id="343" f="12" l="65" c="15" d="265" a="0"/>
<U id="344" f="11" l="27" c="16" d="124" a="0"/>
<U id="345" f="10" l="170" c="8" d="60" a="0"/>
<U id="346" f="12" l="27" c="16" d="88" a="0"/>
<U id="347" f="12" l="55" c="34" d="237" a="0"/>
<U id="348" f="10" l="161" c="8" d="366" a="0"/>
<U id="349" f="10" l="139" c="4" d="140" a="0"/>
<U id="350" f="13" l="27" c="16" d="140" a="0"/>
<U id="351" f="13" l="61" c="36" d="236" a="0"/>
<U id="352" f="12" l="55" c="16" d="218" a="0"/>
<U id="353" f="10" l="134" c="8" d="124" a="0"/>
<U id="354" f="12" l="63" c="17" d="124" a="0"/>
<U id="355" f="10" l="180" c="8" d="126" a="0"/>
<U id="356" f="11" l="69" c="14" d="325" a="0"/>
<U id="357" f="8" l="208" c="16" d="122" a="0"/>
<U id="358" f="8" l="160" c="55" d="180" a="1"/>
<U id="359" f="10" l="19" c="17" d="251" a="0"/>
<U id="360" f="11" l="83" c="17" d="142" a="0"/>
<U id="361" f="11" l="77" c="15" d="321" a="0"/>
<U id="362" f="13" l="69" c="23" d="360" a="0"/>
<U id="363" f="10" l="172" c="8" d="45" a="0"/>
<U id="364" f="10" l="163" c="8" d="7" a="0"/>
<U id="365" f="8" l="165" c="25" d="283" a="0"/>
<U id="366" f="13" l="59" c="15" d="140" a="0"/>
<U id="367" f="11" l="75" c="17" d="171" a="0"/>
<U id="368" f="10" l="164" c="8" d="2" a="0"/>
<U id="369" f="12" l="57" c="17" d="237" a="0"/>
<U id="370" f="8" l="159" c="33" d="195" a="0"/>
<U id="371" f="8" l="165" c="35" d="181" a="0"/>
<U id="372" f="13" l="63" c="28" d="236" a="0"/>
<U id="373" f="11" l="67" c="17" d="119" a="0"/>
<U id="374" f="10" l="174" c="8" d="51" a="0"/>
<U id="375" f="11" l="59" c="17" d="156" a="0"/>
<U id="376" f="8" l="159" c="25" d="312" a="1"/>
<U id="377" f="10" l="166" c="8" d="55" a="0"/>
<U id="378" f="10" l="176" c="8" d="88" a="0"/>
<U id="379" f="10" l="158" c="8" d="124" a="0"/>
<U id="380" f="10" l="168" c="8" d="24" a="0"/>
<U id="381" f="10" l="159" c="8" d="93" a="0"/>
<U id="382" f="10" l="178" c="8" d="124" a="0"/>
<U id="383" f="10" l="179" c="8" d="89" a="0"/>
</Uses>
<Blocks>
<B id="1" t="else" f="8" l="172" c="1">
<BEGIN l="173" c="1"/>
<END l="175" c="1"/>
</B>
<B id="2" t="if" f="8" l="168" c="1">
<BEGIN l="169" c="1"/>
<END l="171" c="1"/>
<ELSE d="1"/>
</B>
<B id="3" t="routine" f="8" l="144" c="5">
<BEGIN l="145" c="0"/>
<END l="180" c="0"/>
<SUB d="2"/>
</B>
<B id="4" t="routine" f="8" l="192" c="5">
<BEGIN l="193" c="0"/>
<END l="216" c="0"/>
</B>
<B id="5" t="ppcif" f="14" l="15" c="0">
<BEGIN l="15" c="27"/>
<END l="330" c="0"/>
</B>
<B id="6" t="ppcif" f="14" l="25" c="0">
<BEGIN l="25" c="19"/>
<END l="155" c="0"/>
</B>
<B id="7" t="ppcrmif" f="14" l="46" c="0">
<BEGIN l="46" c="93"/>
<END l="91" c="0"/>
</B>
<B id="8" t="ppcrmif" f="14" l="94" c="0">
<BEGIN l="94" c="91"/>
<END l="153" c="0"/>
</B>
<B id="9" t="ppcrmelse" f="14" l="155" c="0">
<BEGIN l="155" c="35"/>
<END l="328" c="0"/>
</B>
<B id="10" t="ppcif" f="15" l="11" c="0">
<BEGIN l="11" c="27"/>
<END l="36" c="0"/>
</B>
<B id="11" t="ppcrmif" f="15" l="14" c="0">
<BEGIN l="14" c="19"/>
<END l="29" c="0"/>
</B>
<B id="12" t="ppcelse" f="15" l="29" c="0">
<BEGIN l="29" c="5"/>
<END l="33" c="0"/>
</B>
<B id="13" t="ppcif" f="1" l="22" c="0">
<BEGIN l="22" c="17"/>
<END l="109" c="0"/>
</B>
<B id="14" t="ppcrmif" f="1" l="39" c="0">
<BEGIN l="39" c="66"/>
<END l="43" c="0"/>
</B>
<B id="15" t="ppcelse" f="1" l="43" c="0">
<BEGIN l="43" c="60"/>
<END l="47" c="0"/>
</B>
<B id="16" t="ppcrmif" f="1" l="52" c="0">
<BEGIN l="52" c="18"/>
<END l="58" c="0"/>
</B>
<B id="17" t="ppcrmif" f="1" l="62" c="0">
<BEGIN l="62" c="33"/>
<END l="80" c="0"/>
</B>
<B id="18" t="ppcelse" f="1" l="80" c="0">
<BEGIN l="80" c="31"/>
<END l="93" c="0"/>
</B>
<B id="19" t="ppcrmif" f="1" l="96" c="0">
<BEGIN l="96" c="14"/>
<END l="106" c="0"/>
</B>
<B id="20" t="ppcif" f="16" l="3" c="0">
<BEGIN l="3" c="29"/>
<END l="348" c="0"/>
</B>
<B id="21" t="ppcif" f="16" l="61" c="0">
<BEGIN l="63" c="27"/>
<END l="66" c="0"/>
</B>
<B id="22" t="ppcrmif" f="16" l="165" c="0">
<BEGIN l="165" c="17"/>
<END l="206" c="0"/>
</B>
<B id="23" t="ppcrmif" f="16" l="209" c="0">
<BEGIN l="209" c="37"/>
<END l="211" c="0"/>
</B>
<B id="24" t="ppcrmif" f="16" l="213" c="0">
<BEGIN l="213" c="44"/>
<END l="321" c="0"/>
</B>
<B id="25" t="ppcif" f="16" l="323" c="0">
<BEGIN l="323" c="18"/>
<END l="346" c="0"/>
</B>
<B id="26" t="ppcrmif" f="16" l="326" c="0">
<BEGIN l="326" c="18"/>
<END l="328" c="0"/>
</B>
<B id="27" t="ppcrmif" f="16" l="329" c="0">
<BEGIN l="329" c="63"/>
<END l="331" c="0"/>
</B>
<B id="28" t="ppcrmif" f="16" l="332" c="0">
<BEGIN l="332" c="64"/>
<END l="334" c="0"/>
</B>
<B id="29" t="ppcrmif" f="16" l="335" c="0">
<BEGIN l="335" c="16"/>
<END l="340" c="0"/>
</B>
<B id="30" t="ppcif" f="16" l="343" c="0">
<BEGIN l="343" c="57"/>
<END l="345" c="0"/>
</B>
<B id="31" t="type" f="5" l="48" c="7">
<BEGIN l="48" c="28"/>
<END l="52" c="0"/>
</B>
<B id="32" t="ppcif" f="5" l="24" c="0">
<BEGIN l="24" c="29"/>
<END l="157" c="0"/>
</B>
<B id="33" t="ppcrmif" f="5" l="27" c="0">
<BEGIN l="27" c="35"/>
<END l="29" c="0"/>
</B>
<B id="34" t="ppcrmif" f="5" l="33" c="0">
<BEGIN l="33" c="19"/>
<END l="36" c="0"/>
</B>
<B id="35" t="ppcrmif" f="5" l="141" c="0">
<BEGIN l="141" c="19"/>
<END l="143" c="0"/>
</B>
<B id="36" t="ppcif" f="5" l="146" c="0">
<BEGIN l="146" c="26"/>
<END l="154" c="0"/>
</B>
<B id="37" t="ppcif" f="5" l="147" c="0">
<BEGIN l="147" c="25"/>
<END l="151" c="0"/>
</B>
<B id="38" t="ppcrmif" f="5" l="148" c="0">
<BEGIN l="148" c="37"/>
<END l="150" c="0"/>
</B>
<B id="39" t="ppcrmelse" f="5" l="151" c="0">
<BEGIN l="151" c="7"/>
<END l="153" c="0"/>
</B>
<B id="40" t="ppcif" f="17" l="24" c="0">
<BEGIN l="24" c="34"/>
<END l="55" c="0"/>
</B>
<B id="41" t="ppcrmif" f="17" l="27" c="0">
<BEGIN l="27" c="19"/>
<END l="30" c="0"/>
</B>
<B id="42" t="ppcrmif" f="17" l="39" c="0">
<BEGIN l="39" c="19"/>
<END l="41" c="0"/>
</B>
<B id="43" t="ppcif" f="17" l="44" c="0">
<BEGIN l="44" c="26"/>
<END l="52" c="0"/>
</B>
<B id="44" t="ppcif" f="17" l="45" c="0">
<BEGIN l="45" c="25"/>
<END l="49" c="0"/>
</B>
<B id="45" t="ppcrmif" f="17" l="46" c="0">
<BEGIN l="46" c="37"/>
<END l="48" c="0"/>
</B>
<B id="46" t="ppcrmelse" f="17" l="49" c="0">
<BEGIN l="49" c="7"/>
<END l="51" c="0"/>
</B>
<B id="47" t="ppcif" f="4" l="24" c="0">
<BEGIN l="24" c="19"/>
<END l="49" c="0"/>
</B>
<B id="48" t="ppcif" f="4" l="38" c="0">
<BEGIN l="38" c="26"/>
<END l="46" c="0"/>
</B>
<B id="49" t="ppcif" f="4" l="39" c="0">
<BEGIN l="39" c="25"/>
<END l="43" c="0"/>
</B>
<B id="50" t="ppcrmif" f="4" l="40" c="0">
<BEGIN l="40" c="37"/>
<END l="42" c="0"/>
</B>
<B id="51" t="ppcrmelse" f="4" l="43" c="0">
<BEGIN l="43" c="7"/>
<END l="45" c="0"/>
</B>
<B id="52" t="ppcif" f="18" l="25" c="0">
<BEGIN l="25" c="14"/>
<END l="95" c="0"/>
</B>
<B id="53" t="ppcrmif" f="18" l="41" c="0">
<BEGIN l="41" c="33"/>
<END l="43" c="0"/>
</B>
<B id="54" t="ppcrmif" f="18" l="45" c="0">
<BEGIN l="45" c="46"/>
<END l="47" c="0"/>
</B>
<B id="55" t="ppcrmif" f="18" l="49" c="0">
<BEGIN l="49" c="28"/>
<END l="51" c="0"/>
</B>
<B id="56" t="ppcif" f="18" l="84" c="0">
<BEGIN l="84" c="26"/>
<END l="92" c="0"/>
</B>
<B id="57" t="ppcrmif" f="18" l="85" c="0">
<BEGIN l="85" c="25"/>
<END l="89" c="0"/>
</B>
<B id="58" t="ppcelse" f="18" l="89" c="0">
<BEGIN l="89" c="7"/>
<END l="91" c="0"/>
</B>
<B id="59" t="type" f="3" l="135" c="0">
<BEGIN l="135" c="0"/>
<END l="141" c="0"/>
</B>
<B id="60" t="ppcif" f="3" l="56" c="0">
<BEGIN l="56" c="19"/>
<END l="154" c="0"/>
</B>
<B id="61" t="ppcif" f="3" l="122" c="0">
<BEGIN l="122" c="26"/>
<END l="126" c="0"/>
</B>
<B id="62" t="ppcif" f="2" l="43" c="0">
<BEGIN l="43" c="24"/>
<END l="150" c="0"/>
</B>
<B id="63" t="ppcif" f="2" l="81" c="0">
<BEGIN l="81" c="13"/>
<END l="83" c="0"/>
</B>
<B id="64" t="ppcif" f="2" l="85" c="0">
<BEGIN l="85" c="14"/>
<END l="87" c="0"/>
</B>
<B id="65" t="ppcrmif" f="2" l="119" c="0">
<BEGIN l="119" c="46"/>
<END l="125" c="0"/>
</B>
<B id="66" t="ppcelse" f="2" l="125" c="0">
<BEGIN l="125" c="6"/>
<END l="129" c="0"/>
</B>
<B id="67" t="ppcrmif" f="2" l="131" c="0">
<BEGIN l="131" c="46"/>
<END l="137" c="0"/>
</B>
<B id="68" t="ppcelse" f="2" l="137" c="0">
<BEGIN l="137" c="6"/>
<END l="140" c="0"/>
</B>
<B id="69" t="ppcif" f="19" l="43" c="0">
<BEGIN l="43" c="18"/>
<END l="202" c="0"/>
</B>
<B id="70" t="ppcif" f="19" l="88" c="0">
<BEGIN l="88" c="17"/>
<END l="90" c="0"/>
</B>
<B id="71" t="ppcif" f="20" l="19" c="0">
<BEGIN l="19" c="22"/>
<END l="23" c="0"/>
</B>
<B id="72" t="ppcif" f="21" l="19" c="0">
<BEGIN l="19" c="26"/>
<END l="23" c="0"/>
</B>
<B id="73" t="ppcif" f="22" l="24" c="0">
<BEGIN l="24" c="31"/>
<END l="39" c="0"/>
</B>
<B id="74" t="ppcif" f="22" l="28" c="0">
<BEGIN l="28" c="26"/>
<END l="36" c="0"/>
</B>
<B id="75" t="ppcif" f="22" l="29" c="0">
<BEGIN l="29" c="25"/>
<END l="33" c="0"/>
</B>
<B id="76" t="ppcrmif" f="22" l="30" c="0">
<BEGIN l="30" c="37"/>
<END l="32" c="0"/>
</B>
<B id="77" t="ppcrmelse" f="22" l="33" c="0">
<BEGIN l="33" c="7"/>
<END l="35" c="0"/>
</B>
<B id="78" t="ppcif" f="23" l="19" c="0">
<BEGIN l="19" c="16"/>
<END l="24" c="0"/>
</B>
<B id="79" t="ppcif" f="24" l="53" c="0">
<BEGIN l="53" c="36"/>
<END l="57" c="0"/>
</B>
<B id="80" t="ppcrmif" f="24" l="67" c="0">
<BEGIN l="67" c="49"/>
<END l="71" c="0"/>
</B>
<B id="81" t="ppcrmif" f="24" l="81" c="0">
<BEGIN l="81" c="54"/>
<END l="85" c="0"/>
</B>
<B id="82" t="ppcrmif" f="24" l="95" c="0">
<BEGIN l="95" c="52"/>
<END l="99" c="0"/>
</B>
<B id="83" t="ppcrmif" f="24" l="109" c="0">
<BEGIN l="109" c="57"/>
<END l="113" c="0"/>
</B>
<B id="84" t="ppcif" f="24" l="125" c="0">
<BEGIN l="125" c="35"/>
<END l="129" c="0"/>
</B>
<B id="85" t="ppcrmif" f="24" l="139" c="0">
<BEGIN l="139" c="48"/>
<END l="143" c="0"/>
</B>
<B id="86" t="ppcrmif" f="24" l="153" c="0">
<BEGIN l="153" c="53"/>
<END l="157" c="0"/>
</B>
<B id="87" t="ppcrmif" f="24" l="167" c="0">
<BEGIN l="167" c="51"/>
<END l="171" c="0"/>
</B>
<B id="88" t="ppcrmif" f="24" l="181" c="0">
<BEGIN l="181" c="56"/>
<END l="185" c="0"/>
</B>
<B id="89" t="ppcif" f="24" l="201" c="0">
<BEGIN l="201" c="25"/>
<END l="209" c="0"/>
</B>
<B id="90" t="ppcif" f="24" l="202" c="0">
<BEGIN l="202" c="24"/>
<END l="206" c="0"/>
</B>
<B id="91" t="ppcrmif" f="24" l="203" c="0">
<BEGIN l="203" c="36"/>
<END l="205" c="0"/>
</B>
<B id="92" t="ppcrmelse" f="24" l="206" c="0">
<BEGIN l="206" c="6"/>
<END l="208" c="0"/>
</B>
<B id="93" t="ppcif" f="25" l="20" c="0">
<BEGIN l="20" c="24"/>
<END l="25" c="0"/>
</B>
<B id="94" t="type" f="7" l="28" c="0">
<BEGIN l="28" c="0"/>
<END l="33" c="0"/>
</B>
<B id="95" t="type" f="7" l="35" c="0">
<BEGIN l="35" c="0"/>
<END l="39" c="0"/>
</B>
<B id="96" t="type" f="7" l="41" c="0">
<BEGIN l="41" c="0"/>
<END l="45" c="0"/>
</B>
<B id="97" t="type" f="7" l="47" c="0">
<BEGIN l="47" c="0"/>
<END l="59" c="0"/>
</B>
<B id="98" t="type" f="7" l="61" c="0">
<BEGIN l="61" c="0"/>
<END l="68" c="0"/>
</B>
<B id="99" t="type" f="7" l="70" c="0">
<BEGIN l="70" c="0"/>
<END l="73" c="0"/>
</B>
<B id="100" t="type" f="7" l="75" c="0">
<BEGIN l="75" c="0"/>
<END l="78" c="0"/>
</B>
<B id="101" t="type" f="7" l="80" c="0">
<BEGIN l="80" c="0"/>
<END l="83" c="0"/>
</B>
<B id="102" t="type" f="7" l="85" c="0">
<BEGIN l="85" c="0"/>
<END l="88" c="0"/>
</B>
<B id="103" t="type" f="7" l="90" c="0">
<BEGIN l="90" c="0"/>
<END l="93" c="0"/>
</B>
<B id="104" t="type" f="7" l="96" c="0">
<BEGIN l="96" c="0"/>
<END l="119" c="0"/>
</B>
<B id="105" t="ppcif" f="7" l="17" c="0">
<BEGIN l="17" c="19"/>
<END l="193" c="0"/>
</B>
<B id="106" t="type" f="6" l="42" c="0">
<BEGIN l="42" c="0"/>
<END l="51" c="0"/>
</B>
<B id="107" t="type" f="6" l="61" c="0">
<BEGIN l="61" c="0"/>
<END l="64" c="0"/>
</B>
<B id="108" t="type" f="6" l="66" c="0">
<BEGIN l="66" c="0"/>
<END l="69" c="0"/>
</B>
<B id="109" t="type" f="6" l="71" c="0">
<BEGIN l="71" c="0"/>
<END l="74" c="0"/>
</B>
<B id="110" t="type" f="6" l="76" c="0">
<BEGIN l="76" c="0"/>
<END l="79" c="0"/>
</B>
<B id="111" t="type" f="6" l="81" c="0">
<BEGIN l="81" c="0"/>
<END l="85" c="0"/>
</B>
<B id="112" t="type" f="6" l="87" c="0">
<BEGIN l="87" c="0"/>
<END l="89" c="0"/>
</B>
<B id="113" t="type" f="6" l="91" c="0">
<BEGIN l="91" c="0"/>
<END l="93" c="0"/>
</B>
<B id="114" t="type" f="6" l="95" c="0">
<BEGIN l="95" c="0"/>
<END l="98" c="0"/>
</B>
<B id="115" t="type" f="6" l="100" c="0">
<BEGIN l="100" c="0"/>
<END l="103" c="0"/>
</B>
<B id="116" t="type" f="6" l="105" c="0">
<BEGIN l="105" c="0"/>
<END l="113" c="0"/>
</B>
<B id="117" t="type" f="6" l="115" c="0">
<BEGIN l="115" c="0"/>
<END l="120" c="0"/>
</B>
<B id="118" t="type" f="6" l="123" c="0">
<BEGIN l="123" c="0"/>
<END l="126" c="0"/>
</B>
<B id="119" t="type" f="6" l="128" c="0">
<BEGIN l="128" c="0"/>
<END l="131" c="0"/>
</B>
<B id="120" t="type" f="6" l="133" c="0">
<BEGIN l="133" c="0"/>
<END l="136" c="0"/>
</B>
<B id="121" t="type" f="6" l="138" c="0">
<BEGIN l="138" c="0"/>
<END l="141" c="0"/>
</B>
<B id="122" t="type" f="6" l="143" c="0">
<BEGIN l="143" c="0"/>
<END l="146" c="0"/>
</B>
<B id="123" t="type" f="6" l="148" c="0">
<BEGIN l="148" c="0"/>
<END l="151" c="0"/>
</B>
<B id="124" t="type" f="6" l="153" c="0">
<BEGIN l="153" c="0"/>
<END l="156" c="0"/>
</B>
<B id="125" t="type" f="6" l="158" c="0">
<BEGIN l="158" c="0"/>
<END l="161" c="0"/>
</B>
<B id="126" t="type" f="6" l="163" c="0">
<BEGIN l="163" c="0"/>
<END l="166" c="0"/>
</B>
<B id="127" t="type" f="6" l="168" c="0">
<BEGIN l="168" c="0"/>
<END l="171" c="0"/>
</B>
<B id="128" t="type" f="6" l="173" c="0">
<BEGIN l="173" c="0"/>
<END l="176" c="0"/>
</B>
<B id="129" t="ppcif" f="6" l="21" c="0">
<BEGIN l="21" c="20"/>
<END l="177" c="0"/>
</B>
<B id="130" t="ppcif" f="6" l="29" c="0">
<BEGIN l="29" c="31"/>
<END l="39" c="0"/>
</B>
</Blocks>
</Navig>
