{
 "index":{
  "map":{
   "ES238B_HwAgArbn":0,
   "ES238B_HwAgArbn:529":0,
   "ES238B_HwAgArbn:528":0,
   "ES238B_HwAgArbn:527":0,
   "ES238B_HwAgArbn:526":0,
   "ES238B_HwAgArbn:525":0,
   "ES238B_HwAgArbn:1":0,
   "ES238B_HwAgArbn:29":0,
   "ES238B_HwAgArbn:377":0,
   "ES238B_HwAgArbn:532":0,
   "ES238B_HwAgArbn:533":0,
   "ES238B_HwAgArbn:534":0,
   "ES238B_HwAgArbn:535":0,
   "ES238B_HwAgArbn:536":0,
   "ES238B_HwAgArbn:377#out:1":0,
   "ES238B_HwAgArbn:532#out:1":0,
   "ES238B_HwAgArbn:533#out:1":0,
   "ES238B_HwAgArbn:534#out:1":0,
   "ES238B_HwAgArbn:535#out:1":0,
   "ES238B_HwAgArbn:1#out:1":0,
   "ES238B_HwAgArbn:3":1,
   "ES238B_HwAgArbn:4":1,
   "ES238B_HwAgArbn:5":1,
   "ES238B_HwAgArbn:10":1,
   "ES238B_HwAgArbn:11":1,
   "ES238B_HwAgArbn:31":1,
   "ES238B_HwAgArbn:279":1,
   "ES238B_HwAgArbn:422":1,
   "ES238B_HwAgArbn:479":1,
   "ES238B_HwAgArbn:485":1,
   "ES238B_HwAgArbn:4#out:1":1,
   "ES238B_HwAgArbn:5#out:1":1,
   "ES238B_HwAgArbn:31#out:1":1,
   "ES238B_HwAgArbn:11#out:1":1,
   "ES238B_HwAgArbn:3#out:1":1,
   "ES238B_HwAgArbn:279#out:1":1,
   "ES238B_HwAgArbn:476":2,
   "ES238B_HwAgArbn:14":2,
   "ES238B_HwAgArbn:13":2,
   "ES238B_HwAgArbn:15":2,
   "ES238B_HwAgArbn:16":2,
   "ES238B_HwAgArbn:110":2,
   "ES238B_HwAgArbn:184":2,
   "ES238B_HwAgArbn:280":2,
   "ES238B_HwAgArbn:423":2,
   "ES238B_HwAgArbn:470":2,
   "ES238B_HwAgArbn:474":2,
   "ES238B_HwAgArbn:472":2,
   "ES238B_HwAgArbn:487":2,
   "ES238B_HwAgArbn:492":2,
   "ES238B_HwAgArbn:503":2,
   "ES238B_HwAgArbn:531":2,
   "ES238B_HwAgArbn:184#out:1":2,
   "ES238B_HwAgArbn:470#out:1":2,
   "ES238B_HwAgArbn:472#out:1":2,
   "ES238B_HwAgArbn:280#out:1":2,
   "ES238B_HwAgArbn:15#out:1":2,
   "ES238B_HwAgArbn:16#out:1":2,
   "ES238B_HwAgArbn:503#out:1":2,
   "ES238B_HwAgArbn:492#out:1":2,
   "ES238B_HwAgArbn:474#out:1":2,
   "ES238B_HwAgArbn:110#out:1":2,
   "ES238B_HwAgArbn:531#out:1":2,
   "ES238B_HwAgArbn:115":3,
   "ES238B_HwAgArbn:186":3,
   "ES238B_HwAgArbn:393":3,
   "ES238B_HwAgArbn:421":3,
   "ES238B_HwAgArbn:480":3,
   "ES238B_HwAgArbn:481":3,
   "ES238B_HwAgArbn:530":3,
   "ES238B_HwAgArbn:530#out:1":3,
   "ES238B_HwAgArbn:115#out:1":3,
   "ES238B_HwAgArbn:186#out:1":3,
   "ES238B_HwAgArbn:480#out:1":3,
   "ES238B_HwAgArbn:500":4,
   "ES238B_HwAgArbn:498":4,
   "ES238B_HwAgArbn:499":4,
   "ES238B_HwAgArbn:493":4,
   "ES238B_HwAgArbn:494":4,
   "ES238B_HwAgArbn:496":4,
   "ES238B_HwAgArbn:523":4,
   "ES238B_HwAgArbn:182":4,
   "ES238B_HwAgArbn:493#out:1":4,
   "ES238B_HwAgArbn:523#out:1":4,
   "ES238B_HwAgArbn:523#out:2":4,
   "ES238B_HwAgArbn:494#out:1":4,
   "ES238B_HwAgArbn:498#out:1":4,
   "ES238B_HwAgArbn:499#out:1":4,
   "ES238B_HwAgArbn:182#out:1":4,
   "ES238B_HwAgArbn:523:42":5,
   "ES238B_HwAgArbn:523:40":5,
   "ES238B_HwAgArbn:523:20":5,
   "ES238B_HwAgArbn:523:11":5,
   "ES238B_HwAgArbn:523:9":5,
   "ES238B_HwAgArbn:523:18":5,
   "ES238B_HwAgArbn:523:49":5,
   "ES238B_HwAgArbn:523:6":5,
   "ES238B_HwAgArbn:523:8":5,
   "ES238B_HwAgArbn:523:5":5,
   "ES238B_HwAgArbn:523:1":5,
   "ES238B_HwAgArbn:523:15":5,
   "ES238B_HwAgArbn:523:13":5,
   "ES238B_HwAgArbn:523:28":5,
   "ES238B_HwAgArbn:523:27":5,
   "ES238B_HwAgArbn:523:19":5
  },
  "url":[
   "support/slwebview_files/ES238B_HwAgArbn.json",
   "support/slwebview_files/ES238B_HwAgArbn_1.json",
   "support/slwebview_files/ES238B_HwAgArbn_11.json",
   "support/slwebview_files/ES238B_HwAgArbn_110.json",
   "support/slwebview_files/ES238B_HwAgArbn_492.json",
   "support/slwebview_files/ES238B_HwAgArbn_523.json"
  ]
 },
 "homeHid":"1",
 "hasInformer":0,
 "optViews":[
 ],
 "hier":[
  {
   "name":"ES238B_HwAgArbn",
   "fullname":"ES238B_HwAgArbn",
   "sid":"ES238B_HwAgArbn",
   "icon":"ModelBrowser_ModelTop_16",
   "hid":"1",
   "lid":"ES238B_HwAgArbn",
   "parent":"root",
   "src":"support/slwebview_files/ES238B_HwAgArbn.svg",
   "thumbnail":"support/slwebview_files/ES238B_HwAgArbn.png"
  },
  {
   "name":"HwAgArbn",
   "fullname":"ES238B_HwAgArbn/HwAgArbn",
   "sid":"ES238B_HwAgArbn:1",
   "icon":"ModelBrowser_Subsystem_16",
   "hid":"2",
   "lid":"ES238B_HwAgArbn:1/ES238B_HwAgArbn:1",
   "parent":"1",
   "src":"support/slwebview_files/ES238B_HwAgArbn_1.svg",
   "thumbnail":"support/slwebview_files/ES238B_HwAgArbn_1.png"
  },
  {
   "name":"HwAgArbnPer1",
   "fullname":"ES238B_HwAgArbn/HwAgArbn/HwAgArbnPer1",
   "sid":"ES238B_HwAgArbn:11",
   "icon":"ModelBrowser_Subsystem_16",
   "hid":"3",
   "lid":"ES238B_HwAgArbn:11/ES238B_HwAgArbn:11",
   "parent":"2",
   "src":"support/slwebview_files/ES238B_HwAgArbn_11.svg",
   "thumbnail":"support/slwebview_files/ES238B_HwAgArbn_11.png"
  },
  {
   "name":"Arbitration",
   "fullname":"ES238B_HwAgArbn/HwAgArbn/HwAgArbnPer1/Arbitration",
   "sid":"ES238B_HwAgArbn:110",
   "icon":"ModelBrowser_Subsystem_16",
   "hid":"4",
   "lid":"ES238B_HwAgArbn:110/ES238B_HwAgArbn:110",
   "parent":"3",
   "src":"support/slwebview_files/ES238B_HwAgArbn_110.svg",
   "thumbnail":"support/slwebview_files/ES238B_HwAgArbn_110.png"
  },
  {
   "name":"HwAgAAvlChk",
   "fullname":"ES238B_HwAgArbn/HwAgArbn/HwAgArbnPer1/HwAgAAvlChk",
   "sid":"ES238B_HwAgArbn:492",
   "icon":"ModelBrowser_Subsystem_16",
   "hid":"5",
   "lid":"ES238B_HwAgArbn:492/ES238B_HwAgArbn:492",
   "parent":"3",
   "src":"support/slwebview_files/ES238B_HwAgArbn_492.svg",
   "thumbnail":"support/slwebview_files/ES238B_HwAgArbn_492.png"
  },
  {
   "name":"CorrSigAvlChkRev1",
   "fullname":"ES238B_HwAgArbn/HwAgArbn/HwAgArbnPer1/HwAgAAvlChk/CorrSigAvlChkRev1",
   "sid":"ES238B_HwAgArbn:523",
   "icon":"ModelBrowser_ChartSubchart_16",
   "hid":"6",
   "lid":"ES238B_HwAgArbn:523/ES238B_HwAgArbn:523",
   "parent":"5",
   "src":"support/slwebview_files/ES238B_HwAgArbn_523.svg",
   "thumbnail":"support/slwebview_files/ES238B_HwAgArbn_523.png"
  }
 ]
}