<?xml version="1.0" encoding="UTF-8"?>
<!--EDRS Version 1.0-->
<global>
   <file name="C:\\Component\\AR100A_NxtrMath_Impl\\include\\NxtrMath.h" comment="">
      <function name="Lim_f32" comment="" line="550" main_generator_called="MAIN_GENERATOR" attributes="static">
         <scalar name="arg1" comment="" line="550" base_type="float32" attributes="static" complete_type="float32" init_mode="MAIN_GENERATOR" init_modes_allowed="10" init_range="min..max" global_assert="unsupported" assert_range="unsupported"/>
         <scalar name="arg2" comment="" line="550" base_type="float32" attributes="static" complete_type="float32" init_mode="MAIN_GENERATOR" init_modes_allowed="10" init_range="min..max" global_assert="unsupported" assert_range="unsupported"/>
         <scalar name="arg3" comment="" line="550" base_type="float32" attributes="static" complete_type="float32" init_mode="MAIN_GENERATOR" init_modes_allowed="10" init_range="min..max" global_assert="unsupported" assert_range="unsupported"/>
         <scalar name="return" comment="" line="550" base_type="float32" attributes="static" complete_type="float32" init_mode="disabled" init_range="disabled" global_assert="unsupported" assert_range="unsupported"/>
      </function>
   </file>
   <file name="C:\\Component\\AR103A_NxtrFixdPt_Impl\\include\\NxtrFixdPt.h" comment="">
      <function name="FixdToFloat_f32_u16" comment="" line="331" main_generator_called="MAIN_GENERATOR" attributes="static">
         <scalar name="arg1" comment="" line="331" base_type="uint16" attributes="static" complete_type="uint16" init_mode="MAIN_GENERATOR" init_modes_allowed="10" init_range="min..max" global_assert="unsupported" assert_range="unsupported"/>
         <scalar name="arg2" comment="" line="331" base_type="float32" attributes="static" complete_type="float32" init_mode="MAIN_GENERATOR" init_modes_allowed="10" init_range="min..max" global_assert="unsupported" assert_range="unsupported"/>
         <scalar name="return" comment="" line="331" base_type="float32" attributes="static" complete_type="float32" init_mode="disabled" init_range="disabled" global_assert="unsupported" assert_range="unsupported"/>
      </function>
   </file>
   <file name="C:\\Component\\SF040A_MotVel_Impl\\src\\CDD_MotVel.c" comment="">
      <function name="MotVelInit1" comment="" line="152" main_generator_called="MAIN_GENERATOR" attributes="unused"/>
      <function name="MotVelPer2" comment="" line="195" main_generator_called="MAIN_GENERATOR" attributes="unused"/>
   </file>
   <file name="C:\\Component\\SF040A_MotVel_Impl\\src\\CDD_MotVel_MotCtrl.c" comment="">
      <function name="MotVelPer1" comment="" line="55" main_generator_called="MAIN_GENERATOR" attributes="unused"/>
   </file>
   <file name="C:\\Component\\SF040A_MotVel_Impl\\tools\\contract\\CDD_MotCtrlMgr_Data.h" comment="">
      <array name="MOTCTRLMGR_MotCtrlMotAgBuf" comment="" line="9" complete_type="uint16 [8]" attributes="extern">
         <scalar comment="" line="9" base_type="uint16" attributes="extern" complete_type="uint16" init_mode="INIT" init_modes_allowed="6" init_range="min..max" global_assert="NO" assert_range=""/>
      </array>
      <scalar name="MOTCTRLMGR_MotCtrlMotAgBufIdx" comment="" line="11" base_type="uint8" attributes="extern" complete_type="uint8" init_mode="INIT" init_modes_allowed="6" init_range="min..max" global_assert="NO" assert_range=""/>
      <scalar name="MOTCTRLMGR_MotCtrlMotAgMeasTi" comment="" line="8" base_type="uint32" attributes="extern" complete_type="uint32" init_mode="INIT" init_modes_allowed="6" init_range="min..max" global_assert="NO" assert_range=""/>
      <scalar name="MOTCTRLMGR_MotCtrlMotAgMecl" comment="" line="7" base_type="uint16" attributes="extern" complete_type="uint16" init_mode="INIT" init_modes_allowed="6" init_range="min..max" global_assert="NO" assert_range=""/>
      <array name="MOTCTRLMGR_MotCtrlMotAgTiBuf" comment="" line="10" complete_type="uint32 [8]" attributes="extern">
         <scalar comment="" line="10" base_type="uint32" attributes="extern" complete_type="uint32" init_mode="INIT" init_modes_allowed="6" init_range="min..max" global_assert="NO" assert_range=""/>
      </array>
   </file>
   <file name="C:\\Component\\SF040A_MotVel_Impl\\tools\\contract\\Rte_CDD_MotVel.h" comment="">
      <pointer name="Rte_Inst_CDD_MotVel" comment="" line="65" attributes="extern const" complete_type="const struct Rte_CDS_CDD_MotVel *" init_mode="INIT" init_modes_allowed="2" initialize_pointer="May-be NULL" number_allocated="max" init_pointed="MULTI">
         <struct comment="" line="65" complete_type="struct Rte_CDS_CDD_MotVel" attributes="extern const">
            <pointer name="Pim_MotAgBufIdx" comment="" line="65" attributes="extern const" complete_type="uint8 *" init_mode="INIT" init_modes_allowed="2" initialize_pointer="May-be NULL" number_allocated="max" init_pointed="MULTI">
               <scalar comment="" line="65" base_type="uint8" attributes="extern" complete_type="uint8" init_mode="INIT" init_modes_allowed="2" init_range="min..max" global_assert="unsupported" assert_range="unsupported"/>
            </pointer>
            <pointer name="Pim_MotAgBufIdxPrev" comment="" line="65" attributes="extern const" complete_type="uint8 *" init_mode="INIT" init_modes_allowed="2" initialize_pointer="May-be NULL" number_allocated="max" init_pointed="MULTI">
               <scalar comment="" line="65" base_type="uint8" attributes="extern" complete_type="uint8" init_mode="INIT" init_modes_allowed="2" init_range="min..max" global_assert="unsupported" assert_range="unsupported"/>
            </pointer>
            <pointer name="Pim_MotAgBufPrev" comment="" line="65" attributes="extern const" complete_type="uint16 (*)[8]" init_mode="INIT" init_modes_allowed="2" initialize_pointer="May-be NULL" number_allocated="max" init_pointed="MULTI">
               <array comment="" line="65" complete_type="uint16 [8]" attributes="extern">
                  <scalar comment="" line="65" base_type="uint16" attributes="extern" complete_type="uint16" init_mode="INIT" init_modes_allowed="2" init_range="min..max" global_assert="unsupported" assert_range="unsupported"/>
               </array>
            </pointer>
            <pointer name="Pim_MotAgTiBufPrev" comment="" line="65" attributes="extern const" complete_type="uint32 (*)[8]" init_mode="INIT" init_modes_allowed="2" initialize_pointer="May-be NULL" number_allocated="max" init_pointed="MULTI">
               <array comment="" line="65" complete_type="uint32 [8]" attributes="extern">
                  <scalar comment="" line="65" base_type="uint32" attributes="extern" complete_type="uint32" init_mode="INIT" init_modes_allowed="2" init_range="min..max" global_assert="unsupported" assert_range="unsupported"/>
               </array>
            </pointer>
            <pointer name="Pim_MotVelIninCntr" comment="" line="65" attributes="extern const" complete_type="uint8 *" init_mode="INIT" init_modes_allowed="2" initialize_pointer="May-be NULL" number_allocated="max" init_pointed="MULTI">
               <scalar comment="" line="65" base_type="uint8" attributes="extern" complete_type="uint8" init_mode="INIT" init_modes_allowed="2" init_range="min..max" global_assert="unsupported" assert_range="unsupported"/>
            </pointer>
            <pointer name="Pim_dMotVelAvrgTi" comment="" line="65" attributes="extern const" complete_type="float32 *" init_mode="INIT" init_modes_allowed="2" initialize_pointer="May-be NULL" number_allocated="max" init_pointed="MULTI">
               <scalar comment="" line="65" base_type="float32" attributes="extern" complete_type="float32" init_mode="INIT" init_modes_allowed="2" init_range="min..max" global_assert="unsupported" assert_range="unsupported"/>
            </pointer>
            <pointer name="Pim_dMotVelMotAgRef" comment="" line="65" attributes="extern const" complete_type="uint16 *" init_mode="INIT" init_modes_allowed="2" initialize_pointer="May-be NULL" number_allocated="max" init_pointed="MULTI">
               <scalar comment="" line="65" base_type="uint16" attributes="extern" complete_type="uint16" init_mode="INIT" init_modes_allowed="2" init_range="min..max" global_assert="unsupported" assert_range="unsupported"/>
            </pointer>
            <pointer name="Pim_dMotVelTiStampRef" comment="" line="65" attributes="extern const" complete_type="float32 *" init_mode="INIT" init_modes_allowed="2" initialize_pointer="May-be NULL" number_allocated="max" init_pointed="MULTI">
               <scalar comment="" line="65" base_type="float32" attributes="extern" complete_type="float32" init_mode="INIT" init_modes_allowed="2" init_range="min..max" global_assert="unsupported" assert_range="unsupported"/>
            </pointer>
         </struct>
      </pointer>
      <function name="Rte_Prm_CDD_MotVel_SysGlbPrmSysKineRat_Val" comment="" line="105" main_generator_called="disabled" attributes="extern">
         <scalar name="return" comment="" line="105" base_type="float32" complete_type="float32" init_mode="PERMANENT" init_modes_allowed="4" init_range="min..max" global_assert="unsupported" assert_range="unsupported"/>
      </function>
      <function name="Rte_Read_CDD_MotVel_AssiMechPolarity_Val" comment="" line="90" main_generator_called="disabled" attributes="extern">
         <pointer name="arg1" comment="" line="90" complete_type="int8 *" init_mode="disabled" initialize_pointer="disabled" number_allocated="disabled" init_pointed="MULTI">
            <scalar comment="" line="90" base_type="int8" complete_type="int8" init_mode="PERMANENT" init_modes_allowed="4" init_range="min..max" global_assert="unsupported" assert_range="unsupported"/>
         </pointer>
         <scalar name="return" comment="" line="90" base_type="uint8" complete_type="uint8" init_mode="PERMANENT" init_modes_allowed="4" init_range="min..max" global_assert="unsupported" assert_range="unsupported"/>
      </function>
      <function name="Rte_Read_CDD_MotVel_MotAgBufIdx_Val" comment="" line="96" main_generator_called="disabled" attributes="extern">
         <pointer name="arg1" comment="" line="96" complete_type="uint8 *" init_mode="disabled" initialize_pointer="disabled" number_allocated="disabled" init_pointed="MULTI">
            <scalar comment="" line="96" base_type="uint8" complete_type="uint8" init_mode="PERMANENT" init_modes_allowed="4" init_range="min..max" global_assert="unsupported" assert_range="unsupported"/>
         </pointer>
         <scalar name="return" comment="" line="96" base_type="uint8" complete_type="uint8" init_mode="PERMANENT" init_modes_allowed="4" init_range="min..max" global_assert="unsupported" assert_range="unsupported"/>
      </function>
      <function name="Rte_Read_CDD_MotVel_MotAgBuf_Ary1D" comment="" line="92" main_generator_called="disabled" attributes="extern">
         <pointer name="arg1" comment="" line="92" complete_type="uint16 *" init_mode="disabled" initialize_pointer="disabled" number_allocated="disabled" init_pointed="MULTI">
            <scalar comment="" line="92" base_type="uint16" complete_type="uint16" init_mode="PERMANENT" init_modes_allowed="4" init_range="min..max" global_assert="unsupported" assert_range="unsupported"/>
         </pointer>
         <scalar name="return" comment="" line="92" base_type="uint8" complete_type="uint8" init_mode="PERMANENT" init_modes_allowed="4" init_range="min..max" global_assert="unsupported" assert_range="unsupported"/>
      </function>
      <function name="Rte_Read_CDD_MotVel_MotAgTiBuf_Ary1D" comment="" line="98" main_generator_called="disabled" attributes="extern">
         <pointer name="arg1" comment="" line="98" complete_type="uint32 *" init_mode="disabled" initialize_pointer="disabled" number_allocated="disabled" init_pointed="MULTI">
            <scalar comment="" line="98" base_type="uint32" complete_type="uint32" init_mode="PERMANENT" init_modes_allowed="4" init_range="min..max" global_assert="unsupported" assert_range="unsupported"/>
         </pointer>
         <scalar name="return" comment="" line="98" base_type="uint8" complete_type="uint8" init_mode="PERMANENT" init_modes_allowed="4" init_range="min..max" global_assert="unsupported" assert_range="unsupported"/>
      </function>
      <function name="Rte_Write_CDD_MotVel_HwVel_Val" comment="" line="102" main_generator_called="disabled" attributes="extern">
         <scalar name="arg1" comment="" line="102" base_type="float32" complete_type="float32" init_mode="disabled" init_range="disabled" global_assert="unsupported" assert_range="unsupported"/>
         <scalar name="return" comment="" line="102" base_type="uint8" complete_type="uint8" init_mode="PERMANENT" init_modes_allowed="4" init_range="min..max" global_assert="unsupported" assert_range="unsupported"/>
      </function>
      <function name="Rte_Write_CDD_MotVel_MotVelCrf_Val" comment="" line="103" main_generator_called="disabled" attributes="extern">
         <scalar name="arg1" comment="" line="103" base_type="float32" complete_type="float32" init_mode="disabled" init_range="disabled" global_assert="unsupported" assert_range="unsupported"/>
         <scalar name="return" comment="" line="103" base_type="uint8" complete_type="uint8" init_mode="PERMANENT" init_modes_allowed="4" init_range="min..max" global_assert="unsupported" assert_range="unsupported"/>
      </function>
      <function name="Rte_Write_CDD_MotVel_MotVelMrf_Val" comment="" line="104" main_generator_called="disabled" attributes="extern">
         <scalar name="arg1" comment="" line="104" base_type="float32" complete_type="float32" init_mode="disabled" init_range="disabled" global_assert="unsupported" assert_range="unsupported"/>
         <scalar name="return" comment="" line="104" base_type="uint8" complete_type="uint8" init_mode="PERMANENT" init_modes_allowed="4" init_range="min..max" global_assert="unsupported" assert_range="unsupported"/>
      </function>
   </file>
</global>
