<?xml version="1.0" encoding="UTF-8"?>

<MISRA-C-Report version="1.3">


<CodeStruct Name="" File="C:\Component\CM745A_Sci30CfgAndUse_Impl\src\CDD_Sci30CfgAndUse.c" Line="0" Column="0">

<Rule Name="5.1" Mode="required" Report="warning" Id="12">
<Loc File="C:\Component\CM745A_Sci30CfgAndUse_Impl\src\CDD_Sci30CfgAndUse.c" Line="99" Column="8">
</Loc>
<Message>
Identifiers "CDD_Sci30CfgAndUse_START_SEC_VAR_INIT_UNSPECIFIED" (CDD_Sci30CfgAndUseNonRte_MemMap.h line 27 column 9) and "CDD_Sci30CfgAndUse_START_SEC_VAR_INIT_128" (CDD_Sci30CfgAndUse.c line 99 column 8) have the same first 38 characters.
</Message>
</Rule>

<Rule Name="5.1" Mode="required" Report="warning" Id="13">
<Loc File="C:\Component\CM745A_Sci30CfgAndUse_Impl\src\CDD_Sci30CfgAndUse.c" Line="104" Column="8">
</Loc>
<Message>
Identifiers "CDD_Sci30CfgAndUse_STOP_SEC_VAR_INIT_UNSPECIFIED" (CDD_Sci30CfgAndUseNonRte_MemMap.h line 31 column 9) and "CDD_Sci30CfgAndUse_STOP_SEC_VAR_INIT_128" (CDD_Sci30CfgAndUse.c line 104 column 8) have the same first 37 characters.
</Message>
</Rule>

<Rule Name="19.1" Mode="advisory" Report="warning" Id="14">
<Loc File="C:\Component\CM745A_Sci30CfgAndUse_Impl\src\CDD_Sci30CfgAndUse.c" Line="105" Column="0">
</Loc>
<Message>
#include statements in a file shall only be preceded by other preprocessor directives or comments.
</Message>
</Rule>

<Rule Name="19.1" Mode="advisory" Report="warning" Id="15">
<Loc File="C:\Component\CM745A_Sci30CfgAndUse_Impl\src\CDD_Sci30CfgAndUse.c" Line="108" Column="0">
</Loc>
<Message>
#include statements in a file shall only be preceded by other preprocessor directives or comments.
</Message>
</Rule>

<Rule Name="19.1" Mode="advisory" Report="warning" Id="16">
<Loc File="C:\Component\CM745A_Sci30CfgAndUse_Impl\src\CDD_Sci30CfgAndUse.c" Line="113" Column="0">
</Loc>
<Message>
#include statements in a file shall only be preceded by other preprocessor directives or comments.
</Message>
</Rule>

<Rule Name="19.1" Mode="advisory" Report="warning" Id="17">
<Loc File="C:\Component\CM745A_Sci30CfgAndUse_Impl\src\CDD_Sci30CfgAndUse.c" Line="165" Column="0">
</Loc>
<Message>
#include statements in a file shall only be preceded by other preprocessor directives or comments.
</Message>
</Rule>

<Rule Name="19.1" Mode="advisory" Report="warning" Id="18">
<Loc File="C:\Component\CM745A_Sci30CfgAndUse_Impl\src\CDD_Sci30CfgAndUse.c" Line="517" Column="0">
</Loc>
<Message>
#include statements in a file shall only be preceded by other preprocessor directives or comments.
</Message>
</Rule>

<Rule Name="19.1" Mode="advisory" Report="warning" Id="19">
<Loc File="C:\Component\CM745A_Sci30CfgAndUse_Impl\src\CDD_Sci30CfgAndUse.c" Line="524" Column="0">
</Loc>
<Message>
#include statements in a file shall only be preceded by other preprocessor directives or comments.
</Message>
</Rule>

<Rule Name="1.1" Mode="required" Report="warning" Id="20">
<Loc File="C:\Component\CM745A_Sci30CfgAndUse_Impl\src\CDD_Sci30CfgAndUse.c" Line="606" Column="20">
</Loc>
<Message>
All code shall conform to ISO 9899:1990 Programming languages  C,
amended and corrected by ISO/IEC 9899/COR1:1995, ISO/IEC 9899/AMD1:1995,
and ISO/IEC 9899/COR2:1996.
Keyword 'inline' should not be used.
</Message>
</Rule>

<Rule Name="19.1" Mode="advisory" Report="warning" Id="21">
<Loc File="C:\Component\CM745A_Sci30CfgAndUse_Impl\src\CDD_Sci30CfgAndUse.c" Line="612" Column="0">
</Loc>
<Message>
#include statements in a file shall only be preceded by other preprocessor directives or comments.
</Message>
</Rule>

</CodeStruct>

<CodeStruct Name="" File="C:\Component\CM745A_Sci30CfgAndUse_Impl\include\CDD_Sci30CfgAndUseNonRte_MemMap.h" Line="0" Column="0">

<Rule Name="19.15" Mode="required" Report="warning" Id="1">
<Loc File="C:\Component\CM745A_Sci30CfgAndUse_Impl\include\CDD_Sci30CfgAndUseNonRte_MemMap.h" Line="1" Column="0">
</Loc>
<Message>
Precautions shall be taken in order to prevent the contents of a header file being included twice.
</Message>
</Rule>

<Rule Name="3.4" Mode="required" Report="warning" Id="2">
<Loc File="C:\Component\CM745A_Sci30CfgAndUse_Impl\include\CDD_Sci30CfgAndUseNonRte_MemMap.h" Line="25" Column="0">
</Loc>
<Message>
All uses of the #pragma directive shall be documented and explained.
</Message>
</Rule>

<Rule Name="19.6" Mode="required" Report="warning" Id="3">
<Loc File="C:\Component\CM745A_Sci30CfgAndUse_Impl\include\CDD_Sci30CfgAndUseNonRte_MemMap.h" Line="26" Column="0">
</Loc>
<Message>
#undef shall not be used.
</Message>
</Rule>

<Rule Name="19.6" Mode="required" Report="warning" Id="4">
<Loc File="C:\Component\CM745A_Sci30CfgAndUse_Impl\include\CDD_Sci30CfgAndUseNonRte_MemMap.h" Line="30" Column="0">
</Loc>
<Message>
#undef shall not be used.
</Message>
</Rule>

<Rule Name="3.4" Mode="required" Report="warning" Id="5">
<Loc File="C:\Component\CM745A_Sci30CfgAndUse_Impl\include\CDD_Sci30CfgAndUseNonRte_MemMap.h" Line="36" Column="0">
</Loc>
<Message>
All uses of the #pragma directive shall be documented and explained.
</Message>
</Rule>

<Rule Name="3.4" Mode="required" Report="warning" Id="6">
<Loc File="C:\Component\CM745A_Sci30CfgAndUse_Impl\include\CDD_Sci30CfgAndUseNonRte_MemMap.h" Line="38" Column="0">
</Loc>
<Message>
All uses of the #pragma directive shall be documented and explained.
</Message>
</Rule>

<Rule Name="19.6" Mode="required" Report="warning" Id="7">
<Loc File="C:\Component\CM745A_Sci30CfgAndUse_Impl\include\CDD_Sci30CfgAndUseNonRte_MemMap.h" Line="39" Column="0">
</Loc>
<Message>
#undef shall not be used.
</Message>
</Rule>

<Rule Name="19.6" Mode="required" Report="warning" Id="8">
<Loc File="C:\Component\CM745A_Sci30CfgAndUse_Impl\include\CDD_Sci30CfgAndUseNonRte_MemMap.h" Line="40" Column="0">
</Loc>
<Message>
#undef shall not be used.
</Message>
</Rule>

<Rule Name="3.4" Mode="required" Report="warning" Id="9">
<Loc File="C:\Component\CM745A_Sci30CfgAndUse_Impl\include\CDD_Sci30CfgAndUseNonRte_MemMap.h" Line="43" Column="0">
</Loc>
<Message>
All uses of the #pragma directive shall be documented and explained.
</Message>
</Rule>

<Rule Name="19.6" Mode="required" Report="warning" Id="10">
<Loc File="C:\Component\CM745A_Sci30CfgAndUse_Impl\include\CDD_Sci30CfgAndUseNonRte_MemMap.h" Line="44" Column="0">
</Loc>
<Message>
#undef shall not be used.
</Message>
</Rule>

<Rule Name="19.6" Mode="required" Report="warning" Id="11">
<Loc File="C:\Component\CM745A_Sci30CfgAndUse_Impl\include\CDD_Sci30CfgAndUseNonRte_MemMap.h" Line="45" Column="0">
</Loc>
<Message>
#undef shall not be used.
</Message>
</Rule>

</CodeStruct>

<CodeStruct Name="UpdDtsRxReg" File="C:\Component\CM745A_Sci30CfgAndUse_Impl\src\CDD_Sci30CfgAndUse.c" Line="569" Column="12">

<Rule Name="21.1" Mode="required" Report="warning" Id="22">
<Loc File="C:\Component\CM745A_Sci30CfgAndUse_Impl\src\CDD_Sci30CfgAndUse.c" Line="573" Column="16">
</Loc>
<Message>
Minimisation of run-time failures.
</Message>
</Rule>

<Rule Name="21.1" Mode="required" Report="warning" Id="23">
<Loc File="C:\Component\CM745A_Sci30CfgAndUse_Impl\src\CDD_Sci30CfgAndUse.c" Line="573" Column="46">
</Loc>
<Message>
Minimisation of run-time failures.
</Message>
</Rule>

<Rule Name="21.1" Mode="required" Report="warning" Id="24">
<Loc File="C:\Component\CM745A_Sci30CfgAndUse_Impl\src\CDD_Sci30CfgAndUse.c" Line="579" Column="16">
</Loc>
<Message>
Minimisation of run-time failures.
</Message>
</Rule>

<Rule Name="21.1" Mode="required" Report="warning" Id="25">
<Loc File="C:\Component\CM745A_Sci30CfgAndUse_Impl\src\CDD_Sci30CfgAndUse.c" Line="579" Column="46">
</Loc>
<Message>
Minimisation of run-time failures.
</Message>
</Rule>

<Rule Name="21.1" Mode="required" Report="warning" Id="26">
<Loc File="C:\Component\CM745A_Sci30CfgAndUse_Impl\src\CDD_Sci30CfgAndUse.c" Line="584" Column="16">
</Loc>
<Message>
Minimisation of run-time failures.
</Message>
</Rule>

<Rule Name="21.1" Mode="required" Report="warning" Id="27">
<Loc File="C:\Component\CM745A_Sci30CfgAndUse_Impl\src\CDD_Sci30CfgAndUse.c" Line="584" Column="46">
</Loc>
<Message>
Minimisation of run-time failures.
</Message>
</Rule>

<Rule Name="21.1" Mode="required" Report="warning" Id="28">
<Loc File="C:\Component\CM745A_Sci30CfgAndUse_Impl\src\CDD_Sci30CfgAndUse.c" Line="589" Column="16">
</Loc>
<Message>
Minimisation of run-time failures.
</Message>
</Rule>

<Rule Name="21.1" Mode="required" Report="warning" Id="29">
<Loc File="C:\Component\CM745A_Sci30CfgAndUse_Impl\src\CDD_Sci30CfgAndUse.c" Line="589" Column="46">
</Loc>
<Message>
Minimisation of run-time failures.
</Message>
</Rule>

</CodeStruct>

<CodeStruct Name="Sci30CfgAndUsePer1" File="C:\Component\CM745A_Sci30CfgAndUse_Impl\src\CDD_Sci30CfgAndUse.c" Line="254" Column="5">

<Rule Name="21.1" Mode="required" Report="warning" Id="30">
<Loc File="C:\Component\CM745A_Sci30CfgAndUse_Impl\src\CDD_Sci30CfgAndUse.c" Line="270" Column="66">
</Loc>
<Message>
Minimisation of run-time failures.
</Message>
</Rule>

<Rule Name="21.1" Mode="required" Report="warning" Id="31">
<Loc File="C:\Component\CM745A_Sci30CfgAndUse_Impl\src\CDD_Sci30CfgAndUse.c" Line="270" Column="96">
</Loc>
<Message>
Minimisation of run-time failures.
</Message>
</Rule>

<Rule Name="21.1" Mode="required" Report="warning" Id="32">
<Loc File="C:\Component\CM745A_Sci30CfgAndUse_Impl\src\CDD_Sci30CfgAndUse.c" Line="278" Column="41">
</Loc>
<Message>
Minimisation of run-time failures.
</Message>
</Rule>

<Rule Name="21.1" Mode="required" Report="warning" Id="33">
<Loc File="C:\Component\CM745A_Sci30CfgAndUse_Impl\src\CDD_Sci30CfgAndUse.c" Line="278" Column="42">
</Loc>
<Message>
Minimisation of run-time failures.
</Message>
</Rule>

</CodeStruct>

<CodeStruct Name="UpdDtsTxReg" File="C:\Component\CM745A_Sci30CfgAndUse_Impl\src\CDD_Sci30CfgAndUse.c" Line="551" Column="12">

<Rule Name="11.3" Mode="advisory" Report="warning" Id="34">
<Loc File="C:\Component\CM745A_Sci30CfgAndUse_Impl\src\CDD_Sci30CfgAndUse.c" Line="555" Column="35">
</Loc>
<Message>
A cast should not be performed between a pointer type and an integral type.
</Message>
</Rule>

<Rule Name="11.3" Mode="advisory" Report="warning" Id="35">
<Loc File="C:\Component\CM745A_Sci30CfgAndUse_Impl\src\CDD_Sci30CfgAndUse.c" Line="556" Column="35">
</Loc>
<Message>
A cast should not be performed between a pointer type and an integral type.
</Message>
</Rule>

</CodeStruct>

<CodeStruct Name="Sci30CfgAndUsePer2" File="C:\Component\CM745A_Sci30CfgAndUse_Impl\src\CDD_Sci30CfgAndUse.c" Line="347" Column="5">

<Rule Name="21.1" Mode="required" Report="warning" Id="36">
<Loc File="C:\Component\CM745A_Sci30CfgAndUse_Impl\src\CDD_Sci30CfgAndUse.c" Line="362" Column="135">
</Loc>
<Message>
Minimisation of run-time failures.
</Message>
</Rule>

<Rule Name="21.1" Mode="required" Report="warning" Id="37">
<Loc File="C:\Component\CM745A_Sci30CfgAndUse_Impl\src\CDD_Sci30CfgAndUse.c" Line="368" Column="61">
</Loc>
<Message>
Minimisation of run-time failures.
</Message>
</Rule>

<Rule Name="17.4" Mode="required" Report="warning" Id="38">
<Loc File="C:\Component\CM745A_Sci30CfgAndUse_Impl\src\CDD_Sci30CfgAndUse.c" Line="368" Column="129">
</Loc>
<Message>
Array indexing shall be the only allowed form of pointer arithmetic.
</Message>
</Rule>

<Rule Name="10.1" Mode="required" Report="warning" Id="39">
<Loc File="C:\Component\CM745A_Sci30CfgAndUse_Impl\src\CDD_Sci30CfgAndUse.c" Line="368" Column="131">
</Loc>
<Message>
Implicit conversion of the expression of underlying type 'unsigned char' to the
type 'signed int' that is not a wider integer type of the same signedness.
</Message>
</Rule>

<Rule Name="21.1" Mode="required" Report="warning" Id="40">
<Loc File="C:\Component\CM745A_Sci30CfgAndUse_Impl\src\CDD_Sci30CfgAndUse.c" Line="376" Column="11">
</Loc>
<Message>
Minimisation of run-time failures.
</Message>
</Rule>

<Rule Name="21.1" Mode="required" Report="warning" Id="41">
<Loc File="C:\Component\CM745A_Sci30CfgAndUse_Impl\src\CDD_Sci30CfgAndUse.c" Line="380" Column="19">
</Loc>
<Message>
Minimisation of run-time failures.
</Message>
</Rule>

<Rule Name="21.1" Mode="required" Report="warning" Id="42">
<Loc File="C:\Component\CM745A_Sci30CfgAndUse_Impl\src\CDD_Sci30CfgAndUse.c" Line="393" Column="40">
</Loc>
<Message>
Minimisation of run-time failures.
</Message>
</Rule>

<Rule Name="17.4" Mode="required" Report="warning" Id="43">
<Loc File="C:\Component\CM745A_Sci30CfgAndUse_Impl\src\CDD_Sci30CfgAndUse.c" Line="393" Column="107">
</Loc>
<Message>
Array indexing shall be the only allowed form of pointer arithmetic.
</Message>
</Rule>

<Rule Name="21.1" Mode="required" Report="warning" Id="44">
<Loc File="C:\Component\CM745A_Sci30CfgAndUse_Impl\src\CDD_Sci30CfgAndUse.c" Line="393" Column="107">
</Loc>
<Message>
Minimisation of run-time failures.
</Message>
</Rule>

<Rule Name="10.1" Mode="required" Report="warning" Id="45">
<Loc File="C:\Component\CM745A_Sci30CfgAndUse_Impl\src\CDD_Sci30CfgAndUse.c" Line="393" Column="109">
</Loc>
<Message>
Implicit conversion of the expression of underlying type 'unsigned char' to the
type 'signed int' that is not a wider integer type of the same signedness.
</Message>
</Rule>

<Rule Name="21.1" Mode="required" Report="warning" Id="46">
<Loc File="C:\Component\CM745A_Sci30CfgAndUse_Impl\src\CDD_Sci30CfgAndUse.c" Line="393" Column="114">
</Loc>
<Message>
Minimisation of run-time failures.
</Message>
</Rule>

<Rule Name="17.4" Mode="required" Report="warning" Id="47">
<Loc File="C:\Component\CM745A_Sci30CfgAndUse_Impl\src\CDD_Sci30CfgAndUse.c" Line="393" Column="183">
</Loc>
<Message>
Array indexing shall be the only allowed form of pointer arithmetic.
</Message>
</Rule>

<Rule Name="21.1" Mode="required" Report="warning" Id="48">
<Loc File="C:\Component\CM745A_Sci30CfgAndUse_Impl\src\CDD_Sci30CfgAndUse.c" Line="405" Column="11">
</Loc>
<Message>
Minimisation of run-time failures.
</Message>
</Rule>

<Rule Name="21.1" Mode="required" Report="warning" Id="49">
<Loc File="C:\Component\CM745A_Sci30CfgAndUse_Impl\src\CDD_Sci30CfgAndUse.c" Line="408" Column="19">
</Loc>
<Message>
Minimisation of run-time failures.
</Message>
</Rule>

<Rule Name="21.1" Mode="required" Report="warning" Id="50">
<Loc File="C:\Component\CM745A_Sci30CfgAndUse_Impl\src\CDD_Sci30CfgAndUse.c" Line="420" Column="45">
</Loc>
<Message>
Minimisation of run-time failures.
</Message>
</Rule>

<Rule Name="21.1" Mode="required" Report="warning" Id="51">
<Loc File="C:\Component\CM745A_Sci30CfgAndUse_Impl\src\CDD_Sci30CfgAndUse.c" Line="421" Column="40">
</Loc>
<Message>
Minimisation of run-time failures.
</Message>
</Rule>

<Rule Name="17.4" Mode="required" Report="warning" Id="52">
<Loc File="C:\Component\CM745A_Sci30CfgAndUse_Impl\src\CDD_Sci30CfgAndUse.c" Line="421" Column="108">
</Loc>
<Message>
Array indexing shall be the only allowed form of pointer arithmetic.
</Message>
</Rule>

<Rule Name="21.1" Mode="required" Report="warning" Id="53">
<Loc File="C:\Component\CM745A_Sci30CfgAndUse_Impl\src\CDD_Sci30CfgAndUse.c" Line="421" Column="108">
</Loc>
<Message>
Minimisation of run-time failures.
</Message>
</Rule>

<Rule Name="10.1" Mode="required" Report="warning" Id="54">
<Loc File="C:\Component\CM745A_Sci30CfgAndUse_Impl\src\CDD_Sci30CfgAndUse.c" Line="421" Column="110">
</Loc>
<Message>
Implicit conversion of the expression of underlying type 'unsigned char' to the
type 'signed int' that is not a wider integer type of the same signedness.
</Message>
</Rule>

<Rule Name="21.1" Mode="required" Report="warning" Id="55">
<Loc File="C:\Component\CM745A_Sci30CfgAndUse_Impl\src\CDD_Sci30CfgAndUse.c" Line="421" Column="116">
</Loc>
<Message>
Minimisation of run-time failures.
</Message>
</Rule>

<Rule Name="17.4" Mode="required" Report="warning" Id="56">
<Loc File="C:\Component\CM745A_Sci30CfgAndUse_Impl\src\CDD_Sci30CfgAndUse.c" Line="421" Column="186">
</Loc>
<Message>
Array indexing shall be the only allowed form of pointer arithmetic.
</Message>
</Rule>

</CodeStruct>

<CodeStruct Name="Sci30CfgAndUsePer3" File="C:\Component\CM745A_Sci30CfgAndUse_Impl\src\CDD_Sci30CfgAndUse.c" Line="462" Column="5">

<Rule Name="21.1" Mode="required" Report="warning" Id="57">
<Loc File="C:\Component\CM745A_Sci30CfgAndUse_Impl\src\CDD_Sci30CfgAndUse.c" Line="469" Column="8">
</Loc>
<Message>
Minimisation of run-time failures.
</Message>
</Rule>

<Rule Name="21.1" Mode="required" Report="warning" Id="58">
<Loc File="C:\Component\CM745A_Sci30CfgAndUse_Impl\src\CDD_Sci30CfgAndUse.c" Line="469" Column="162">
</Loc>
<Message>
Minimisation of run-time failures.
</Message>
</Rule>

<Rule Name="21.1" Mode="required" Report="warning" Id="59">
<Loc File="C:\Component\CM745A_Sci30CfgAndUse_Impl\src\CDD_Sci30CfgAndUse.c" Line="470" Column="8">
</Loc>
<Message>
Minimisation of run-time failures.
</Message>
</Rule>

</CodeStruct>

<CodeStruct Name="Sci30CfgAndUseInit1" File="C:\Component\CM745A_Sci30CfgAndUse_Impl\src\CDD_Sci30CfgAndUse.c" Line="177" Column="5">

<Rule Name="11.3" Mode="advisory" Report="warning" Id="60">
<Loc File="C:\Component\CM745A_Sci30CfgAndUse_Impl\src\CDD_Sci30CfgAndUse.c" Line="210" Column="36">
</Loc>
<Message>
A cast should not be performed between a pointer type and an integral type.
</Message>
</Rule>

<Rule Name="11.3" Mode="advisory" Report="warning" Id="61">
<Loc File="C:\Component\CM745A_Sci30CfgAndUse_Impl\src\CDD_Sci30CfgAndUse.c" Line="211" Column="36">
</Loc>
<Message>
A cast should not be performed between a pointer type and an integral type.
</Message>
</Rule>

<Rule Name="11.3" Mode="advisory" Report="warning" Id="62">
<Loc File="C:\Component\CM745A_Sci30CfgAndUse_Impl\src\CDD_Sci30CfgAndUse.c" Line="219" Column="36">
</Loc>
<Message>
A cast should not be performed between a pointer type and an integral type.
</Message>
</Rule>

<Rule Name="11.3" Mode="advisory" Report="warning" Id="63">
<Loc File="C:\Component\CM745A_Sci30CfgAndUse_Impl\src\CDD_Sci30CfgAndUse.c" Line="220" Column="36">
</Loc>
<Message>
A cast should not be performed between a pointer type and an integral type.
</Message>
</Rule>

<Rule Name="11.3" Mode="advisory" Report="warning" Id="64">
<Loc File="C:\Component\CM745A_Sci30CfgAndUse_Impl\src\CDD_Sci30CfgAndUse.c" Line="223" Column="36">
</Loc>
<Message>
A cast should not be performed between a pointer type and an integral type.
</Message>
</Rule>

<Rule Name="11.3" Mode="advisory" Report="warning" Id="65">
<Loc File="C:\Component\CM745A_Sci30CfgAndUse_Impl\src\CDD_Sci30CfgAndUse.c" Line="224" Column="36">
</Loc>
<Message>
A cast should not be performed between a pointer type and an integral type.
</Message>
</Rule>

</CodeStruct>

<CodeStruct Name="Sci30CfgAndUsePer4" File="C:\Component\CM745A_Sci30CfgAndUse_Impl\src\CDD_Sci30CfgAndUse.c" Line="499" Column="5">

<Rule Name="21.1" Mode="required" Report="warning" Id="66">
<Loc File="C:\Component\CM745A_Sci30CfgAndUse_Impl\src\CDD_Sci30CfgAndUse.c" Line="506" Column="8">
</Loc>
<Message>
Minimisation of run-time failures.
</Message>
</Rule>

<Rule Name="21.1" Mode="required" Report="warning" Id="67">
<Loc File="C:\Component\CM745A_Sci30CfgAndUse_Impl\src\CDD_Sci30CfgAndUse.c" Line="506" Column="163">
</Loc>
<Message>
Minimisation of run-time failures.
</Message>
</Rule>

<Rule Name="21.1" Mode="required" Report="warning" Id="68">
<Loc File="C:\Component\CM745A_Sci30CfgAndUse_Impl\src\CDD_Sci30CfgAndUse.c" Line="507" Column="8">
</Loc>
<Message>
Minimisation of run-time failures.
</Message>
</Rule>

</CodeStruct>

</MISRA-C-Report>
