<?xml version="1.0" encoding="UTF-8"?>
<MISRA-C-Report-Summary>
<File Mode="required" Error="0" Warning="11" Total="11">
<Name>
C:\Component\CM745A_Sci30CfgAndUse_Impl\include\CDD_Sci30CfgAndUseNonRte_MemMap.h</Name>
</File>
<File Mode="advisory" Error="0" Warning="15" Total="15">
<Name>
C:\Component\CM745A_Sci30CfgAndUse_Impl\src\CDD_Sci30CfgAndUse.c</Name>
</File>
<File Mode="required" Error="0" Warning="42" Total="42">
<Name>
C:\Component\CM745A_Sci30CfgAndUse_Impl\src\CDD_Sci30CfgAndUse.c</Name>
</File>
<Rule Name="21.1" Count="31" Mode="required" Severity="warning">
<Message>
Minimisation of run-time failures.</Message>
</Rule>
<Rule Name="11.3" Count="8" Mode="advisory" Severity="warning">
<Message>
A cast should not be performed between a pointer type and an integral type.</Message>
</Rule>
<Rule Name="19.1" Count="7" Mode="advisory" Severity="warning">
<Message>
#include statements in a file shall only be preceded by other preprocessor directives or comments.</Message>
</Rule>
<Rule Name="19.6" Count="6" Mode="required" Severity="warning">
<Message>
#undef shall not be used.</Message>
</Rule>
<Rule Name="17.4" Count="5" Mode="required" Severity="warning">
<Message>
Array indexing shall be the only allowed form of pointer arithmetic.</Message>
</Rule>
<Rule Name="3.4" Count="4" Mode="required" Severity="warning">
<Message>
All uses of the #pragma directive shall be documented and explained.</Message>
</Rule>
<Rule Name="10.1" Count="3" Mode="required" Severity="warning">
<Message>
Implicit conversion of the expression of underlying type 'unsigned char' to the</Message>
</Rule>
<Rule Name="5.1" Count="2" Mode="required" Severity="warning">
<Message>
</Message>
</Rule>
<Rule Name="1.1" Count="1" Mode="required" Severity="warning">
<Message>
All code shall conform to ISO 9899:1990 Programming languages  C,</Message>
</Rule>
<Rule Name="19.15" Count="1" Mode="required" Severity="warning">
<Message>
Precautions shall be taken in order to prevent the contents of a header file being included twice.</Message>
</Rule>
</MISRA-C-Report-Summary>
