<?xml version="1.0" encoding="UTF-8"?>
<!--EDRS Version 1.0-->
<global>
   <file name="C:\\Component\\AR202A_MicroCtrlrSuprt_Impl\\include\\P1M\\R7F701311\\tsg3_regs.h" comment="">
      <struct name="TSG31" comment="" line="897" attributes="volatile extern">
         <struct name="CMP0E" comment="" line="897" attributes="volatile extern">
            <scalar name="UINT32" comment="" line="897" base_type="uint32" attributes="volatile extern" complete_type="uint32" init_mode="PERMANENT" init_modes_allowed="4" init_range="min..max" global_assert="disabled" assert_range="disabled"/>
         </struct>
         <struct name="CMP11E" comment="" line="897" attributes="volatile extern">
            <scalar name="UINT32" comment="" line="897" base_type="uint32" attributes="volatile extern" complete_type="uint32" init_mode="PERMANENT" init_modes_allowed="4" init_range="min..max" global_assert="disabled" assert_range="disabled"/>
         </struct>
         <struct name="CMP12E" comment="" line="897" attributes="volatile extern">
            <scalar name="UINT32" comment="" line="897" base_type="uint32" attributes="volatile extern" complete_type="uint32" init_mode="PERMANENT" init_modes_allowed="4" init_range="min..max" global_assert="disabled" assert_range="disabled"/>
         </struct>
         <struct name="CMP3E" comment="" line="897" attributes="volatile extern">
            <scalar name="UINT32" comment="" line="897" base_type="uint32" attributes="volatile extern" complete_type="uint32" init_mode="PERMANENT" init_modes_allowed="4" init_range="min..max" global_assert="disabled" assert_range="disabled"/>
         </struct>
         <struct name="CMP4E" comment="" line="897" attributes="volatile extern">
            <scalar name="UINT32" comment="" line="897" base_type="uint32" attributes="volatile extern" complete_type="uint32" init_mode="PERMANENT" init_modes_allowed="4" init_range="min..max" global_assert="disabled" assert_range="disabled"/>
         </struct>
         <struct name="CMP7E" comment="" line="897" attributes="volatile extern">
            <scalar name="UINT32" comment="" line="897" base_type="uint32" attributes="volatile extern" complete_type="uint32" init_mode="PERMANENT" init_modes_allowed="4" init_range="min..max" global_assert="disabled" assert_range="disabled"/>
         </struct>
         <struct name="CMPUE" comment="" line="897" attributes="volatile extern">
            <scalar name="UINT32" comment="" line="897" base_type="uint32" attributes="volatile extern" complete_type="uint32" init_mode="PERMANENT" init_modes_allowed="4" init_range="min..max" global_assert="disabled" assert_range="disabled"/>
         </struct>
         <struct name="CMPVE" comment="" line="897" attributes="volatile extern">
            <scalar name="UINT32" comment="" line="897" base_type="uint32" attributes="volatile extern" complete_type="uint32" init_mode="PERMANENT" init_modes_allowed="4" init_range="min..max" global_assert="disabled" assert_range="disabled"/>
         </struct>
         <struct name="CMPWE" comment="" line="897" attributes="volatile extern">
            <scalar name="UINT32" comment="" line="897" base_type="uint32" attributes="volatile extern" complete_type="uint32" init_mode="PERMANENT" init_modes_allowed="4" init_range="min..max" global_assert="disabled" assert_range="disabled"/>
         </struct>
         <struct name="CTL0" comment="" line="897" attributes="volatile extern">
            <scalar name="UINT8" comment="" line="897" base_type="uint8" attributes="volatile extern" complete_type="uint8" init_mode="PERMANENT" init_modes_allowed="4" init_range="min..max" global_assert="disabled" assert_range="disabled"/>
         </struct>
         <struct name="CTL1" comment="" line="897" attributes="volatile extern">
            <scalar name="UINT16" comment="" line="897" base_type="uint16" attributes="volatile extern" complete_type="uint16" init_mode="PERMANENT" init_modes_allowed="4" init_range="min..max" global_assert="disabled" assert_range="disabled"/>
         </struct>
         <struct name="CTL2" comment="" line="897" attributes="volatile extern">
            <scalar name="UINT32" comment="" line="897" base_type="uint32" attributes="volatile extern" complete_type="uint32" init_mode="PERMANENT" init_modes_allowed="4" init_range="min..max" global_assert="disabled" assert_range="disabled"/>
         </struct>
         <struct name="CTL3" comment="" line="897" attributes="volatile extern">
            <scalar name="UINT8" comment="" line="897" base_type="uint8" attributes="volatile extern" complete_type="uint8" init_mode="PERMANENT" init_modes_allowed="4" init_range="min..max" global_assert="disabled" assert_range="disabled"/>
         </struct>
         <struct name="CTL4" comment="" line="897" attributes="volatile extern">
            <scalar name="UINT32" comment="" line="897" base_type="uint32" attributes="volatile extern" complete_type="uint32" init_mode="PERMANENT" init_modes_allowed="4" init_range="min..max" global_assert="disabled" assert_range="disabled"/>
         </struct>
         <struct name="CTL5" comment="" line="897" attributes="volatile extern">
            <scalar name="UINT16" comment="" line="897" base_type="uint16" attributes="volatile extern" complete_type="uint16" init_mode="PERMANENT" init_modes_allowed="4" init_range="min..max" global_assert="disabled" assert_range="disabled"/>
         </struct>
         <struct name="CTL6" comment="" line="897" attributes="volatile extern">
            <scalar name="UINT16" comment="" line="897" base_type="uint16" attributes="volatile extern" complete_type="uint16" init_mode="PERMANENT" init_modes_allowed="4" init_range="min..max" global_assert="disabled" assert_range="disabled"/>
         </struct>
         <struct name="DCMP0E" comment="" line="897" attributes="volatile extern">
            <scalar name="UINT32" comment="" line="897" base_type="uint32" attributes="volatile extern" complete_type="uint32" init_mode="PERMANENT" init_modes_allowed="4" init_range="min..max" global_assert="disabled" assert_range="disabled"/>
         </struct>
         <struct name="DCMP1E" comment="" line="897" attributes="volatile extern">
            <scalar name="UINT32" comment="" line="897" base_type="uint32" attributes="volatile extern" complete_type="uint32" init_mode="PERMANENT" init_modes_allowed="4" init_range="min..max" global_assert="disabled" assert_range="disabled"/>
         </struct>
         <struct name="DCMP2E" comment="" line="897" attributes="volatile extern">
            <scalar name="UINT32" comment="" line="897" base_type="uint32" attributes="volatile extern" complete_type="uint32" init_mode="PERMANENT" init_modes_allowed="4" init_range="min..max" global_assert="disabled" assert_range="disabled"/>
         </struct>
         <struct name="DTC0W" comment="" line="897" attributes="volatile extern">
            <struct name="BIT" comment="" line="897" attributes="volatile extern">
               <scalar name="DTC0" comment="" line="897" base_type="uint10" attributes="volatile extern" complete_type="uint10" init_mode="PERMANENT" init_modes_allowed="4" init_range="min..max" global_assert="disabled" assert_range="disabled"/>
            </struct>
            <scalar name="UINT32" comment="" line="897" base_type="uint32" attributes="volatile extern" complete_type="uint32" init_mode="PERMANENT" init_modes_allowed="4" init_range="min..max" global_assert="disabled" assert_range="disabled"/>
         </struct>
         <struct name="DTC1W" comment="" line="897" attributes="volatile extern">
            <struct name="BIT" comment="" line="897" attributes="volatile extern">
               <scalar name="DTC1" comment="" line="897" base_type="uint10" attributes="volatile extern" complete_type="uint10" init_mode="PERMANENT" init_modes_allowed="4" init_range="min..max" global_assert="disabled" assert_range="disabled"/>
            </struct>
            <scalar name="UINT32" comment="" line="897" base_type="uint32" attributes="volatile extern" complete_type="uint32" init_mode="PERMANENT" init_modes_allowed="4" init_range="min..max" global_assert="disabled" assert_range="disabled"/>
         </struct>
         <struct name="DTPR" comment="" line="897" attributes="volatile extern">
            <struct name="BIT" comment="" line="897" attributes="volatile extern">
               <scalar name="DTCM" comment="" line="897" base_type="uint1" attributes="volatile extern" complete_type="uint1" init_mode="PERMANENT" init_modes_allowed="4" init_range="min..max" global_assert="disabled" assert_range="disabled"/>
            </struct>
            <scalar name="UINT16" comment="" line="897" base_type="uint16" attributes="volatile extern" complete_type="uint16" init_mode="PERMANENT" init_modes_allowed="4" init_range="min..max" global_assert="disabled" assert_range="disabled"/>
         </struct>
         <struct name="IOC0" comment="" line="897" attributes="volatile extern">
            <scalar name="UINT8" comment="" line="897" base_type="uint8" attributes="volatile extern" complete_type="uint8" init_mode="PERMANENT" init_modes_allowed="4" init_range="min..max" global_assert="disabled" assert_range="disabled"/>
         </struct>
         <struct name="IOC1" comment="" line="897" attributes="volatile extern">
            <scalar name="UINT8" comment="" line="897" base_type="uint8" attributes="volatile extern" complete_type="uint8" init_mode="PERMANENT" init_modes_allowed="4" init_range="min..max" global_assert="disabled" assert_range="disabled"/>
         </struct>
         <struct name="IOC2" comment="" line="897" attributes="volatile extern">
            <scalar name="UINT16" comment="" line="897" base_type="uint16" attributes="volatile extern" complete_type="uint16" init_mode="PERMANENT" init_modes_allowed="4" init_range="min..max" global_assert="disabled" assert_range="disabled"/>
         </struct>
         <struct name="IOC3" comment="" line="897" attributes="volatile extern">
            <scalar name="UINT32" comment="" line="897" base_type="uint32" attributes="volatile extern" complete_type="uint32" init_mode="PERMANENT" init_modes_allowed="4" init_range="min..max" global_assert="disabled" assert_range="disabled"/>
         </struct>
         <struct name="STC" comment="" line="897" attributes="volatile extern">
            <scalar name="UINT16" comment="" line="897" base_type="uint16" attributes="volatile extern" complete_type="uint16" init_mode="PERMANENT" init_modes_allowed="4" init_range="min..max" global_assert="disabled" assert_range="disabled"/>
         </struct>
         <struct name="TRG0" comment="" line="897" attributes="volatile extern">
            <struct name="BIT" comment="" line="897" attributes="volatile extern">
               <scalar name="TS" comment="" line="897" base_type="uint1" attributes="volatile extern" complete_type="uint1" init_mode="PERMANENT" init_modes_allowed="4" init_range="min..max" global_assert="disabled" assert_range="disabled"/>
            </struct>
         </struct>
         <struct name="TRG2" comment="" line="897" attributes="volatile extern">
            <scalar name="UINT8" comment="" line="897" base_type="uint8" attributes="volatile extern" complete_type="uint8" init_mode="PERMANENT" init_modes_allowed="4" init_range="min..max" global_assert="disabled" assert_range="disabled"/>
         </struct>
      </struct>
   </file>
   <file name="C:\\Component\\CM475A_TSG31CfgAndUse_Impl\\include\\CDD_TSG31CfgAndUse_private.h" comment="">
      <function name="CnvNanoSecToTmrCnt" comment="" line="48" main_generator_called="MAIN_GENERATOR" attributes="static">
         <scalar name="arg1" comment="" line="48" base_type="uint32" attributes="static" complete_type="uint32" init_mode="MAIN_GENERATOR" init_modes_allowed="10" init_range="min..max" global_assert="unsupported" assert_range="unsupported"/>
         <scalar name="return" comment="" line="48" base_type="uint32" attributes="static" complete_type="uint32" init_mode="disabled" init_range="disabled" global_assert="unsupported" assert_range="unsupported"/>
      </function>
   </file>
   <file name="C:\\Component\\CM475A_TSG31CfgAndUse_Impl\\src\\CDD_TSG31CfgAndUse.c" comment="">
      <function name="MapFetCtrlSigToGpioAndSetLow" comment="" line="681" main_generator_called="MAIN_GENERATOR" attributes="static"/>
      <function name="MapPinsToGpio" comment="" line="718" main_generator_called="MAIN_GENERATOR" attributes="static"/>
      <function name="NoTranSysStIsEn" comment="" line="560" main_generator_called="MAIN_GENERATOR" attributes="static">
         <scalar name="arg1" comment="" line="560" base_type="uint8" attributes="static" complete_type="uint8" init_mode="MAIN_GENERATOR" init_modes_allowed="10" init_range="min..max" global_assert="unsupported" assert_range="unsupported"/>
      </function>
      <function name="NoTranSysStNotEn" comment="" line="667" main_generator_called="MAIN_GENERATOR" attributes="static"/>
      <function name="TSG31CfgAndUseInit1" comment="" line="210" main_generator_called="MAIN_GENERATOR" attributes="unused"/>
      <function name="TSG31CfgAndUsePer2" comment="" line="471" main_generator_called="MAIN_GENERATOR" attributes="unused"/>
      <function name="TranFromEn" comment="" line="630" main_generator_called="MAIN_GENERATOR" attributes="static"/>
      <function name="TranToEn" comment="" line="646" main_generator_called="MAIN_GENERATOR" attributes="static"/>
   </file>
   <file name="C:\\Component\\CM475A_TSG31CfgAndUse_Impl\\src\\CDD_TSG31CfgAndUse_MotCtrl.c" comment="">
      <function name="TSG31CfgAndUsePer1" comment="" line="42" main_generator_called="MAIN_GENERATOR" attributes="unused"/>
   </file>
   <file name="C:\\Component\\CM475A_TSG31CfgAndUse_Impl\\tools\\contract\\CDD_MotCtrlMgr_Data.h" comment="">
      <scalar name="MOTCTRLMGR_MotCtrlMotCurrEolCalSt" comment="" line="6" base_type="uint8" attributes="extern" complete_type="uint8" init_mode="INIT" init_modes_allowed="6" init_range="min..max" global_assert="NO" assert_range=""/>
      <scalar name="MOTCTRLMGR_MotCtrlPhaOnTiA" comment="" line="8" base_type="uint32" attributes="extern" complete_type="uint32" init_mode="INIT" init_modes_allowed="6" init_range="min..max" global_assert="NO" assert_range=""/>
      <scalar name="MOTCTRLMGR_MotCtrlPhaOnTiB" comment="" line="9" base_type="uint32" attributes="extern" complete_type="uint32" init_mode="INIT" init_modes_allowed="6" init_range="min..max" global_assert="NO" assert_range=""/>
      <scalar name="MOTCTRLMGR_MotCtrlPhaOnTiC" comment="" line="10" base_type="uint32" attributes="extern" complete_type="uint32" init_mode="INIT" init_modes_allowed="6" init_range="min..max" global_assert="NO" assert_range=""/>
      <scalar name="MOTCTRLMGR_MotCtrlPwmPerd" comment="" line="7" base_type="uint32" attributes="extern" complete_type="uint32" init_mode="INIT" init_modes_allowed="6" init_range="min..max" global_assert="NO" assert_range=""/>
      <scalar name="MOTCTRLMGR_MotCtrlTSG31CMP0E" comment="" line="15" base_type="uint32" attributes="extern" complete_type="uint32" init_mode="INIT" init_modes_allowed="6" init_range="min..max" global_assert="NO" assert_range=""/>
      <scalar name="MOTCTRLMGR_MotCtrlTSG31CMP12E" comment="" line="16" base_type="uint32" attributes="extern" complete_type="uint32" init_mode="INIT" init_modes_allowed="6" init_range="min..max" global_assert="NO" assert_range=""/>
      <scalar name="MOTCTRLMGR_MotCtrlTSG31CMPUE" comment="" line="12" base_type="uint32" attributes="extern" complete_type="uint32" init_mode="INIT" init_modes_allowed="6" init_range="min..max" global_assert="NO" assert_range=""/>
      <scalar name="MOTCTRLMGR_MotCtrlTSG31CMPVE" comment="" line="13" base_type="uint32" attributes="extern" complete_type="uint32" init_mode="INIT" init_modes_allowed="6" init_range="min..max" global_assert="NO" assert_range=""/>
      <scalar name="MOTCTRLMGR_MotCtrlTSG31CMPWE" comment="" line="14" base_type="uint32" attributes="extern" complete_type="uint32" init_mode="INIT" init_modes_allowed="6" init_range="min..max" global_assert="NO" assert_range=""/>
      <scalar name="MOTCTRLMGR_MotCtrlTSG31DCMP0E" comment="" line="11" base_type="uint32" attributes="extern" complete_type="uint32" init_mode="INIT" init_modes_allowed="6" init_range="min..max" global_assert="NO" assert_range=""/>
   </file>
   <file name="C:\\Component\\CM475A_TSG31CfgAndUse_Impl\\tools\\contract\\ElecGlbPrm.h" comment="">
      <scalar name="ELECGLBPRM_MOTCTRLINTRPTTRIGSRC_CNT_U08" comment="" line="16" base_type="uint8" attributes="extern" complete_type="uint8" init_mode="INIT" init_modes_allowed="6" init_range="min..max" global_assert="NO" assert_range=""/>
   </file>
   <file name="C:\\Component\\CM475A_TSG31CfgAndUse_Impl\\tools\\contract\\Rte_CDD_TSG31CfgAndUse.h" comment="">
      <function name="Rte_Call_CDD_TSG31CfgAndUse_IoHwAb_SetFctGpioPhaALowrCmd_Oper" comment="" line="84" main_generator_called="disabled" attributes="extern">
         <scalar name="return" comment="" line="84" base_type="uint8" complete_type="uint8" init_mode="PERMANENT" init_modes_allowed="4" init_range="min..max" global_assert="unsupported" assert_range="unsupported"/>
      </function>
      <function name="Rte_Call_CDD_TSG31CfgAndUse_IoHwAb_SetFctGpioPhaAUpprCmd_Oper" comment="" line="85" main_generator_called="disabled" attributes="extern">
         <scalar name="return" comment="" line="85" base_type="uint8" complete_type="uint8" init_mode="PERMANENT" init_modes_allowed="4" init_range="min..max" global_assert="unsupported" assert_range="unsupported"/>
      </function>
      <function name="Rte_Call_CDD_TSG31CfgAndUse_IoHwAb_SetFctGpioPhaBLowrCmd_Oper" comment="" line="86" main_generator_called="disabled" attributes="extern">
         <scalar name="return" comment="" line="86" base_type="uint8" complete_type="uint8" init_mode="PERMANENT" init_modes_allowed="4" init_range="min..max" global_assert="unsupported" assert_range="unsupported"/>
      </function>
      <function name="Rte_Call_CDD_TSG31CfgAndUse_IoHwAb_SetFctGpioPhaBUpprCmd_Oper" comment="" line="87" main_generator_called="disabled" attributes="extern">
         <scalar name="return" comment="" line="87" base_type="uint8" complete_type="uint8" init_mode="PERMANENT" init_modes_allowed="4" init_range="min..max" global_assert="unsupported" assert_range="unsupported"/>
      </function>
      <function name="Rte_Call_CDD_TSG31CfgAndUse_IoHwAb_SetFctGpioPhaCLowrCmd_Oper" comment="" line="88" main_generator_called="disabled" attributes="extern">
         <scalar name="return" comment="" line="88" base_type="uint8" complete_type="uint8" init_mode="PERMANENT" init_modes_allowed="4" init_range="min..max" global_assert="unsupported" assert_range="unsupported"/>
      </function>
      <function name="Rte_Call_CDD_TSG31CfgAndUse_IoHwAb_SetFctGpioPhaCUpprCmd_Oper" comment="" line="89" main_generator_called="disabled" attributes="extern">
         <scalar name="return" comment="" line="89" base_type="uint8" complete_type="uint8" init_mode="PERMANENT" init_modes_allowed="4" init_range="min..max" global_assert="unsupported" assert_range="unsupported"/>
      </function>
      <function name="Rte_Call_CDD_TSG31CfgAndUse_IoHwAb_SetFctPeriphPhaALowrCmd_Oper" comment="" line="90" main_generator_called="disabled" attributes="extern">
         <scalar name="return" comment="" line="90" base_type="uint8" complete_type="uint8" init_mode="PERMANENT" init_modes_allowed="4" init_range="min..max" global_assert="unsupported" assert_range="unsupported"/>
      </function>
      <function name="Rte_Call_CDD_TSG31CfgAndUse_IoHwAb_SetFctPeriphPhaAUpprCmd_Oper" comment="" line="91" main_generator_called="disabled" attributes="extern">
         <scalar name="return" comment="" line="91" base_type="uint8" complete_type="uint8" init_mode="PERMANENT" init_modes_allowed="4" init_range="min..max" global_assert="unsupported" assert_range="unsupported"/>
      </function>
      <function name="Rte_Call_CDD_TSG31CfgAndUse_IoHwAb_SetFctPeriphPhaBLowrCmd_Oper" comment="" line="92" main_generator_called="disabled" attributes="extern">
         <scalar name="return" comment="" line="92" base_type="uint8" complete_type="uint8" init_mode="PERMANENT" init_modes_allowed="4" init_range="min..max" global_assert="unsupported" assert_range="unsupported"/>
      </function>
      <function name="Rte_Call_CDD_TSG31CfgAndUse_IoHwAb_SetFctPeriphPhaBUpprCmd_Oper" comment="" line="93" main_generator_called="disabled" attributes="extern">
         <scalar name="return" comment="" line="93" base_type="uint8" complete_type="uint8" init_mode="PERMANENT" init_modes_allowed="4" init_range="min..max" global_assert="unsupported" assert_range="unsupported"/>
      </function>
      <function name="Rte_Call_CDD_TSG31CfgAndUse_IoHwAb_SetFctPeriphPhaCLowrCmd_Oper" comment="" line="94" main_generator_called="disabled" attributes="extern">
         <scalar name="return" comment="" line="94" base_type="uint8" complete_type="uint8" init_mode="PERMANENT" init_modes_allowed="4" init_range="min..max" global_assert="unsupported" assert_range="unsupported"/>
      </function>
      <function name="Rte_Call_CDD_TSG31CfgAndUse_IoHwAb_SetFctPeriphPhaCUpprCmd_Oper" comment="" line="95" main_generator_called="disabled" attributes="extern">
         <scalar name="return" comment="" line="95" base_type="uint8" complete_type="uint8" init_mode="PERMANENT" init_modes_allowed="4" init_range="min..max" global_assert="unsupported" assert_range="unsupported"/>
      </function>
      <function name="Rte_Call_CDD_TSG31CfgAndUse_IoHwAb_SetGpioPhaALowrCmd_Oper" comment="" line="96" main_generator_called="disabled" attributes="extern">
         <scalar name="arg1" comment="" line="96" base_type="uint8" complete_type="uint8" init_mode="disabled" init_range="disabled" global_assert="unsupported" assert_range="unsupported"/>
         <scalar name="return" comment="" line="96" base_type="uint8" complete_type="uint8" init_mode="PERMANENT" init_modes_allowed="4" init_range="min..max" global_assert="unsupported" assert_range="unsupported"/>
      </function>
      <function name="Rte_Call_CDD_TSG31CfgAndUse_IoHwAb_SetGpioPhaAUpprCmd_Oper" comment="" line="97" main_generator_called="disabled" attributes="extern">
         <scalar name="arg1" comment="" line="97" base_type="uint8" complete_type="uint8" init_mode="disabled" init_range="disabled" global_assert="unsupported" assert_range="unsupported"/>
         <scalar name="return" comment="" line="97" base_type="uint8" complete_type="uint8" init_mode="PERMANENT" init_modes_allowed="4" init_range="min..max" global_assert="unsupported" assert_range="unsupported"/>
      </function>
      <function name="Rte_Call_CDD_TSG31CfgAndUse_IoHwAb_SetGpioPhaBLowrCmd_Oper" comment="" line="98" main_generator_called="disabled" attributes="extern">
         <scalar name="arg1" comment="" line="98" base_type="uint8" complete_type="uint8" init_mode="disabled" init_range="disabled" global_assert="unsupported" assert_range="unsupported"/>
         <scalar name="return" comment="" line="98" base_type="uint8" complete_type="uint8" init_mode="PERMANENT" init_modes_allowed="4" init_range="min..max" global_assert="unsupported" assert_range="unsupported"/>
      </function>
      <function name="Rte_Call_CDD_TSG31CfgAndUse_IoHwAb_SetGpioPhaBUpprCmd_Oper" comment="" line="99" main_generator_called="disabled" attributes="extern">
         <scalar name="arg1" comment="" line="99" base_type="uint8" complete_type="uint8" init_mode="disabled" init_range="disabled" global_assert="unsupported" assert_range="unsupported"/>
         <scalar name="return" comment="" line="99" base_type="uint8" complete_type="uint8" init_mode="PERMANENT" init_modes_allowed="4" init_range="min..max" global_assert="unsupported" assert_range="unsupported"/>
      </function>
      <function name="Rte_Call_CDD_TSG31CfgAndUse_IoHwAb_SetGpioPhaCLowrCmd_Oper" comment="" line="100" main_generator_called="disabled" attributes="extern">
         <scalar name="arg1" comment="" line="100" base_type="uint8" complete_type="uint8" init_mode="disabled" init_range="disabled" global_assert="unsupported" assert_range="unsupported"/>
         <scalar name="return" comment="" line="100" base_type="uint8" complete_type="uint8" init_mode="PERMANENT" init_modes_allowed="4" init_range="min..max" global_assert="unsupported" assert_range="unsupported"/>
      </function>
      <function name="Rte_Call_CDD_TSG31CfgAndUse_IoHwAb_SetGpioPhaCUpprCmd_Oper" comment="" line="101" main_generator_called="disabled" attributes="extern">
         <scalar name="arg1" comment="" line="101" base_type="uint8" complete_type="uint8" init_mode="disabled" init_range="disabled" global_assert="unsupported" assert_range="unsupported"/>
         <scalar name="return" comment="" line="101" base_type="uint8" complete_type="uint8" init_mode="PERMANENT" init_modes_allowed="4" init_range="min..max" global_assert="unsupported" assert_range="unsupported"/>
      </function>
      <pointer name="Rte_Inst_CDD_TSG31CfgAndUse" comment="" line="60" attributes="extern const" complete_type="const struct Rte_CDS_CDD_TSG31CfgAndUse *" init_mode="INIT" init_modes_allowed="2" initialize_pointer="May-be NULL" number_allocated="max" init_pointed="MULTI">
         <struct comment="" line="60" complete_type="struct Rte_CDS_CDD_TSG31CfgAndUse" attributes="extern const">
            <pointer name="Pim_TSG31CfgAndUseAdcStrtOfCnvnPeak" comment="" line="60" attributes="extern const" complete_type="uint32 *" init_mode="INIT" init_modes_allowed="2" initialize_pointer="May-be NULL" number_allocated="max" init_pointed="MULTI">
               <scalar comment="" line="60" base_type="uint32" attributes="extern" complete_type="uint32" init_mode="INIT" init_modes_allowed="2" init_range="min..max" global_assert="unsupported" assert_range="unsupported"/>
            </pointer>
            <pointer name="Pim_TSG31CfgAndUseMotAg0SPIStart" comment="" line="60" attributes="extern const" complete_type="uint32 *" init_mode="INIT" init_modes_allowed="2" initialize_pointer="May-be NULL" number_allocated="max" init_pointed="MULTI">
               <scalar comment="" line="60" base_type="uint32" attributes="extern" complete_type="uint32" init_mode="INIT" init_modes_allowed="2" init_range="min..max" global_assert="unsupported" assert_range="unsupported"/>
            </pointer>
            <pointer name="Pim_TSG31CfgAndUseSysStEnaPrev" comment="" line="60" attributes="extern const" complete_type="uint8 *" init_mode="INIT" init_modes_allowed="2" initialize_pointer="May-be NULL" number_allocated="max" init_pointed="MULTI">
               <scalar comment="" line="60" base_type="uint8" attributes="extern" complete_type="uint8" init_mode="INIT" init_modes_allowed="2" init_range="min..max" global_assert="unsupported" assert_range="unsupported"/>
            </pointer>
         </struct>
      </pointer>
      <function name="Rte_Prm_CDD_TSG31CfgAndUse_CurrMeasEolFixdPwmPerd_Val" comment="" line="102" main_generator_called="disabled" attributes="extern">
         <scalar name="return" comment="" line="102" base_type="uint32" complete_type="uint32" init_mode="PERMANENT" init_modes_allowed="4" init_range="min..max" global_assert="unsupported" assert_range="unsupported"/>
      </function>
      <function name="Rte_Prm_CDD_TSG31CfgAndUse_CurrMeasEolOffsHiCmuOffs_Val" comment="" line="103" main_generator_called="disabled" attributes="extern">
         <scalar name="return" comment="" line="103" base_type="uint32" complete_type="uint32" init_mode="PERMANENT" init_modes_allowed="4" init_range="min..max" global_assert="unsupported" assert_range="unsupported"/>
      </function>
      <function name="Rte_Prm_CDD_TSG31CfgAndUse_CurrMeasEolOffsLoCmuOffs_Val" comment="" line="104" main_generator_called="disabled" attributes="extern">
         <scalar name="return" comment="" line="104" base_type="uint32" complete_type="uint32" init_mode="PERMANENT" init_modes_allowed="4" init_range="min..max" global_assert="unsupported" assert_range="unsupported"/>
      </function>
      <function name="Rte_Prm_CDD_TSG31CfgAndUse_TSG31CfgAndUseAdcStrtOfCnvn2Offs_Val" comment="" line="105" main_generator_called="disabled" attributes="extern">
         <scalar name="return" comment="" line="105" base_type="uint32" complete_type="uint32" init_mode="PERMANENT" init_modes_allowed="4" init_range="min..max" global_assert="unsupported" assert_range="unsupported"/>
      </function>
      <function name="Rte_Prm_CDD_TSG31CfgAndUse_TSG31CfgAndUseAdcStrtOfCnvnMotCtrlPeakOffs_Val" comment="" line="106" main_generator_called="disabled" attributes="extern">
         <scalar name="return" comment="" line="106" base_type="uint32" complete_type="uint32" init_mode="PERMANENT" init_modes_allowed="4" init_range="min..max" global_assert="unsupported" assert_range="unsupported"/>
      </function>
      <function name="Rte_Prm_CDD_TSG31CfgAndUse_TSG31CfgAndUseAdcStrtOfCnvnMotCtrlVlyOffs_Val" comment="" line="107" main_generator_called="disabled" attributes="extern">
         <scalar name="return" comment="" line="107" base_type="uint32" complete_type="uint32" init_mode="PERMANENT" init_modes_allowed="4" init_range="min..max" global_assert="unsupported" assert_range="unsupported"/>
      </function>
      <function name="Rte_Prm_CDD_TSG31CfgAndUse_TSG31CfgAndUseMtrAg0SPIStart_Val" comment="" line="108" main_generator_called="disabled" attributes="extern">
         <scalar name="return" comment="" line="108" base_type="uint32" complete_type="uint32" init_mode="PERMANENT" init_modes_allowed="4" init_range="min..max" global_assert="unsupported" assert_range="unsupported"/>
      </function>
      <function name="Rte_Prm_CDD_TSG31CfgAndUse_TSG31CfgAndUsePwmDbnd_Val" comment="" line="109" main_generator_called="disabled" attributes="extern">
         <scalar name="return" comment="" line="109" base_type="uint32" complete_type="uint32" init_mode="PERMANENT" init_modes_allowed="4" init_range="min..max" global_assert="unsupported" assert_range="unsupported"/>
      </function>
      <function name="Rte_Read_CDD_TSG31CfgAndUse_MotCurrEolCalSt_Val" comment="" line="82" main_generator_called="disabled" attributes="extern">
         <pointer name="arg1" comment="" line="82" complete_type="uint8 *" init_mode="disabled" initialize_pointer="disabled" number_allocated="disabled" init_pointed="MULTI">
            <scalar comment="" line="82" base_type="uint8" complete_type="uint8" init_mode="PERMANENT" init_modes_allowed="4" init_range="min..max" global_assert="unsupported" assert_range="unsupported"/>
         </pointer>
         <scalar name="return" comment="" line="82" base_type="uint8" complete_type="uint8" init_mode="PERMANENT" init_modes_allowed="4" init_range="min..max" global_assert="unsupported" assert_range="unsupported"/>
      </function>
      <function name="Rte_Read_CDD_TSG31CfgAndUse_SysSt_Val" comment="" line="83" main_generator_called="disabled" attributes="extern">
         <pointer name="arg1" comment="" line="83" complete_type="uint8 *" init_mode="disabled" initialize_pointer="disabled" number_allocated="disabled" init_pointed="MULTI">
            <scalar comment="" line="83" base_type="uint8" complete_type="uint8" init_mode="PERMANENT" init_modes_allowed="4" init_range="min..max" global_assert="unsupported" assert_range="unsupported"/>
         </pointer>
         <scalar name="return" comment="" line="83" base_type="uint8" complete_type="uint8" init_mode="PERMANENT" init_modes_allowed="4" init_range="min..max" global_assert="unsupported" assert_range="unsupported"/>
      </function>
   </file>
</global>
