<?xml version="1.0" encoding="UTF-8"?>
<Navig version="1.0">
<Files>
<F id="1" n="C:\Program Files\MATLAB\R2013b\polyspace\verifier\cxx\cinclude\stdarg.h"/>
<F id="2" n="C:\Component\AR201A_ArCplrSuprt_Impl\include\ASR4.0.3\Platform_Types.h"/>
<F id="3" n="C:\Component\AR200A_ArSuprt_Impl\include\ASR4.0.3\Std_Types.h"/>
<F id="4" n="C:\Component\CM475A_TSG31CfgAndUse_Impl\tools\contract\Rte_Type.h"/>
<F id="5" n="C:\Component\CM475A_TSG31CfgAndUse_Impl\tools\contract\Rte_CDD_TSG31CfgAndUse.h"/>
<F id="6" n="C:\Component\AR202A_MicroCtrlrSuprt_Impl\include\P1M\R7F701311\reg_common.h"/>
<F id="7" n="C:\Component\AR202A_MicroCtrlrSuprt_Impl\include\P1M\R7F701311\tsg3_regs.h"/>
<F id="8" n="C:\Component\CM475A_TSG31CfgAndUse_Impl\tools\contract\CDD_MotCtrlMgr_Data.h"/>
<F id="9" n="C:\Component\CM475A_TSG31CfgAndUse_Impl\include\CDD_TSG31CfgAndUse_private.h"/>
<F id="10" n="C:\Component\CM475A_TSG31CfgAndUse_Impl\src\CDD_TSG31CfgAndUse_MotCtrl.c"/>
<F id="11" n="C-STUBS\__polyspace__stdstubs.c"/>
<F id="12" n="C:\Component\CM475A_TSG31CfgAndUse_Impl\include\CDD_TSG31CfgAndUse.h"/>
<F id="13" n="C:\Component\CM475A_TSG31CfgAndUse_Impl\include\CDD_TSG31CfgAndUse_MotCtrl_MemMap.h"/>
<F id="14" n="C:\Component\CM475A_TSG31CfgAndUse_Impl\src\CDD_TSG31CfgAndUse.c"/>
<F id="15" n="C:\Program Files\MATLAB\R2013b\polyspace\verifier\cxx\cinclude\__polyspace__std_decls.h"/>
<F id="16" n="C:\Program Files\MATLAB\R2013b\polyspace\verifier\cxx\cinclude\assert.h"/>
<F id="17" n="C:\Program Files\MATLAB\R2013b\polyspace\verifier\cxx\cinclude\__polyspace__libc_defs.h"/>
<F id="18" n="C:\Component\CM475A_TSG31CfgAndUse_Impl\tools\contract\Rte_CDD_TSG31CfgAndUse_Type.h"/>
<F id="19" n="C:\Component\CM475A_TSG31CfgAndUse_Impl\tools\contract\Rte.h"/>
<F id="20" n="C:\Component\AR201A_ArCplrSuprt_Impl\include\ASR4.0.3\Compiler.h"/>
<F id="21" n="C:\Component\AR201A_ArCplrSuprt_Impl\tools\contract\Compiler_Cfg.h"/>
<F id="22" n="C:\Component\AR201A_ArCplrSuprt_Impl\tools\contract\Renesas_Compiler.h"/>
<F id="23" n="C:\Component\CM475A_TSG31CfgAndUse_Impl\tools\contract\Rte_DataHandleType.h"/>
<F id="24" n="C:\Component\AR200A_ArSuprt_Impl\tools\contract\MemMap.h"/>
<F id="25" n="C:\Component\CM475A_TSG31CfgAndUse_Impl\tools\contract\CDD_TSG31CfgAndUse_MemMap.h"/>
<F id="26" n="C:\Component\ES999A_ElecGlbPrm_Impl\include\ElecGlbPrm.h"/>
</Files>
<Definitions>
<D id="1" f="11" l="450" c="13" n="_polyspace_random_int" t="5" d="1"/>
<D id="2" f="11" l="3520" c="4" n="__polyspace_nb_varargs" t="1" d="1"/>
<D id="3" f="11" l="442" c="23" n="_polyspace_random_uchar" t="5" d="1"/>
<D id="4" f="11" l="434" c="14" n="_polyspace_random_char" t="5" d="1"/>
<D id="5" f="11" l="452" c="24" n="random" t="4" d="1"/>
<D id="6" f="11" l="460" c="25" n="random" t="4" d="1"/>
<D id="7" f="11" l="444" c="34" n="random" t="4" d="1"/>
<D id="8" f="11" l="466" c="23" n="_polyspace_random_ulong" t="5" d="1"/>
<D id="9" f="11" l="436" c="25" n="random" t="4" d="1"/>
<D id="10" f="11" l="473" c="16" n="_polyspace_random_double" t="5" d="1"/>
<D id="11" f="11" l="458" c="14" n="_polyspace_random_long" t="5" d="1"/>
<D id="12" f="11" l="468" c="34" n="random" t="4" d="1"/>
<D id="13" f="11" l="475" c="27" n="random" t="4" d="1"/>
<D id="14" f="11" l="3519" c="7" n="__polyspace_vararg" t="1" d="1"/>
<D id="15" f="11" l="6865" c="14" n="_polyspace_compare_function_type" t="7" d="1"/>
<D id="16" f="6" l="51" c="2" n="__bitf_T" t="7" d="1"/>
<D id="17" f="7" l="43" c="2" n="__type752" t="7" d="1"/>
<D id="18" f="6" l="64" c="2" n="__type468" t="7" d="1"/>
<D id="19" f="7" l="64" c="2" n="__type754" t="7" d="1"/>
<D id="20" f="6" l="74" c="2" n="__type539" t="7" d="1"/>
<D id="21" f="6" l="93" c="2" n="__type554" t="7" d="1"/>
<D id="22" f="7" l="93" c="2" n="__type757" t="7" d="1"/>
<D id="23" f="8" l="7" c="14" n="MOTCTRLMGR_MotCtrlPwmPerd" t="1" d="0"/>
<D id="24" f="6" l="85" c="2" n="__type541" t="7" d="1"/>
<D id="25" f="8" l="6" c="24" n="MOTCTRLMGR_MotCtrlMotCurrEolCalSt" t="1" d="0"/>
<D id="26" f="8" l="8" c="14" n="MOTCTRLMGR_MotCtrlPhaOnTiA" t="1" d="0"/>
<D id="27" f="8" l="9" c="14" n="MOTCTRLMGR_MotCtrlPhaOnTiB" t="1" d="0"/>
<D id="28" f="7" l="49" c="2" n="__type753" t="7" d="1"/>
<D id="29" f="7" l="87" c="2" n="__type756" t="7" d="1"/>
<D id="30" f="6" l="69" c="2" n="__type538" t="7" d="1"/>
<D id="31" f="6" l="79" c="2" n="__type540" t="7" d="1"/>
<D id="32" f="7" l="79" c="2" n="__type755" t="7" d="1"/>
<D id="33" f="6" l="98" c="2" n="__type721" t="7" d="1"/>
<D id="34" f="6" l="89" c="2" n="__type552" t="7" d="1"/>
<D id="35" f="5" l="48" c="7" n="Rte_CDS_CDD_TSG31CfgAndUse" t="6" d="1"/>
<D id="36" f="11" l="11325" c="21" n="HUGE_VAL" t="1" d="1"/>
<D id="37" f="11" l="11307" c="12" n="_polyspace_random_long_double" t="2" d="1"/>
<D id="38" f="11" l="11326" c="21" n="HUGE_VALF" t="1" d="1"/>
<D id="39" f="11" l="11327" c="21" n="HUGE_VALL" t="1" d="1"/>
<D id="40" f="11" l="11309" c="23" n="random" t="4" d="1"/>
<D id="41" f="11" l="12169" c="16" n="__polyspace_absolute_address" t="1" d="1"/>
<D id="42" f="6" l="50" c="10" n="bit07" t="9" d="1"/>
<D id="43" f="6" l="120" c="2" n="__type728" t="7" d="1"/>
<D id="44" f="7" l="30" c="11" n="TO2" t="9" d="1"/>
<D id="45" f="5" l="51" c="10" n="Pim_TSG31CfgAndUseAdcStrtOfCnvnPeak" t="9" d="1"/>
<D id="46" f="7" l="40" c="11" n="OL5" t="9" d="1"/>
<D id="47" f="7" l="31" c="11" n="TO3" t="9" d="1"/>
<D id="48" f="5" l="52" c="10" n="Pim_TSG31CfgAndUseMotAg0SPIStart" t="9" d="1"/>
<D id="49" f="7" l="500" c="2" n="__type2041" t="7" d="1"/>
<D id="50" f="7" l="121" c="2" n="__type759" t="7" d="1"/>
<D id="51" f="7" l="202" c="2" n="__type772" t="7" d="1"/>
<D id="52" f="6" l="43" c="10" n="bit00" t="9" d="1"/>
<D id="53" f="6" l="103" c="2" n="__type723" t="7" d="1"/>
<D id="54" f="7" l="41" c="11" n="OL6" t="9" d="1"/>
<D id="55" f="7" l="32" c="11" n="TO4" t="9" d="1"/>
<D id="56" f="7" l="600" c="2" n="__type2061" t="7" d="1"/>
<D id="57" f="6" l="131" c="2" n="__type1817" t="7" d="1"/>
<D id="58" f="7" l="60" c="11" n="AT08" t="9" d="1"/>
<D id="59" f="7" l="302" c="2" n="__type790" t="7" d="1"/>
<D id="60" f="7" l="510" c="2" n="__type2043" t="7" d="1"/>
<D id="61" f="3" l="141" c="2" n="Std_VersionInfoType" t="7" d="1"/>
<D id="62" f="7" l="212" c="2" n="__type774" t="7" d="1"/>
<D id="63" f="6" l="44" c="10" n="bit01" t="9" d="1"/>
<D id="64" f="6" l="113" c="2" n="__type727" t="7" d="1"/>
<D id="65" f="7" l="700" c="2" n="__type2081" t="7" d="1"/>
<D id="66" f="7" l="33" c="11" n="TO5" t="9" d="1"/>
<D id="67" f="7" l="70" c="11" n="AT13" t="9" d="1"/>
<D id="68" f="7" l="610" c="2" n="__type2063" t="7" d="1"/>
<D id="69" f="6" l="141" c="2" n="__type1819" t="7" d="1"/>
<D id="70" f="7" l="61" c="11" n="AT09" t="9" d="1"/>
<D id="71" f="7" l="312" c="2" n="__type792" t="7" d="1"/>
<D id="72" f="7" l="520" c="2" n="__type2045" t="7" d="1"/>
<D id="73" f="7" l="52" c="11" n="AT00" t="9" d="1"/>
<D id="74" f="6" l="45" c="10" n="bit02" t="9" d="1"/>
<D id="75" f="7" l="132" c="2" n="__type760" t="7" d="1"/>
<D id="76" f="7" l="710" c="2" n="__type2083" t="7" d="1"/>
<D id="77" f="5" l="53" c="11" n="Pim_TSG31CfgAndUseSysStEnaPrev" t="9" d="1"/>
<D id="78" f="7" l="34" c="11" n="TO6" t="9" d="1"/>
<D id="79" f="7" l="71" c="11" n="AT14" t="9" d="1"/>
<D id="80" f="7" l="620" c="2" n="__type2065" t="7" d="1"/>
<D id="81" f="8" l="10" c="14" n="MOTCTRLMGR_MotCtrlPhaOnTiC" t="1" d="0"/>
<D id="82" f="6" l="151" c="2" n="__type1831" t="7" d="1"/>
<D id="83" f="7" l="62" c="11" n="ACC" t="9" d="1"/>
<D id="84" f="7" l="322" c="2" n="__type794" t="7" d="1"/>
<D id="85" f="7" l="530" c="2" n="__type2047" t="7" d="1"/>
<D id="86" f="7" l="53" c="11" n="AT01" t="9" d="1"/>
<D id="87" f="6" l="46" c="10" n="bit03" t="9" d="1"/>
<D id="88" f="6" l="72" c="11" n="TS" t="9" d="1"/>
<D id="89" f="7" l="142" c="2" n="__type762" t="7" d="1"/>
<D id="90" f="7" l="223" c="2" n="__type775" t="7" d="1"/>
<D id="91" f="7" l="720" c="2" n="__type2085" t="7" d="1"/>
<D id="92" f="7" l="72" c="11" n="AT15" t="9" d="1"/>
<D id="93" f="7" l="630" c="2" n="__type2067" t="7" d="1"/>
<D id="94" f="8" l="11" c="14" n="MOTCTRLMGR_MotCtrlTSG31DCMP0E" t="1" d="0"/>
<D id="95" f="6" l="161" c="2" n="__type2000" t="7" d="1"/>
<D id="96" f="7" l="332" c="2" n="__type796" t="7" d="1"/>
<D id="97" f="7" l="540" c="2" n="__type2049" t="7" d="1"/>
<D id="98" f="6" l="82" c="11" n="MD0" t="9" d="1"/>
<D id="99" f="7" l="54" c="11" n="AT02" t="9" d="1"/>
<D id="100" f="7" l="242" c="2" n="__type778" t="7" d="1"/>
<D id="101" f="7" l="450" c="2" n="__type2031" t="7" d="1"/>
<D id="102" f="6" l="47" c="10" n="bit04" t="9" d="1"/>
<D id="103" f="7" l="152" c="2" n="__type764" t="7" d="1"/>
<D id="104" f="7" l="730" c="2" n="__type2087" t="7" d="1"/>
<D id="105" f="7" l="36" c="11" n="OL1" t="9" d="1"/>
<D id="106" f="7" l="73" c="11" n="AT16" t="9" d="1"/>
<D id="107" f="7" l="432" c="2" n="__type812" t="7" d="1"/>
<D id="108" f="7" l="640" c="2" n="__type2069" t="7" d="1"/>
<D id="109" f="8" l="12" c="14" n="MOTCTRLMGR_MotCtrlTSG31CMPUE" t="1" d="0"/>
<D id="110" f="6" l="171" c="2" n="__type2006" t="7" d="1"/>
<D id="111" f="7" l="342" c="2" n="__type798" t="7" d="1"/>
<D id="112" f="7" l="550" c="2" n="__type2051" t="7" d="1"/>
<D id="113" f="6" l="83" c="11" n="MD1" t="9" d="1"/>
<D id="114" f="7" l="55" c="11" n="AT03" t="9" d="1"/>
<D id="115" f="7" l="252" c="2" n="__type780" t="7" d="1"/>
<D id="116" f="7" l="414" c="2" n="__type810" t="7" d="1"/>
<D id="117" f="7" l="460" c="2" n="__type2033" t="7" d="1"/>
<D id="118" f="6" l="48" c="10" n="bit05" t="9" d="1"/>
<D id="119" f="7" l="46" c="11" n="RMC" t="9" d="1"/>
<D id="120" f="7" l="162" c="2" n="__type766" t="7" d="1"/>
<D id="121" f="7" l="740" c="2" n="__type2089" t="7" d="1"/>
<D id="122" f="7" l="37" c="11" n="OL2" t="9" d="1"/>
<D id="123" f="7" l="74" c="11" n="AT17" t="9" d="1"/>
<D id="124" f="7" l="107" c="2" n="__type758" t="7" d="1"/>
<D id="125" f="7" l="650" c="2" n="__type2071" t="7" d="1"/>
<D id="126" f="8" l="13" c="14" n="MOTCTRLMGR_MotCtrlTSG31CMPVE" t="1" d="0"/>
<D id="127" f="7" l="352" c="2" n="__type800" t="7" d="1"/>
<D id="128" f="7" l="560" c="2" n="__type2053" t="7" d="1"/>
<D id="129" f="10" l="42" c="5" n="TSG31CfgAndUsePer1" t="2" d="1"/>
<D id="130" f="6" l="126" c="2" n="__type1747" t="7" d="1"/>
<D id="131" f="7" l="56" c="11" n="AT04" t="9" d="1"/>
<D id="132" f="7" l="262" c="2" n="__type782" t="7" d="1"/>
<D id="133" f="7" l="470" c="2" n="__type2035" t="7" d="1"/>
<D id="134" f="7" l="505" c="2" n="__type2042" t="7" d="1"/>
<D id="135" f="6" l="49" c="10" n="bit06" t="9" d="1"/>
<D id="136" f="7" l="47" c="11" n="RIA" t="9" d="1"/>
<D id="137" f="7" l="172" c="2" n="__type768" t="7" d="1"/>
<D id="138" f="7" l="207" c="2" n="__type773" t="7" d="1"/>
<D id="139" f="7" l="750" c="2" n="__type2091" t="7" d="1"/>
<D id="140" f="7" l="38" c="11" n="OL3" t="9" d="1"/>
<D id="141" f="7" l="75" c="11" n="AT18" t="9" d="1"/>
<D id="142" f="7" l="660" c="2" n="__type2073" t="7" d="1"/>
<D id="143" f="8" l="14" c="14" n="MOTCTRLMGR_MotCtrlTSG31CMPWE" t="1" d="0"/>
<D id="144" f="7" l="29" c="11" n="TO1" t="9" d="1"/>
<D id="145" f="7" l="362" c="2" n="__type802" t="7" d="1"/>
<D id="146" f="7" l="570" c="2" n="__type2055" t="7" d="1"/>
<D id="147" f="7" l="605" c="2" n="__type2062" t="7" d="1"/>
<D id="148" f="6" l="136" c="2" n="__type1818" t="7" d="1"/>
<D id="149" f="7" l="57" c="11" n="AT05" t="9" d="1"/>
<D id="150" f="7" l="272" c="2" n="__type784" t="7" d="1"/>
<D id="151" f="7" l="307" c="2" n="__type791" t="7" d="1"/>
<D id="152" f="7" l="480" c="2" n="__type2037" t="7" d="1"/>
<D id="153" f="7" l="515" c="2" n="__type2044" t="7" d="1"/>
<D id="154" f="7" l="182" c="2" n="__type770" t="7" d="1"/>
<D id="155" f="7" l="760" c="2" n="__type2093" t="7" d="1"/>
<D id="156" f="7" l="39" c="11" n="OL4" t="9" d="1"/>
<D id="157" f="7" l="76" c="11" n="AT19" t="9" d="1"/>
<D id="158" f="7" l="670" c="2" n="__type2075" t="7" d="1"/>
<D id="159" f="7" l="705" c="2" n="__type2082" t="7" d="1"/>
<D id="160" f="8" l="15" c="14" n="MOTCTRLMGR_MotCtrlTSG31CMP0E" t="1" d="0"/>
<D id="161" f="5" l="102" c="7" n="Rte_Prm_CDD_TSG31CfgAndUse_CurrMeasEolFixdPwmPerd_Val" t="2" d="0"/>
<D id="162" f="9" l="50" c="15" n="Tmr_Cnt_T_u32" t="4" d="1"/>
<D id="163" f="5" l="65" c="49" n="Rte_Instance" t="7" d="1"/>
<D id="164" f="7" l="67" c="11" n="AT10" t="9" d="1"/>
<D id="165" f="7" l="372" c="2" n="__type804" t="7" d="1"/>
<D id="166" f="7" l="407" c="2" n="__type809" t="7" d="1"/>
<D id="167" f="7" l="580" c="2" n="__type2057" t="7" d="1"/>
<D id="168" f="7" l="615" c="2" n="__type2064" t="7" d="1"/>
<D id="169" f="1" l="45" c="14" n="__va_list" t="7" d="1"/>
<D id="170" f="4" l="35" c="14" n="MotCurrEolCalSt2" t="7" d="1"/>
<D id="171" f="6" l="146" c="2" n="__type1820" t="7" d="1"/>
<D id="172" f="7" l="58" c="11" n="AT06" t="9" d="1"/>
<D id="173" f="7" l="282" c="2" n="__type786" t="7" d="1"/>
<D id="174" f="7" l="317" c="2" n="__type793" t="7" d="1"/>
<D id="175" f="7" l="444" c="2" n="__type814" t="7" d="1"/>
<D id="176" f="7" l="490" c="2" n="__type2039" t="7" d="1"/>
<D id="177" f="7" l="525" c="2" n="__type2046" t="7" d="1"/>
<D id="178" f="6" l="77" c="11" n="TT" t="9" d="1"/>
<D id="179" f="7" l="192" c="2" n="__type771" t="7" d="1"/>
<D id="180" f="7" l="77" c="11" n="ACC" t="9" d="1"/>
<D id="181" f="7" l="137" c="2" n="__type761" t="7" d="1"/>
<D id="182" f="7" l="680" c="2" n="__type2077" t="7" d="1"/>
<D id="183" f="7" l="715" c="2" n="__type2084" t="7" d="1"/>
<D id="184" f="8" l="16" c="14" n="MOTCTRLMGR_MotCtrlTSG31CMP12E" t="1" d="0"/>
<D id="185" f="9" l="51" c="15" n="Ti_Cnt_T_u13p19" t="4" d="1"/>
<D id="186" f="6" l="96" c="11" n="TIS" t="9" d="1"/>
<D id="187" f="7" l="68" c="11" n="AT11" t="9" d="1"/>
<D id="188" f="7" l="382" c="2" n="__type806" t="7" d="1"/>
<D id="189" f="7" l="590" c="2" n="__type2059" t="7" d="1"/>
<D id="190" f="7" l="625" c="2" n="__type2066" t="7" d="1"/>
<D id="191" f="5" l="103" c="7" n="Rte_Prm_CDD_TSG31CfgAndUse_CurrMeasEolOffsHiCmuOffs_Val" t="2" d="0"/>
<D id="192" f="6" l="156" c="2" n="__type1833" t="7" d="1"/>
<D id="193" f="7" l="59" c="11" n="AT07" t="9" d="1"/>
<D id="194" f="7" l="292" c="2" n="__type788" t="7" d="1"/>
<D id="195" f="7" l="327" c="2" n="__type795" t="7" d="1"/>
<D id="196" f="7" l="535" c="2" n="__type2048" t="7" d="1"/>
<D id="197" f="7" l="237" c="2" n="__type777" t="7" d="1"/>
<D id="198" f="7" l="147" c="2" n="__type763" t="7" d="1"/>
<D id="199" f="7" l="228" c="2" n="__type776" t="7" d="1"/>
<D id="200" f="7" l="690" c="2" n="__type2079" t="7" d="1"/>
<D id="201" f="7" l="725" c="2" n="__type2086" t="7" d="1"/>
<D id="202" f="7" l="69" c="11" n="AT12" t="9" d="1"/>
<D id="203" f="7" l="427" c="2" n="__type811" t="7" d="1"/>
<D id="204" f="7" l="635" c="2" n="__type2068" t="7" d="1"/>
<D id="205" f="6" l="88" c="11" n="TX" t="9" d="1"/>
<D id="206" f="6" l="166" c="2" n="__type2002" t="7" d="1"/>
<D id="207" f="7" l="337" c="2" n="__type797" t="7" d="1"/>
<D id="208" f="7" l="545" c="2" n="__type2050" t="7" d="1"/>
<D id="209" f="5" l="104" c="7" n="Rte_Prm_CDD_TSG31CfgAndUse_CurrMeasEolOffsLoCmuOffs_Val" t="2" d="0"/>
<D id="210" f="7" l="247" c="2" n="__type779" t="7" d="1"/>
<D id="211" f="7" l="455" c="2" n="__type2032" t="7" d="1"/>
<D id="212" f="7" l="157" c="2" n="__type765" t="7" d="1"/>
<D id="213" f="7" l="735" c="2" n="__type2088" t="7" d="1"/>
<D id="214" f="1" l="50" c="18" n="__gnuc_va_list" t="7" d="1"/>
<D id="215" f="7" l="645" c="2" n="__type2070" t="7" d="1"/>
<D id="216" f="4" l="38" c="14" n="SysSt1" t="7" d="1"/>
<D id="217" f="6" l="176" c="2" n="__type2007" t="7" d="1"/>
<D id="218" f="7" l="347" c="2" n="__type799" t="7" d="1"/>
<D id="219" f="7" l="555" c="2" n="__type2052" t="7" d="1"/>
<D id="220" f="7" l="257" c="2" n="__type781" t="7" d="1"/>
<D id="221" f="7" l="465" c="2" n="__type2034" t="7" d="1"/>
<D id="222" f="7" l="167" c="2" n="__type767" t="7" d="1"/>
<D id="223" f="7" l="745" c="2" n="__type2090" t="7" d="1"/>
<D id="224" f="5" l="60" c="54" n="Rte_Inst_CDD_TSG31CfgAndUse" t="1" d="0"/>
<D id="225" f="7" l="655" c="2" n="__type2072" t="7" d="1"/>
<D id="226" f="7" l="357" c="2" n="__type801" t="7" d="1"/>
<D id="227" f="7" l="565" c="2" n="__type2054" t="7" d="1"/>
<D id="228" f="7" l="267" c="2" n="__type783" t="7" d="1"/>
<D id="229" f="7" l="475" c="2" n="__type2036" t="7" d="1"/>
<D id="230" f="7" l="177" c="2" n="__type769" t="7" d="1"/>
<D id="231" f="7" l="755" c="2" n="__type2092" t="7" d="1"/>
<D id="232" f="7" l="665" c="2" n="__type2074" t="7" d="1"/>
<D id="233" f="6" l="62" c="17" n="PRERR" t="9" d="1"/>
<D id="234" f="7" l="367" c="2" n="__type803" t="7" d="1"/>
<D id="235" f="7" l="575" c="2" n="__type2056" t="7" d="1"/>
<D id="236" f="7" l="277" c="2" n="__type785" t="7" d="1"/>
<D id="237" f="7" l="439" c="2" n="__type813" t="7" d="1"/>
<D id="238" f="7" l="485" c="2" n="__type2038" t="7" d="1"/>
<D id="239" f="7" l="90" c="17" n="OPF" t="9" d="1"/>
<D id="240" f="7" l="675" c="2" n="__type2076" t="7" d="1"/>
<D id="241" f="7" l="377" c="2" n="__type805" t="7" d="1"/>
<D id="242" f="7" l="585" c="2" n="__type2058" t="7" d="1"/>
<D id="243" f="7" l="287" c="2" n="__type787" t="7" d="1"/>
<D id="244" f="7" l="495" c="2" n="__type2040" t="7" d="1"/>
<D id="245" f="7" l="91" c="17" n="TSF" t="9" d="1"/>
<D id="246" f="7" l="82" c="17" n="TE" t="9" d="1"/>
<D id="247" f="7" l="685" c="2" n="__type2078" t="7" d="1"/>
<D id="248" f="7" l="387" c="2" n="__type807" t="7" d="1"/>
<D id="249" f="7" l="595" c="2" n="__type2060" t="7" d="1"/>
<D id="250" f="6" l="92" c="17" n="RX" t="9" d="1"/>
<D id="251" f="7" l="297" c="2" n="__type789" t="7" d="1"/>
<D id="252" f="7" l="83" c="17" n="RSF" t="9" d="1"/>
<D id="253" f="7" l="695" c="2" n="__type2080" t="7" d="1"/>
<D id="254" f="9" l="48" c="43" n="Ti_NanoSec_T_u32" t="4" d="1"/>
<D id="255" f="7" l="894" c="2" n="__type2609" t="7" d="1"/>
<D id="256" f="9" l="48" c="16" n="CnvNanoSecToTmrCnt" t="2" d="1"/>
<D id="257" f="7" l="84" c="17" n="SUF" t="9" d="1"/>
<D id="258" f="7" l="398" c="2" n="__type808" t="7" d="1"/>
<D id="259" f="7" l="85" c="17" n="CUF" t="9" d="1"/>
<D id="260" f="6" l="67" c="17" n="TE" t="9" d="1"/>
<D id="261" f="1" l="49" c="18" n="va_list" t="7" d="1"/>
<D id="262" f="7" l="97" c="17" n="PTF" t="9" d="1"/>
<D id="263" f="7" l="98" c="17" n="PRF" t="9" d="1"/>
<D id="264" f="7" l="99" c="17" n="NDF" t="9" d="1"/>
<D id="265" f="6" l="110" c="11" n="MAS" t="9" d="1"/>
<D id="266" f="7" l="200" c="11" n="PAT5B" t="9" d="1"/>
<D id="267" f="3" l="140" c="10" n="sw_patch_version" t="9" d="1"/>
<D id="268" f="6" l="101" c="11" n="CLOV" t="9" d="1"/>
<D id="269" f="7" l="300" c="11" n="CMP8E" t="9" d="1"/>
<D id="270" f="7" l="210" c="11" n="DTC1" t="9" d="1"/>
<D id="271" f="6" l="111" c="11" n="CCS" t="9" d="1"/>
<D id="272" f="7" l="111" c="11" n="PTR" t="9" d="1"/>
<D id="273" f="6" l="130" c="20" n="BIT" t="9" d="1"/>
<D id="274" f="7" l="310" c="11" n="CMP4E" t="9" d="1"/>
<D id="275" f="7" l="220" c="11" n="TOL5" t="9" d="1"/>
<D id="276" f="7" l="130" c="11" n="SOC" t="9" d="1"/>
<D id="277" f="2" l="110" c="31" n="uint32" t="7" d="1"/>
<D id="278" f="6" l="112" c="11" n="CKS" t="9" d="1"/>
<D id="279" f="7" l="410" c="11" n="MD" t="9" d="1"/>
<D id="280" f="11" l="40" c="21" n="size_t" t="7" d="1"/>
<D id="281" f="7" l="112" c="11" n="PRR" t="9" d="1"/>
<D id="282" f="7" l="320" c="11" n="CMP10E" t="9" d="1"/>
<D id="283" f="7" l="401" c="11" n="TOS" t="9" d="1"/>
<D id="284" f="7" l="140" c="11" n="IMT" t="9" d="1"/>
<D id="285" f="7" l="221" c="11" n="TOL6" t="9" d="1"/>
<D id="286" f="7" l="420" c="11" n="TDC" t="9" d="1"/>
<D id="287" f="7" l="330" c="11" n="CMP6E" t="9" d="1"/>
<D id="288" f="7" l="113" c="11" n="NDR" t="9" d="1"/>
<D id="289" f="7" l="240" c="11" n="HSPSHWE" t="9" d="1"/>
<D id="290" f="7" l="402" c="11" n="TGS" t="9" d="1"/>
<D id="291" f="7" l="150" c="11" n="CMP5" t="9" d="1"/>
<D id="292" f="7" l="231" c="11" n="RCC" t="9" d="1"/>
<D id="293" f="7" l="430" c="11" n="DTPR" t="9" d="1"/>
<D id="294" f="7" l="800" c="11" n="CMP0" t="9" d="1"/>
<D id="295" f="7" l="340" c="11" n="CMP2E" t="9" d="1"/>
<D id="296" f="7" l="421" c="11" n="PEC" t="9" d="1"/>
<D id="297" f="2" l="112" c="31" n="sint8_least" t="7" d="1"/>
<D id="298" f="7" l="250" c="11" n="HSPSHUE" t="9" d="1"/>
<D id="299" f="7" l="412" c="11" n="DWD" t="9" d="1"/>
<D id="300" f="2" l="103" c="31" n="boolean" t="7" d="1"/>
<D id="301" f="7" l="114" c="11" n="TDR" t="9" d="1"/>
<D id="302" f="7" l="160" c="11" n="CMP3" t="9" d="1"/>
<D id="303" f="7" l="403" c="11" n="WOC" t="9" d="1"/>
<D id="304" f="11" l="42" c="12" n="ptrdiff_t" t="7" d="1"/>
<D id="305" f="7" l="151" c="11" n="CMP6" t="9" d="1"/>
<D id="306" f="7" l="232" c="11" n="VIE" t="9" d="1"/>
<D id="307" f="7" l="810" c="11" n="CMP1" t="9" d="1"/>
<D id="308" f="7" l="350" c="11" n="CMPWE" t="9" d="1"/>
<D id="309" f="7" l="431" c="11" n="DTCM" t="9" d="1"/>
<D id="310" f="6" l="124" c="11" n="UINT8" t="9" d="1"/>
<D id="311" f="7" l="260" c="11" n="HSPCMVE" t="9" d="1"/>
<D id="312" f="7" l="422" c="11" n="PPC" t="9" d="1"/>
<D id="313" f="7" l="503" c="11" n="UINT32" t="9" d="1"/>
<D id="314" f="2" l="113" c="31" n="uint8_least" t="7" d="1"/>
<D id="315" f="7" l="170" c="11" n="CMP11" t="9" d="1"/>
<D id="316" f="7" l="205" c="11" n="DTC0" t="9" d="1"/>
<D id="317" f="6" l="106" c="11" n="MD" t="9" d="1"/>
<D id="318" f="7" l="115" c="11" n="PER" t="9" d="1"/>
<D id="319" f="7" l="161" c="11" n="CMP4" t="9" d="1"/>
<D id="320" f="7" l="404" c="11" n="EOC" t="9" d="1"/>
<D id="321" f="7" l="820" c="11" n="CMP10" t="9" d="1"/>
<D id="322" f="3" l="136" c="10" n="vendorID" t="9" d="1"/>
<D id="323" f="7" l="233" c="11" n="PIE" t="9" d="1"/>
<D id="324" f="7" l="360" c="11" n="CMPUE" t="9" d="1"/>
<D id="325" f="7" l="603" c="11" n="UINT32" t="9" d="1"/>
<D id="326" f="7" l="811" c="11" n="dummy547" t="9" d="1"/>
<D id="327" f="6" l="125" c="20" n="BIT" t="9" d="1"/>
<D id="328" f="6" l="134" c="11" n="UINT8" t="9" d="1"/>
<D id="329" f="7" l="270" c="11" n="DCMP2E" t="9" d="1"/>
<D id="330" f="7" l="305" c="11" n="CMP7E" t="9" d="1"/>
<D id="331" f="7" l="513" c="11" n="UINT32" t="9" d="1"/>
<D id="332" f="7" l="180" c="11" n="DCMP2" t="9" d="1"/>
<D id="333" f="7" l="423" c="11" n="TBA0" t="9" d="1"/>
<D id="334" f="2" l="114" c="31" n="sint16_least" t="7" d="1"/>
<D id="335" f="6" l="116" c="11" n="PRS0" t="9" d="1"/>
<D id="336" f="7" l="125" c="11" n="PSC" t="9" d="1"/>
<D id="337" f="7" l="171" c="11" n="CMP12" t="9" d="1"/>
<D id="338" f="7" l="703" c="11" n="UINT32" t="9" d="1"/>
<D id="339" f="7" l="830" c="11" n="CMP11" t="9" d="1"/>
<D id="340" f="2" l="105" c="31" n="sint8" t="7" d="1"/>
<D id="341" f="7" l="116" c="11" n="PPR" t="9" d="1"/>
<D id="342" f="7" l="370" c="11" n="VPWE" t="9" d="1"/>
<D id="343" f="7" l="405" c="11" n="PTS" t="9" d="1"/>
<D id="344" f="7" l="613" c="11" n="UINT32" t="9" d="1"/>
<D id="345" f="7" l="821" c="11" n="dummy552" t="9" d="1"/>
<D id="346" f="3" l="137" c="10" n="moduleID" t="9" d="1"/>
<D id="347" f="6" l="144" c="11" n="UINT8" t="9" d="1"/>
<D id="348" f="7" l="234" c="11" n="VRE" t="9" d="1"/>
<D id="349" f="7" l="280" c="11" n="DCMP0E" t="9" d="1"/>
<D id="350" f="7" l="315" c="11" n="CMP3E" t="9" d="1"/>
<D id="351" f="7" l="442" c="11" n="S120DCO" t="9" d="1"/>
<D id="352" f="7" l="523" c="11" n="UINT32" t="9" d="1"/>
<D id="353" f="7" l="812" c="11" n="CMP2" t="9" d="1"/>
<D id="354" f="7" l="190" c="11" n="PAT5T" t="9" d="1"/>
<D id="355" f="7" l="135" c="11" n="SPC" t="9" d="1"/>
<D id="356" f="7" l="216" c="11" n="TOL1" t="9" d="1"/>
<D id="357" f="7" l="424" c="11" n="TBA1" t="9" d="1"/>
<D id="358" f="7" l="713" c="11" n="UINT32" t="9" d="1"/>
<D id="359" f="7" l="840" c="11" n="UPW" t="9" d="1"/>
<D id="360" f="2" l="115" c="31" n="uint16_least" t="7" d="1"/>
<D id="361" f="6" l="117" c="11" n="PRS1" t="9" d="1"/>
<D id="362" f="7" l="126" c="11" n="IDC" t="9" d="1"/>
<D id="363" f="7" l="623" c="11" n="UINT32" t="9" d="1"/>
<D id="364" f="7" l="831" c="11" n="dummy557" t="9" d="1"/>
<D id="365" f="11" l="45" c="21" n="wchar_t" t="7" d="1"/>
<D id="366" f="2" l="106" c="31" n="uint8" t="7" d="1"/>
<D id="367" f="6" l="108" c="11" n="COS" t="9" d="1"/>
<D id="368" f="6" l="140" c="14" n="BIT" t="9" d="1"/>
<D id="369" f="6" l="154" c="11" n="UINT16" t="9" d="1"/>
<D id="370" f="7" l="117" c="11" n="TBR0" t="9" d="1"/>
<D id="371" f="7" l="290" c="11" n="CMP12E" t="9" d="1"/>
<D id="372" f="7" l="325" c="11" n="CMP9E" t="9" d="1"/>
<D id="373" f="7" l="533" c="11" n="UINT32" t="9" d="1"/>
<D id="374" f="7" l="822" c="11" n="CMP3" t="9" d="1"/>
<D id="375" f="3" l="138" c="10" n="sw_major_version" t="9" d="1"/>
<D id="376" f="7" l="235" c="11" n="PRE" t="9" d="1"/>
<D id="377" f="7" l="813" c="11" n="dummy548" t="9" d="1"/>
<D id="378" f="7" l="145" c="11" n="CMP1" t="9" d="1"/>
<D id="379" f="7" l="226" c="11" n="CKS" t="9" d="1"/>
<D id="380" f="7" l="723" c="11" n="UINT32" t="9" d="1"/>
<D id="381" f="3" l="132" c="14" n="Std_ReturnType" t="7" d="1"/>
<D id="382" f="7" l="217" c="11" n="TOL2" t="9" d="1"/>
<D id="383" f="7" l="425" c="11" n="TBA2" t="9" d="1"/>
<D id="384" f="7" l="633" c="11" n="UINT32" t="9" d="1"/>
<D id="385" f="7" l="841" c="11" n="dummy562" t="9" d="1"/>
<D id="386" f="2" l="116" c="31" n="sint32_least" t="7" d="1"/>
<D id="387" f="6" l="118" c="11" n="PRS2" t="9" d="1"/>
<D id="388" f="6" l="150" c="14" n="BIT" t="9" d="1"/>
<D id="389" f="6" l="155" c="20" n="BIT" t="9" d="1"/>
<D id="390" f="6" l="164" c="11" n="UINT8" t="9" d="1"/>
<D id="391" f="7" l="127" c="11" n="PSS" t="9" d="1"/>
<D id="392" f="7" l="335" c="11" n="CMP5E" t="9" d="1"/>
<D id="393" f="7" l="543" c="11" n="UINT32" t="9" d="1"/>
<D id="394" f="7" l="832" c="11" n="CMP12" t="9" d="1"/>
<D id="395" f="2" l="107" c="31" n="sint16" t="7" d="1"/>
<D id="396" f="3" l="125" c="22" n="StatusType" t="7" d="1"/>
<D id="397" f="6" l="109" c="11" n="STS" t="9" d="1"/>
<D id="398" f="7" l="118" c="11" n="TBR1" t="9" d="1"/>
<D id="399" f="7" l="245" c="11" n="HSPSHVE" t="9" d="1"/>
<D id="400" f="7" l="453" c="11" n="UINT8" t="9" d="1"/>
<D id="401" f="7" l="823" c="11" n="dummy553" t="9" d="1"/>
<D id="402" f="3" l="139" c="10" n="sw_minor_version" t="9" d="1"/>
<D id="403" f="7" l="155" c="11" n="CMP9" t="9" d="1"/>
<D id="404" f="7" l="724" c="20" n="BIT" t="9" d="1"/>
<D id="405" f="7" l="733" c="11" n="UINT8" t="9" d="1"/>
<D id="406" f="7" l="814" c="11" n="CMP5" t="9" d="1"/>
<D id="407" f="7" l="146" c="11" n="CMP2" t="9" d="1"/>
<D id="408" f="7" l="435" c="11" n="SPSTL0" t="9" d="1"/>
<D id="409" f="7" l="643" c="11" n="UINT32" t="9" d="1"/>
<D id="410" f="10" l="51" c="15" n="PwmPerd_Cnt_T_u32" t="4" d="1"/>
<D id="411" f="6" l="160" c="14" n="BIT" t="9" d="1"/>
<D id="412" f="6" l="174" c="11" n="UINT16" t="9" d="1"/>
<D id="413" f="7" l="218" c="11" n="TOL3" t="9" d="1"/>
<D id="414" f="7" l="345" c="11" n="CMP1E" t="9" d="1"/>
<D id="415" f="7" l="391" c="11" n="TOE1" t="9" d="1"/>
<D id="416" f="7" l="553" c="11" n="UINT32" t="9" d="1"/>
<D id="417" f="7" l="842" c="11" n="VPW" t="9" d="1"/>
<D id="418" f="2" l="117" c="31" n="uint32_least" t="7" d="1"/>
<D id="419" f="6" l="119" c="11" n="PRS3" t="9" d="1"/>
<D id="420" f="7" l="100" c="17" n="TDF" t="9" d="1"/>
<D id="421" f="7" l="128" c="11" n="POT" t="9" d="1"/>
<D id="422" f="7" l="255" c="11" n="HSPCMWE" t="9" d="1"/>
<D id="423" f="7" l="417" c="11" n="PTC" t="9" d="1"/>
<D id="424" f="7" l="463" c="11" n="UINT16" t="9" d="1"/>
<D id="425" f="7" l="833" c="11" n="dummy558" t="9" d="1"/>
<D id="426" f="10" l="50" c="25" n="MotCurrEolCalSt_T_enum" t="4" d="1"/>
<D id="427" f="2" l="108" c="31" n="uint16" t="7" d="1"/>
<D id="428" f="7" l="119" c="11" n="TBR2" t="9" d="1"/>
<D id="429" f="7" l="165" c="11" n="CMP7" t="9" d="1"/>
<D id="430" f="7" l="743" c="11" n="UINT16" t="9" d="1"/>
<D id="431" f="7" l="824" c="11" n="CMP4" t="9" d="1"/>
<D id="432" f="7" l="156" c="11" n="CMP10" t="9" d="1"/>
<D id="433" f="7" l="653" c="11" n="UINT32" t="9" d="1"/>
<D id="434" f="7" l="815" c="11" n="dummy549" t="9" d="1"/>
<D id="435" f="6" l="170" c="14" n="BIT" t="9" d="1"/>
<D id="436" f="7" l="355" c="11" n="CMPVE" t="9" d="1"/>
<D id="437" f="7" l="436" c="11" n="SPSTL1" t="9" d="1"/>
<D id="438" f="7" l="563" c="11" n="UINT32" t="9" d="1"/>
<D id="439" f="7" l="771" c="11" n="dummy535" t="9" d="1"/>
<D id="440" f="7" l="852" c="11" n="dummy565" t="9" d="1"/>
<D id="441" f="2" l="127" c="31" n="sint64" t="7" d="1"/>
<D id="442" f="6" l="129" c="11" n="UINT8" t="9" d="1"/>
<D id="443" f="7" l="219" c="11" n="TOL4" t="9" d="1"/>
<D id="444" f="7" l="265" c="11" n="HSPCMUE" t="9" d="1"/>
<D id="445" f="7" l="392" c="11" n="TOE2" t="9" d="1"/>
<D id="446" f="7" l="473" c="11" n="UINT8" t="9" d="1"/>
<D id="447" f="7" l="508" c="11" n="UINT32" t="9" d="1"/>
<D id="448" f="7" l="843" c="11" n="dummy563" t="9" d="1"/>
<D id="449" f="7" l="101" c="17" n="PEF" t="9" d="1"/>
<D id="450" f="7" l="129" c="11" n="STE" t="9" d="1"/>
<D id="451" f="7" l="175" c="11" n="DCMP0" t="9" d="1"/>
<D id="452" f="7" l="418" c="11" n="PRC" t="9" d="1"/>
<D id="453" f="7" l="753" c="11" n="UINT8" t="9" d="1"/>
<D id="454" f="7" l="834" c="11" n="CMPU" t="9" d="1"/>
<D id="455" f="2" l="109" c="31" n="sint32" t="7" d="1"/>
<D id="456" f="7" l="166" c="11" n="CMP8" t="9" d="1"/>
<D id="457" f="7" l="663" c="11" n="UINT32" t="9" d="1"/>
<D id="458" f="7" l="825" c="11" n="dummy554" t="9" d="1"/>
<D id="459" f="7" l="365" c="11" n="WPWE" t="9" d="1"/>
<D id="460" f="7" l="573" c="11" n="UINT32" t="9" d="1"/>
<D id="461" f="7" l="608" c="11" n="UINT32" t="9" d="1"/>
<D id="462" f="7" l="781" c="11" n="dummy540" t="9" d="1"/>
<D id="463" f="7" l="816" c="11" n="CMP6" t="9" d="1"/>
<D id="464" f="6" l="139" c="11" n="UINT8" t="9" d="1"/>
<D id="465" f="7" l="275" c="11" n="DCMP1E" t="9" d="1"/>
<D id="466" f="7" l="437" c="11" n="SPSTL2" t="9" d="1"/>
<D id="467" f="7" l="474" c="20" n="BIT" t="9" d="1"/>
<D id="468" f="7" l="483" c="11" n="UINT16" t="9" d="1"/>
<D id="469" f="7" l="504" c="14" n="BIT" t="9" d="1"/>
<D id="470" f="7" l="518" c="11" n="UINT32" t="9" d="1"/>
<D id="471" f="2" l="128" c="31" n="uint64" t="7" d="1"/>
<D id="472" f="7" l="185" c="11" n="PAT0T" t="9" d="1"/>
<D id="473" f="7" l="393" c="11" n="TOE3" t="9" d="1"/>
<D id="474" f="7" l="844" c="11" n="WPW" t="9" d="1"/>
<D id="475" f="7" l="102" c="17" n="PPF" t="9" d="1"/>
<D id="476" f="7" l="176" c="11" n="DCMP1" t="9" d="1"/>
<D id="477" f="7" l="419" c="11" n="NDC" t="9" d="1"/>
<D id="478" f="7" l="673" c="11" n="UINT32" t="9" d="1"/>
<D id="479" f="7" l="708" c="11" n="UINT32" t="9" d="1"/>
<D id="480" f="7" l="801" c="15" n="DCMP0W" t="9" d="1"/>
<D id="481" f="7" l="835" c="11" n="dummy559" t="9" d="1"/>
<D id="482" f="7" l="881" c="11" n="dummy569" t="9" d="1"/>
<D id="483" f="7" l="375" c="11" n="UPWE" t="9" d="1"/>
<D id="484" f="7" l="583" c="11" n="UINT32" t="9" d="1"/>
<D id="485" f="7" l="604" c="14" n="BIT" t="9" d="1"/>
<D id="486" f="7" l="618" c="11" n="UINT32" t="9" d="1"/>
<D id="487" f="7" l="791" c="11" n="dummy545" t="9" d="1"/>
<D id="488" f="7" l="826" c="11" n="CMP7" t="9" d="1"/>
<D id="489" f="7" l="872" c="11" n="dummy566" t="9" d="1"/>
<D id="490" f="6" l="135" c="14" n="BIT" t="9" d="1"/>
<D id="491" f="6" l="149" c="11" n="UINT16" t="9" d="1"/>
<D id="492" f="7" l="285" c="11" n="CMP0E" t="9" d="1"/>
<D id="493" f="7" l="493" c="11" n="UINT8" t="9" d="1"/>
<D id="494" f="7" l="514" c="14" n="BIT" t="9" d="1"/>
<D id="495" f="7" l="528" c="11" n="UINT32" t="9" d="1"/>
<D id="496" f="7" l="817" c="11" n="dummy550" t="9" d="1"/>
<D id="497" f="2" l="138" c="31" n="float32" t="7" d="1"/>
<D id="498" f="7" l="195" c="11" n="PAT0B" t="9" d="1"/>
<D id="499" f="7" l="773" c="11" n="dummy536" t="9" d="1"/>
<D id="500" f="7" l="186" c="11" n="PAT1T" t="9" d="1"/>
<D id="501" f="7" l="394" c="11" n="TOE4" t="9" d="1"/>
<D id="502" f="7" l="683" c="11" n="UINT32" t="9" d="1"/>
<D id="503" f="7" l="704" c="14" n="BIT" t="9" d="1"/>
<D id="504" f="7" l="718" c="11" n="UINT32" t="9" d="1"/>
<D id="505" f="7" l="845" c="11" n="dummy564" t="9" d="1"/>
<D id="506" f="7" l="891" c="11" n="dummy574" t="9" d="1"/>
<D id="507" f="11" l="416" c="4" n="errno" t="1" d="1"/>
<D id="508" f="7" l="103" c="17" n="TBF0" t="9" d="1"/>
<D id="509" f="7" l="593" c="11" n="UINT32" t="9" d="1"/>
<D id="510" f="7" l="614" c="14" n="BIT" t="9" d="1"/>
<D id="511" f="7" l="628" c="11" n="UINT32" t="9" d="1"/>
<D id="512" f="7" l="772" c="21" n="STR0" t="9" d="1"/>
<D id="513" f="7" l="802" c="15" n="DCMP2" t="9" d="1"/>
<D id="514" f="7" l="836" c="11" n="CMPV" t="9" d="1"/>
<D id="515" f="6" l="145" c="14" n="BIT" t="9" d="1"/>
<D id="516" f="6" l="159" c="11" n="UINT8" t="9" d="1"/>
<D id="517" f="7" l="295" c="11" n="CMP11E" t="9" d="1"/>
<D id="518" f="7" l="524" c="14" n="BIT" t="9" d="1"/>
<D id="519" f="7" l="538" c="11" n="UINT32" t="9" d="1"/>
<D id="520" f="7" l="827" c="11" n="dummy555" t="9" d="1"/>
<D id="521" f="7" l="448" c="11" n="UINT16" t="9" d="1"/>
<D id="522" f="7" l="783" c="11" n="dummy541" t="9" d="1"/>
<D id="523" f="7" l="818" c="11" n="CMP9" t="9" d="1"/>
<D id="524" f="2" l="139" c="31" n="float64" t="7" d="1"/>
<D id="525" f="7" l="196" c="11" n="PAT1B" t="9" d="1"/>
<D id="526" f="7" l="693" c="11" n="UINT32" t="9" d="1"/>
<D id="527" f="7" l="714" c="14" n="BIT" t="9" d="1"/>
<D id="528" f="7" l="719" c="20" n="BIT" t="9" d="1"/>
<D id="529" f="7" l="728" c="11" n="UINT8" t="9" d="1"/>
<D id="530" f="7" l="187" c="11" n="PAT2T" t="9" d="1"/>
<D id="531" f="7" l="395" c="11" n="TOE5" t="9" d="1"/>
<D id="532" f="7" l="624" c="14" n="BIT" t="9" d="1"/>
<D id="533" f="7" l="638" c="11" n="UINT32" t="9" d="1"/>
<D id="534" f="7" l="765" c="11" n="dummy532" t="9" d="1"/>
<D id="535" f="10" l="46" c="15" n="PhaOnTiA_NanoSec_T_u32" t="4" d="1"/>
<D id="536" f="6" l="169" c="11" n="UINT16" t="9" d="1"/>
<D id="537" f="7" l="104" c="17" n="TBF1" t="9" d="1"/>
<D id="538" f="7" l="534" c="14" n="BIT" t="9" d="1"/>
<D id="539" f="7" l="548" c="11" n="UINT32" t="9" d="1"/>
<D id="540" f="7" l="803" c="15" n="PAT0W" t="9" d="1"/>
<D id="541" f="7" l="837" c="11" n="dummy560" t="9" d="1"/>
<D id="542" f="7" l="883" c="11" n="dummy570" t="9" d="1"/>
<D id="543" f="7" l="458" c="11" n="UINT16" t="9" d="1"/>
<D id="544" f="7" l="793" c="11" n="dummy546" t="9" d="1"/>
<D id="545" f="7" l="828" c="11" n="CMP8" t="9" d="1"/>
<D id="546" f="7" l="738" c="11" n="UINT8" t="9" d="1"/>
<D id="547" f="7" l="819" c="11" n="dummy551" t="9" d="1"/>
<D id="548" f="7" l="197" c="11" n="PAT2B" t="9" d="1"/>
<D id="549" f="7" l="634" c="14" n="BIT" t="9" d="1"/>
<D id="550" f="7" l="648" c="11" n="UINT32" t="9" d="1"/>
<D id="551" f="7" l="775" c="11" n="dummy537" t="9" d="1"/>
<D id="552" f="6" l="165" c="14" n="BIT" t="9" d="1"/>
<D id="553" f="7" l="188" c="11" n="PAT3T" t="9" d="1"/>
<D id="554" f="7" l="396" c="11" n="TOE6" t="9" d="1"/>
<D id="555" f="7" l="544" c="14" n="BIT" t="9" d="1"/>
<D id="556" f="7" l="558" c="11" n="UINT32" t="9" d="1"/>
<D id="557" f="7" l="893" c="11" n="dummy575" t="9" d="1"/>
<D id="558" f="10" l="47" c="15" n="PhaOnTiB_NanoSec_T_u32" t="4" d="1"/>
<D id="559" f="7" l="105" c="17" n="TBF2" t="9" d="1"/>
<D id="560" f="7" l="454" c="14" n="BIT" t="9" d="1"/>
<D id="561" f="7" l="468" c="11" n="UINT8" t="9" d="1"/>
<D id="562" f="7" l="774" c="21" n="STR1" t="9" d="1"/>
<D id="563" f="7" l="804" c="15" n="PAT1W" t="9" d="1"/>
<D id="564" f="7" l="838" c="11" n="CMPW" t="9" d="1"/>
<D id="565" f="7" l="850" c="15" n="HSPCMVE" t="9" d="1"/>
<D id="566" f="7" l="734" c="14" n="BIT" t="9" d="1"/>
<D id="567" f="7" l="748" c="11" n="UINT16" t="9" d="1"/>
<D id="568" f="7" l="829" c="11" n="dummy556" t="9" d="1"/>
<D id="569" f="7" l="644" c="14" n="BIT" t="9" d="1"/>
<D id="570" f="7" l="658" c="11" n="UINT32" t="9" d="1"/>
<D id="571" f="7" l="785" c="11" n="dummy542" t="9" d="1"/>
<D id="572" f="6" l="175" c="14" n="BIT" t="9" d="1"/>
<D id="573" f="7" l="198" c="11" n="PAT3B" t="9" d="1"/>
<D id="574" f="7" l="554" c="14" n="BIT" t="9" d="1"/>
<D id="575" f="7" l="568" c="11" n="UINT32" t="9" d="1"/>
<D id="576" f="7" l="189" c="11" n="PAT4T" t="9" d="1"/>
<D id="577" f="7" l="464" c="14" n="BIT" t="9" d="1"/>
<D id="578" f="7" l="469" c="20" n="BIT" t="9" d="1"/>
<D id="579" f="7" l="478" c="11" n="UINT16" t="9" d="1"/>
<D id="580" f="7" l="767" c="11" n="dummy533" t="9" d="1"/>
<D id="581" f="7" l="860" c="15" n="CMP7E" t="9" d="1"/>
<D id="582" f="10" l="48" c="15" n="PhaOnTiC_NanoSec_T_u32" t="4" d="1"/>
<D id="583" f="7" l="744" c="14" n="BIT" t="9" d="1"/>
<D id="584" f="7" l="758" c="11" n="UINT8" t="9" d="1"/>
<D id="585" f="7" l="770" c="15" n="CTL6" t="9" d="1"/>
<D id="586" f="7" l="805" c="15" n="DTC0W" t="9" d="1"/>
<D id="587" f="7" l="839" c="11" n="dummy561" t="9" d="1"/>
<D id="588" f="7" l="851" c="15" n="HSPCMUE" t="9" d="1"/>
<D id="589" f="7" l="885" c="11" n="dummy571" t="9" d="1"/>
<D id="590" f="7" l="654" c="14" n="BIT" t="9" d="1"/>
<D id="591" f="7" l="668" c="11" n="UINT32" t="9" d="1"/>
<D id="592" f="7" l="876" c="11" n="dummy567" t="9" d="1"/>
<D id="593" f="7" l="564" c="14" n="BIT" t="9" d="1"/>
<D id="594" f="7" l="578" c="11" n="UINT32" t="9" d="1"/>
<D id="595" f="7" l="199" c="11" n="PAT4B" t="9" d="1"/>
<D id="596" f="7" l="479" c="20" n="BIT" t="9" d="1"/>
<D id="597" f="7" l="488" c="11" n="UINT8" t="9" d="1"/>
<D id="598" f="7" l="509" c="14" n="BIT" t="9" d="1"/>
<D id="599" f="7" l="777" c="11" n="dummy538" t="9" d="1"/>
<D id="600" f="7" l="870" c="15" n="CMPVE" t="9" d="1"/>
<D id="601" f="7" l="754" c="14" n="BIT" t="9" d="1"/>
<D id="602" f="7" l="780" c="15" n="OPT0" t="9" d="1"/>
<D id="603" f="7" l="861" c="15" n="CMP4E" t="9" d="1"/>
<D id="604" f="10" l="49" c="15" n="PwmPerd_NanoSec_T_u32" t="4" d="1"/>
<D id="605" f="7" l="664" c="14" n="BIT" t="9" d="1"/>
<D id="606" f="7" l="678" c="11" n="UINT32" t="9" d="1"/>
<D id="607" f="7" l="776" c="21" n="STR2" t="9" d="1"/>
<D id="608" f="7" l="806" c="15" n="DTC1W" t="9" d="1"/>
<D id="609" f="7" l="574" c="14" n="BIT" t="9" d="1"/>
<D id="610" f="7" l="588" c="11" n="UINT32" t="9" d="1"/>
<D id="611" f="7" l="609" c="14" n="BIT" t="9" d="1"/>
<D id="612" f="7" l="484" c="14" n="BIT" t="9" d="1"/>
<D id="613" f="7" l="498" c="11" n="UINT8" t="9" d="1"/>
<D id="614" f="7" l="519" c="14" n="BIT" t="9" d="1"/>
<D id="615" f="7" l="787" c="11" n="dummy543" t="9" d="1"/>
<D id="616" f="7" l="880" c="15" n="IOC0" t="9" d="1"/>
<D id="617" f="7" l="380" c="17" n="CNTE" t="9" d="1"/>
<D id="618" f="7" l="790" c="15" n="TRG1" t="9" d="1"/>
<D id="619" f="7" l="871" c="15" n="CMPUE" t="9" d="1"/>
<D id="620" f="7" l="674" c="14" n="BIT" t="9" d="1"/>
<D id="621" f="7" l="688" c="11" n="UINT32" t="9" d="1"/>
<D id="622" f="7" l="709" c="14" n="BIT" t="9" d="1"/>
<D id="623" f="7" l="769" c="11" n="dummy534" t="9" d="1"/>
<D id="624" f="7" l="862" c="15" n="CMP3E" t="9" d="1"/>
<D id="625" f="7" l="584" c="14" n="BIT" t="9" d="1"/>
<D id="626" f="7" l="598" c="11" n="UINT32" t="9" d="1"/>
<D id="627" f="7" l="619" c="14" n="BIT" t="9" d="1"/>
<D id="628" f="7" l="807" c="15" n="IOC3" t="9" d="1"/>
<D id="629" f="7" l="853" c="15" n="DCMP2E" t="9" d="1"/>
<D id="630" f="7" l="887" c="11" n="dummy572" t="9" d="1"/>
<D id="631" f="7" l="494" c="14" n="BIT" t="9" d="1"/>
<D id="632" f="7" l="529" c="14" n="BIT" t="9" d="1"/>
<D id="633" f="7" l="890" c="15" n="CTL7" t="9" d="1"/>
<D id="634" f="7" l="684" c="14" n="BIT" t="9" d="1"/>
<D id="635" f="7" l="698" c="11" n="UINT32" t="9" d="1"/>
<D id="636" f="7" l="779" c="11" n="dummy539" t="9" d="1"/>
<D id="637" f="7" l="877" c="21" n="CNTE" t="9" d="1"/>
<D id="638" f="7" l="594" c="14" n="BIT" t="9" d="1"/>
<D id="639" f="7" l="629" c="14" n="BIT" t="9" d="1"/>
<D id="640" f="7" l="782" c="15" n="OPT1" t="9" d="1"/>
<D id="641" f="7" l="863" c="15" n="CMP10E" t="9" d="1"/>
<D id="642" f="7" l="539" c="14" n="BIT" t="9" d="1"/>
<D id="643" f="7" l="808" c="15" n="CTL2" t="9" d="1"/>
<D id="644" f="7" l="854" c="15" n="DCMP1E" t="9" d="1"/>
<D id="645" f="7" l="449" c="14" n="BIT" t="9" d="1"/>
<D id="646" f="7" l="764" c="15" n="IOC2" t="9" d="1"/>
<D id="647" f="7" l="879" c="11" n="dummy568" t="9" d="1"/>
<D id="648" f="7" l="694" c="14" n="BIT" t="9" d="1"/>
<D id="649" f="7" l="729" c="14" n="BIT" t="9" d="1"/>
<D id="650" f="7" l="789" c="11" n="dummy544" t="9" d="1"/>
<D id="651" f="7" l="882" c="15" n="IOC1" t="9" d="1"/>
<D id="652" f="7" l="639" c="14" n="BIT" t="9" d="1"/>
<D id="653" f="7" l="792" c="15" n="TRG2" t="9" d="1"/>
<D id="654" f="7" l="873" c="15" n="WPWE" t="9" d="1"/>
<D id="655" f="7" l="878" c="21" n="SBCE" t="9" d="1"/>
<D id="656" f="7" l="549" c="14" n="BIT" t="9" d="1"/>
<D id="657" f="7" l="864" c="15" n="CMP9E" t="9" d="1"/>
<D id="658" f="7" l="459" c="14" n="BIT" t="9" d="1"/>
<D id="659" f="7" l="809" c="15" n="CTL4" t="9" d="1"/>
<D id="660" f="7" l="855" c="15" n="DCMP0E" t="9" d="1"/>
<D id="661" f="7" l="889" c="11" n="dummy573" t="9" d="1"/>
<D id="662" f="7" l="739" c="14" n="BIT" t="9" d="1"/>
<D id="663" f="7" l="846" c="15" n="HSPSHWE" t="9" d="1"/>
<D id="664" f="7" l="892" c="15" n="CTL8" t="9" d="1"/>
<D id="665" f="7" l="649" c="14" n="BIT" t="9" d="1"/>
<D id="666" f="7" l="559" c="14" n="BIT" t="9" d="1"/>
<D id="667" f="7" l="874" c="15" n="VPWE" t="9" d="1"/>
<D id="668" f="7" l="865" c="15" n="CMP6E" t="9" d="1"/>
<D id="669" f="7" l="749" c="14" n="BIT" t="9" d="1"/>
<D id="670" f="7" l="856" c="15" n="CMP0E" t="9" d="1"/>
<D id="671" f="7" l="659" c="14" n="BIT" t="9" d="1"/>
<D id="672" f="7" l="766" c="15" n="CTL3" t="9" d="1"/>
<D id="673" f="7" l="847" c="15" n="HSPSHVE" t="9" d="1"/>
<D id="674" f="7" l="569" c="14" n="BIT" t="9" d="1"/>
<D id="675" f="7" l="884" c="15" n="CTL0" t="9" d="1"/>
<D id="676" f="7" l="794" c="15" n="CMP1W" t="9" d="1"/>
<D id="677" f="7" l="875" c="15" n="UPWE" t="9" d="1"/>
<D id="678" f="7" l="759" c="14" n="BIT" t="9" d="1"/>
<D id="679" f="7" l="866" c="15" n="CMP5E" t="9" d="1"/>
<D id="680" f="7" l="669" c="14" n="BIT" t="9" d="1"/>
<D id="681" f="7" l="857" c="15" n="CMP12E" t="9" d="1"/>
<D id="682" f="7" l="579" c="14" n="BIT" t="9" d="1"/>
<D id="683" f="7" l="848" c="15" n="HSPSHUE" t="9" d="1"/>
<D id="684" f="7" l="489" c="14" n="BIT" t="9" d="1"/>
<D id="685" f="7" l="385" c="17" n="SBCE" t="9" d="1"/>
<D id="686" f="7" l="795" c="15" n="CMP5W" t="9" d="1"/>
<D id="687" f="7" l="679" c="14" n="BIT" t="9" d="1"/>
<D id="688" f="7" l="867" c="15" n="CMP2E" t="9" d="1"/>
<D id="689" f="7" l="589" c="14" n="BIT" t="9" d="1"/>
<D id="690" f="7" l="858" c="15" n="CMP11E" t="9" d="1"/>
<D id="691" f="7" l="499" c="14" n="BIT" t="9" d="1"/>
<D id="692" f="7" l="768" c="15" n="CTL5" t="9" d="1"/>
<D id="693" f="7" l="849" c="15" n="HSPCMWE" t="9" d="1"/>
<D id="694" f="7" l="886" c="15" n="CTL1" t="9" d="1"/>
<D id="695" f="7" l="689" c="14" n="BIT" t="9" d="1"/>
<D id="696" f="7" l="796" c="15" n="CMP9W" t="9" d="1"/>
<D id="697" f="7" l="599" c="14" n="BIT" t="9" d="1"/>
<D id="698" f="7" l="868" c="15" n="CMP1E" t="9" d="1"/>
<D id="699" f="7" l="778" c="15" n="STC" t="9" d="1"/>
<D id="700" f="7" l="784" c="17" n="CNT" t="9" d="1"/>
<D id="701" f="7" l="859" c="15" n="CMP8E" t="9" d="1"/>
<D id="702" f="7" l="699" c="14" n="BIT" t="9" d="1"/>
<D id="703" f="7" l="797" c="15" n="CMP3W" t="9" d="1"/>
<D id="704" f="7" l="788" c="15" n="TRG0" t="9" d="1"/>
<D id="705" f="7" l="869" c="15" n="CMPWE" t="9" d="1"/>
<D id="706" f="7" l="888" c="15" n="DTPR" t="9" d="1"/>
<D id="707" f="7" l="798" c="15" n="CMP7W" t="9" d="1"/>
<D id="708" f="7" l="786" c="17" n="SBC" t="9" d="1"/>
<D id="709" f="7" l="799" c="15" n="CMP11W" t="9" d="1"/>
</Definitions>
<Uses>
<U id="1" f="10" l="100" c="39" d="410" a="0"/>
<U id="2" f="10" l="101" c="39" d="410" a="0"/>
<U id="3" f="10" l="100" c="59" d="256" a="0"/>
<U id="4" f="10" l="101" c="59" d="256" a="0"/>
<U id="5" f="10" l="102" c="41" d="410" a="0"/>
<U id="6" f="10" l="103" c="41" d="410" a="0"/>
<U id="7" f="11" l="461" c="11" d="6" a="0"/>
<U id="8" f="11" l="453" c="11" d="5" a="0"/>
<U id="9" f="11" l="445" c="11" d="7" a="0"/>
<U id="10" f="10" l="102" c="63" d="224" a="0"/>
<U id="11" f="11" l="437" c="11" d="9" a="0"/>
<U id="12" f="10" l="103" c="63" d="224" a="0"/>
<U id="13" f="11" l="476" c="11" d="13" a="0"/>
<U id="14" f="10" l="102" c="93" d="45" a="0"/>
<U id="15" f="11" l="469" c="11" d="12" a="0"/>
<U id="16" f="10" l="103" c="93" d="48" a="0"/>
<U id="17" f="10" l="100" c="78" d="558" a="0"/>
<U id="18" f="10" l="101" c="78" d="582" a="0"/>
<U id="19" f="10" l="103" c="131" d="277" a="0"/>
<U id="20" f="10" l="102" c="134" d="277" a="0"/>
<U id="21" f="8" l="6" c="7" d="170" a="0"/>
<U id="22" f="8" l="7" c="7" d="277" a="0"/>
<U id="23" f="8" l="8" c="7" d="277" a="0"/>
<U id="24" f="8" l="9" c="7" d="277" a="0"/>
<U id="25" f="5" l="90" c="0" d="381" a="0"/>
<U id="26" f="5" l="51" c="2" d="277" a="0"/>
<U id="27" f="5" l="91" c="0" d="381" a="0"/>
<U id="28" f="5" l="82" c="0" d="381" a="0"/>
<U id="29" f="5" l="52" c="2" d="277" a="0"/>
<U id="30" f="7" l="30" c="4" d="427" a="0"/>
<U id="31" f="5" l="92" c="0" d="381" a="0"/>
<U id="32" f="5" l="83" c="0" d="381" a="0"/>
<U id="33" f="7" l="40" c="4" d="427" a="0"/>
<U id="34" f="5" l="53" c="2" d="300" a="0"/>
<U id="35" f="7" l="31" c="4" d="427" a="0"/>
<U id="36" f="5" l="93" c="0" d="381" a="0"/>
<U id="37" f="6" l="50" c="4" d="366" a="0"/>
<U id="38" f="5" l="84" c="0" d="381" a="0"/>
<U id="39" f="7" l="41" c="4" d="427" a="0"/>
<U id="40" f="7" l="32" c="4" d="427" a="0"/>
<U id="41" f="5" l="94" c="0" d="381" a="0"/>
<U id="42" f="7" l="60" c="4" d="427" a="0"/>
<U id="43" f="5" l="85" c="0" d="381" a="0"/>
<U id="44" f="7" l="33" c="4" d="427" a="0"/>
<U id="45" f="7" l="70" c="4" d="427" a="0"/>
<U id="46" f="5" l="95" c="0" d="381" a="0"/>
<U id="47" f="7" l="61" c="4" d="427" a="0"/>
<U id="48" f="8" l="10" c="7" d="277" a="0"/>
<U id="49" f="5" l="86" c="0" d="381" a="0"/>
<U id="50" f="6" l="43" c="4" d="366" a="0"/>
<U id="51" f="7" l="52" c="4" d="427" a="0"/>
<U id="52" f="7" l="34" c="4" d="427" a="0"/>
<U id="53" f="7" l="71" c="4" d="427" a="0"/>
<U id="54" f="5" l="96" c="0" d="381" a="0"/>
<U id="55" f="7" l="62" c="4" d="427" a="0"/>
<U id="56" f="8" l="11" c="7" d="277" a="0"/>
<U id="57" f="5" l="87" c="0" d="381" a="0"/>
<U id="58" f="6" l="44" c="4" d="366" a="0"/>
<U id="59" f="7" l="53" c="4" d="427" a="0"/>
<U id="60" f="6" l="72" c="4" d="366" a="0"/>
<U id="61" f="7" l="72" c="4" d="427" a="0"/>
<U id="62" f="5" l="97" c="0" d="381" a="0"/>
<U id="63" f="8" l="12" c="7" d="277" a="0"/>
<U id="64" f="5" l="88" c="0" d="381" a="0"/>
<U id="65" f="6" l="45" c="4" d="366" a="0"/>
<U id="66" f="6" l="82" c="4" d="366" a="0"/>
<U id="67" f="7" l="54" c="4" d="427" a="0"/>
<U id="68" f="1" l="50" c="8" d="169" a="0"/>
<U id="69" f="7" l="36" c="4" d="427" a="0"/>
<U id="70" f="7" l="73" c="4" d="427" a="0"/>
<U id="71" f="5" l="98" c="0" d="381" a="0"/>
<U id="72" f="8" l="13" c="7" d="277" a="0"/>
<U id="73" f="5" l="89" c="0" d="381" a="0"/>
<U id="74" f="6" l="46" c="4" d="366" a="0"/>
<U id="75" f="6" l="83" c="4" d="366" a="0"/>
<U id="76" f="7" l="55" c="4" d="427" a="0"/>
<U id="77" f="7" l="46" c="4" d="366" a="0"/>
<U id="78" f="7" l="37" c="4" d="427" a="0"/>
<U id="79" f="7" l="74" c="4" d="427" a="0"/>
<U id="80" f="5" l="99" c="0" d="381" a="0"/>
<U id="81" f="8" l="14" c="7" d="277" a="0"/>
<U id="82" f="6" l="47" c="4" d="366" a="0"/>
<U id="83" f="7" l="56" c="4" d="427" a="0"/>
<U id="84" f="7" l="47" c="4" d="366" a="0"/>
<U id="85" f="7" l="38" c="4" d="427" a="0"/>
<U id="86" f="7" l="75" c="4" d="427" a="0"/>
<U id="87" f="9" l="50" c="8" d="277" a="0"/>
<U id="88" f="7" l="29" c="4" d="427" a="0"/>
<U id="89" f="8" l="15" c="7" d="277" a="0"/>
<U id="90" f="6" l="48" c="4" d="366" a="0"/>
<U id="91" f="7" l="57" c="4" d="427" a="0"/>
<U id="92" f="7" l="39" c="4" d="427" a="0"/>
<U id="93" f="7" l="76" c="4" d="427" a="0"/>
<U id="94" f="9" l="51" c="8" d="277" a="0"/>
<U id="95" f="7" l="67" c="4" d="427" a="0"/>
<U id="96" f="8" l="16" c="7" d="277" a="0"/>
<U id="97" f="6" l="49" c="4" d="366" a="0"/>
<U id="98" f="7" l="58" c="4" d="427" a="0"/>
<U id="99" f="6" l="77" c="4" d="366" a="0"/>
<U id="100" f="7" l="77" c="4" d="427" a="0"/>
<U id="101" f="4" l="35" c="8" d="366" a="0"/>
<U id="102" f="6" l="96" c="4" d="366" a="0"/>
<U id="103" f="7" l="68" c="4" d="427" a="0"/>
<U id="104" f="7" l="59" c="4" d="427" a="0"/>
<U id="105" f="1" l="84" c="7" d="261" a="0"/>
<U id="106" f="9" l="53" c="8" d="185" a="1"/>
<U id="107" f="7" l="69" c="4" d="427" a="0"/>
<U id="108" f="6" l="88" c="4" d="427" a="0"/>
<U id="109" f="9" l="54" c="8" d="185" a="1"/>
<U id="110" f="9" l="55" c="8" d="162" a="1"/>
<U id="111" f="4" l="38" c="8" d="366" a="0"/>
<U id="112" f="1" l="49" c="8" d="169" a="0"/>
<U id="113" f="11" l="11310" c="9" d="40" a="0"/>
<U id="114" f="5" l="100" c="0" d="381" a="0"/>
<U id="115" f="5" l="101" c="0" d="381" a="0"/>
<U id="116" f="5" l="102" c="0" d="277" a="0"/>
<U id="117" f="5" l="103" c="0" d="277" a="0"/>
<U id="118" f="5" l="104" c="0" d="277" a="0"/>
<U id="119" f="5" l="105" c="0" d="277" a="0"/>
<U id="120" f="5" l="60" c="20" d="35" a="0"/>
<U id="121" f="5" l="106" c="0" d="277" a="0"/>
<U id="122" f="6" l="62" c="10" d="366" a="0"/>
<U id="123" f="6" l="110" c="4" d="427" a="0"/>
<U id="124" f="7" l="200" c="4" d="277" a="0"/>
<U id="125" f="6" l="101" c="4" d="366" a="0"/>
<U id="126" f="7" l="90" c="10" d="366" a="0"/>
<U id="127" f="3" l="140" c="3" d="366" a="0"/>
<U id="128" f="5" l="107" c="0" d="277" a="0"/>
<U id="129" f="7" l="300" c="4" d="277" a="0"/>
<U id="130" f="7" l="210" c="4" d="277" a="0"/>
<U id="131" f="6" l="111" c="4" d="427" a="0"/>
<U id="132" f="7" l="91" c="10" d="366" a="0"/>
<U id="133" f="7" l="82" c="10" d="366" a="0"/>
<U id="134" f="7" l="111" c="4" d="427" a="0"/>
<U id="135" f="7" l="310" c="4" d="277" a="0"/>
<U id="136" f="5" l="108" c="0" d="277" a="0"/>
<U id="137" f="6" l="92" c="10" d="427" a="0"/>
<U id="138" f="7" l="220" c="4" d="277" a="0"/>
<U id="139" f="7" l="130" c="4" d="366" a="0"/>
<U id="140" f="6" l="112" c="4" d="427" a="0"/>
<U id="141" f="7" l="83" c="10" d="366" a="0"/>
<U id="142" f="7" l="410" c="4" d="366" a="0"/>
<U id="143" f="7" l="112" c="4" d="427" a="0"/>
<U id="144" f="7" l="320" c="4" d="277" a="0"/>
<U id="145" f="7" l="401" c="4" d="366" a="0"/>
<U id="146" f="6" l="140" c="4" d="31" a="0"/>
<U id="147" f="5" l="109" c="0" d="277" a="0"/>
<U id="148" f="7" l="140" c="4" d="366" a="0"/>
<U id="149" f="7" l="221" c="4" d="277" a="0"/>
<U id="150" f="9" l="48" c="9" d="277" a="0"/>
<U id="151" f="7" l="84" c="10" d="366" a="0"/>
<U id="152" f="7" l="420" c="4" d="427" a="0"/>
<U id="153" f="7" l="330" c="4" d="277" a="0"/>
<U id="154" f="6" l="150" c="4" d="34" a="0"/>
<U id="155" f="7" l="113" c="4" d="427" a="0"/>
<U id="156" f="7" l="240" c="4" d="277" a="0"/>
<U id="157" f="7" l="402" c="4" d="366" a="0"/>
<U id="158" f="7" l="150" c="4" d="277" a="0"/>
<U id="159" f="7" l="231" c="4" d="277" a="0"/>
<U id="160" f="7" l="85" c="10" d="366" a="0"/>
<U id="161" f="7" l="430" c="4" d="427" a="0"/>
<U id="162" f="7" l="800" c="4" d="277" a="0"/>
<U id="163" f="6" l="67" c="10" d="366" a="0"/>
<U id="164" f="7" l="340" c="4" d="277" a="0"/>
<U id="165" f="7" l="421" c="4" d="427" a="0"/>
<U id="166" f="1" l="84" c="39" d="261" a="0"/>
<U id="167" f="6" l="160" c="4" d="33" a="0"/>
<U id="168" f="7" l="250" c="4" d="277" a="0"/>
<U id="169" f="7" l="412" c="4" d="366" a="0"/>
<U id="170" f="7" l="114" c="4" d="427" a="0"/>
<U id="171" f="7" l="160" c="4" d="277" a="0"/>
<U id="172" f="7" l="403" c="4" d="366" a="0"/>
<U id="173" f="7" l="151" c="4" d="277" a="0"/>
<U id="174" f="7" l="232" c="4" d="277" a="0"/>
<U id="175" f="7" l="810" c="4" d="427" a="0"/>
<U id="176" f="5" l="65" c="21" d="35" a="0"/>
<U id="177" f="7" l="350" c="4" d="277" a="0"/>
<U id="178" f="7" l="431" c="4" d="427" a="0"/>
<U id="179" f="7" l="801" c="4" d="196" a="0"/>
<U id="180" f="6" l="124" c="4" d="366" a="0"/>
<U id="181" f="6" l="170" c="4" d="64" a="0"/>
<U id="182" f="7" l="260" c="4" d="277" a="0"/>
<U id="183" f="7" l="422" c="4" d="427" a="0"/>
<U id="184" f="7" l="503" c="4" d="277" a="0"/>
<U id="185" f="7" l="170" c="4" d="277" a="0"/>
<U id="186" f="7" l="205" c="4" d="277" a="0"/>
<U id="187" f="6" l="106" c="4" d="427" a="0"/>
<U id="188" f="7" l="115" c="4" d="427" a="0"/>
<U id="189" f="7" l="161" c="4" d="277" a="0"/>
<U id="190" f="7" l="404" c="4" d="366" a="0"/>
<U id="191" f="7" l="820" c="4" d="427" a="0"/>
<U id="192" f="7" l="233" c="4" d="277" a="0"/>
<U id="193" f="7" l="360" c="4" d="277" a="0"/>
<U id="194" f="7" l="603" c="4" d="277" a="0"/>
<U id="195" f="7" l="811" c="4" d="366" a="0"/>
<U id="196" f="3" l="136" c="3" d="427" a="0"/>
<U id="197" f="6" l="134" c="4" d="366" a="0"/>
<U id="198" f="7" l="270" c="4" d="277" a="0"/>
<U id="199" f="7" l="305" c="4" d="277" a="0"/>
<U id="200" f="7" l="513" c="4" d="277" a="0"/>
<U id="201" f="7" l="802" c="4" d="97" a="0"/>
<U id="202" f="7" l="97" c="10" d="427" a="0"/>
<U id="203" f="7" l="180" c="4" d="277" a="0"/>
<U id="204" f="7" l="423" c="4" d="427" a="0"/>
<U id="205" f="7" l="504" c="4" d="198" a="0"/>
<U id="206" f="6" l="116" c="4" d="427" a="0"/>
<U id="207" f="7" l="125" c="4" d="366" a="0"/>
<U id="208" f="7" l="171" c="4" d="277" a="0"/>
<U id="209" f="7" l="703" c="4" d="277" a="0"/>
<U id="210" f="7" l="830" c="4" d="427" a="0"/>
<U id="211" f="7" l="116" c="4" d="427" a="0"/>
<U id="212" f="7" l="370" c="4" d="277" a="0"/>
<U id="213" f="7" l="405" c="4" d="366" a="0"/>
<U id="214" f="7" l="613" c="4" d="277" a="0"/>
<U id="215" f="7" l="821" c="4" d="366" a="0"/>
<U id="216" f="6" l="144" c="4" d="366" a="0"/>
<U id="217" f="7" l="234" c="4" d="277" a="0"/>
<U id="218" f="7" l="280" c="4" d="277" a="0"/>
<U id="219" f="7" l="315" c="4" d="277" a="0"/>
<U id="220" f="7" l="442" c="4" d="366" a="0"/>
<U id="221" f="7" l="523" c="4" d="277" a="0"/>
<U id="222" f="7" l="604" c="4" d="228" a="0"/>
<U id="223" f="7" l="812" c="4" d="427" a="0"/>
<U id="224" f="3" l="137" c="3" d="427" a="0"/>
<U id="225" f="6" l="135" c="4" d="20" a="0"/>
<U id="226" f="7" l="98" c="10" d="427" a="0"/>
<U id="227" f="7" l="190" c="4" d="277" a="0"/>
<U id="228" f="7" l="514" c="4" d="212" a="0"/>
<U id="229" f="7" l="803" c="4" d="208" a="0"/>
<U id="230" f="7" l="135" c="4" d="366" a="0"/>
<U id="231" f="7" l="216" c="4" d="277" a="0"/>
<U id="232" f="7" l="424" c="4" d="427" a="0"/>
<U id="233" f="7" l="713" c="4" d="277" a="0"/>
<U id="234" f="7" l="840" c="4" d="427" a="0"/>
<U id="235" f="10" l="50" c="8" d="170" a="0"/>
<U id="236" f="6" l="117" c="4" d="427" a="0"/>
<U id="237" f="7" l="126" c="4" d="366" a="0"/>
<U id="238" f="7" l="623" c="4" d="277" a="0"/>
<U id="239" f="7" l="704" c="4" d="234" a="0"/>
<U id="240" f="7" l="831" c="4" d="366" a="0"/>
<U id="241" f="6" l="108" c="4" d="427" a="0"/>
<U id="242" f="6" l="154" c="4" d="427" a="0"/>
<U id="243" f="7" l="117" c="4" d="427" a="0"/>
<U id="244" f="7" l="290" c="4" d="277" a="0"/>
<U id="245" f="7" l="325" c="4" d="277" a="0"/>
<U id="246" f="7" l="533" c="4" d="277" a="0"/>
<U id="247" f="7" l="614" c="4" d="236" a="0"/>
<U id="248" f="7" l="822" c="4" d="427" a="0"/>
<U id="249" f="6" l="145" c="4" d="24" a="0"/>
<U id="250" f="7" l="99" c="10" d="427" a="0"/>
<U id="251" f="7" l="235" c="4" d="277" a="0"/>
<U id="252" f="7" l="524" c="4" d="222" a="0"/>
<U id="253" f="7" l="813" c="4" d="366" a="0"/>
<U id="254" f="3" l="138" c="3" d="366" a="0"/>
<U id="255" f="7" l="145" c="4" d="277" a="0"/>
<U id="256" f="7" l="226" c="4" d="277" a="0"/>
<U id="257" f="7" l="723" c="4" d="277" a="0"/>
<U id="258" f="7" l="804" c="4" d="112" a="0"/>
<U id="259" f="7" l="850" c="4" d="56" a="0"/>
<U id="260" f="7" l="217" c="4" d="277" a="0"/>
<U id="261" f="7" l="425" c="4" d="427" a="0"/>
<U id="262" f="7" l="633" c="4" d="277" a="0"/>
<U id="263" f="7" l="714" c="4" d="241" a="0"/>
<U id="264" f="7" l="841" c="4" d="366" a="0"/>
<U id="265" f="10" l="51" c="8" d="277" a="0"/>
<U id="266" f="6" l="118" c="4" d="427" a="0"/>
<U id="267" f="6" l="164" c="4" d="366" a="0"/>
<U id="268" f="7" l="127" c="4" d="366" a="0"/>
<U id="269" f="7" l="335" c="4" d="277" a="0"/>
<U id="270" f="7" l="543" c="4" d="277" a="0"/>
<U id="271" f="7" l="624" c="4" d="243" a="0"/>
<U id="272" f="7" l="832" c="4" d="427" a="0"/>
<U id="273" f="6" l="109" c="4" d="427" a="0"/>
<U id="274" f="7" l="118" c="4" d="427" a="0"/>
<U id="275" f="7" l="245" c="4" d="277" a="0"/>
<U id="276" f="7" l="453" c="4" d="366" a="0"/>
<U id="277" f="7" l="534" c="4" d="230" a="0"/>
<U id="278" f="7" l="823" c="4" d="366" a="0"/>
<U id="279" f="7" l="155" c="4" d="277" a="0"/>
<U id="280" f="7" l="733" c="4" d="366" a="0"/>
<U id="281" f="7" l="814" c="4" d="427" a="0"/>
<U id="282" f="7" l="860" c="4" d="215" a="0"/>
<U id="283" f="3" l="132" c="8" d="366" a="0"/>
<U id="284" f="3" l="139" c="3" d="366" a="0"/>
<U id="285" f="7" l="146" c="4" d="277" a="0"/>
<U id="286" f="7" l="435" c="4" d="366" a="0"/>
<U id="287" f="7" l="643" c="4" d="277" a="0"/>
<U id="288" f="7" l="770" c="4" d="221" a="0"/>
<U id="289" f="7" l="805" c="4" d="219" a="0"/>
<U id="290" f="7" l="851" c="4" d="147" a="0"/>
<U id="291" f="6" l="174" c="4" d="427" a="0"/>
<U id="292" f="7" l="218" c="4" d="277" a="0"/>
<U id="293" f="7" l="345" c="4" d="277" a="0"/>
<U id="294" f="7" l="391" c="4" d="366" a="0"/>
<U id="295" f="7" l="553" c="4" d="277" a="0"/>
<U id="296" f="7" l="634" c="4" d="251" a="0"/>
<U id="297" f="7" l="842" c="4" d="427" a="0"/>
<U id="298" f="6" l="119" c="4" d="427" a="0"/>
<U id="299" f="6" l="165" c="4" d="53" a="0"/>
<U id="300" f="7" l="128" c="4" d="366" a="0"/>
<U id="301" f="7" l="255" c="4" d="277" a="0"/>
<U id="302" f="7" l="417" c="4" d="427" a="0"/>
<U id="303" f="7" l="463" c="4" d="427" a="0"/>
<U id="304" f="7" l="544" c="4" d="179" a="0"/>
<U id="305" f="7" l="833" c="4" d="366" a="0"/>
<U id="306" f="7" l="119" c="4" d="427" a="0"/>
<U id="307" f="7" l="165" c="4" d="277" a="0"/>
<U id="308" f="7" l="454" c="4" d="28" a="0"/>
<U id="309" f="7" l="743" c="4" d="427" a="0"/>
<U id="310" f="7" l="824" c="4" d="427" a="0"/>
<U id="311" f="7" l="870" c="4" d="253" a="0"/>
<U id="312" f="7" l="156" c="4" d="277" a="0"/>
<U id="313" f="7" l="653" c="4" d="277" a="0"/>
<U id="314" f="7" l="734" c="4" d="166" a="0"/>
<U id="315" f="7" l="780" c="4" d="176" a="0"/>
<U id="316" f="7" l="815" c="4" d="366" a="0"/>
<U id="317" f="7" l="861" c="4" d="125" a="0"/>
<U id="318" f="7" l="355" c="4" d="277" a="0"/>
<U id="319" f="7" l="436" c="4" d="366" a="0"/>
<U id="320" f="7" l="563" c="4" d="277" a="0"/>
<U id="321" f="7" l="644" c="4" d="151" a="0"/>
<U id="322" f="7" l="771" c="4" d="366" a="0"/>
<U id="323" f="7" l="806" c="4" d="128" a="0"/>
<U id="324" f="7" l="852" c="4" d="366" a="0"/>
<U id="325" f="6" l="129" c="4" d="366" a="0"/>
<U id="326" f="6" l="175" c="4" d="43" a="0"/>
<U id="327" f="7" l="219" c="4" d="277" a="0"/>
<U id="328" f="7" l="265" c="4" d="277" a="0"/>
<U id="329" f="7" l="392" c="4" d="366" a="0"/>
<U id="330" f="7" l="473" c="4" d="366" a="0"/>
<U id="331" f="7" l="508" c="4" d="277" a="0"/>
<U id="332" f="7" l="554" c="4" d="138" a="0"/>
<U id="333" f="7" l="843" c="4" d="366" a="0"/>
<U id="334" f="10" l="53" c="8" d="426" a="1"/>
<U id="335" f="7" l="129" c="4" d="366" a="0"/>
<U id="336" f="7" l="175" c="4" d="277" a="0"/>
<U id="337" f="7" l="418" c="4" d="427" a="0"/>
<U id="338" f="7" l="464" c="4" d="32" a="0"/>
<U id="339" f="7" l="753" c="4" d="366" a="0"/>
<U id="340" f="7" l="834" c="4" d="427" a="0"/>
<U id="341" f="7" l="880" c="4" d="104" a="0"/>
<U id="342" f="9" l="56" c="15" d="162" a="0"/>
<U id="343" f="7" l="166" c="4" d="277" a="0"/>
<U id="344" f="7" l="663" c="4" d="277" a="0"/>
<U id="345" f="7" l="744" c="4" d="203" a="0"/>
<U id="346" f="7" l="790" c="4" d="69" a="0"/>
<U id="347" f="7" l="825" c="4" d="366" a="0"/>
<U id="348" f="7" l="871" c="4" d="65" a="0"/>
<U id="349" f="9" l="53" c="26" d="254" a="0"/>
<U id="350" f="7" l="365" c="4" d="277" a="0"/>
<U id="351" f="7" l="573" c="4" d="277" a="0"/>
<U id="352" f="7" l="608" c="4" d="277" a="0"/>
<U id="353" f="7" l="654" c="4" d="174" a="0"/>
<U id="354" f="7" l="781" c="4" d="366" a="0"/>
<U id="355" f="7" l="816" c="4" d="427" a="0"/>
<U id="356" f="7" l="862" c="4" d="225" a="0"/>
<U id="357" f="9" l="55" c="25" d="185" a="0"/>
<U id="358" f="6" l="139" c="4" d="366" a="0"/>
<U id="359" f="7" l="275" c="4" d="277" a="0"/>
<U id="360" f="7" l="437" c="4" d="366" a="0"/>
<U id="361" f="7" l="483" c="4" d="427" a="0"/>
<U id="362" f="7" l="518" c="4" d="277" a="0"/>
<U id="363" f="7" l="564" c="4" d="90" a="0"/>
<U id="364" f="7" l="807" c="4" d="227" a="0"/>
<U id="365" f="7" l="853" c="4" d="68" a="0"/>
<U id="366" f="5" l="83" c="53" d="216" a="0"/>
<U id="367" f="7" l="185" c="4" d="277" a="0"/>
<U id="368" f="7" l="393" c="4" d="366" a="0"/>
<U id="369" f="7" l="509" c="4" d="103" a="0"/>
<U id="370" f="7" l="844" c="4" d="427" a="0"/>
<U id="371" f="7" l="890" c="4" d="231" a="0"/>
<U id="372" f="7" l="176" c="4" d="277" a="0"/>
<U id="373" f="7" l="419" c="4" d="427" a="0"/>
<U id="374" f="7" l="673" c="4" d="277" a="0"/>
<U id="375" f="7" l="708" c="4" d="277" a="0"/>
<U id="376" f="7" l="754" c="4" d="237" a="0"/>
<U id="377" f="7" l="835" c="4" d="366" a="0"/>
<U id="378" f="7" l="881" c="4" d="366" a="0"/>
<U id="379" f="5" l="82" c="63" d="170" a="0"/>
<U id="380" f="7" l="375" c="4" d="277" a="0"/>
<U id="381" f="7" l="583" c="4" d="277" a="0"/>
<U id="382" f="7" l="618" c="4" d="277" a="0"/>
<U id="383" f="7" l="664" c="4" d="195" a="0"/>
<U id="384" f="7" l="791" c="4" d="366" a="0"/>
<U id="385" f="7" l="826" c="4" d="427" a="0"/>
<U id="386" f="7" l="872" c="4" d="366" a="0"/>
<U id="387" f="6" l="149" c="4" d="427" a="0"/>
<U id="388" f="7" l="285" c="4" d="277" a="0"/>
<U id="389" f="7" l="493" c="4" d="366" a="0"/>
<U id="390" f="7" l="528" c="4" d="277" a="0"/>
<U id="391" f="7" l="574" c="4" d="197" a="0"/>
<U id="392" f="7" l="609" c="4" d="150" a="0"/>
<U id="393" f="7" l="782" c="4" d="244" a="0"/>
<U id="394" f="7" l="817" c="4" d="366" a="0"/>
<U id="395" f="7" l="863" c="4" d="142" a="0"/>
<U id="396" f="7" l="195" c="4" d="277" a="0"/>
<U id="397" f="7" l="484" c="4" d="50" a="0"/>
<U id="398" f="7" l="519" c="4" d="120" a="0"/>
<U id="399" f="7" l="773" c="4" d="366" a="0"/>
<U id="400" f="7" l="808" c="4" d="146" a="0"/>
<U id="401" f="7" l="854" c="4" d="168" a="0"/>
<U id="402" f="7" l="186" c="4" d="277" a="0"/>
<U id="403" f="7" l="394" c="4" d="366" a="0"/>
<U id="404" f="7" l="683" c="4" d="277" a="0"/>
<U id="405" f="7" l="718" c="4" d="277" a="0"/>
<U id="406" f="7" l="764" c="4" d="101" a="0"/>
<U id="407" f="7" l="845" c="4" d="366" a="0"/>
<U id="408" f="7" l="891" c="4" d="366" a="0"/>
<U id="409" f="7" l="593" c="4" d="277" a="0"/>
<U id="410" f="7" l="628" c="4" d="277" a="0"/>
<U id="411" f="7" l="674" c="4" d="207" a="0"/>
<U id="412" f="7" l="709" c="4" d="165" a="0"/>
<U id="413" f="7" l="836" c="4" d="427" a="0"/>
<U id="414" f="7" l="882" c="4" d="213" a="0"/>
<U id="415" f="10" l="46" c="8" d="277" a="0"/>
<U id="416" f="6" l="159" c="4" d="366" a="0"/>
<U id="417" f="7" l="295" c="4" d="277" a="0"/>
<U id="418" f="7" l="538" c="4" d="277" a="0"/>
<U id="419" f="7" l="584" c="4" d="210" a="0"/>
<U id="420" f="7" l="619" c="4" d="173" a="0"/>
<U id="421" f="7" l="792" c="4" d="49" a="0"/>
<U id="422" f="7" l="827" c="4" d="366" a="0"/>
<U id="423" f="7" l="873" c="4" d="159" a="0"/>
<U id="424" f="7" l="448" c="4" d="427" a="0"/>
<U id="425" f="7" l="494" c="4" d="181" a="0"/>
<U id="426" f="7" l="529" c="4" d="137" a="0"/>
<U id="427" f="7" l="783" c="4" d="366" a="0"/>
<U id="428" f="7" l="818" c="4" d="427" a="0"/>
<U id="429" f="7" l="864" c="4" d="232" a="0"/>
<U id="430" f="7" l="196" c="4" d="277" a="0"/>
<U id="431" f="7" l="693" c="4" d="277" a="0"/>
<U id="432" f="7" l="728" c="4" d="366" a="0"/>
<U id="433" f="7" l="809" c="4" d="235" a="0"/>
<U id="434" f="7" l="855" c="4" d="80" a="0"/>
<U id="435" f="7" l="187" c="4" d="277" a="0"/>
<U id="436" f="7" l="395" c="4" d="366" a="0"/>
<U id="437" f="7" l="638" c="4" d="277" a="0"/>
<U id="438" f="7" l="684" c="4" d="218" a="0"/>
<U id="439" f="7" l="765" c="4" d="366" a="0"/>
<U id="440" f="7" l="846" c="4" d="167" a="0"/>
<U id="441" f="7" l="892" c="4" d="155" a="0"/>
<U id="442" f="9" l="55" c="45" d="427" a="0"/>
<U id="443" f="6" l="169" c="4" d="427" a="0"/>
<U id="444" f="7" l="548" c="4" d="277" a="0"/>
<U id="445" f="7" l="594" c="4" d="220" a="0"/>
<U id="446" f="7" l="629" c="4" d="194" a="0"/>
<U id="447" f="7" l="837" c="4" d="366" a="0"/>
<U id="448" f="7" l="883" c="4" d="366" a="0"/>
<U id="449" f="10" l="47" c="8" d="277" a="0"/>
<U id="450" f="7" l="458" c="4" d="427" a="0"/>
<U id="451" f="7" l="539" c="4" d="154" a="0"/>
<U id="452" f="7" l="793" c="4" d="366" a="0"/>
<U id="453" f="7" l="828" c="4" d="427" a="0"/>
<U id="454" f="7" l="874" c="4" d="76" a="0"/>
<U id="455" f="7" l="449" c="4" d="17" a="0"/>
<U id="456" f="7" l="738" c="4" d="366" a="0"/>
<U id="457" f="7" l="819" c="4" d="366" a="0"/>
<U id="458" f="7" l="865" c="4" d="158" a="0"/>
<U id="459" f="7" l="197" c="4" d="277" a="0"/>
<U id="460" f="7" l="648" c="4" d="277" a="0"/>
<U id="461" f="7" l="694" c="4" d="226" a="0"/>
<U id="462" f="7" l="729" c="4" d="258" a="0"/>
<U id="463" f="7" l="775" c="4" d="366" a="0"/>
<U id="464" f="7" l="856" c="4" d="190" a="0"/>
<U id="465" f="7" l="188" c="4" d="277" a="0"/>
<U id="466" f="7" l="396" c="4" d="366" a="0"/>
<U id="467" f="7" l="558" c="4" d="277" a="0"/>
<U id="468" f="7" l="639" c="4" d="59" a="0"/>
<U id="469" f="7" l="766" c="4" d="211" a="0"/>
<U id="470" f="7" l="847" c="4" d="242" a="0"/>
<U id="471" f="7" l="893" c="4" d="366" a="0"/>
<U id="472" f="9" l="54" c="28" d="277" a="0"/>
<U id="473" f="7" l="468" c="4" d="366" a="0"/>
<U id="474" f="7" l="549" c="4" d="51" a="0"/>
<U id="475" f="7" l="838" c="4" d="427" a="0"/>
<U id="476" f="7" l="884" c="4" d="121" a="0"/>
<U id="477" f="10" l="48" c="8" d="277" a="0"/>
<U id="478" f="7" l="459" c="4" d="19" a="0"/>
<U id="479" f="7" l="748" c="4" d="427" a="0"/>
<U id="480" f="7" l="794" c="4" d="134" a="0"/>
<U id="481" f="7" l="829" c="4" d="366" a="0"/>
<U id="482" f="7" l="875" c="4" d="183" a="0"/>
<U id="483" f="7" l="658" c="4" d="277" a="0"/>
<U id="484" f="7" l="739" c="4" d="116" a="0"/>
<U id="485" f="7" l="785" c="4" d="366" a="0"/>
<U id="486" f="7" l="866" c="4" d="240" a="0"/>
<U id="487" f="7" l="198" c="4" d="277" a="0"/>
<U id="488" f="7" l="568" c="4" d="277" a="0"/>
<U id="489" f="7" l="649" c="4" d="71" a="0"/>
<U id="490" f="7" l="857" c="4" d="93" a="0"/>
<U id="491" f="7" l="189" c="4" d="277" a="0"/>
<U id="492" f="7" l="478" c="4" d="427" a="0"/>
<U id="493" f="7" l="559" c="4" d="62" a="0"/>
<U id="494" f="7" l="767" c="4" d="366" a="0"/>
<U id="495" f="7" l="848" c="4" d="189" a="0"/>
<U id="496" f="9" l="48" c="36" d="277" a="0"/>
<U id="497" f="7" l="758" c="4" d="366" a="0"/>
<U id="498" f="7" l="839" c="4" d="366" a="0"/>
<U id="499" f="7" l="885" c="4" d="366" a="0"/>
<U id="500" f="10" l="49" c="8" d="277" a="0"/>
<U id="501" f="7" l="668" c="4" d="277" a="0"/>
<U id="502" f="7" l="749" c="4" d="107" a="0"/>
<U id="503" f="7" l="795" c="4" d="60" a="0"/>
<U id="504" f="7" l="876" c="4" d="366" a="0"/>
<U id="505" f="7" l="578" c="4" d="277" a="0"/>
<U id="506" f="7" l="659" c="4" d="84" a="0"/>
<U id="507" f="7" l="867" c="4" d="182" a="0"/>
<U id="508" f="7" l="199" c="4" d="277" a="0"/>
<U id="509" f="7" l="488" c="4" d="366" a="0"/>
<U id="510" f="7" l="569" c="4" d="199" a="0"/>
<U id="511" f="7" l="777" c="4" d="366" a="0"/>
<U id="512" f="7" l="858" c="4" d="204" a="0"/>
<U id="513" f="7" l="768" c="4" d="117" a="0"/>
<U id="514" f="7" l="849" c="4" d="249" a="0"/>
<U id="515" f="7" l="678" c="4" d="277" a="0"/>
<U id="516" f="7" l="759" c="4" d="175" a="0"/>
<U id="517" f="7" l="886" c="4" d="223" a="0"/>
<U id="518" f="7" l="588" c="4" d="277" a="0"/>
<U id="519" f="7" l="669" c="4" d="96" a="0"/>
<U id="520" f="7" l="796" c="4" d="153" a="0"/>
<U id="521" f="7" l="498" c="4" d="366" a="0"/>
<U id="522" f="7" l="579" c="4" d="100" a="0"/>
<U id="523" f="7" l="787" c="4" d="366" a="0"/>
<U id="524" f="7" l="868" c="4" d="247" a="0"/>
<U id="525" f="7" l="489" c="4" d="75" a="0"/>
<U id="526" f="7" l="778" c="4" d="238" a="0"/>
<U id="527" f="7" l="859" c="4" d="108" a="0"/>
<U id="528" f="7" l="688" c="4" d="277" a="0"/>
<U id="529" f="7" l="769" c="4" d="366" a="0"/>
<U id="530" f="7" l="598" c="4" d="277" a="0"/>
<U id="531" f="7" l="679" c="4" d="111" a="0"/>
<U id="532" f="7" l="887" c="4" d="366" a="0"/>
<U id="533" f="10" l="97" c="8" d="410" a="1"/>
<U id="534" f="7" l="589" c="4" d="115" a="0"/>
<U id="535" f="7" l="797" c="4" d="72" a="0"/>
<U id="536" f="7" l="499" c="4" d="89" a="0"/>
<U id="537" f="7" l="788" c="4" d="148" a="0"/>
<U id="538" f="7" l="869" c="4" d="200" a="0"/>
<U id="539" f="5" l="96" c="74" d="300" a="0"/>
<U id="540" f="7" l="698" c="4" d="277" a="0"/>
<U id="541" f="7" l="779" c="4" d="366" a="0"/>
<U id="542" f="7" l="689" c="4" d="127" a="0"/>
<U id="543" f="7" l="599" c="4" d="132" a="0"/>
<U id="544" f="7" l="888" c="4" d="139" a="0"/>
<U id="545" f="10" l="98" c="8" d="160" a="1"/>
<U id="546" f="7" l="798" c="4" d="177" a="0"/>
<U id="547" f="7" l="879" c="4" d="366" a="0"/>
<U id="548" f="5" l="97" c="74" d="300" a="0"/>
<U id="549" f="7" l="789" c="4" d="366" a="0"/>
<U id="550" f="7" l="699" c="4" d="145" a="0"/>
<U id="551" f="7" l="889" c="4" d="366" a="0"/>
<U id="552" f="5" l="98" c="74" d="300" a="0"/>
<U id="553" f="10" l="99" c="8" d="109" a="1"/>
<U id="554" f="7" l="799" c="4" d="85" a="0"/>
<U id="555" f="5" l="99" c="74" d="300" a="0"/>
<U id="556" f="7" l="100" c="10" d="427" a="0"/>
<U id="557" f="7" l="101" c="10" d="427" a="0"/>
<U id="558" f="7" l="102" c="10" d="427" a="0"/>
<U id="559" f="6" l="130" c="10" d="30" a="0"/>
<U id="560" f="7" l="103" c="10" d="427" a="0"/>
<U id="561" f="7" l="104" c="10" d="427" a="0"/>
<U id="562" f="7" l="105" c="10" d="427" a="0"/>
<U id="563" f="6" l="125" c="10" d="18" a="0"/>
<U id="564" f="10" l="60" c="40" d="23" a="0"/>
<U id="565" f="7" l="380" c="10" d="277" a="0"/>
<U id="566" f="6" l="155" c="10" d="21" a="0"/>
<U id="567" f="7" l="724" c="10" d="248" a="0"/>
<U id="568" f="10" l="70" c="41" d="191" a="0"/>
<U id="569" f="10" l="61" c="41" d="26" a="0"/>
<U id="570" f="10" l="100" c="8" d="126" a="1"/>
<U id="571" f="10" l="71" c="41" d="191" a="0"/>
<U id="572" f="10" l="62" c="41" d="27" a="0"/>
<U id="573" f="10" l="101" c="8" d="143" a="1"/>
<U id="574" f="7" l="772" c="10" d="133" a="0"/>
<U id="575" f="10" l="92" c="40" d="23" a="0"/>
<U id="576" f="7" l="474" c="10" d="22" a="0"/>
<U id="577" f="10" l="63" c="41" d="81" a="0"/>
<U id="578" f="10" l="57" c="12" d="426" a="0"/>
<U id="579" f="10" l="102" c="8" d="94" a="1"/>
<U id="580" f="10" l="60" c="16" d="604" a="1"/>
<U id="581" f="10" l="53" c="33" d="25" a="0"/>
<U id="582" f="10" l="84" c="40" d="161" a="0"/>
<U id="583" f="7" l="385" c="10" d="277" a="0"/>
<U id="584" f="10" l="70" c="16" d="558" a="1"/>
<U id="585" f="7" l="774" c="10" d="229" a="0"/>
<U id="586" f="10" l="61" c="16" d="535" a="1"/>
<U id="587" f="10" l="103" c="8" d="184" a="1"/>
<U id="588" f="7" l="719" c="10" d="188" a="0"/>
<U id="589" f="10" l="76" c="40" d="161" a="0"/>
<U id="590" f="10" l="93" c="41" d="26" a="0"/>
<U id="591" f="7" l="784" c="10" d="427" a="0"/>
<U id="592" f="10" l="71" c="16" d="582" a="1"/>
<U id="593" f="10" l="62" c="16" d="558" a="1"/>
<U id="594" f="5" l="100" c="74" d="300" a="0"/>
<U id="595" f="10" l="68" c="40" d="161" a="0"/>
<U id="596" f="10" l="94" c="41" d="27" a="0"/>
<U id="597" f="7" l="776" c="10" d="152" a="0"/>
<U id="598" f="10" l="63" c="16" d="582" a="1"/>
<U id="599" f="5" l="101" c="74" d="300" a="0"/>
<U id="600" f="7" l="469" c="10" d="29" a="0"/>
<U id="601" f="10" l="98" c="39" d="410" a="0"/>
<U id="602" f="10" l="95" c="41" d="81" a="0"/>
<U id="603" f="7" l="786" c="10" d="427" a="0"/>
<U id="604" f="10" l="77" c="41" d="209" a="0"/>
<U id="605" f="7" l="479" c="10" d="124" a="0"/>
<U id="606" f="10" l="81" c="17" d="426" a="0"/>
<U id="607" f="10" l="92" c="16" d="604" a="1"/>
<U id="608" f="10" l="99" c="39" d="410" a="0"/>
<U id="609" f="7" l="877" c="10" d="91" a="0"/>
<U id="610" f="10" l="78" c="41" d="209" a="0"/>
<U id="611" f="10" l="69" c="41" d="191" a="0"/>
<U id="612" f="10" l="73" c="17" d="426" a="0"/>
<U id="613" f="10" l="93" c="16" d="535" a="1"/>
<U id="614" f="7" l="878" c="10" d="201" a="0"/>
<U id="615" f="10" l="84" c="16" d="604" a="1"/>
<U id="616" f="10" l="79" c="41" d="209" a="0"/>
<U id="617" f="10" l="94" c="16" d="558" a="1"/>
<U id="618" f="10" l="65" c="17" d="426" a="0"/>
<U id="619" f="10" l="85" c="16" d="535" a="1"/>
<U id="620" f="10" l="76" c="16" d="604" a="1"/>
<U id="621" f="10" l="99" c="59" d="256" a="0"/>
<U id="622" f="10" l="95" c="16" d="582" a="1"/>
<U id="623" f="10" l="86" c="16" d="558" a="1"/>
<U id="624" f="10" l="77" c="16" d="535" a="1"/>
<U id="625" f="10" l="68" c="16" d="604" a="1"/>
<U id="626" f="10" l="87" c="16" d="582" a="1"/>
<U id="627" f="10" l="78" c="16" d="558" a="1"/>
<U id="628" f="10" l="69" c="16" d="535" a="1"/>
<U id="629" f="10" l="79" c="16" d="582" a="1"/>
<U id="630" f="10" l="97" c="28" d="256" a="0"/>
<U id="631" f="10" l="97" c="47" d="604" a="0"/>
<U id="632" f="10" l="99" c="78" d="535" a="0"/>
</Uses>
<Blocks>
<B id="1" t="else" f="10" l="89" c="8">
<BEGIN l="90" c="8"/>
<END l="96" c="8"/>
</B>
<B id="2" t="if" f="10" l="81" c="13">
<BEGIN l="82" c="8"/>
<END l="88" c="8"/>
<ELSE d="1"/>
</B>
<B id="3" t="else" f="10" l="81" c="8">
<BEGIN l="81" c="13"/>
<END l="96" c="8"/>
<SUB d="2"/>
</B>
<B id="4" t="if" f="10" l="73" c="13">
<BEGIN l="74" c="8"/>
<END l="80" c="8"/>
<ELSE d="3"/>
</B>
<B id="5" t="else" f="10" l="73" c="8">
<BEGIN l="73" c="13"/>
<END l="96" c="8"/>
<SUB d="4"/>
</B>
<B id="6" t="if" f="10" l="65" c="13">
<BEGIN l="66" c="8"/>
<END l="72" c="8"/>
<ELSE d="5"/>
</B>
<B id="7" t="else" f="10" l="65" c="8">
<BEGIN l="65" c="13"/>
<END l="96" c="8"/>
<SUB d="6"/>
</B>
<B id="8" t="if" f="10" l="57" c="8">
<BEGIN l="58" c="8"/>
<END l="64" c="8"/>
<ELSE d="7"/>
</B>
<B id="9" t="routine" f="10" l="42" c="5">
<BEGIN l="43" c="0"/>
<END l="104" c="0"/>
<SUB d="8"/>
</B>
<B id="10" t="ppcif" f="12" l="20" c="0">
<BEGIN l="20" c="28"/>
<END l="33" c="0"/>
</B>
<B id="11" t="ppcif" f="8" l="3" c="0">
<BEGIN l="3" c="29"/>
<END l="18" c="0"/>
</B>
<B id="12" t="ppcif" f="13" l="24" c="0">
<BEGIN l="24" c="48"/>
<END l="28" c="0"/>
</B>
<B id="13" t="ppcif" f="13" l="30" c="0">
<BEGIN l="30" c="47"/>
<END l="34" c="0"/>
</B>
<B id="14" t="ppcif" f="15" l="15" c="0">
<BEGIN l="15" c="27"/>
<END l="330" c="0"/>
</B>
<B id="15" t="ppcif" f="15" l="25" c="0">
<BEGIN l="25" c="19"/>
<END l="155" c="0"/>
</B>
<B id="16" t="ppcrmif" f="15" l="46" c="0">
<BEGIN l="46" c="93"/>
<END l="91" c="0"/>
</B>
<B id="17" t="ppcrmif" f="15" l="94" c="0">
<BEGIN l="94" c="91"/>
<END l="153" c="0"/>
</B>
<B id="18" t="ppcrmelse" f="15" l="155" c="0">
<BEGIN l="155" c="35"/>
<END l="328" c="0"/>
</B>
<B id="19" t="ppcif" f="16" l="11" c="0">
<BEGIN l="11" c="27"/>
<END l="36" c="0"/>
</B>
<B id="20" t="ppcrmif" f="16" l="14" c="0">
<BEGIN l="14" c="19"/>
<END l="29" c="0"/>
</B>
<B id="21" t="ppcelse" f="16" l="29" c="0">
<BEGIN l="29" c="5"/>
<END l="33" c="0"/>
</B>
<B id="22" t="ppcif" f="1" l="22" c="0">
<BEGIN l="22" c="17"/>
<END l="109" c="0"/>
</B>
<B id="23" t="ppcrmif" f="1" l="39" c="0">
<BEGIN l="39" c="66"/>
<END l="43" c="0"/>
</B>
<B id="24" t="ppcelse" f="1" l="43" c="0">
<BEGIN l="43" c="60"/>
<END l="47" c="0"/>
</B>
<B id="25" t="ppcrmif" f="1" l="52" c="0">
<BEGIN l="52" c="18"/>
<END l="58" c="0"/>
</B>
<B id="26" t="ppcrmif" f="1" l="62" c="0">
<BEGIN l="62" c="33"/>
<END l="80" c="0"/>
</B>
<B id="27" t="ppcelse" f="1" l="80" c="0">
<BEGIN l="80" c="31"/>
<END l="93" c="0"/>
</B>
<B id="28" t="ppcrmif" f="1" l="96" c="0">
<BEGIN l="96" c="14"/>
<END l="106" c="0"/>
</B>
<B id="29" t="ppcif" f="17" l="3" c="0">
<BEGIN l="3" c="29"/>
<END l="348" c="0"/>
</B>
<B id="30" t="ppcif" f="17" l="61" c="0">
<BEGIN l="63" c="27"/>
<END l="66" c="0"/>
</B>
<B id="31" t="ppcrmif" f="17" l="165" c="0">
<BEGIN l="165" c="17"/>
<END l="206" c="0"/>
</B>
<B id="32" t="ppcrmif" f="17" l="209" c="0">
<BEGIN l="209" c="37"/>
<END l="211" c="0"/>
</B>
<B id="33" t="ppcrmif" f="17" l="213" c="0">
<BEGIN l="213" c="44"/>
<END l="321" c="0"/>
</B>
<B id="34" t="ppcif" f="17" l="323" c="0">
<BEGIN l="323" c="18"/>
<END l="346" c="0"/>
</B>
<B id="35" t="ppcrmif" f="17" l="326" c="0">
<BEGIN l="326" c="18"/>
<END l="328" c="0"/>
</B>
<B id="36" t="ppcrmif" f="17" l="329" c="0">
<BEGIN l="329" c="63"/>
<END l="331" c="0"/>
</B>
<B id="37" t="ppcrmif" f="17" l="332" c="0">
<BEGIN l="332" c="64"/>
<END l="334" c="0"/>
</B>
<B id="38" t="ppcrmif" f="17" l="335" c="0">
<BEGIN l="335" c="16"/>
<END l="340" c="0"/>
</B>
<B id="39" t="ppcif" f="17" l="343" c="0">
<BEGIN l="343" c="57"/>
<END l="345" c="0"/>
</B>
<B id="40" t="type" f="5" l="48" c="7">
<BEGIN l="48" c="32"/>
<END l="55" c="0"/>
</B>
<B id="41" t="ppcif" f="5" l="24" c="0">
<BEGIN l="24" c="33"/>
<END l="382" c="0"/>
</B>
<B id="42" t="ppcrmif" f="5" l="27" c="0">
<BEGIN l="27" c="35"/>
<END l="29" c="0"/>
</B>
<B id="43" t="ppcrmif" f="5" l="33" c="0">
<BEGIN l="33" c="19"/>
<END l="36" c="0"/>
</B>
<B id="44" t="ppcrmif" f="5" l="366" c="0">
<BEGIN l="366" c="19"/>
<END l="368" c="0"/>
</B>
<B id="45" t="ppcif" f="5" l="371" c="0">
<BEGIN l="371" c="26"/>
<END l="379" c="0"/>
</B>
<B id="46" t="ppcif" f="5" l="372" c="0">
<BEGIN l="372" c="25"/>
<END l="376" c="0"/>
</B>
<B id="47" t="ppcrmif" f="5" l="373" c="0">
<BEGIN l="373" c="37"/>
<END l="375" c="0"/>
</B>
<B id="48" t="ppcrmelse" f="5" l="376" c="0">
<BEGIN l="376" c="7"/>
<END l="378" c="0"/>
</B>
<B id="49" t="ppcif" f="18" l="24" c="0">
<BEGIN l="24" c="38"/>
<END l="122" c="0"/>
</B>
<B id="50" t="ppcrmif" f="18" l="27" c="0">
<BEGIN l="27" c="19"/>
<END l="30" c="0"/>
</B>
<B id="51" t="ppcif" f="18" l="53" c="0">
<BEGIN l="53" c="26"/>
<END l="55" c="0"/>
</B>
<B id="52" t="ppcif" f="18" l="57" c="0">
<BEGIN l="57" c="24"/>
<END l="59" c="0"/>
</B>
<B id="53" t="ppcif" f="18" l="61" c="0">
<BEGIN l="61" c="24"/>
<END l="63" c="0"/>
</B>
<B id="54" t="ppcif" f="18" l="65" c="0">
<BEGIN l="65" c="26"/>
<END l="67" c="0"/>
</B>
<B id="55" t="ppcif" f="18" l="69" c="0">
<BEGIN l="69" c="25"/>
<END l="71" c="0"/>
</B>
<B id="56" t="ppcif" f="18" l="73" c="0">
<BEGIN l="73" c="24"/>
<END l="75" c="0"/>
</B>
<B id="57" t="ppcif" f="18" l="77" c="0">
<BEGIN l="77" c="24"/>
<END l="79" c="0"/>
</B>
<B id="58" t="ppcif" f="18" l="81" c="0">
<BEGIN l="81" c="24"/>
<END l="83" c="0"/>
</B>
<B id="59" t="ppcif" f="18" l="85" c="0">
<BEGIN l="85" c="24"/>
<END l="87" c="0"/>
</B>
<B id="60" t="ppcif" f="18" l="89" c="0">
<BEGIN l="89" c="17"/>
<END l="91" c="0"/>
</B>
<B id="61" t="ppcif" f="18" l="93" c="0">
<BEGIN l="93" c="18"/>
<END l="95" c="0"/>
</B>
<B id="62" t="ppcif" f="18" l="97" c="0">
<BEGIN l="97" c="18"/>
<END l="99" c="0"/>
</B>
<B id="63" t="ppcif" f="18" l="101" c="0">
<BEGIN l="101" c="22"/>
<END l="103" c="0"/>
</B>
<B id="64" t="ppcrmif" f="18" l="106" c="0">
<BEGIN l="106" c="19"/>
<END l="108" c="0"/>
</B>
<B id="65" t="ppcif" f="18" l="111" c="0">
<BEGIN l="111" c="26"/>
<END l="119" c="0"/>
</B>
<B id="66" t="ppcif" f="18" l="112" c="0">
<BEGIN l="112" c="25"/>
<END l="116" c="0"/>
</B>
<B id="67" t="ppcrmif" f="18" l="113" c="0">
<BEGIN l="113" c="37"/>
<END l="115" c="0"/>
</B>
<B id="68" t="ppcrmelse" f="18" l="116" c="0">
<BEGIN l="116" c="7"/>
<END l="118" c="0"/>
</B>
<B id="69" t="ppcif" f="4" l="24" c="0">
<BEGIN l="24" c="19"/>
<END l="57" c="0"/>
</B>
<B id="70" t="ppcif" f="4" l="46" c="0">
<BEGIN l="46" c="26"/>
<END l="54" c="0"/>
</B>
<B id="71" t="ppcif" f="4" l="47" c="0">
<BEGIN l="47" c="25"/>
<END l="51" c="0"/>
</B>
<B id="72" t="ppcrmif" f="4" l="48" c="0">
<BEGIN l="48" c="37"/>
<END l="50" c="0"/>
</B>
<B id="73" t="ppcrmelse" f="4" l="51" c="0">
<BEGIN l="51" c="7"/>
<END l="53" c="0"/>
</B>
<B id="74" t="ppcif" f="19" l="25" c="0">
<BEGIN l="25" c="14"/>
<END l="95" c="0"/>
</B>
<B id="75" t="ppcrmif" f="19" l="41" c="0">
<BEGIN l="41" c="33"/>
<END l="43" c="0"/>
</B>
<B id="76" t="ppcrmif" f="19" l="45" c="0">
<BEGIN l="45" c="46"/>
<END l="47" c="0"/>
</B>
<B id="77" t="ppcrmif" f="19" l="49" c="0">
<BEGIN l="49" c="28"/>
<END l="51" c="0"/>
</B>
<B id="78" t="ppcif" f="19" l="84" c="0">
<BEGIN l="84" c="26"/>
<END l="92" c="0"/>
</B>
<B id="79" t="ppcrmif" f="19" l="85" c="0">
<BEGIN l="85" c="25"/>
<END l="89" c="0"/>
</B>
<B id="80" t="ppcelse" f="19" l="89" c="0">
<BEGIN l="89" c="7"/>
<END l="91" c="0"/>
</B>
<B id="81" t="type" f="3" l="135" c="0">
<BEGIN l="135" c="0"/>
<END l="141" c="0"/>
</B>
<B id="82" t="ppcif" f="3" l="56" c="0">
<BEGIN l="56" c="19"/>
<END l="154" c="0"/>
</B>
<B id="83" t="ppcif" f="3" l="122" c="0">
<BEGIN l="122" c="26"/>
<END l="126" c="0"/>
</B>
<B id="84" t="ppcif" f="2" l="43" c="0">
<BEGIN l="43" c="24"/>
<END l="150" c="0"/>
</B>
<B id="85" t="ppcif" f="2" l="81" c="0">
<BEGIN l="81" c="13"/>
<END l="83" c="0"/>
</B>
<B id="86" t="ppcif" f="2" l="85" c="0">
<BEGIN l="85" c="14"/>
<END l="87" c="0"/>
</B>
<B id="87" t="ppcrmif" f="2" l="119" c="0">
<BEGIN l="119" c="46"/>
<END l="125" c="0"/>
</B>
<B id="88" t="ppcelse" f="2" l="125" c="0">
<BEGIN l="125" c="6"/>
<END l="129" c="0"/>
</B>
<B id="89" t="ppcrmif" f="2" l="131" c="0">
<BEGIN l="131" c="46"/>
<END l="137" c="0"/>
</B>
<B id="90" t="ppcelse" f="2" l="137" c="0">
<BEGIN l="137" c="6"/>
<END l="140" c="0"/>
</B>
<B id="91" t="ppcif" f="20" l="43" c="0">
<BEGIN l="43" c="18"/>
<END l="202" c="0"/>
</B>
<B id="92" t="ppcif" f="20" l="88" c="0">
<BEGIN l="88" c="17"/>
<END l="90" c="0"/>
</B>
<B id="93" t="ppcif" f="21" l="19" c="0">
<BEGIN l="19" c="22"/>
<END l="23" c="0"/>
</B>
<B id="94" t="ppcif" f="22" l="19" c="0">
<BEGIN l="19" c="26"/>
<END l="23" c="0"/>
</B>
<B id="95" t="ppcif" f="23" l="24" c="0">
<BEGIN l="24" c="31"/>
<END l="39" c="0"/>
</B>
<B id="96" t="ppcif" f="23" l="28" c="0">
<BEGIN l="28" c="26"/>
<END l="36" c="0"/>
</B>
<B id="97" t="ppcif" f="23" l="29" c="0">
<BEGIN l="29" c="25"/>
<END l="33" c="0"/>
</B>
<B id="98" t="ppcrmif" f="23" l="30" c="0">
<BEGIN l="30" c="37"/>
<END l="32" c="0"/>
</B>
<B id="99" t="ppcrmelse" f="23" l="33" c="0">
<BEGIN l="33" c="7"/>
<END l="35" c="0"/>
</B>
<B id="100" t="ppcif" f="24" l="19" c="0">
<BEGIN l="19" c="16"/>
<END l="24" c="0"/>
</B>
<B id="101" t="ppcif" f="25" l="53" c="0">
<BEGIN l="53" c="40"/>
<END l="57" c="0"/>
</B>
<B id="102" t="ppcrmif" f="25" l="67" c="0">
<BEGIN l="67" c="53"/>
<END l="71" c="0"/>
</B>
<B id="103" t="ppcrmif" f="25" l="81" c="0">
<BEGIN l="81" c="58"/>
<END l="85" c="0"/>
</B>
<B id="104" t="ppcrmif" f="25" l="95" c="0">
<BEGIN l="95" c="56"/>
<END l="99" c="0"/>
</B>
<B id="105" t="ppcrmif" f="25" l="109" c="0">
<BEGIN l="109" c="61"/>
<END l="113" c="0"/>
</B>
<B id="106" t="ppcif" f="25" l="125" c="0">
<BEGIN l="125" c="39"/>
<END l="129" c="0"/>
</B>
<B id="107" t="ppcrmif" f="25" l="139" c="0">
<BEGIN l="139" c="52"/>
<END l="143" c="0"/>
</B>
<B id="108" t="ppcrmif" f="25" l="153" c="0">
<BEGIN l="153" c="57"/>
<END l="157" c="0"/>
</B>
<B id="109" t="ppcrmif" f="25" l="167" c="0">
<BEGIN l="167" c="55"/>
<END l="171" c="0"/>
</B>
<B id="110" t="ppcrmif" f="25" l="181" c="0">
<BEGIN l="181" c="60"/>
<END l="185" c="0"/>
</B>
<B id="111" t="ppcif" f="25" l="201" c="0">
<BEGIN l="201" c="25"/>
<END l="209" c="0"/>
</B>
<B id="112" t="ppcif" f="25" l="202" c="0">
<BEGIN l="202" c="24"/>
<END l="206" c="0"/>
</B>
<B id="113" t="ppcrmif" f="25" l="203" c="0">
<BEGIN l="203" c="36"/>
<END l="205" c="0"/>
</B>
<B id="114" t="ppcrmelse" f="25" l="206" c="0">
<BEGIN l="206" c="6"/>
<END l="208" c="0"/>
</B>
<B id="115" t="ppcif" f="9" l="21" c="0">
<BEGIN l="21" c="36"/>
<END l="60" c="0"/>
</B>
<B id="116" t="routine" f="9" l="48" c="16">
<BEGIN l="49" c="0"/>
<END l="57" c="0"/>
</B>
<B id="117" t="ppcif" f="26" l="24" c="0">
<BEGIN l="24" c="20"/>
<END l="221" c="0"/>
</B>
<B id="118" t="type" f="7" l="27" c="0">
<BEGIN l="27" c="0"/>
<END l="43" c="0"/>
</B>
<B id="119" t="type" f="7" l="45" c="0">
<BEGIN l="45" c="0"/>
<END l="49" c="0"/>
</B>
<B id="120" t="type" f="7" l="51" c="0">
<BEGIN l="51" c="0"/>
<END l="64" c="0"/>
</B>
<B id="121" t="type" f="7" l="66" c="0">
<BEGIN l="66" c="0"/>
<END l="79" c="0"/>
</B>
<B id="122" t="type" f="7" l="81" c="0">
<BEGIN l="81" c="0"/>
<END l="87" c="0"/>
</B>
<B id="123" t="type" f="7" l="89" c="0">
<BEGIN l="89" c="0"/>
<END l="93" c="0"/>
</B>
<B id="124" t="type" f="7" l="95" c="0">
<BEGIN l="95" c="0"/>
<END l="107" c="0"/>
</B>
<B id="125" t="type" f="7" l="109" c="0">
<BEGIN l="109" c="0"/>
<END l="121" c="0"/>
</B>
<B id="126" t="type" f="7" l="123" c="0">
<BEGIN l="123" c="0"/>
<END l="132" c="0"/>
</B>
<B id="127" t="type" f="7" l="134" c="0">
<BEGIN l="134" c="0"/>
<END l="137" c="0"/>
</B>
<B id="128" t="type" f="7" l="139" c="0">
<BEGIN l="139" c="0"/>
<END l="142" c="0"/>
</B>
<B id="129" t="type" f="7" l="144" c="0">
<BEGIN l="144" c="0"/>
<END l="147" c="0"/>
</B>
<B id="130" t="type" f="7" l="149" c="0">
<BEGIN l="149" c="0"/>
<END l="152" c="0"/>
</B>
<B id="131" t="type" f="7" l="154" c="0">
<BEGIN l="154" c="0"/>
<END l="157" c="0"/>
</B>
<B id="132" t="type" f="7" l="159" c="0">
<BEGIN l="159" c="0"/>
<END l="162" c="0"/>
</B>
<B id="133" t="type" f="7" l="164" c="0">
<BEGIN l="164" c="0"/>
<END l="167" c="0"/>
</B>
<B id="134" t="type" f="7" l="169" c="0">
<BEGIN l="169" c="0"/>
<END l="172" c="0"/>
</B>
<B id="135" t="type" f="7" l="174" c="0">
<BEGIN l="174" c="0"/>
<END l="177" c="0"/>
</B>
<B id="136" t="type" f="7" l="179" c="0">
<BEGIN l="179" c="0"/>
<END l="182" c="0"/>
</B>
<B id="137" t="type" f="7" l="184" c="0">
<BEGIN l="184" c="0"/>
<END l="192" c="0"/>
</B>
<B id="138" t="type" f="7" l="194" c="0">
<BEGIN l="194" c="0"/>
<END l="202" c="0"/>
</B>
<B id="139" t="type" f="7" l="204" c="0">
<BEGIN l="204" c="0"/>
<END l="207" c="0"/>
</B>
<B id="140" t="type" f="7" l="209" c="0">
<BEGIN l="209" c="0"/>
<END l="212" c="0"/>
</B>
<B id="141" t="type" f="7" l="214" c="0">
<BEGIN l="214" c="0"/>
<END l="223" c="0"/>
</B>
<B id="142" t="type" f="7" l="225" c="0">
<BEGIN l="225" c="0"/>
<END l="228" c="0"/>
</B>
<B id="143" t="type" f="7" l="230" c="0">
<BEGIN l="230" c="0"/>
<END l="237" c="0"/>
</B>
<B id="144" t="type" f="7" l="239" c="0">
<BEGIN l="239" c="0"/>
<END l="242" c="0"/>
</B>
<B id="145" t="type" f="7" l="244" c="0">
<BEGIN l="244" c="0"/>
<END l="247" c="0"/>
</B>
<B id="146" t="type" f="7" l="249" c="0">
<BEGIN l="249" c="0"/>
<END l="252" c="0"/>
</B>
<B id="147" t="type" f="7" l="254" c="0">
<BEGIN l="254" c="0"/>
<END l="257" c="0"/>
</B>
<B id="148" t="type" f="7" l="259" c="0">
<BEGIN l="259" c="0"/>
<END l="262" c="0"/>
</B>
<B id="149" t="type" f="7" l="264" c="0">
<BEGIN l="264" c="0"/>
<END l="267" c="0"/>
</B>
<B id="150" t="type" f="7" l="269" c="0">
<BEGIN l="269" c="0"/>
<END l="272" c="0"/>
</B>
<B id="151" t="type" f="7" l="274" c="0">
<BEGIN l="274" c="0"/>
<END l="277" c="0"/>
</B>
<B id="152" t="type" f="7" l="279" c="0">
<BEGIN l="279" c="0"/>
<END l="282" c="0"/>
</B>
<B id="153" t="type" f="7" l="284" c="0">
<BEGIN l="284" c="0"/>
<END l="287" c="0"/>
</B>
<B id="154" t="type" f="7" l="289" c="0">
<BEGIN l="289" c="0"/>
<END l="292" c="0"/>
</B>
<B id="155" t="type" f="7" l="294" c="0">
<BEGIN l="294" c="0"/>
<END l="297" c="0"/>
</B>
<B id="156" t="type" f="7" l="299" c="0">
<BEGIN l="299" c="0"/>
<END l="302" c="0"/>
</B>
<B id="157" t="type" f="7" l="304" c="0">
<BEGIN l="304" c="0"/>
<END l="307" c="0"/>
</B>
<B id="158" t="type" f="7" l="309" c="0">
<BEGIN l="309" c="0"/>
<END l="312" c="0"/>
</B>
<B id="159" t="type" f="7" l="314" c="0">
<BEGIN l="314" c="0"/>
<END l="317" c="0"/>
</B>
<B id="160" t="type" f="7" l="319" c="0">
<BEGIN l="319" c="0"/>
<END l="322" c="0"/>
</B>
<B id="161" t="type" f="7" l="324" c="0">
<BEGIN l="324" c="0"/>
<END l="327" c="0"/>
</B>
<B id="162" t="type" f="7" l="329" c="0">
<BEGIN l="329" c="0"/>
<END l="332" c="0"/>
</B>
<B id="163" t="type" f="7" l="334" c="0">
<BEGIN l="334" c="0"/>
<END l="337" c="0"/>
</B>
<B id="164" t="type" f="7" l="339" c="0">
<BEGIN l="339" c="0"/>
<END l="342" c="0"/>
</B>
<B id="165" t="type" f="7" l="344" c="0">
<BEGIN l="344" c="0"/>
<END l="347" c="0"/>
</B>
<B id="166" t="type" f="7" l="349" c="0">
<BEGIN l="349" c="0"/>
<END l="352" c="0"/>
</B>
<B id="167" t="type" f="7" l="354" c="0">
<BEGIN l="354" c="0"/>
<END l="357" c="0"/>
</B>
<B id="168" t="type" f="7" l="359" c="0">
<BEGIN l="359" c="0"/>
<END l="362" c="0"/>
</B>
<B id="169" t="type" f="7" l="364" c="0">
<BEGIN l="364" c="0"/>
<END l="367" c="0"/>
</B>
<B id="170" t="type" f="7" l="369" c="0">
<BEGIN l="369" c="0"/>
<END l="372" c="0"/>
</B>
<B id="171" t="type" f="7" l="374" c="0">
<BEGIN l="374" c="0"/>
<END l="377" c="0"/>
</B>
<B id="172" t="type" f="7" l="379" c="0">
<BEGIN l="379" c="0"/>
<END l="382" c="0"/>
</B>
<B id="173" t="type" f="7" l="384" c="0">
<BEGIN l="384" c="0"/>
<END l="387" c="0"/>
</B>
<B id="174" t="type" f="7" l="389" c="0">
<BEGIN l="389" c="0"/>
<END l="398" c="0"/>
</B>
<B id="175" t="type" f="7" l="400" c="0">
<BEGIN l="400" c="0"/>
<END l="407" c="0"/>
</B>
<B id="176" t="type" f="7" l="409" c="0">
<BEGIN l="409" c="0"/>
<END l="414" c="0"/>
</B>
<B id="177" t="type" f="7" l="416" c="0">
<BEGIN l="416" c="0"/>
<END l="427" c="0"/>
</B>
<B id="178" t="type" f="7" l="429" c="0">
<BEGIN l="429" c="0"/>
<END l="432" c="0"/>
</B>
<B id="179" t="type" f="7" l="434" c="0">
<BEGIN l="434" c="0"/>
<END l="439" c="0"/>
</B>
<B id="180" t="type" f="7" l="441" c="0">
<BEGIN l="441" c="0"/>
<END l="444" c="0"/>
</B>
<B id="181" t="type" f="7" l="447" c="0">
<BEGIN l="447" c="0"/>
<END l="450" c="0"/>
</B>
<B id="182" t="type" f="7" l="452" c="0">
<BEGIN l="452" c="0"/>
<END l="455" c="0"/>
</B>
<B id="183" t="type" f="7" l="457" c="0">
<BEGIN l="457" c="0"/>
<END l="460" c="0"/>
</B>
<B id="184" t="type" f="7" l="462" c="0">
<BEGIN l="462" c="0"/>
<END l="465" c="0"/>
</B>
<B id="185" t="type" f="7" l="467" c="0">
<BEGIN l="467" c="0"/>
<END l="470" c="0"/>
</B>
<B id="186" t="type" f="7" l="472" c="0">
<BEGIN l="472" c="0"/>
<END l="475" c="0"/>
</B>
<B id="187" t="type" f="7" l="477" c="0">
<BEGIN l="477" c="0"/>
<END l="480" c="0"/>
</B>
<B id="188" t="type" f="7" l="482" c="0">
<BEGIN l="482" c="0"/>
<END l="485" c="0"/>
</B>
<B id="189" t="type" f="7" l="487" c="0">
<BEGIN l="487" c="0"/>
<END l="490" c="0"/>
</B>
<B id="190" t="type" f="7" l="492" c="0">
<BEGIN l="492" c="0"/>
<END l="495" c="0"/>
</B>
<B id="191" t="type" f="7" l="497" c="0">
<BEGIN l="497" c="0"/>
<END l="500" c="0"/>
</B>
<B id="192" t="type" f="7" l="502" c="0">
<BEGIN l="502" c="0"/>
<END l="505" c="0"/>
</B>
<B id="193" t="type" f="7" l="507" c="0">
<BEGIN l="507" c="0"/>
<END l="510" c="0"/>
</B>
<B id="194" t="type" f="7" l="512" c="0">
<BEGIN l="512" c="0"/>
<END l="515" c="0"/>
</B>
<B id="195" t="type" f="7" l="517" c="0">
<BEGIN l="517" c="0"/>
<END l="520" c="0"/>
</B>
<B id="196" t="type" f="7" l="522" c="0">
<BEGIN l="522" c="0"/>
<END l="525" c="0"/>
</B>
<B id="197" t="type" f="7" l="527" c="0">
<BEGIN l="527" c="0"/>
<END l="530" c="0"/>
</B>
<B id="198" t="type" f="7" l="532" c="0">
<BEGIN l="532" c="0"/>
<END l="535" c="0"/>
</B>
<B id="199" t="type" f="7" l="537" c="0">
<BEGIN l="537" c="0"/>
<END l="540" c="0"/>
</B>
<B id="200" t="type" f="7" l="542" c="0">
<BEGIN l="542" c="0"/>
<END l="545" c="0"/>
</B>
<B id="201" t="type" f="7" l="547" c="0">
<BEGIN l="547" c="0"/>
<END l="550" c="0"/>
</B>
<B id="202" t="type" f="7" l="552" c="0">
<BEGIN l="552" c="0"/>
<END l="555" c="0"/>
</B>
<B id="203" t="type" f="7" l="557" c="0">
<BEGIN l="557" c="0"/>
<END l="560" c="0"/>
</B>
<B id="204" t="type" f="7" l="562" c="0">
<BEGIN l="562" c="0"/>
<END l="565" c="0"/>
</B>
<B id="205" t="type" f="7" l="567" c="0">
<BEGIN l="567" c="0"/>
<END l="570" c="0"/>
</B>
<B id="206" t="type" f="7" l="572" c="0">
<BEGIN l="572" c="0"/>
<END l="575" c="0"/>
</B>
<B id="207" t="type" f="7" l="577" c="0">
<BEGIN l="577" c="0"/>
<END l="580" c="0"/>
</B>
<B id="208" t="type" f="7" l="582" c="0">
<BEGIN l="582" c="0"/>
<END l="585" c="0"/>
</B>
<B id="209" t="type" f="7" l="587" c="0">
<BEGIN l="587" c="0"/>
<END l="590" c="0"/>
</B>
<B id="210" t="type" f="7" l="592" c="0">
<BEGIN l="592" c="0"/>
<END l="595" c="0"/>
</B>
<B id="211" t="type" f="7" l="597" c="0">
<BEGIN l="597" c="0"/>
<END l="600" c="0"/>
</B>
<B id="212" t="type" f="7" l="602" c="0">
<BEGIN l="602" c="0"/>
<END l="605" c="0"/>
</B>
<B id="213" t="type" f="7" l="607" c="0">
<BEGIN l="607" c="0"/>
<END l="610" c="0"/>
</B>
<B id="214" t="type" f="7" l="612" c="0">
<BEGIN l="612" c="0"/>
<END l="615" c="0"/>
</B>
<B id="215" t="type" f="7" l="617" c="0">
<BEGIN l="617" c="0"/>
<END l="620" c="0"/>
</B>
<B id="216" t="type" f="7" l="622" c="0">
<BEGIN l="622" c="0"/>
<END l="625" c="0"/>
</B>
<B id="217" t="type" f="7" l="627" c="0">
<BEGIN l="627" c="0"/>
<END l="630" c="0"/>
</B>
<B id="218" t="type" f="7" l="632" c="0">
<BEGIN l="632" c="0"/>
<END l="635" c="0"/>
</B>
<B id="219" t="type" f="7" l="637" c="0">
<BEGIN l="637" c="0"/>
<END l="640" c="0"/>
</B>
<B id="220" t="type" f="7" l="642" c="0">
<BEGIN l="642" c="0"/>
<END l="645" c="0"/>
</B>
<B id="221" t="type" f="7" l="647" c="0">
<BEGIN l="647" c="0"/>
<END l="650" c="0"/>
</B>
<B id="222" t="type" f="7" l="652" c="0">
<BEGIN l="652" c="0"/>
<END l="655" c="0"/>
</B>
<B id="223" t="type" f="7" l="657" c="0">
<BEGIN l="657" c="0"/>
<END l="660" c="0"/>
</B>
<B id="224" t="type" f="7" l="662" c="0">
<BEGIN l="662" c="0"/>
<END l="665" c="0"/>
</B>
<B id="225" t="type" f="7" l="667" c="0">
<BEGIN l="667" c="0"/>
<END l="670" c="0"/>
</B>
<B id="226" t="type" f="7" l="672" c="0">
<BEGIN l="672" c="0"/>
<END l="675" c="0"/>
</B>
<B id="227" t="type" f="7" l="677" c="0">
<BEGIN l="677" c="0"/>
<END l="680" c="0"/>
</B>
<B id="228" t="type" f="7" l="682" c="0">
<BEGIN l="682" c="0"/>
<END l="685" c="0"/>
</B>
<B id="229" t="type" f="7" l="687" c="0">
<BEGIN l="687" c="0"/>
<END l="690" c="0"/>
</B>
<B id="230" t="type" f="7" l="692" c="0">
<BEGIN l="692" c="0"/>
<END l="695" c="0"/>
</B>
<B id="231" t="type" f="7" l="697" c="0">
<BEGIN l="697" c="0"/>
<END l="700" c="0"/>
</B>
<B id="232" t="type" f="7" l="702" c="0">
<BEGIN l="702" c="0"/>
<END l="705" c="0"/>
</B>
<B id="233" t="type" f="7" l="707" c="0">
<BEGIN l="707" c="0"/>
<END l="710" c="0"/>
</B>
<B id="234" t="type" f="7" l="712" c="0">
<BEGIN l="712" c="0"/>
<END l="715" c="0"/>
</B>
<B id="235" t="type" f="7" l="717" c="0">
<BEGIN l="717" c="0"/>
<END l="720" c="0"/>
</B>
<B id="236" t="type" f="7" l="722" c="0">
<BEGIN l="722" c="0"/>
<END l="725" c="0"/>
</B>
<B id="237" t="type" f="7" l="727" c="0">
<BEGIN l="727" c="0"/>
<END l="730" c="0"/>
</B>
<B id="238" t="type" f="7" l="732" c="0">
<BEGIN l="732" c="0"/>
<END l="735" c="0"/>
</B>
<B id="239" t="type" f="7" l="737" c="0">
<BEGIN l="737" c="0"/>
<END l="740" c="0"/>
</B>
<B id="240" t="type" f="7" l="742" c="0">
<BEGIN l="742" c="0"/>
<END l="745" c="0"/>
</B>
<B id="241" t="type" f="7" l="747" c="0">
<BEGIN l="747" c="0"/>
<END l="750" c="0"/>
</B>
<B id="242" t="type" f="7" l="752" c="0">
<BEGIN l="752" c="0"/>
<END l="755" c="0"/>
</B>
<B id="243" t="type" f="7" l="757" c="0">
<BEGIN l="757" c="0"/>
<END l="760" c="0"/>
</B>
<B id="244" t="type" f="7" l="763" c="0">
<BEGIN l="763" c="0"/>
<END l="894" c="0"/>
</B>
<B id="245" t="ppcif" f="7" l="17" c="0">
<BEGIN l="17" c="19"/>
<END l="1321" c="0"/>
</B>
<B id="246" t="type" f="6" l="42" c="0">
<BEGIN l="42" c="0"/>
<END l="51" c="0"/>
</B>
<B id="247" t="type" f="6" l="61" c="0">
<BEGIN l="61" c="0"/>
<END l="64" c="0"/>
</B>
<B id="248" t="type" f="6" l="66" c="0">
<BEGIN l="66" c="0"/>
<END l="69" c="0"/>
</B>
<B id="249" t="type" f="6" l="71" c="0">
<BEGIN l="71" c="0"/>
<END l="74" c="0"/>
</B>
<B id="250" t="type" f="6" l="76" c="0">
<BEGIN l="76" c="0"/>
<END l="79" c="0"/>
</B>
<B id="251" t="type" f="6" l="81" c="0">
<BEGIN l="81" c="0"/>
<END l="85" c="0"/>
</B>
<B id="252" t="type" f="6" l="87" c="0">
<BEGIN l="87" c="0"/>
<END l="89" c="0"/>
</B>
<B id="253" t="type" f="6" l="91" c="0">
<BEGIN l="91" c="0"/>
<END l="93" c="0"/>
</B>
<B id="254" t="type" f="6" l="95" c="0">
<BEGIN l="95" c="0"/>
<END l="98" c="0"/>
</B>
<B id="255" t="type" f="6" l="100" c="0">
<BEGIN l="100" c="0"/>
<END l="103" c="0"/>
</B>
<B id="256" t="type" f="6" l="105" c="0">
<BEGIN l="105" c="0"/>
<END l="113" c="0"/>
</B>
<B id="257" t="type" f="6" l="115" c="0">
<BEGIN l="115" c="0"/>
<END l="120" c="0"/>
</B>
<B id="258" t="type" f="6" l="123" c="0">
<BEGIN l="123" c="0"/>
<END l="126" c="0"/>
</B>
<B id="259" t="type" f="6" l="128" c="0">
<BEGIN l="128" c="0"/>
<END l="131" c="0"/>
</B>
<B id="260" t="type" f="6" l="133" c="0">
<BEGIN l="133" c="0"/>
<END l="136" c="0"/>
</B>
<B id="261" t="type" f="6" l="138" c="0">
<BEGIN l="138" c="0"/>
<END l="141" c="0"/>
</B>
<B id="262" t="type" f="6" l="143" c="0">
<BEGIN l="143" c="0"/>
<END l="146" c="0"/>
</B>
<B id="263" t="type" f="6" l="148" c="0">
<BEGIN l="148" c="0"/>
<END l="151" c="0"/>
</B>
<B id="264" t="type" f="6" l="153" c="0">
<BEGIN l="153" c="0"/>
<END l="156" c="0"/>
</B>
<B id="265" t="type" f="6" l="158" c="0">
<BEGIN l="158" c="0"/>
<END l="161" c="0"/>
</B>
<B id="266" t="type" f="6" l="163" c="0">
<BEGIN l="163" c="0"/>
<END l="166" c="0"/>
</B>
<B id="267" t="type" f="6" l="168" c="0">
<BEGIN l="168" c="0"/>
<END l="171" c="0"/>
</B>
<B id="268" t="type" f="6" l="173" c="0">
<BEGIN l="173" c="0"/>
<END l="176" c="0"/>
</B>
<B id="269" t="ppcif" f="6" l="21" c="0">
<BEGIN l="21" c="20"/>
<END l="177" c="0"/>
</B>
<B id="270" t="ppcif" f="6" l="29" c="0">
<BEGIN l="29" c="31"/>
<END l="39" c="0"/>
</B>
</Blocks>
</Navig>
