<?xml version="1.0" encoding="UTF-8"?>
<!--EDRS Version 1.0-->
<global>
   <file name="C:\\Component\\AR100A_NxtrMath_Impl\\include\\NxtrMath.h" comment="">
      <function name="Abslt_f32_f32" comment="" line="223" main_generator_called="MAIN_GENERATOR" attributes="static">
         <scalar name="arg1" comment="" line="223" base_type="float32" attributes="static" complete_type="float32" init_mode="MAIN_GENERATOR" init_modes_allowed="10" init_range="min..max" global_assert="unsupported" assert_range="unsupported"/>
         <scalar name="return" comment="" line="223" base_type="float32" attributes="static" complete_type="float32" init_mode="disabled" init_range="disabled" global_assert="unsupported" assert_range="unsupported"/>
      </function>
      <function name="Blnd_f32" comment="" line="170" main_generator_called="MAIN_GENERATOR" attributes="static">
         <scalar name="arg1" comment="" line="170" base_type="float32" attributes="static" complete_type="float32" init_mode="MAIN_GENERATOR" init_modes_allowed="10" init_range="min..max" global_assert="unsupported" assert_range="unsupported"/>
         <scalar name="arg2" comment="" line="170" base_type="float32" attributes="static" complete_type="float32" init_mode="MAIN_GENERATOR" init_modes_allowed="10" init_range="min..max" global_assert="unsupported" assert_range="unsupported"/>
         <scalar name="arg3" comment="" line="170" base_type="float32" attributes="static" complete_type="float32" init_mode="MAIN_GENERATOR" init_modes_allowed="10" init_range="min..max" global_assert="unsupported" assert_range="unsupported"/>
         <scalar name="return" comment="" line="170" base_type="float32" attributes="static" complete_type="float32" init_mode="disabled" init_range="disabled" global_assert="unsupported" assert_range="unsupported"/>
      </function>
      <function name="Exp_f32" comment="" line="602" main_generator_called="MAIN_GENERATOR" attributes="static">
         <scalar name="arg1" comment="" line="602" base_type="float32" attributes="static" complete_type="float32" init_mode="MAIN_GENERATOR" init_modes_allowed="10" init_range="min..max" global_assert="unsupported" assert_range="unsupported"/>
         <scalar name="return" comment="" line="602" base_type="float32" attributes="static" complete_type="float32" init_mode="disabled" init_range="disabled" global_assert="unsupported" assert_range="unsupported"/>
      </function>
      <function name="Lim_f32" comment="" line="550" main_generator_called="MAIN_GENERATOR" attributes="static">
         <scalar name="arg1" comment="" line="550" base_type="float32" attributes="static" complete_type="float32" init_mode="MAIN_GENERATOR" init_modes_allowed="10" init_range="min..max" global_assert="unsupported" assert_range="unsupported"/>
         <scalar name="arg2" comment="" line="550" base_type="float32" attributes="static" complete_type="float32" init_mode="MAIN_GENERATOR" init_modes_allowed="10" init_range="min..max" global_assert="unsupported" assert_range="unsupported"/>
         <scalar name="arg3" comment="" line="550" base_type="float32" attributes="static" complete_type="float32" init_mode="MAIN_GENERATOR" init_modes_allowed="10" init_range="min..max" global_assert="unsupported" assert_range="unsupported"/>
         <scalar name="return" comment="" line="550" base_type="float32" attributes="static" complete_type="float32" init_mode="disabled" init_range="disabled" global_assert="unsupported" assert_range="unsupported"/>
      </function>
      <function name="Max_f32" comment="" line="452" main_generator_called="MAIN_GENERATOR" attributes="static">
         <scalar name="arg1" comment="" line="452" base_type="float32" attributes="static" complete_type="float32" init_mode="MAIN_GENERATOR" init_modes_allowed="10" init_range="min..max" global_assert="unsupported" assert_range="unsupported"/>
         <scalar name="arg2" comment="" line="452" base_type="float32" attributes="static" complete_type="float32" init_mode="MAIN_GENERATOR" init_modes_allowed="10" init_range="min..max" global_assert="unsupported" assert_range="unsupported"/>
         <scalar name="return" comment="" line="452" base_type="float32" attributes="static" complete_type="float32" init_mode="disabled" init_range="disabled" global_assert="unsupported" assert_range="unsupported"/>
      </function>
      <function name="Sign_s08_f32" comment="" line="271" main_generator_called="MAIN_GENERATOR" attributes="static">
         <scalar name="arg1" comment="" line="271" base_type="float32" attributes="static" complete_type="float32" init_mode="MAIN_GENERATOR" init_modes_allowed="10" init_range="min..max" global_assert="unsupported" assert_range="unsupported"/>
         <scalar name="return" comment="" line="271" base_type="int8" attributes="static" complete_type="int8" init_mode="disabled" init_range="disabled" global_assert="unsupported" assert_range="unsupported"/>
      </function>
   </file>
   <file name="C:\\Component\\AR101A_NxtrIntrpn_Impl\\include\\NxtrIntrpn.h" comment="">
      <function name="BilnrIntrpnWithRound_u16_u16MplXu16MplY" comment="" line="141" main_generator_called="disabled" attributes="extern">
         <scalar name="arg1" comment="" line="141" base_type="uint16" complete_type="uint16" init_mode="disabled" init_range="disabled" global_assert="unsupported" assert_range="unsupported"/>
         <scalar name="arg2" comment="" line="141" base_type="uint16" complete_type="uint16" init_mode="disabled" init_range="disabled" global_assert="unsupported" assert_range="unsupported"/>
         <pointer name="arg3" comment="" line="141" complete_type="const uint16 *" init_mode="disabled" initialize_pointer="disabled" number_allocated="disabled" init_pointed="disabled">
            <scalar comment="" line="141" base_type="uint16" attributes="const" complete_type="uint16" init_mode="disabled" init_range="disabled" global_assert="unsupported" assert_range="unsupported"/>
         </pointer>
         <scalar name="arg4" comment="" line="141" base_type="uint16" complete_type="uint16" init_mode="disabled" init_range="disabled" global_assert="unsupported" assert_range="unsupported"/>
         <pointer name="arg5" comment="" line="141" complete_type="const uint16 *" init_mode="disabled" initialize_pointer="disabled" number_allocated="disabled" init_pointed="disabled">
            <scalar comment="" line="141" base_type="uint16" attributes="const" complete_type="uint16" init_mode="disabled" init_range="disabled" global_assert="unsupported" assert_range="unsupported"/>
         </pointer>
         <pointer name="arg6" comment="" line="141" complete_type="const uint16 *" init_mode="disabled" initialize_pointer="disabled" number_allocated="disabled" init_pointed="disabled">
            <scalar comment="" line="141" base_type="uint16" attributes="const" complete_type="uint16" init_mode="disabled" init_range="disabled" global_assert="unsupported" assert_range="unsupported"/>
         </pointer>
         <scalar name="arg7" comment="" line="141" base_type="uint16" complete_type="uint16" init_mode="disabled" init_range="disabled" global_assert="unsupported" assert_range="unsupported"/>
         <scalar name="return" comment="" line="141" base_type="uint16" complete_type="uint16" init_mode="PERMANENT" init_modes_allowed="4" init_range="min..max" global_assert="unsupported" assert_range="unsupported"/>
      </function>
      <function name="LnrIntrpn_u16_s16VariXu16VariY" comment="" line="48" main_generator_called="disabled" attributes="extern">
         <pointer name="arg1" comment="" line="48" complete_type="const int16 *" init_mode="disabled" initialize_pointer="disabled" number_allocated="disabled" init_pointed="disabled">
            <scalar comment="" line="48" base_type="int16" attributes="const" complete_type="int16" init_mode="disabled" init_range="disabled" global_assert="unsupported" assert_range="unsupported"/>
         </pointer>
         <pointer name="arg2" comment="" line="48" complete_type="const uint16 *" init_mode="disabled" initialize_pointer="disabled" number_allocated="disabled" init_pointed="disabled">
            <scalar comment="" line="48" base_type="uint16" attributes="const" complete_type="uint16" init_mode="disabled" init_range="disabled" global_assert="unsupported" assert_range="unsupported"/>
         </pointer>
         <scalar name="arg3" comment="" line="48" base_type="uint16" complete_type="uint16" init_mode="disabled" init_range="disabled" global_assert="unsupported" assert_range="unsupported"/>
         <scalar name="arg4" comment="" line="48" base_type="int16" complete_type="int16" init_mode="disabled" init_range="disabled" global_assert="unsupported" assert_range="unsupported"/>
         <scalar name="return" comment="" line="48" base_type="uint16" complete_type="uint16" init_mode="PERMANENT" init_modes_allowed="4" init_range="min..max" global_assert="unsupported" assert_range="unsupported"/>
      </function>
      <function name="LnrIntrpn_u16_u16VariXu16VariY" comment="" line="43" main_generator_called="disabled" attributes="extern">
         <pointer name="arg1" comment="" line="43" complete_type="const uint16 *" init_mode="disabled" initialize_pointer="disabled" number_allocated="disabled" init_pointed="disabled">
            <scalar comment="" line="43" base_type="uint16" attributes="const" complete_type="uint16" init_mode="disabled" init_range="disabled" global_assert="unsupported" assert_range="unsupported"/>
         </pointer>
         <pointer name="arg2" comment="" line="43" complete_type="const uint16 *" init_mode="disabled" initialize_pointer="disabled" number_allocated="disabled" init_pointed="disabled">
            <scalar comment="" line="43" base_type="uint16" attributes="const" complete_type="uint16" init_mode="disabled" init_range="disabled" global_assert="unsupported" assert_range="unsupported"/>
         </pointer>
         <scalar name="arg3" comment="" line="43" base_type="uint16" complete_type="uint16" init_mode="disabled" init_range="disabled" global_assert="unsupported" assert_range="unsupported"/>
         <scalar name="arg4" comment="" line="43" base_type="uint16" complete_type="uint16" init_mode="disabled" init_range="disabled" global_assert="unsupported" assert_range="unsupported"/>
         <scalar name="return" comment="" line="43" base_type="uint16" complete_type="uint16" init_mode="PERMANENT" init_modes_allowed="4" init_range="min..max" global_assert="unsupported" assert_range="unsupported"/>
      </function>
   </file>
   <file name="C:\\Component\\AR103A_NxtrFixdPt_Impl\\include\\NxtrFixdPt.h" comment="">
      <function name="FixdToFloat_f32_u16" comment="" line="331" main_generator_called="MAIN_GENERATOR" attributes="static">
         <scalar name="arg1" comment="" line="331" base_type="uint16" attributes="static" complete_type="uint16" init_mode="MAIN_GENERATOR" init_modes_allowed="10" init_range="min..max" global_assert="unsupported" assert_range="unsupported"/>
         <scalar name="arg2" comment="" line="331" base_type="float32" attributes="static" complete_type="float32" init_mode="MAIN_GENERATOR" init_modes_allowed="10" init_range="min..max" global_assert="unsupported" assert_range="unsupported"/>
         <scalar name="return" comment="" line="331" base_type="float32" attributes="static" complete_type="float32" init_mode="disabled" init_range="disabled" global_assert="unsupported" assert_range="unsupported"/>
      </function>
      <function name="FloatToFixd_s16_f32" comment="" line="247" main_generator_called="MAIN_GENERATOR" attributes="static">
         <scalar name="arg1" comment="" line="247" base_type="float32" attributes="static" complete_type="float32" init_mode="MAIN_GENERATOR" init_modes_allowed="10" init_range="min..max" global_assert="unsupported" assert_range="unsupported"/>
         <scalar name="arg2" comment="" line="247" base_type="float32" attributes="static" complete_type="float32" init_mode="MAIN_GENERATOR" init_modes_allowed="10" init_range="min..max" global_assert="unsupported" assert_range="unsupported"/>
         <scalar name="return" comment="" line="247" base_type="int16" attributes="static" complete_type="int16" init_mode="disabled" init_range="disabled" global_assert="unsupported" assert_range="unsupported"/>
      </function>
      <function name="FloatToFixd_u16_f32" comment="" line="275" main_generator_called="MAIN_GENERATOR" attributes="static">
         <scalar name="arg1" comment="" line="275" base_type="float32" attributes="static" complete_type="float32" init_mode="MAIN_GENERATOR" init_modes_allowed="10" init_range="min..max" global_assert="unsupported" assert_range="unsupported"/>
         <scalar name="arg2" comment="" line="275" base_type="float32" attributes="static" complete_type="float32" init_mode="MAIN_GENERATOR" init_modes_allowed="10" init_range="min..max" global_assert="unsupported" assert_range="unsupported"/>
         <scalar name="return" comment="" line="275" base_type="uint16" attributes="static" complete_type="uint16" init_mode="disabled" init_range="disabled" global_assert="unsupported" assert_range="unsupported"/>
      </function>
   </file>
   <file name="C:\\Component\\AR104A_NxtrFil_Impl\\include\\NxtrFil.h" comment="">
      <function name="FilLpInit" comment="" line="125" main_generator_called="MAIN_GENERATOR" attributes="static">
         <scalar name="arg1" comment="" line="125" base_type="float32" attributes="static" complete_type="float32" init_mode="MAIN_GENERATOR" init_modes_allowed="10" init_range="min..max" global_assert="unsupported" assert_range="unsupported"/>
         <scalar name="arg2" comment="" line="125" base_type="float32" attributes="static" complete_type="float32" init_mode="MAIN_GENERATOR" init_modes_allowed="10" init_range="min..max" global_assert="unsupported" assert_range="unsupported"/>
         <scalar name="arg3" comment="" line="125" base_type="float32" attributes="static" complete_type="float32" init_mode="MAIN_GENERATOR" init_modes_allowed="10" init_range="min..max" global_assert="unsupported" assert_range="unsupported"/>
         <pointer name="arg4" comment="" line="125" attributes="static" complete_type="struct  *" init_mode="MAIN_GENERATOR" init_modes_allowed="10" initialize_pointer="May-be NULL" number_allocated="max" init_pointed="MAIN_GENERATOR">
            <struct comment="" line="125" attributes="static">
               <scalar name="FilGain" comment="" line="125" base_type="float32" attributes="static" complete_type="float32" init_mode="MAIN_GENERATOR" init_modes_allowed="10" init_range="min..max" global_assert="unsupported" assert_range="unsupported"/>
               <scalar name="FilSt" comment="" line="125" base_type="float32" attributes="static" complete_type="float32" init_mode="MAIN_GENERATOR" init_modes_allowed="10" init_range="min..max" global_assert="unsupported" assert_range="unsupported"/>
            </struct>
         </pointer>
      </function>
      <function name="FilLpUpdGain" comment="" line="82" main_generator_called="MAIN_GENERATOR" attributes="static">
         <scalar name="arg1" comment="" line="82" base_type="float32" attributes="static" complete_type="float32" init_mode="MAIN_GENERATOR" init_modes_allowed="10" init_range="min..max" global_assert="unsupported" assert_range="unsupported"/>
         <scalar name="arg2" comment="" line="82" base_type="float32" attributes="static" complete_type="float32" init_mode="MAIN_GENERATOR" init_modes_allowed="10" init_range="min..max" global_assert="unsupported" assert_range="unsupported"/>
         <pointer name="arg3" comment="" line="82" attributes="static" complete_type="struct  *" init_mode="MAIN_GENERATOR" init_modes_allowed="10" initialize_pointer="May-be NULL" number_allocated="max" init_pointed="MAIN_GENERATOR">
            <struct comment="" line="82" attributes="static">
               <scalar name="FilGain" comment="" line="82" base_type="float32" attributes="static" complete_type="float32" init_mode="MAIN_GENERATOR" init_modes_allowed="10" init_range="min..max" global_assert="unsupported" assert_range="unsupported"/>
               <scalar name="FilSt" comment="" line="82" base_type="float32" attributes="static" complete_type="float32" init_mode="MAIN_GENERATOR" init_modes_allowed="10" init_range="min..max" global_assert="unsupported" assert_range="unsupported"/>
            </struct>
         </pointer>
      </function>
      <function name="FilLpUpdOutp_f32" comment="" line="103" main_generator_called="MAIN_GENERATOR" attributes="static">
         <scalar name="arg1" comment="" line="103" base_type="float32" attributes="static" complete_type="float32" init_mode="MAIN_GENERATOR" init_modes_allowed="10" init_range="min..max" global_assert="unsupported" assert_range="unsupported"/>
         <pointer name="arg2" comment="" line="103" attributes="static" complete_type="struct  *" init_mode="MAIN_GENERATOR" init_modes_allowed="10" initialize_pointer="May-be NULL" number_allocated="max" init_pointed="MAIN_GENERATOR">
            <struct comment="" line="103" attributes="static">
               <scalar name="FilGain" comment="" line="103" base_type="float32" attributes="static" complete_type="float32" init_mode="MAIN_GENERATOR" init_modes_allowed="10" init_range="min..max" global_assert="unsupported" assert_range="unsupported"/>
               <scalar name="FilSt" comment="" line="103" base_type="float32" attributes="static" complete_type="float32" init_mode="MAIN_GENERATOR" init_modes_allowed="10" init_range="min..max" global_assert="unsupported" assert_range="unsupported"/>
            </struct>
         </pointer>
         <scalar name="return" comment="" line="103" base_type="float32" attributes="static" complete_type="float32" init_mode="disabled" init_range="disabled" global_assert="unsupported" assert_range="unsupported"/>
      </function>
   </file>
   <file name="C:\\Component\\SF012A_HysCmp_Impl\\src\\HysCmp.c" comment="">
      <function name="CalcAvlCmp" comment="" line="524" main_generator_called="MAIN_GENERATOR" attributes="static">
         <scalar name="arg1" comment="" line="524" base_type="float32" attributes="static" complete_type="float32" init_mode="MAIN_GENERATOR" init_modes_allowed="10" init_range="min..max" global_assert="unsupported" assert_range="unsupported"/>
         <scalar name="arg2" comment="" line="524" base_type="float32" attributes="static" complete_type="float32" init_mode="MAIN_GENERATOR" init_modes_allowed="10" init_range="min..max" global_assert="unsupported" assert_range="unsupported"/>
         <scalar name="return" comment="" line="524" base_type="float32" attributes="static" complete_type="float32" init_mode="disabled" init_range="disabled" global_assert="unsupported" assert_range="unsupported"/>
      </function>
      <function name="HysCmpInit1" comment="" line="248" main_generator_called="MAIN_GENERATOR" attributes="unused"/>
      <function name="HysCmpPer1" comment="" line="305" main_generator_called="MAIN_GENERATOR" attributes="unused"/>
      <function name="LessCmp" comment="" line="465" main_generator_called="MAIN_GENERATOR" attributes="static">
         <scalar name="arg1" comment="" line="465" base_type="float32" attributes="static" complete_type="float32" init_mode="MAIN_GENERATOR" init_modes_allowed="10" init_range="min..max" global_assert="unsupported" assert_range="unsupported"/>
         <pointer name="arg2" comment="" line="465" attributes="static const" complete_type="const float32 *" init_mode="MAIN_GENERATOR" init_modes_allowed="10" initialize_pointer="May-be NULL" number_allocated="max" init_pointed="MAIN_GENERATOR">
            <scalar comment="" line="465" base_type="float32" attributes="static const" complete_type="float32" init_mode="MAIN_GENERATOR" init_modes_allowed="10" init_range="min..max" global_assert="unsupported" assert_range="unsupported"/>
         </pointer>
         <pointer name="arg3" comment="" line="465" attributes="static const" complete_type="float32 *" init_mode="MAIN_GENERATOR" init_modes_allowed="10" initialize_pointer="May-be NULL" number_allocated="max" init_pointed="MAIN_GENERATOR">
            <scalar comment="" line="465" base_type="float32" attributes="static" complete_type="float32" init_mode="MAIN_GENERATOR" init_modes_allowed="10" init_range="min..max" global_assert="unsupported" assert_range="unsupported"/>
         </pointer>
         <scalar name="return" comment="" line="465" base_type="float32" attributes="static" complete_type="float32" init_mode="disabled" init_range="disabled" global_assert="unsupported" assert_range="unsupported"/>
      </function>
      <function name="MoreCmp" comment="" line="432" main_generator_called="MAIN_GENERATOR" attributes="static">
         <scalar name="arg1" comment="" line="432" base_type="float32" attributes="static" complete_type="float32" init_mode="MAIN_GENERATOR" init_modes_allowed="10" init_range="min..max" global_assert="unsupported" assert_range="unsupported"/>
         <pointer name="arg2" comment="" line="432" attributes="static const" complete_type="const float32 *" init_mode="MAIN_GENERATOR" init_modes_allowed="10" initialize_pointer="May-be NULL" number_allocated="max" init_pointed="MAIN_GENERATOR">
            <scalar comment="" line="432" base_type="float32" attributes="static const" complete_type="float32" init_mode="MAIN_GENERATOR" init_modes_allowed="10" init_range="min..max" global_assert="unsupported" assert_range="unsupported"/>
         </pointer>
         <pointer name="arg3" comment="" line="432" attributes="static const" complete_type="float32 *" init_mode="MAIN_GENERATOR" init_modes_allowed="10" initialize_pointer="May-be NULL" number_allocated="max" init_pointed="MAIN_GENERATOR">
            <scalar comment="" line="432" base_type="float32" attributes="static" complete_type="float32" init_mode="MAIN_GENERATOR" init_modes_allowed="10" init_range="min..max" global_assert="unsupported" assert_range="unsupported"/>
         </pointer>
         <scalar name="return" comment="" line="432" base_type="float32" attributes="static" complete_type="float32" init_mode="disabled" init_range="disabled" global_assert="unsupported" assert_range="unsupported"/>
      </function>
   </file>
   <file name="C:\\Component\\SF012A_HysCmp_Impl\\tools\\contract\\Rte_HysCmp.h" comment="">
      <pointer name="Rte_Inst_HysCmp" comment="" line="73" attributes="extern const" complete_type="const struct Rte_CDS_HysCmp *" init_mode="INIT" init_modes_allowed="2" initialize_pointer="May-be NULL" number_allocated="max" init_pointed="MULTI">
         <struct comment="" line="73" complete_type="struct Rte_CDS_HysCmp" attributes="extern const">
            <pointer name="Pim_AssiCmdLpFil" comment="" line="73" attributes="extern const" complete_type="struct  *" init_mode="INIT" init_modes_allowed="2" initialize_pointer="May-be NULL" number_allocated="max" init_pointed="MULTI">
               <struct comment="" line="73" attributes="extern">
                  <scalar name="FilGain" comment="" line="73" base_type="float32" attributes="extern" complete_type="float32" init_mode="INIT" init_modes_allowed="2" init_range="min..max" global_assert="unsupported" assert_range="unsupported"/>
                  <scalar name="FilSt" comment="" line="73" base_type="float32" attributes="extern" complete_type="float32" init_mode="INIT" init_modes_allowed="2" init_range="min..max" global_assert="unsupported" assert_range="unsupported"/>
               </struct>
            </pointer>
            <pointer name="Pim_FinalOutpLpFil" comment="" line="73" attributes="extern const" complete_type="struct  *" init_mode="INIT" init_modes_allowed="2" initialize_pointer="May-be NULL" number_allocated="max" init_pointed="MULTI">
               <struct comment="" line="73" attributes="extern">
                  <scalar name="FilGain" comment="" line="73" base_type="float32" attributes="extern" complete_type="float32" init_mode="INIT" init_modes_allowed="2" init_range="min..max" global_assert="unsupported" assert_range="unsupported"/>
                  <scalar name="FilSt" comment="" line="73" base_type="float32" attributes="extern" complete_type="float32" init_mode="INIT" init_modes_allowed="2" init_range="min..max" global_assert="unsupported" assert_range="unsupported"/>
               </struct>
            </pointer>
            <pointer name="Pim_HwTqLpFil" comment="" line="73" attributes="extern const" complete_type="struct  *" init_mode="INIT" init_modes_allowed="2" initialize_pointer="May-be NULL" number_allocated="max" init_pointed="MULTI">
               <struct comment="" line="73" attributes="extern">
                  <scalar name="FilGain" comment="" line="73" base_type="float32" attributes="extern" complete_type="float32" init_mode="INIT" init_modes_allowed="2" init_range="min..max" global_assert="unsupported" assert_range="unsupported"/>
                  <scalar name="FilSt" comment="" line="73" base_type="float32" attributes="extern" complete_type="float32" init_mode="INIT" init_modes_allowed="2" init_range="min..max" global_assert="unsupported" assert_range="unsupported"/>
               </struct>
            </pointer>
            <pointer name="Pim_PrevAssiCmdFildVal" comment="" line="73" attributes="extern const" complete_type="float32 *" init_mode="INIT" init_modes_allowed="2" initialize_pointer="May-be NULL" number_allocated="max" init_pointed="MULTI">
               <scalar comment="" line="73" base_type="float32" attributes="extern" complete_type="float32" init_mode="INIT" init_modes_allowed="2" init_range="min..max" global_assert="unsupported" assert_range="unsupported"/>
            </pointer>
            <pointer name="Pim_PrevHwTqFildVal" comment="" line="73" attributes="extern const" complete_type="float32 *" init_mode="INIT" init_modes_allowed="2" initialize_pointer="May-be NULL" number_allocated="max" init_pointed="MULTI">
               <scalar comment="" line="73" base_type="float32" attributes="extern" complete_type="float32" init_mode="INIT" init_modes_allowed="2" init_range="min..max" global_assert="unsupported" assert_range="unsupported"/>
            </pointer>
            <pointer name="Pim_PrevRiseX" comment="" line="73" attributes="extern const" complete_type="float32 *" init_mode="INIT" init_modes_allowed="2" initialize_pointer="May-be NULL" number_allocated="max" init_pointed="MULTI">
               <scalar comment="" line="73" base_type="float32" attributes="extern" complete_type="float32" init_mode="INIT" init_modes_allowed="2" init_range="min..max" global_assert="unsupported" assert_range="unsupported"/>
            </pointer>
            <pointer name="Pim_PrevRiseY" comment="" line="73" attributes="extern const" complete_type="float32 *" init_mode="INIT" init_modes_allowed="2" initialize_pointer="May-be NULL" number_allocated="max" init_pointed="MULTI">
               <scalar comment="" line="73" base_type="float32" attributes="extern" complete_type="float32" init_mode="INIT" init_modes_allowed="2" init_range="min..max" global_assert="unsupported" assert_range="unsupported"/>
            </pointer>
            <pointer name="Pim_dHysCmpAssiCmdFild" comment="" line="73" attributes="extern const" complete_type="float32 *" init_mode="INIT" init_modes_allowed="2" initialize_pointer="May-be NULL" number_allocated="max" init_pointed="MULTI">
               <scalar comment="" line="73" base_type="float32" attributes="extern" complete_type="float32" init_mode="INIT" init_modes_allowed="2" init_range="min..max" global_assert="unsupported" assert_range="unsupported"/>
            </pointer>
            <pointer name="Pim_dHysCmpAvl" comment="" line="73" attributes="extern const" complete_type="float32 *" init_mode="INIT" init_modes_allowed="2" initialize_pointer="May-be NULL" number_allocated="max" init_pointed="MULTI">
               <scalar comment="" line="73" base_type="float32" attributes="extern" complete_type="float32" init_mode="INIT" init_modes_allowed="2" init_range="min..max" global_assert="unsupported" assert_range="unsupported"/>
            </pointer>
            <pointer name="Pim_dHysCmpEffCmpTq" comment="" line="73" attributes="extern const" complete_type="float32 *" init_mode="INIT" init_modes_allowed="2" initialize_pointer="May-be NULL" number_allocated="max" init_pointed="MULTI">
               <scalar comment="" line="73" base_type="float32" attributes="extern" complete_type="float32" init_mode="INIT" init_modes_allowed="2" init_range="min..max" global_assert="unsupported" assert_range="unsupported"/>
            </pointer>
            <pointer name="Pim_dHysCmpFric" comment="" line="73" attributes="extern const" complete_type="float32 *" init_mode="INIT" init_modes_allowed="2" initialize_pointer="May-be NULL" number_allocated="max" init_pointed="MULTI">
               <scalar comment="" line="73" base_type="float32" attributes="extern" complete_type="float32" init_mode="INIT" init_modes_allowed="2" init_range="min..max" global_assert="unsupported" assert_range="unsupported"/>
            </pointer>
            <pointer name="Pim_dHysCmpHwTqFild" comment="" line="73" attributes="extern const" complete_type="float32 *" init_mode="INIT" init_modes_allowed="2" initialize_pointer="May-be NULL" number_allocated="max" init_pointed="MULTI">
               <scalar comment="" line="73" base_type="float32" attributes="extern" complete_type="float32" init_mode="INIT" init_modes_allowed="2" init_range="min..max" global_assert="unsupported" assert_range="unsupported"/>
            </pointer>
            <pointer name="Pim_dHysCmpNegAvl" comment="" line="73" attributes="extern const" complete_type="float32 *" init_mode="INIT" init_modes_allowed="2" initialize_pointer="May-be NULL" number_allocated="max" init_pointed="MULTI">
               <scalar comment="" line="73" base_type="float32" attributes="extern" complete_type="float32" init_mode="INIT" init_modes_allowed="2" init_range="min..max" global_assert="unsupported" assert_range="unsupported"/>
            </pointer>
            <pointer name="Pim_dHysCmpPosAvl" comment="" line="73" attributes="extern const" complete_type="float32 *" init_mode="INIT" init_modes_allowed="2" initialize_pointer="May-be NULL" number_allocated="max" init_pointed="MULTI">
               <scalar comment="" line="73" base_type="float32" attributes="extern" complete_type="float32" init_mode="INIT" init_modes_allowed="2" init_range="min..max" global_assert="unsupported" assert_range="unsupported"/>
            </pointer>
            <pointer name="Pim_dHysCmpRawVal" comment="" line="73" attributes="extern const" complete_type="float32 *" init_mode="INIT" init_modes_allowed="2" initialize_pointer="May-be NULL" number_allocated="max" init_pointed="MULTI">
               <scalar comment="" line="73" base_type="float32" attributes="extern" complete_type="float32" init_mode="INIT" init_modes_allowed="2" init_range="min..max" global_assert="unsupported" assert_range="unsupported"/>
            </pointer>
            <pointer name="Pim_dHysCmpRiseYFac" comment="" line="73" attributes="extern const" complete_type="float32 *" init_mode="INIT" init_modes_allowed="2" initialize_pointer="May-be NULL" number_allocated="max" init_pointed="MULTI">
               <scalar comment="" line="73" base_type="float32" attributes="extern" complete_type="float32" init_mode="INIT" init_modes_allowed="2" init_range="min..max" global_assert="unsupported" assert_range="unsupported"/>
            </pointer>
         </struct>
      </pointer>
      <function name="Rte_Prm_HysCmp_HysCmpAssiCmdLpFilFrq_Val" comment="" line="110" main_generator_called="disabled" attributes="extern">
         <scalar name="return" comment="" line="110" base_type="float32" complete_type="float32" init_mode="PERMANENT" init_modes_allowed="4" init_range="min..max" global_assert="unsupported" assert_range="unsupported"/>
      </function>
      <function name="Rte_Prm_HysCmp_HysCmpAssiInpLim_Val" comment="" line="116" main_generator_called="disabled" attributes="extern">
         <scalar name="return" comment="" line="116" base_type="uint16" complete_type="uint16" init_mode="PERMANENT" init_modes_allowed="4" init_range="min..max" global_assert="unsupported" assert_range="unsupported"/>
      </function>
      <function name="Rte_Prm_HysCmp_HysCmpEffLossY_Ary1D" comment="" line="118" main_generator_called="disabled" attributes="extern">
         <pointer name="return" comment="" line="118" complete_type="const uint16 *" init_mode="PERMANENT" init_modes_allowed="4" initialize_pointer="May-be NULL" number_allocated="max" init_pointed="MULTI">
            <scalar comment="" line="118" base_type="uint16" attributes="const" complete_type="uint16" init_mode="PERMANENT" init_modes_allowed="4" init_range="min..max" global_assert="unsupported" assert_range="unsupported"/>
         </pointer>
      </function>
      <function name="Rte_Prm_HysCmp_HysCmpEffOffsY_Ary1D" comment="" line="123" main_generator_called="disabled" attributes="extern">
         <pointer name="return" comment="" line="123" complete_type="const uint16 *" init_mode="PERMANENT" init_modes_allowed="4" initialize_pointer="May-be NULL" number_allocated="max" init_pointed="MULTI">
            <scalar comment="" line="123" base_type="uint16" attributes="const" complete_type="uint16" init_mode="PERMANENT" init_modes_allowed="4" init_range="min..max" global_assert="unsupported" assert_range="unsupported"/>
         </pointer>
      </function>
      <function name="Rte_Prm_HysCmp_HysCmpFinalOutpLpFilFrq_Val" comment="" line="111" main_generator_called="disabled" attributes="extern">
         <scalar name="return" comment="" line="111" base_type="float32" complete_type="float32" init_mode="PERMANENT" init_modes_allowed="4" init_range="min..max" global_assert="unsupported" assert_range="unsupported"/>
      </function>
      <function name="Rte_Prm_HysCmp_HysCmpFricTScaX_Ary1D" comment="" line="128" main_generator_called="disabled" attributes="extern">
         <pointer name="return" comment="" line="128" complete_type="const int16 *" init_mode="PERMANENT" init_modes_allowed="4" initialize_pointer="May-be NULL" number_allocated="max" init_pointed="MULTI">
            <scalar comment="" line="128" base_type="int16" attributes="const" complete_type="int16" init_mode="PERMANENT" init_modes_allowed="4" init_range="min..max" global_assert="unsupported" assert_range="unsupported"/>
         </pointer>
      </function>
      <function name="Rte_Prm_HysCmp_HysCmpFricTScaY_Ary1D" comment="" line="133" main_generator_called="disabled" attributes="extern">
         <pointer name="return" comment="" line="133" complete_type="const uint16 *" init_mode="PERMANENT" init_modes_allowed="4" initialize_pointer="May-be NULL" number_allocated="max" init_pointed="MULTI">
            <scalar comment="" line="133" base_type="uint16" attributes="const" complete_type="uint16" init_mode="PERMANENT" init_modes_allowed="4" init_range="min..max" global_assert="unsupported" assert_range="unsupported"/>
         </pointer>
      </function>
      <function name="Rte_Prm_HysCmp_HysCmpFricWhlImbRejctnBlndX_Ary1D" comment="" line="138" main_generator_called="disabled" attributes="extern">
         <pointer name="return" comment="" line="138" complete_type="const uint16 *" init_mode="PERMANENT" init_modes_allowed="4" initialize_pointer="May-be NULL" number_allocated="max" init_pointed="MULTI">
            <scalar comment="" line="138" base_type="uint16" attributes="const" complete_type="uint16" init_mode="PERMANENT" init_modes_allowed="4" init_range="min..max" global_assert="unsupported" assert_range="unsupported"/>
         </pointer>
      </function>
      <function name="Rte_Prm_HysCmp_HysCmpFricWhlImbRejctnBlndY_Ary1D" comment="" line="143" main_generator_called="disabled" attributes="extern">
         <pointer name="return" comment="" line="143" complete_type="const uint16 *" init_mode="PERMANENT" init_modes_allowed="4" initialize_pointer="May-be NULL" number_allocated="max" init_pointed="MULTI">
            <scalar comment="" line="143" base_type="uint16" attributes="const" complete_type="uint16" init_mode="PERMANENT" init_modes_allowed="4" init_range="min..max" global_assert="unsupported" assert_range="unsupported"/>
         </pointer>
      </function>
      <function name="Rte_Prm_HysCmp_HysCmpFricWhlImbRejctnOffY_Ary1D" comment="" line="148" main_generator_called="disabled" attributes="extern">
         <pointer name="return" comment="" line="148" complete_type="const uint16 *" init_mode="PERMANENT" init_modes_allowed="4" initialize_pointer="May-be NULL" number_allocated="max" init_pointed="MULTI">
            <scalar comment="" line="148" base_type="uint16" attributes="const" complete_type="uint16" init_mode="PERMANENT" init_modes_allowed="4" init_range="min..max" global_assert="unsupported" assert_range="unsupported"/>
         </pointer>
      </function>
      <function name="Rte_Prm_HysCmp_HysCmpFricWhlImbRejctnOnY_Ary1D" comment="" line="153" main_generator_called="disabled" attributes="extern">
         <pointer name="return" comment="" line="153" complete_type="const uint16 *" init_mode="PERMANENT" init_modes_allowed="4" initialize_pointer="May-be NULL" number_allocated="max" init_pointed="MULTI">
            <scalar comment="" line="153" base_type="uint16" attributes="const" complete_type="uint16" init_mode="PERMANENT" init_modes_allowed="4" init_range="min..max" global_assert="unsupported" assert_range="unsupported"/>
         </pointer>
      </function>
      <function name="Rte_Prm_HysCmp_HysCmpHwTqLpFilFrq_Val" comment="" line="112" main_generator_called="disabled" attributes="extern">
         <scalar name="return" comment="" line="112" base_type="float32" complete_type="float32" init_mode="PERMANENT" init_modes_allowed="4" init_range="min..max" global_assert="unsupported" assert_range="unsupported"/>
      </function>
      <function name="Rte_Prm_HysCmp_HysCmpHwTqScaX_Ary2D" comment="" line="158" main_generator_called="disabled" attributes="extern">
         <pointer name="return" comment="" line="158" complete_type="const uint16 *" init_mode="PERMANENT" init_modes_allowed="4" initialize_pointer="May-be NULL" number_allocated="max" init_pointed="MULTI">
            <scalar comment="" line="158" base_type="uint16" attributes="const" complete_type="uint16" init_mode="PERMANENT" init_modes_allowed="4" init_range="min..max" global_assert="unsupported" assert_range="unsupported"/>
         </pointer>
      </function>
      <function name="Rte_Prm_HysCmp_HysCmpHwTqScaY_Ary2D" comment="" line="163" main_generator_called="disabled" attributes="extern">
         <pointer name="return" comment="" line="163" complete_type="const uint16 *" init_mode="PERMANENT" init_modes_allowed="4" initialize_pointer="May-be NULL" number_allocated="max" init_pointed="MULTI">
            <scalar comment="" line="163" base_type="uint16" attributes="const" complete_type="uint16" init_mode="PERMANENT" init_modes_allowed="4" init_range="min..max" global_assert="unsupported" assert_range="unsupported"/>
         </pointer>
      </function>
      <function name="Rte_Prm_HysCmp_HysCmpHysSatnY_Ary1D" comment="" line="168" main_generator_called="disabled" attributes="extern">
         <pointer name="return" comment="" line="168" complete_type="const uint16 *" init_mode="PERMANENT" init_modes_allowed="4" initialize_pointer="May-be NULL" number_allocated="max" init_pointed="MULTI">
            <scalar comment="" line="168" base_type="uint16" attributes="const" complete_type="uint16" init_mode="PERMANENT" init_modes_allowed="4" init_range="min..max" global_assert="unsupported" assert_range="unsupported"/>
         </pointer>
      </function>
      <function name="Rte_Prm_HysCmp_HysCmpNegHysCmpScaX_Ary1D" comment="" line="173" main_generator_called="disabled" attributes="extern">
         <pointer name="return" comment="" line="173" complete_type="const uint16 *" init_mode="PERMANENT" init_modes_allowed="4" initialize_pointer="May-be NULL" number_allocated="max" init_pointed="MULTI">
            <scalar comment="" line="173" base_type="uint16" attributes="const" complete_type="uint16" init_mode="PERMANENT" init_modes_allowed="4" init_range="min..max" global_assert="unsupported" assert_range="unsupported"/>
         </pointer>
      </function>
      <function name="Rte_Prm_HysCmp_HysCmpNegHysCmpScaY_Ary1D" comment="" line="178" main_generator_called="disabled" attributes="extern">
         <pointer name="return" comment="" line="178" complete_type="const uint16 *" init_mode="PERMANENT" init_modes_allowed="4" initialize_pointer="May-be NULL" number_allocated="max" init_pointed="MULTI">
            <scalar comment="" line="178" base_type="uint16" attributes="const" complete_type="uint16" init_mode="PERMANENT" init_modes_allowed="4" init_range="min..max" global_assert="unsupported" assert_range="unsupported"/>
         </pointer>
      </function>
      <function name="Rte_Prm_HysCmp_HysCmpNegHysCmpX_Ary1D" comment="" line="183" main_generator_called="disabled" attributes="extern">
         <pointer name="return" comment="" line="183" complete_type="const uint16 *" init_mode="PERMANENT" init_modes_allowed="4" initialize_pointer="May-be NULL" number_allocated="max" init_pointed="MULTI">
            <scalar comment="" line="183" base_type="uint16" attributes="const" complete_type="uint16" init_mode="PERMANENT" init_modes_allowed="4" init_range="min..max" global_assert="unsupported" assert_range="unsupported"/>
         </pointer>
      </function>
      <function name="Rte_Prm_HysCmp_HysCmpNegHysCmpY_Ary1D" comment="" line="188" main_generator_called="disabled" attributes="extern">
         <pointer name="return" comment="" line="188" complete_type="const uint16 *" init_mode="PERMANENT" init_modes_allowed="4" initialize_pointer="May-be NULL" number_allocated="max" init_pointed="MULTI">
            <scalar comment="" line="188" base_type="uint16" attributes="const" complete_type="uint16" init_mode="PERMANENT" init_modes_allowed="4" init_range="min..max" global_assert="unsupported" assert_range="unsupported"/>
         </pointer>
      </function>
      <function name="Rte_Prm_HysCmp_HysCmpOutpLim_Val" comment="" line="113" main_generator_called="disabled" attributes="extern">
         <scalar name="return" comment="" line="113" base_type="float32" complete_type="float32" init_mode="PERMANENT" init_modes_allowed="4" init_range="min..max" global_assert="unsupported" assert_range="unsupported"/>
      </function>
      <function name="Rte_Prm_HysCmp_HysCmpRevGain_Val" comment="" line="114" main_generator_called="disabled" attributes="extern">
         <scalar name="return" comment="" line="114" base_type="float32" complete_type="float32" init_mode="PERMANENT" init_modes_allowed="4" init_range="min..max" global_assert="unsupported" assert_range="unsupported"/>
      </function>
      <function name="Rte_Prm_HysCmp_HysCmpRiseX_Ary1D" comment="" line="193" main_generator_called="disabled" attributes="extern">
         <pointer name="return" comment="" line="193" complete_type="const uint16 *" init_mode="PERMANENT" init_modes_allowed="4" initialize_pointer="May-be NULL" number_allocated="max" init_pointed="MULTI">
            <scalar comment="" line="193" base_type="uint16" attributes="const" complete_type="uint16" init_mode="PERMANENT" init_modes_allowed="4" init_range="min..max" global_assert="unsupported" assert_range="unsupported"/>
         </pointer>
      </function>
      <function name="Rte_Prm_HysCmp_HysCmpRiseY_Ary1D" comment="" line="198" main_generator_called="disabled" attributes="extern">
         <pointer name="return" comment="" line="198" complete_type="const uint16 *" init_mode="PERMANENT" init_modes_allowed="4" initialize_pointer="May-be NULL" number_allocated="max" init_pointed="MULTI">
            <scalar comment="" line="198" base_type="uint16" attributes="const" complete_type="uint16" init_mode="PERMANENT" init_modes_allowed="4" init_range="min..max" global_assert="unsupported" assert_range="unsupported"/>
         </pointer>
      </function>
      <function name="Rte_Prm_HysCmp_SysGlbPrmSysTqRat_Val" comment="" line="115" main_generator_called="disabled" attributes="extern">
         <scalar name="return" comment="" line="115" base_type="float32" complete_type="float32" init_mode="PERMANENT" init_modes_allowed="4" init_range="min..max" global_assert="unsupported" assert_range="unsupported"/>
      </function>
      <function name="Rte_Prm_HysCmp_SysGlbPrmVehSpdBilnrSeln_Ary1D" comment="" line="203" main_generator_called="disabled" attributes="extern">
         <pointer name="return" comment="" line="203" complete_type="const uint16 *" init_mode="PERMANENT" init_modes_allowed="4" initialize_pointer="May-be NULL" number_allocated="max" init_pointed="MULTI">
            <scalar comment="" line="203" base_type="uint16" attributes="const" complete_type="uint16" init_mode="PERMANENT" init_modes_allowed="4" init_range="min..max" global_assert="unsupported" assert_range="unsupported"/>
         </pointer>
      </function>
      <function name="Rte_Read_HysCmp_AssiCmdBas_Val" comment="" line="101" main_generator_called="disabled" attributes="extern">
         <pointer name="arg1" comment="" line="101" complete_type="float32 *" init_mode="disabled" initialize_pointer="disabled" number_allocated="disabled" init_pointed="MULTI">
            <scalar comment="" line="101" base_type="float32" complete_type="float32" init_mode="PERMANENT" init_modes_allowed="4" init_range="min..max" global_assert="unsupported" assert_range="unsupported"/>
         </pointer>
         <scalar name="return" comment="" line="101" base_type="uint8" complete_type="uint8" init_mode="PERMANENT" init_modes_allowed="4" init_range="min..max" global_assert="unsupported" assert_range="unsupported"/>
      </function>
      <function name="Rte_Read_HysCmp_AssiMechT_Val" comment="" line="102" main_generator_called="disabled" attributes="extern">
         <pointer name="arg1" comment="" line="102" complete_type="float32 *" init_mode="disabled" initialize_pointer="disabled" number_allocated="disabled" init_pointed="MULTI">
            <scalar comment="" line="102" base_type="float32" complete_type="float32" init_mode="PERMANENT" init_modes_allowed="4" init_range="min..max" global_assert="unsupported" assert_range="unsupported"/>
         </pointer>
         <scalar name="return" comment="" line="102" base_type="uint8" complete_type="uint8" init_mode="PERMANENT" init_modes_allowed="4" init_range="min..max" global_assert="unsupported" assert_range="unsupported"/>
      </function>
      <function name="Rte_Read_HysCmp_HwTq_Val" comment="" line="103" main_generator_called="disabled" attributes="extern">
         <pointer name="arg1" comment="" line="103" complete_type="float32 *" init_mode="disabled" initialize_pointer="disabled" number_allocated="disabled" init_pointed="MULTI">
            <scalar comment="" line="103" base_type="float32" complete_type="float32" init_mode="PERMANENT" init_modes_allowed="4" init_range="min..max" global_assert="unsupported" assert_range="unsupported"/>
         </pointer>
         <scalar name="return" comment="" line="103" base_type="uint8" complete_type="uint8" init_mode="PERMANENT" init_modes_allowed="4" init_range="min..max" global_assert="unsupported" assert_range="unsupported"/>
      </function>
      <function name="Rte_Read_HysCmp_HysCmpCmdDi_Logl" comment="" line="104" main_generator_called="disabled" attributes="extern">
         <pointer name="arg1" comment="" line="104" complete_type="uint8 *" init_mode="disabled" initialize_pointer="disabled" number_allocated="disabled" init_pointed="MULTI">
            <scalar comment="" line="104" base_type="uint8" complete_type="uint8" init_mode="PERMANENT" init_modes_allowed="4" init_range="min..max" global_assert="unsupported" assert_range="unsupported"/>
         </pointer>
         <scalar name="return" comment="" line="104" base_type="uint8" complete_type="uint8" init_mode="PERMANENT" init_modes_allowed="4" init_range="min..max" global_assert="unsupported" assert_range="unsupported"/>
      </function>
      <function name="Rte_Read_HysCmp_SysFricOffs_Val" comment="" line="105" main_generator_called="disabled" attributes="extern">
         <pointer name="arg1" comment="" line="105" complete_type="float32 *" init_mode="disabled" initialize_pointer="disabled" number_allocated="disabled" init_pointed="MULTI">
            <scalar comment="" line="105" base_type="float32" complete_type="float32" init_mode="PERMANENT" init_modes_allowed="4" init_range="min..max" global_assert="unsupported" assert_range="unsupported"/>
         </pointer>
         <scalar name="return" comment="" line="105" base_type="uint8" complete_type="uint8" init_mode="PERMANENT" init_modes_allowed="4" init_range="min..max" global_assert="unsupported" assert_range="unsupported"/>
      </function>
      <function name="Rte_Read_HysCmp_VehSpd_Val" comment="" line="106" main_generator_called="disabled" attributes="extern">
         <pointer name="arg1" comment="" line="106" complete_type="float32 *" init_mode="disabled" initialize_pointer="disabled" number_allocated="disabled" init_pointed="MULTI">
            <scalar comment="" line="106" base_type="float32" complete_type="float32" init_mode="PERMANENT" init_modes_allowed="4" init_range="min..max" global_assert="unsupported" assert_range="unsupported"/>
         </pointer>
         <scalar name="return" comment="" line="106" base_type="uint8" complete_type="uint8" init_mode="PERMANENT" init_modes_allowed="4" init_range="min..max" global_assert="unsupported" assert_range="unsupported"/>
      </function>
      <function name="Rte_Read_HysCmp_WhlImbRejctnAmp_Val" comment="" line="107" main_generator_called="disabled" attributes="extern">
         <pointer name="arg1" comment="" line="107" complete_type="float32 *" init_mode="disabled" initialize_pointer="disabled" number_allocated="disabled" init_pointed="MULTI">
            <scalar comment="" line="107" base_type="float32" complete_type="float32" init_mode="PERMANENT" init_modes_allowed="4" init_range="min..max" global_assert="unsupported" assert_range="unsupported"/>
         </pointer>
         <scalar name="return" comment="" line="107" base_type="uint8" complete_type="uint8" init_mode="PERMANENT" init_modes_allowed="4" init_range="min..max" global_assert="unsupported" assert_range="unsupported"/>
      </function>
      <function name="Rte_Write_HysCmp_HysCmpCmd_Val" comment="" line="108" main_generator_called="disabled" attributes="extern">
         <scalar name="arg1" comment="" line="108" base_type="float32" complete_type="float32" init_mode="disabled" init_range="disabled" global_assert="unsupported" assert_range="unsupported"/>
         <scalar name="return" comment="" line="108" base_type="uint8" complete_type="uint8" init_mode="PERMANENT" init_modes_allowed="4" init_range="min..max" global_assert="unsupported" assert_range="unsupported"/>
      </function>
   </file>
   <file name="C:\\Component\\TL103A_CplrSuprt\\include\\2013.5.5\\ansi\\math.h" comment="">
      <function name="expf" comment="" line="731" main_generator_called="disabled" attributes="extern">
         <scalar name="arg1" comment="" line="731" base_type="float32" complete_type="float32" init_mode="disabled" init_range="disabled" global_assert="unsupported" assert_range="unsupported"/>
         <scalar name="return" comment="" line="731" base_type="float32" complete_type="float32" init_mode="PERMANENT" init_modes_allowed="4" init_range="min..max" global_assert="unsupported" assert_range="unsupported"/>
      </function>
      <function name="fabsf" comment="" line="742" main_generator_called="disabled" attributes="extern">
         <scalar name="arg1" comment="" line="742" base_type="float32" complete_type="float32" init_mode="disabled" init_range="disabled" global_assert="unsupported" assert_range="unsupported"/>
         <scalar name="return" comment="" line="742" base_type="float32" complete_type="float32" init_mode="PERMANENT" init_modes_allowed="4" init_range="min..max" global_assert="unsupported" assert_range="unsupported"/>
      </function>
   </file>
</global>
