<?xml version="1.0" encoding="UTF-8"?>

<MISRA-C-Report version="1.3">


<CodeStruct Name="" File="C:\component\SF003A_Dampg_Impl\src\Dampg.c" Line="0" Column="0">

<Rule Name="19.1" Mode="advisory" Report="warning" Id="1">
<Loc File="C:\component\SF003A_Dampg_Impl\src\Dampg.c" Line="251" Column="0">
</Loc>
<Message>
#include statements in a file shall only be preceded by other preprocessor directives or comments.
</Message>
</Rule>

<Rule Name="19.11" Mode="required" Report="warning" Id="2">
<Loc File="C:\component\SF003A_Dampg_Impl\src\Dampg.c" Line="393" Column="0">
</Loc>
<Message>
`FLTINJENA' is not defined.
</Message>
</Rule>

<Rule Name="19.1" Mode="advisory" Report="warning" Id="3">
<Loc File="C:\component\SF003A_Dampg_Impl\src\Dampg.c" Line="406" Column="0">
</Loc>
<Message>
#include statements in a file shall only be preceded by other preprocessor directives or comments.
</Message>
</Rule>

</CodeStruct>

<CodeStruct Name="DampgInit1" File="C:\component\SF003A_Dampg_Impl\src\Dampg.c" Line="263" Column="5">

<Rule Name="21.1" Mode="required" Report="warning" Id="76">
<Loc File="C:\component\SF003A_Dampg_Impl\src\Dampg.c" Line="269" Column="85">
</Loc>
<Message>
Minimisation of run-time failures.
</Message>
</Rule>

</CodeStruct>

<CodeStruct Name="DampgPer1" File="C:\component\SF003A_Dampg_Impl\src\Dampg.c" Line="318" Column="5">

<Rule Name="9.1" Mode="required" Report="warning" Id="4">
<Loc File="C:\component\SF003A_Dampg_Impl\src\Dampg.c" Line="352" Column="51">
</Loc>
<Message>
All automatic variables shall have been assigned a value before being used.
</Message>
</Rule>

<Rule Name="11.5" Mode="required" Report="warning" Id="5">
<Loc File="C:\component\SF003A_Dampg_Impl\src\Dampg.c" Line="353" Column="56">
</Loc>
<Message>
A cast shall not be performed that removes any const or volatile qualification
from the type addressed by a pointer.
</Message>
</Rule>

<Rule Name="11.5" Mode="required" Report="warning" Id="6">
<Loc File="C:\component\SF003A_Dampg_Impl\src\Dampg.c" Line="354" Column="56">
</Loc>
<Message>
A cast shall not be performed that removes any const or volatile qualification
from the type addressed by a pointer.
</Message>
</Rule>

<Rule Name="12.3" Mode="required" Report="warning" Id="7">
<Loc File="C:\component\SF003A_Dampg_Impl\src\Dampg.c" Line="355" Column="63">
</Loc>
<Message>
The sizeof operator should not be used on expressions that contain side effects.
</Message>
</Rule>

<Rule Name="11.5" Mode="required" Report="warning" Id="8">
<Loc File="C:\component\SF003A_Dampg_Impl\src\Dampg.c" Line="355" Column="72">
</Loc>
<Message>
A cast shall not be performed that removes any const or volatile qualification
from the type addressed by a pointer.
</Message>
</Rule>

<Rule Name="12.3" Mode="required" Report="warning" Id="9">
<Loc File="C:\component\SF003A_Dampg_Impl\src\Dampg.c" Line="355" Column="131">
</Loc>
<Message>
The sizeof operator should not be used on expressions that contain side effects.
</Message>
</Rule>

<Rule Name="11.5" Mode="required" Report="warning" Id="10">
<Loc File="C:\component\SF003A_Dampg_Impl\src\Dampg.c" Line="355" Column="141">
</Loc>
<Message>
A cast shall not be performed that removes any const or volatile qualification
from the type addressed by a pointer.
</Message>
</Rule>

<Rule Name="21.1" Mode="required" Report="warning" Id="11">
<Loc File="C:\component\SF003A_Dampg_Impl\src\Dampg.c" Line="358" Column="4">
</Loc>
<Message>
Minimisation of run-time failures.
</Message>
</Rule>

<Rule Name="21.1" Mode="required" Report="warning" Id="12">
<Loc File="C:\component\SF003A_Dampg_Impl\src\Dampg.c" Line="358" Column="20">
</Loc>
<Message>
Minimisation of run-time failures.
</Message>
</Rule>

<Rule Name="9.1" Mode="required" Report="warning" Id="13">
<Loc File="C:\component\SF003A_Dampg_Impl\src\Dampg.c" Line="361" Column="49">
</Loc>
<Message>
All automatic variables shall have been assigned a value before being used.
</Message>
</Rule>

<Rule Name="9.1" Mode="required" Report="warning" Id="14">
<Loc File="C:\component\SF003A_Dampg_Impl\src\Dampg.c" Line="362" Column="49">
</Loc>
<Message>
All automatic variables shall have been assigned a value before being used.
</Message>
</Rule>

<Rule Name="9.1" Mode="required" Report="warning" Id="15">
<Loc File="C:\component\SF003A_Dampg_Impl\src\Dampg.c" Line="364" Column="49">
</Loc>
<Message>
All automatic variables shall have been assigned a value before being used.
</Message>
</Rule>

<Rule Name="9.1" Mode="required" Report="warning" Id="16">
<Loc File="C:\component\SF003A_Dampg_Impl\src\Dampg.c" Line="370" Column="51">
</Loc>
<Message>
All automatic variables shall have been assigned a value before being used.
</Message>
</Rule>

<Rule Name="9.1" Mode="required" Report="warning" Id="17">
<Loc File="C:\component\SF003A_Dampg_Impl\src\Dampg.c" Line="374" Column="94">
</Loc>
<Message>
All automatic variables shall have been assigned a value before being used.
</Message>
</Rule>

<Rule Name="9.1" Mode="required" Report="warning" Id="18">
<Loc File="C:\component\SF003A_Dampg_Impl\src\Dampg.c" Line="377" Column="7">
</Loc>
<Message>
All automatic variables shall have been assigned a value before being used.
</Message>
</Rule>

<Rule Name="9.1" Mode="required" Report="warning" Id="19">
<Loc File="C:\component\SF003A_Dampg_Impl\src\Dampg.c" Line="385" Column="107">
</Loc>
<Message>
All automatic variables shall have been assigned a value before being used.
</Message>
</Rule>

</CodeStruct>

<CodeStruct Name="MotVelDampgCmd" File="C:\component\SF003A_Dampg_Impl\src\Dampg.c" Line="422" Column="15">

<Rule Name="21.1" Mode="required" Report="warning" Id="55">
<Loc File="C:\component\SF003A_Dampg_Impl\src\Dampg.c" Line="451" Column="35">
</Loc>
<Message>
Minimisation of run-time failures.
</Message>
</Rule>

<Rule Name="21.1" Mode="required" Report="warning" Id="56">
<Loc File="C:\component\SF003A_Dampg_Impl\src\Dampg.c" Line="471" Column="44">
</Loc>
<Message>
Minimisation of run-time failures.
</Message>
</Rule>

<Rule Name="21.1" Mode="required" Report="warning" Id="57">
<Loc File="C:\component\SF003A_Dampg_Impl\src\Dampg.c" Line="487" Column="4">
</Loc>
<Message>
Minimisation of run-time failures.
</Message>
</Rule>

<Rule Name="21.1" Mode="required" Report="warning" Id="58">
<Loc File="C:\component\SF003A_Dampg_Impl\src\Dampg.c" Line="488" Column="4">
</Loc>
<Message>
Minimisation of run-time failures.
</Message>
</Rule>

<Rule Name="11.5" Mode="required" Report="warning" Id="59">
<Loc File="C:\component\SF003A_Dampg_Impl\src\Dampg.c" Line="503" Column="59">
</Loc>
<Message>
A cast shall not be performed that removes any const or volatile qualification
from the type addressed by a pointer.
</Message>
</Rule>

<Rule Name="11.5" Mode="required" Report="warning" Id="60">
<Loc File="C:\component\SF003A_Dampg_Impl\src\Dampg.c" Line="504" Column="59">
</Loc>
<Message>
A cast shall not be performed that removes any const or volatile qualification
from the type addressed by a pointer.
</Message>
</Rule>

<Rule Name="12.3" Mode="required" Report="warning" Id="61">
<Loc File="C:\component\SF003A_Dampg_Impl\src\Dampg.c" Line="505" Column="66">
</Loc>
<Message>
The sizeof operator should not be used on expressions that contain side effects.
</Message>
</Rule>

<Rule Name="11.5" Mode="required" Report="warning" Id="62">
<Loc File="C:\component\SF003A_Dampg_Impl\src\Dampg.c" Line="505" Column="75">
</Loc>
<Message>
A cast shall not be performed that removes any const or volatile qualification
from the type addressed by a pointer.
</Message>
</Rule>

<Rule Name="12.3" Mode="required" Report="warning" Id="63">
<Loc File="C:\component\SF003A_Dampg_Impl\src\Dampg.c" Line="505" Column="133">
</Loc>
<Message>
The sizeof operator should not be used on expressions that contain side effects.
</Message>
</Rule>

<Rule Name="11.5" Mode="required" Report="warning" Id="64">
<Loc File="C:\component\SF003A_Dampg_Impl\src\Dampg.c" Line="505" Column="143">
</Loc>
<Message>
A cast shall not be performed that removes any const or volatile qualification
from the type addressed by a pointer.
</Message>
</Rule>

<Rule Name="21.1" Mode="required" Report="warning" Id="65">
<Loc File="C:\component\SF003A_Dampg_Impl\src\Dampg.c" Line="508" Column="4">
</Loc>
<Message>
Minimisation of run-time failures.
</Message>
</Rule>

<Rule Name="11.5" Mode="required" Report="warning" Id="66">
<Loc File="C:\component\SF003A_Dampg_Impl\src\Dampg.c" Line="517" Column="82">
</Loc>
<Message>
A cast shall not be performed that removes any const or volatile qualification
from the type addressed by a pointer.
</Message>
</Rule>

<Rule Name="12.3" Mode="required" Report="warning" Id="67">
<Loc File="C:\component\SF003A_Dampg_Impl\src\Dampg.c" Line="518" Column="89">
</Loc>
<Message>
The sizeof operator should not be used on expressions that contain side effects.
</Message>
</Rule>

<Rule Name="11.5" Mode="required" Report="warning" Id="68">
<Loc File="C:\component\SF003A_Dampg_Impl\src\Dampg.c" Line="518" Column="98">
</Loc>
<Message>
A cast shall not be performed that removes any const or volatile qualification
from the type addressed by a pointer.
</Message>
</Rule>

<Rule Name="12.3" Mode="required" Report="warning" Id="69">
<Loc File="C:\component\SF003A_Dampg_Impl\src\Dampg.c" Line="518" Column="171">
</Loc>
<Message>
The sizeof operator should not be used on expressions that contain side effects.
</Message>
</Rule>

<Rule Name="11.5" Mode="required" Report="warning" Id="70">
<Loc File="C:\component\SF003A_Dampg_Impl\src\Dampg.c" Line="518" Column="181">
</Loc>
<Message>
A cast shall not be performed that removes any const or volatile qualification
from the type addressed by a pointer.
</Message>
</Rule>

<Rule Name="12.3" Mode="required" Report="warning" Id="71">
<Loc File="C:\component\SF003A_Dampg_Impl\src\Dampg.c" Line="521" Column="89">
</Loc>
<Message>
The sizeof operator should not be used on expressions that contain side effects.
</Message>
</Rule>

<Rule Name="11.5" Mode="required" Report="warning" Id="72">
<Loc File="C:\component\SF003A_Dampg_Impl\src\Dampg.c" Line="521" Column="98">
</Loc>
<Message>
A cast shall not be performed that removes any const or volatile qualification
from the type addressed by a pointer.
</Message>
</Rule>

<Rule Name="12.3" Mode="required" Report="warning" Id="73">
<Loc File="C:\component\SF003A_Dampg_Impl\src\Dampg.c" Line="521" Column="166">
</Loc>
<Message>
The sizeof operator should not be used on expressions that contain side effects.
</Message>
</Rule>

<Rule Name="11.5" Mode="required" Report="warning" Id="74">
<Loc File="C:\component\SF003A_Dampg_Impl\src\Dampg.c" Line="521" Column="176">
</Loc>
<Message>
A cast shall not be performed that removes any const or volatile qualification
from the type addressed by a pointer.
</Message>
</Rule>

<Rule Name="21.1" Mode="required" Report="warning" Id="75">
<Loc File="C:\component\SF003A_Dampg_Impl\src\Dampg.c" Line="525" Column="4">
</Loc>
<Message>
Minimisation of run-time failures.
</Message>
</Rule>

</CodeStruct>

<CodeStruct Name="HydPwrSteerDampgCmd" File="C:\component\SF003A_Dampg_Impl\src\Dampg.c" Line="544" Column="15">

<Rule Name="11.5" Mode="required" Report="warning" Id="20">
<Loc File="C:\component\SF003A_Dampg_Impl\src\Dampg.c" Line="572" Column="63">
</Loc>
<Message>
A cast shall not be performed that removes any const or volatile qualification
from the type addressed by a pointer.
</Message>
</Rule>

<Rule Name="11.5" Mode="required" Report="warning" Id="21">
<Loc File="C:\component\SF003A_Dampg_Impl\src\Dampg.c" Line="573" Column="63">
</Loc>
<Message>
A cast shall not be performed that removes any const or volatile qualification
from the type addressed by a pointer.
</Message>
</Rule>

<Rule Name="12.3" Mode="required" Report="warning" Id="22">
<Loc File="C:\component\SF003A_Dampg_Impl\src\Dampg.c" Line="574" Column="70">
</Loc>
<Message>
The sizeof operator should not be used on expressions that contain side effects.
</Message>
</Rule>

<Rule Name="11.5" Mode="required" Report="warning" Id="23">
<Loc File="C:\component\SF003A_Dampg_Impl\src\Dampg.c" Line="574" Column="79">
</Loc>
<Message>
A cast shall not be performed that removes any const or volatile qualification
from the type addressed by a pointer.
</Message>
</Rule>

<Rule Name="12.3" Mode="required" Report="warning" Id="24">
<Loc File="C:\component\SF003A_Dampg_Impl\src\Dampg.c" Line="574" Column="152">
</Loc>
<Message>
The sizeof operator should not be used on expressions that contain side effects.
</Message>
</Rule>

<Rule Name="11.5" Mode="required" Report="warning" Id="25">
<Loc File="C:\component\SF003A_Dampg_Impl\src\Dampg.c" Line="574" Column="162">
</Loc>
<Message>
A cast shall not be performed that removes any const or volatile qualification
from the type addressed by a pointer.
</Message>
</Rule>

<Rule Name="21.1" Mode="required" Report="warning" Id="26">
<Loc File="C:\component\SF003A_Dampg_Impl\src\Dampg.c" Line="580" Column="4">
</Loc>
<Message>
Minimisation of run-time failures.
</Message>
</Rule>

<Rule Name="11.5" Mode="required" Report="warning" Id="27">
<Loc File="C:\component\SF003A_Dampg_Impl\src\Dampg.c" Line="584" Column="63">
</Loc>
<Message>
A cast shall not be performed that removes any const or volatile qualification
from the type addressed by a pointer.
</Message>
</Rule>

<Rule Name="11.5" Mode="required" Report="warning" Id="28">
<Loc File="C:\component\SF003A_Dampg_Impl\src\Dampg.c" Line="585" Column="63">
</Loc>
<Message>
A cast shall not be performed that removes any const or volatile qualification
from the type addressed by a pointer.
</Message>
</Rule>

<Rule Name="12.3" Mode="required" Report="warning" Id="29">
<Loc File="C:\component\SF003A_Dampg_Impl\src\Dampg.c" Line="586" Column="70">
</Loc>
<Message>
The sizeof operator should not be used on expressions that contain side effects.
</Message>
</Rule>

<Rule Name="11.5" Mode="required" Report="warning" Id="30">
<Loc File="C:\component\SF003A_Dampg_Impl\src\Dampg.c" Line="586" Column="79">
</Loc>
<Message>
A cast shall not be performed that removes any const or volatile qualification
from the type addressed by a pointer.
</Message>
</Rule>

<Rule Name="12.3" Mode="required" Report="warning" Id="31">
<Loc File="C:\component\SF003A_Dampg_Impl\src\Dampg.c" Line="586" Column="152">
</Loc>
<Message>
The sizeof operator should not be used on expressions that contain side effects.
</Message>
</Rule>

<Rule Name="11.5" Mode="required" Report="warning" Id="32">
<Loc File="C:\component\SF003A_Dampg_Impl\src\Dampg.c" Line="586" Column="162">
</Loc>
<Message>
A cast shall not be performed that removes any const or volatile qualification
from the type addressed by a pointer.
</Message>
</Rule>

<Rule Name="21.1" Mode="required" Report="warning" Id="33">
<Loc File="C:\component\SF003A_Dampg_Impl\src\Dampg.c" Line="592" Column="4">
</Loc>
<Message>
Minimisation of run-time failures.
</Message>
</Rule>

<Rule Name="11.5" Mode="required" Report="warning" Id="34">
<Loc File="C:\component\SF003A_Dampg_Impl\src\Dampg.c" Line="596" Column="63">
</Loc>
<Message>
A cast shall not be performed that removes any const or volatile qualification
from the type addressed by a pointer.
</Message>
</Rule>

<Rule Name="11.5" Mode="required" Report="warning" Id="35">
<Loc File="C:\component\SF003A_Dampg_Impl\src\Dampg.c" Line="597" Column="63">
</Loc>
<Message>
A cast shall not be performed that removes any const or volatile qualification
from the type addressed by a pointer.
</Message>
</Rule>

<Rule Name="12.3" Mode="required" Report="warning" Id="36">
<Loc File="C:\component\SF003A_Dampg_Impl\src\Dampg.c" Line="598" Column="70">
</Loc>
<Message>
The sizeof operator should not be used on expressions that contain side effects.
</Message>
</Rule>

<Rule Name="11.5" Mode="required" Report="warning" Id="37">
<Loc File="C:\component\SF003A_Dampg_Impl\src\Dampg.c" Line="598" Column="79">
</Loc>
<Message>
A cast shall not be performed that removes any const or volatile qualification
from the type addressed by a pointer.
</Message>
</Rule>

<Rule Name="12.3" Mode="required" Report="warning" Id="38">
<Loc File="C:\component\SF003A_Dampg_Impl\src\Dampg.c" Line="598" Column="152">
</Loc>
<Message>
The sizeof operator should not be used on expressions that contain side effects.
</Message>
</Rule>

<Rule Name="11.5" Mode="required" Report="warning" Id="39">
<Loc File="C:\component\SF003A_Dampg_Impl\src\Dampg.c" Line="598" Column="162">
</Loc>
<Message>
A cast shall not be performed that removes any const or volatile qualification
from the type addressed by a pointer.
</Message>
</Rule>

<Rule Name="21.1" Mode="required" Report="warning" Id="40">
<Loc File="C:\component\SF003A_Dampg_Impl\src\Dampg.c" Line="603" Column="4">
</Loc>
<Message>
Minimisation of run-time failures.
</Message>
</Rule>

<Rule Name="11.5" Mode="required" Report="warning" Id="41">
<Loc File="C:\component\SF003A_Dampg_Impl\src\Dampg.c" Line="607" Column="63">
</Loc>
<Message>
A cast shall not be performed that removes any const or volatile qualification
from the type addressed by a pointer.
</Message>
</Rule>

<Rule Name="11.5" Mode="required" Report="warning" Id="42">
<Loc File="C:\component\SF003A_Dampg_Impl\src\Dampg.c" Line="608" Column="63">
</Loc>
<Message>
A cast shall not be performed that removes any const or volatile qualification
from the type addressed by a pointer.
</Message>
</Rule>

<Rule Name="12.3" Mode="required" Report="warning" Id="43">
<Loc File="C:\component\SF003A_Dampg_Impl\src\Dampg.c" Line="609" Column="70">
</Loc>
<Message>
The sizeof operator should not be used on expressions that contain side effects.
</Message>
</Rule>

<Rule Name="11.5" Mode="required" Report="warning" Id="44">
<Loc File="C:\component\SF003A_Dampg_Impl\src\Dampg.c" Line="609" Column="79">
</Loc>
<Message>
A cast shall not be performed that removes any const or volatile qualification
from the type addressed by a pointer.
</Message>
</Rule>

<Rule Name="12.3" Mode="required" Report="warning" Id="45">
<Loc File="C:\component\SF003A_Dampg_Impl\src\Dampg.c" Line="609" Column="152">
</Loc>
<Message>
The sizeof operator should not be used on expressions that contain side effects.
</Message>
</Rule>

<Rule Name="11.5" Mode="required" Report="warning" Id="46">
<Loc File="C:\component\SF003A_Dampg_Impl\src\Dampg.c" Line="609" Column="162">
</Loc>
<Message>
A cast shall not be performed that removes any const or volatile qualification
from the type addressed by a pointer.
</Message>
</Rule>

<Rule Name="21.1" Mode="required" Report="warning" Id="47">
<Loc File="C:\component\SF003A_Dampg_Impl\src\Dampg.c" Line="614" Column="4">
</Loc>
<Message>
Minimisation of run-time failures.
</Message>
</Rule>

<Rule Name="11.5" Mode="required" Report="warning" Id="48">
<Loc File="C:\component\SF003A_Dampg_Impl\src\Dampg.c" Line="621" Column="68">
</Loc>
<Message>
A cast shall not be performed that removes any const or volatile qualification
from the type addressed by a pointer.
</Message>
</Rule>

<Rule Name="11.5" Mode="required" Report="warning" Id="49">
<Loc File="C:\component\SF003A_Dampg_Impl\src\Dampg.c" Line="622" Column="68">
</Loc>
<Message>
A cast shall not be performed that removes any const or volatile qualification
from the type addressed by a pointer.
</Message>
</Rule>

<Rule Name="12.3" Mode="required" Report="warning" Id="50">
<Loc File="C:\component\SF003A_Dampg_Impl\src\Dampg.c" Line="623" Column="75">
</Loc>
<Message>
The sizeof operator should not be used on expressions that contain side effects.
</Message>
</Rule>

<Rule Name="11.5" Mode="required" Report="warning" Id="51">
<Loc File="C:\component\SF003A_Dampg_Impl\src\Dampg.c" Line="623" Column="84">
</Loc>
<Message>
A cast shall not be performed that removes any const or volatile qualification
from the type addressed by a pointer.
</Message>
</Rule>

<Rule Name="12.3" Mode="required" Report="warning" Id="52">
<Loc File="C:\component\SF003A_Dampg_Impl\src\Dampg.c" Line="623" Column="157">
</Loc>
<Message>
The sizeof operator should not be used on expressions that contain side effects.
</Message>
</Rule>

<Rule Name="11.5" Mode="required" Report="warning" Id="53">
<Loc File="C:\component\SF003A_Dampg_Impl\src\Dampg.c" Line="623" Column="167">
</Loc>
<Message>
A cast shall not be performed that removes any const or volatile qualification
from the type addressed by a pointer.
</Message>
</Rule>

<Rule Name="21.1" Mode="required" Report="warning" Id="54">
<Loc File="C:\component\SF003A_Dampg_Impl\src\Dampg.c" Line="640" Column="40">
</Loc>
<Message>
Minimisation of run-time failures.
</Message>
</Rule>

</CodeStruct>

</MISRA-C-Report>
