<?xml version="1.0" encoding="UTF-8"?>

<MISRA-C-Report version="1.3">


<CodeStruct Name="" File="C:\Component\CF010A_GmTqArbn_Impl\src\GmTqArbn.c" Line="0" Column="0">

<Rule Name="19.1" Mode="advisory" Report="warning" Id="1">
<Loc File="C:\Component\CF010A_GmTqArbn_Impl\src\GmTqArbn.c" Line="204" Column="0">
</Loc>
<Message>
#include statements in a file shall only be preceded by other preprocessor directives or comments.
</Message>
</Rule>

<Rule Name="19.1" Mode="advisory" Report="warning" Id="2">
<Loc File="C:\Component\CF010A_GmTqArbn_Impl\src\GmTqArbn.c" Line="437" Column="0">
</Loc>
<Message>
#include statements in a file shall only be preceded by other preprocessor directives or comments.
</Message>
</Rule>

</CodeStruct>

<CodeStruct Name="GmTqArbnPer1" File="C:\Component\CF010A_GmTqArbn_Impl\src\GmTqArbn.c" Line="272" Column="5">

<Rule Name="9.1" Mode="required" Report="warning" Id="3">
<Loc File="C:\Component\CF010A_GmTqArbn_Impl\src\GmTqArbn.c" Line="319" Column="26">
</Loc>
<Message>
All automatic variables shall have been assigned a value before being used.
</Message>
</Rule>

<Rule Name="9.1" Mode="required" Report="warning" Id="4">
<Loc File="C:\Component\CF010A_GmTqArbn_Impl\src\GmTqArbn.c" Line="320" Column="26">
</Loc>
<Message>
All automatic variables shall have been assigned a value before being used.
</Message>
</Rule>

<Rule Name="9.1" Mode="required" Report="warning" Id="5">
<Loc File="C:\Component\CF010A_GmTqArbn_Impl\src\GmTqArbn.c" Line="321" Column="42">
</Loc>
<Message>
All automatic variables shall have been assigned a value before being used.
</Message>
</Rule>

<Rule Name="9.1" Mode="required" Report="warning" Id="6">
<Loc File="C:\Component\CF010A_GmTqArbn_Impl\src\GmTqArbn.c" Line="325" Column="11">
</Loc>
<Message>
All automatic variables shall have been assigned a value before being used.
</Message>
</Rule>

<Rule Name="9.1" Mode="required" Report="warning" Id="7">
<Loc File="C:\Component\CF010A_GmTqArbn_Impl\src\GmTqArbn.c" Line="327" Column="75">
</Loc>
<Message>
All automatic variables shall have been assigned a value before being used.
</Message>
</Rule>

<Rule Name="9.1" Mode="required" Report="warning" Id="8">
<Loc File="C:\Component\CF010A_GmTqArbn_Impl\src\GmTqArbn.c" Line="365" Column="12">
</Loc>
<Message>
All automatic variables shall have been assigned a value before being used.
</Message>
</Rule>

<Rule Name="9.1" Mode="required" Report="warning" Id="9">
<Loc File="C:\Component\CF010A_GmTqArbn_Impl\src\GmTqArbn.c" Line="372" Column="53">
</Loc>
<Message>
All automatic variables shall have been assigned a value before being used.
</Message>
</Rule>

<Rule Name="21.1" Mode="required" Report="warning" Id="10">
<Loc File="C:\Component\CF010A_GmTqArbn_Impl\src\GmTqArbn.c" Line="375" Column="8">
</Loc>
<Message>
Minimisation of run-time failures.
</Message>
</Rule>

<Rule Name="9.1" Mode="required" Report="warning" Id="11">
<Loc File="C:\Component\CF010A_GmTqArbn_Impl\src\GmTqArbn.c" Line="378" Column="75">
</Loc>
<Message>
All automatic variables shall have been assigned a value before being used.
</Message>
</Rule>

<Rule Name="21.1" Mode="required" Report="warning" Id="12">
<Loc File="C:\Component\CF010A_GmTqArbn_Impl\src\GmTqArbn.c" Line="380" Column="8">
</Loc>
<Message>
Minimisation of run-time failures.
</Message>
</Rule>

<Rule Name="9.1" Mode="required" Report="warning" Id="13">
<Loc File="C:\Component\CF010A_GmTqArbn_Impl\src\GmTqArbn.c" Line="383" Column="17">
</Loc>
<Message>
All automatic variables shall have been assigned a value before being used.
</Message>
</Rule>

<Rule Name="9.1" Mode="required" Report="warning" Id="14">
<Loc File="C:\Component\CF010A_GmTqArbn_Impl\src\GmTqArbn.c" Line="384" Column="17">
</Loc>
<Message>
All automatic variables shall have been assigned a value before being used.
</Message>
</Rule>

<Rule Name="21.1" Mode="required" Report="warning" Id="15">
<Loc File="C:\Component\CF010A_GmTqArbn_Impl\src\GmTqArbn.c" Line="388" Column="8">
</Loc>
<Message>
Minimisation of run-time failures.
</Message>
</Rule>

</CodeStruct>

<CodeStruct Name="GmTqArbnInit1" File="C:\Component\CF010A_GmTqArbn_Impl\src\GmTqArbn.c" Line="216" Column="5">

<Rule Name="21.1" Mode="required" Report="warning" Id="16">
<Loc File="C:\Component\CF010A_GmTqArbn_Impl\src\GmTqArbn.c" Line="224" Column="42">
</Loc>
<Message>
Minimisation of run-time failures.
</Message>
</Rule>

</CodeStruct>

<CodeStruct Name="PosnServoSmotRamp" File="C:\Component\CF010A_GmTqArbn_Impl\src\GmTqArbn.c" Line="450" Column="12">

<Rule Name="21.1" Mode="required" Report="warning" Id="17">
<Loc File="C:\Component\CF010A_GmTqArbn_Impl\src\GmTqArbn.c" Line="467" Column="89">
</Loc>
<Message>
Minimisation of run-time failures.
</Message>
</Rule>

<Rule Name="11.5" Mode="required" Report="warning" Id="18">
<Loc File="C:\Component\CF010A_GmTqArbn_Impl\src\GmTqArbn.c" Line="470" Column="67">
</Loc>
<Message>
A cast shall not be performed that removes any const or volatile qualification
from the type addressed by a pointer.
</Message>
</Rule>

<Rule Name="11.5" Mode="required" Report="warning" Id="19">
<Loc File="C:\Component\CF010A_GmTqArbn_Impl\src\GmTqArbn.c" Line="471" Column="115">
</Loc>
<Message>
A cast shall not be performed that removes any const or volatile qualification
from the type addressed by a pointer.
</Message>
</Rule>

<Rule Name="12.3" Mode="required" Report="warning" Id="20">
<Loc File="C:\Component\CF010A_GmTqArbn_Impl\src\GmTqArbn.c" Line="472" Column="122">
</Loc>
<Message>
The sizeof operator should not be used on expressions that contain side effects.
</Message>
</Rule>

<Rule Name="11.5" Mode="required" Report="warning" Id="21">
<Loc File="C:\Component\CF010A_GmTqArbn_Impl\src\GmTqArbn.c" Line="472" Column="131">
</Loc>
<Message>
A cast shall not be performed that removes any const or volatile qualification
from the type addressed by a pointer.
</Message>
</Rule>

<Rule Name="12.3" Mode="required" Report="warning" Id="22">
<Loc File="C:\Component\CF010A_GmTqArbn_Impl\src\GmTqArbn.c" Line="472" Column="201">
</Loc>
<Message>
The sizeof operator should not be used on expressions that contain side effects.
</Message>
</Rule>

<Rule Name="11.5" Mode="required" Report="warning" Id="23">
<Loc File="C:\Component\CF010A_GmTqArbn_Impl\src\GmTqArbn.c" Line="472" Column="211">
</Loc>
<Message>
A cast shall not be performed that removes any const or volatile qualification
from the type addressed by a pointer.
</Message>
</Rule>

<Rule Name="21.1" Mode="required" Report="warning" Id="24">
<Loc File="C:\Component\CF010A_GmTqArbn_Impl\src\GmTqArbn.c" Line="482" Column="8">
</Loc>
<Message>
Minimisation of run-time failures.
</Message>
</Rule>

<Rule Name="21.1" Mode="required" Report="warning" Id="25">
<Loc File="C:\Component\CF010A_GmTqArbn_Impl\src\GmTqArbn.c" Line="491" Column="49">
</Loc>
<Message>
Minimisation of run-time failures.
</Message>
</Rule>

<Rule Name="21.1" Mode="required" Report="warning" Id="26">
<Loc File="C:\Component\CF010A_GmTqArbn_Impl\src\GmTqArbn.c" Line="495" Column="8">
</Loc>
<Message>
Minimisation of run-time failures.
</Message>
</Rule>

<Rule Name="21.1" Mode="required" Report="warning" Id="27">
<Loc File="C:\Component\CF010A_GmTqArbn_Impl\src\GmTqArbn.c" Line="498" Column="52">
</Loc>
<Message>
Minimisation of run-time failures.
</Message>
</Rule>

<Rule Name="11.5" Mode="required" Report="warning" Id="28">
<Loc File="C:\Component\CF010A_GmTqArbn_Impl\src\GmTqArbn.c" Line="505" Column="72">
</Loc>
<Message>
A cast shall not be performed that removes any const or volatile qualification
from the type addressed by a pointer.
</Message>
</Rule>

<Rule Name="11.5" Mode="required" Report="warning" Id="29">
<Loc File="C:\Component\CF010A_GmTqArbn_Impl\src\GmTqArbn.c" Line="506" Column="120">
</Loc>
<Message>
A cast shall not be performed that removes any const or volatile qualification
from the type addressed by a pointer.
</Message>
</Rule>

<Rule Name="12.3" Mode="required" Report="warning" Id="30">
<Loc File="C:\Component\CF010A_GmTqArbn_Impl\src\GmTqArbn.c" Line="507" Column="127">
</Loc>
<Message>
The sizeof operator should not be used on expressions that contain side effects.
</Message>
</Rule>

<Rule Name="11.5" Mode="required" Report="warning" Id="31">
<Loc File="C:\Component\CF010A_GmTqArbn_Impl\src\GmTqArbn.c" Line="507" Column="136">
</Loc>
<Message>
A cast shall not be performed that removes any const or volatile qualification
from the type addressed by a pointer.
</Message>
</Rule>

<Rule Name="12.3" Mode="required" Report="warning" Id="32">
<Loc File="C:\Component\CF010A_GmTqArbn_Impl\src\GmTqArbn.c" Line="507" Column="207">
</Loc>
<Message>
The sizeof operator should not be used on expressions that contain side effects.
</Message>
</Rule>

<Rule Name="11.5" Mode="required" Report="warning" Id="33">
<Loc File="C:\Component\CF010A_GmTqArbn_Impl\src\GmTqArbn.c" Line="507" Column="217">
</Loc>
<Message>
A cast shall not be performed that removes any const or volatile qualification
from the type addressed by a pointer.
</Message>
</Rule>

</CodeStruct>

<CodeStruct Name="RampVal" File="C:\Component\CF010A_GmTqArbn_Impl\src\GmTqArbn.c" Line="525" Column="15">

<Rule Name="11.5" Mode="required" Report="warning" Id="34">
<Loc File="C:\Component\CF010A_GmTqArbn_Impl\src\GmTqArbn.c" Line="537" Column="82">
</Loc>
<Message>
A cast shall not be performed that removes any const or volatile qualification
from the type addressed by a pointer.
</Message>
</Rule>

<Rule Name="11.5" Mode="required" Report="warning" Id="35">
<Loc File="C:\Component\CF010A_GmTqArbn_Impl\src\GmTqArbn.c" Line="538" Column="70">
</Loc>
<Message>
A cast shall not be performed that removes any const or volatile qualification
from the type addressed by a pointer.
</Message>
</Rule>

<Rule Name="12.3" Mode="required" Report="warning" Id="36">
<Loc File="C:\Component\CF010A_GmTqArbn_Impl\src\GmTqArbn.c" Line="539" Column="77">
</Loc>
<Message>
The sizeof operator should not be used on expressions that contain side effects.
</Message>
</Rule>

<Rule Name="11.5" Mode="required" Report="warning" Id="37">
<Loc File="C:\Component\CF010A_GmTqArbn_Impl\src\GmTqArbn.c" Line="539" Column="86">
</Loc>
<Message>
A cast shall not be performed that removes any const or volatile qualification
from the type addressed by a pointer.
</Message>
</Rule>

<Rule Name="12.3" Mode="required" Report="warning" Id="38">
<Loc File="C:\Component\CF010A_GmTqArbn_Impl\src\GmTqArbn.c" Line="539" Column="153">
</Loc>
<Message>
The sizeof operator should not be used on expressions that contain side effects.
</Message>
</Rule>

<Rule Name="11.5" Mode="required" Report="warning" Id="39">
<Loc File="C:\Component\CF010A_GmTqArbn_Impl\src\GmTqArbn.c" Line="539" Column="163">
</Loc>
<Message>
A cast shall not be performed that removes any const or volatile qualification
from the type addressed by a pointer.
</Message>
</Rule>

<Rule Name="21.1" Mode="required" Report="warning" Id="40">
<Loc File="C:\Component\CF010A_GmTqArbn_Impl\src\GmTqArbn.c" Line="556" Column="84">
</Loc>
<Message>
Minimisation of run-time failures.
</Message>
</Rule>

</CodeStruct>

</MISRA-C-Report>
