<?xml version="1.0" encoding="UTF-8"?>
<MISRA-C-Report-Summary>
<File Mode="advisory" Error="0" Warning="2" Total="2">
<Name>
C:\component\SF009A_DutyCycThermProtn_Impl\src\DutyCycThermProtn.c</Name>
</File>
<File Mode="required" Error="0" Warning="228" Total="228">
<Name>
C:\component\SF009A_DutyCycThermProtn_Impl\src\DutyCycThermProtn.c</Name>
</File>
<Rule Name="21.1" Count="85" Mode="required" Severity="warning">
<Message>
Minimisation of run-time failures.</Message>
</Rule>
<Rule Name="11.5" Count="75" Mode="required" Severity="warning">
<Message>
A cast shall not be performed that removes any const or volatile qualification</Message>
</Rule>
<Rule Name="12.3" Count="34" Mode="required" Severity="warning">
<Message>
The sizeof operator should not be used on expressions that contain side effects.</Message>
</Rule>
<Rule Name="9.1" Count="17" Mode="required" Severity="warning">
<Message>
All automatic variables shall have been assigned a value before being used.</Message>
</Rule>
<Rule Name="5.1" Count="15" Mode="required" Severity="warning">
<Message>
</Message>
</Rule>
<Rule Name="12.4" Count="2" Mode="required" Severity="warning">
<Message>
The right hand operand of a logical &amp;&amp; or || operator shall not contain side effects.</Message>
</Rule>
<Rule Name="19.1" Count="2" Mode="advisory" Severity="warning">
<Message>
#include statements in a file shall only be preceded by other preprocessor directives or comments.</Message>
</Rule>
</MISRA-C-Report-Summary>
