<?xml version="1.0" encoding="UTF-8"?>

<MISRA-C-Report version="1.3">


<CodeStruct Name="" File="C:\component\SF009A_DutyCycThermProtn_Impl\src\DutyCycThermProtn.c" Line="0" Column="0">

<Rule Name="5.1" Mode="required" Report="warning" Id="1">
<Loc File="C:\component\SF009A_DutyCycThermProtn_Impl\src\DutyCycThermProtn.c" Line="175" Column="8">
</Loc>
<Message>
Identifiers "PrmDutyCycThermProtnThermLoadLimTblY_u9p7" (DutyCycThermProtn.c line 175 column 8) and "PrmDutyCycThermProtnThermLoadLimTblX_u16p0" (DutyCycThermProtn.c line 174 column 8) have the same first 35 characters.
</Message>
</Rule>

<Rule Name="5.1" Mode="required" Report="warning" Id="2">
<Loc File="C:\component\SF009A_DutyCycThermProtn_Impl\src\DutyCycThermProtn.c" Line="177" Column="8">
</Loc>
<Message>
Identifiers "PrmDutyCycThermProtnAbsltCtrlTTblX_s15p0" (DutyCycThermProtn.c line 176 column 8) and "PrmDutyCycThermProtnAbsltCtrlTTqTblY_u9p7" (DutyCycThermProtn.c line 177 column 8) have the same first 31 characters.
</Message>
</Rule>

<Rule Name="19.1" Mode="advisory" Report="warning" Id="3">
<Loc File="C:\component\SF009A_DutyCycThermProtn_Impl\src\DutyCycThermProtn.c" Line="878" Column="0">
</Loc>
<Message>
#include statements in a file shall only be preceded by other preprocessor directives or comments.
</Message>
</Rule>

<Rule Name="19.1" Mode="advisory" Report="warning" Id="4">
<Loc File="C:\component\SF009A_DutyCycThermProtn_Impl\src\DutyCycThermProtn.c" Line="1182" Column="0">
</Loc>
<Message>
#include statements in a file shall only be preceded by other preprocessor directives or comments.
</Message>
</Rule>

<Rule Name="5.1" Mode="required" Report="warning" Id="5">
<Loc File="C:\component\SF009A_DutyCycThermProtn_Impl\src\DutyCycThermProtn.c" Line="1392" Column="96">
</Loc>
<Message>
Identifiers "MotCurrPeakEstimd_AmprSqd_T_f32" (DutyCycThermProtn.c line 1392 column 96) and "MotCurrPeakEstimd_AmprSqd_T_f32" (DutyCycThermProtn.c line 201 column 136) have the same first 31 characters.
</Message>
</Rule>

<Rule Name="5.1" Mode="required" Report="warning" Id="6">
<Loc File="C:\component\SF009A_DutyCycThermProtn_Impl\src\DutyCycThermProtn.c" Line="1392" Column="137">
</Loc>
<Message>
Identifiers "MotCurrPeakEstimdFild_AmprSqd_T_f32" (DutyCycThermProtn.c line 1392 column 137) and "MotCurrPeakEstimdFild_AmprSqd_T_f32" (DutyCycThermProtn.c line 202 column 136) have the same first 35 characters.
</Message>
</Rule>

<Rule Name="5.1" Mode="required" Report="warning" Id="7">
<Loc File="C:\component\SF009A_DutyCycThermProtn_Impl\src\DutyCycThermProtn.c" Line="1607" Column="73">
</Loc>
<Message>
Identifiers "AbsTempLimitSlew_MotNwtMtr_T_f32" (DutyCycThermProtn.c line 1607 column 73) and "AbsTempLimitSlew_MotNwtMtr_T_f32" (DutyCycThermProtn.c line 211 column 73) have the same first 32 characters.
</Message>
</Rule>

<Rule Name="5.1" Mode="required" Report="warning" Id="8">
<Loc File="C:\component\SF009A_DutyCycThermProtn_Impl\src\DutyCycThermProtn.c" Line="1610" Column="74">
</Loc>
<Message>
Identifiers "ThermLoadDptLim_MotNwtMtr_T_f32" (DutyCycThermProtn.c line 1610 column 74) and "ThermLoadDptLim_MotNwtMtr_T_f32" (DutyCycThermProtn.c line 214 column 74) have the same first 31 characters.
</Message>
</Rule>

<Rule Name="5.1" Mode="required" Report="warning" Id="9">
<Loc File="C:\component\SF009A_DutyCycThermProtn_Impl\src\DutyCycThermProtn.c" Line="1611" Column="74">
</Loc>
<Message>
Identifiers "ThermTempDptLim_MotNwtMtr_T_f32" (DutyCycThermProtn.c line 1611 column 74) and "ThermTempDptLim_MotNwtMtr_T_f32" (DutyCycThermProtn.c line 215 column 74) have the same first 31 characters.
</Message>
</Rule>

</CodeStruct>

<CodeStruct Name="UseInpLowr" File="C:\component\SF009A_DutyCycThermProtn_Impl\src\DutyCycThermProtn.c" Line="1713" Column="14">

<Rule Name="21.1" Mode="required" Report="warning" Id="10">
<Loc File="C:\component\SF009A_DutyCycThermProtn_Impl\src\DutyCycThermProtn.c" Line="1721" Column="48">
</Loc>
<Message>
Minimisation of run-time failures.
</Message>
</Rule>

<Rule Name="21.1" Mode="required" Report="warning" Id="11">
<Loc File="C:\component\SF009A_DutyCycThermProtn_Impl\src\DutyCycThermProtn.c" Line="1725" Column="52">
</Loc>
<Message>
Minimisation of run-time failures.
</Message>
</Rule>

<Rule Name="21.1" Mode="required" Report="warning" Id="12">
<Loc File="C:\component\SF009A_DutyCycThermProtn_Impl\src\DutyCycThermProtn.c" Line="1731" Column="40">
</Loc>
<Message>
Minimisation of run-time failures.
</Message>
</Rule>

<Rule Name="21.1" Mode="required" Report="warning" Id="13">
<Loc File="C:\component\SF009A_DutyCycThermProtn_Impl\src\DutyCycThermProtn.c" Line="1736" Column="31">
</Loc>
<Message>
Minimisation of run-time failures.
</Message>
</Rule>

</CodeStruct>

<CodeStruct Name="FiltSVReinit" File="C:\component\SF009A_DutyCycThermProtn_Impl\src\DutyCycThermProtn.c" Line="1198" Column="12">

<Rule Name="21.1" Mode="required" Report="warning" Id="14">
<Loc File="C:\component\SF009A_DutyCycThermProtn_Impl\src\DutyCycThermProtn.c" Line="1204" Column="43">
</Loc>
<Message>
Minimisation of run-time failures.
</Message>
</Rule>

<Rule Name="21.1" Mode="required" Report="warning" Id="15">
<Loc File="C:\component\SF009A_DutyCycThermProtn_Impl\src\DutyCycThermProtn.c" Line="1204" Column="58">
</Loc>
<Message>
Minimisation of run-time failures.
</Message>
</Rule>

<Rule Name="21.1" Mode="required" Report="warning" Id="16">
<Loc File="C:\component\SF009A_DutyCycThermProtn_Impl\src\DutyCycThermProtn.c" Line="1204" Column="129">
</Loc>
<Message>
Minimisation of run-time failures.
</Message>
</Rule>

<Rule Name="21.1" Mode="required" Report="warning" Id="17">
<Loc File="C:\component\SF009A_DutyCycThermProtn_Impl\src\DutyCycThermProtn.c" Line="1205" Column="58">
</Loc>
<Message>
Minimisation of run-time failures.
</Message>
</Rule>

<Rule Name="21.1" Mode="required" Report="warning" Id="18">
<Loc File="C:\component\SF009A_DutyCycThermProtn_Impl\src\DutyCycThermProtn.c" Line="1205" Column="129">
</Loc>
<Message>
Minimisation of run-time failures.
</Message>
</Rule>

<Rule Name="21.1" Mode="required" Report="warning" Id="19">
<Loc File="C:\component\SF009A_DutyCycThermProtn_Impl\src\DutyCycThermProtn.c" Line="1206" Column="58">
</Loc>
<Message>
Minimisation of run-time failures.
</Message>
</Rule>

<Rule Name="21.1" Mode="required" Report="warning" Id="20">
<Loc File="C:\component\SF009A_DutyCycThermProtn_Impl\src\DutyCycThermProtn.c" Line="1206" Column="130">
</Loc>
<Message>
Minimisation of run-time failures.
</Message>
</Rule>

<Rule Name="21.1" Mode="required" Report="warning" Id="21">
<Loc File="C:\component\SF009A_DutyCycThermProtn_Impl\src\DutyCycThermProtn.c" Line="1207" Column="58">
</Loc>
<Message>
Minimisation of run-time failures.
</Message>
</Rule>

<Rule Name="21.1" Mode="required" Report="warning" Id="22">
<Loc File="C:\component\SF009A_DutyCycThermProtn_Impl\src\DutyCycThermProtn.c" Line="1207" Column="130">
</Loc>
<Message>
Minimisation of run-time failures.
</Message>
</Rule>

<Rule Name="21.1" Mode="required" Report="warning" Id="23">
<Loc File="C:\component\SF009A_DutyCycThermProtn_Impl\src\DutyCycThermProtn.c" Line="1215" Column="43">
</Loc>
<Message>
Minimisation of run-time failures.
</Message>
</Rule>

<Rule Name="21.1" Mode="required" Report="warning" Id="24">
<Loc File="C:\component\SF009A_DutyCycThermProtn_Impl\src\DutyCycThermProtn.c" Line="1215" Column="58">
</Loc>
<Message>
Minimisation of run-time failures.
</Message>
</Rule>

<Rule Name="21.1" Mode="required" Report="warning" Id="25">
<Loc File="C:\component\SF009A_DutyCycThermProtn_Impl\src\DutyCycThermProtn.c" Line="1216" Column="58">
</Loc>
<Message>
Minimisation of run-time failures.
</Message>
</Rule>

<Rule Name="21.1" Mode="required" Report="warning" Id="26">
<Loc File="C:\component\SF009A_DutyCycThermProtn_Impl\src\DutyCycThermProtn.c" Line="1217" Column="58">
</Loc>
<Message>
Minimisation of run-time failures.
</Message>
</Rule>

<Rule Name="21.1" Mode="required" Report="warning" Id="27">
<Loc File="C:\component\SF009A_DutyCycThermProtn_Impl\src\DutyCycThermProtn.c" Line="1218" Column="58">
</Loc>
<Message>
Minimisation of run-time failures.
</Message>
</Rule>

<Rule Name="21.1" Mode="required" Report="warning" Id="28">
<Loc File="C:\component\SF009A_DutyCycThermProtn_Impl\src\DutyCycThermProtn.c" Line="1222" Column="12">
</Loc>
<Message>
Minimisation of run-time failures.
</Message>
</Rule>

<Rule Name="21.1" Mode="required" Report="warning" Id="29">
<Loc File="C:\component\SF009A_DutyCycThermProtn_Impl\src\DutyCycThermProtn.c" Line="1224" Column="16">
</Loc>
<Message>
Minimisation of run-time failures.
</Message>
</Rule>

<Rule Name="21.1" Mode="required" Report="warning" Id="30">
<Loc File="C:\component\SF009A_DutyCycThermProtn_Impl\src\DutyCycThermProtn.c" Line="1228" Column="16">
</Loc>
<Message>
Minimisation of run-time failures.
</Message>
</Rule>

</CodeStruct>

<CodeStruct Name="MultiFilterPercMax" File="C:\component\SF009A_DutyCycThermProtn_Impl\src\DutyCycThermProtn.c" Line="1390" Column="15">

<Rule Name="11.5" Mode="required" Report="warning" Id="31">
<Loc File="C:\component\SF009A_DutyCycThermProtn_Impl\src\DutyCycThermProtn.c" Line="1415" Column="51">
</Loc>
<Message>
A cast shall not be performed that removes any const or volatile qualification
from the type addressed by a pointer.
</Message>
</Rule>

<Rule Name="11.5" Mode="required" Report="warning" Id="32">
<Loc File="C:\component\SF009A_DutyCycThermProtn_Impl\src\DutyCycThermProtn.c" Line="1416" Column="83">
</Loc>
<Message>
A cast shall not be performed that removes any const or volatile qualification
from the type addressed by a pointer.
</Message>
</Rule>

<Rule Name="12.3" Mode="required" Report="warning" Id="33">
<Loc File="C:\component\SF009A_DutyCycThermProtn_Impl\src\DutyCycThermProtn.c" Line="1417" Column="90">
</Loc>
<Message>
The sizeof operator should not be used on expressions that contain side effects.
</Message>
</Rule>

<Rule Name="11.5" Mode="required" Report="warning" Id="34">
<Loc File="C:\component\SF009A_DutyCycThermProtn_Impl\src\DutyCycThermProtn.c" Line="1417" Column="99">
</Loc>
<Message>
A cast shall not be performed that removes any const or volatile qualification
from the type addressed by a pointer.
</Message>
</Rule>

<Rule Name="12.3" Mode="required" Report="warning" Id="35">
<Loc File="C:\component\SF009A_DutyCycThermProtn_Impl\src\DutyCycThermProtn.c" Line="1417" Column="185">
</Loc>
<Message>
The sizeof operator should not be used on expressions that contain side effects.
</Message>
</Rule>

<Rule Name="11.5" Mode="required" Report="warning" Id="36">
<Loc File="C:\component\SF009A_DutyCycThermProtn_Impl\src\DutyCycThermProtn.c" Line="1417" Column="195">
</Loc>
<Message>
A cast shall not be performed that removes any const or volatile qualification
from the type addressed by a pointer.
</Message>
</Rule>

<Rule Name="11.5" Mode="required" Report="warning" Id="37">
<Loc File="C:\component\SF009A_DutyCycThermProtn_Impl\src\DutyCycThermProtn.c" Line="1420" Column="51">
</Loc>
<Message>
A cast shall not be performed that removes any const or volatile qualification
from the type addressed by a pointer.
</Message>
</Rule>

<Rule Name="11.5" Mode="required" Report="warning" Id="38">
<Loc File="C:\component\SF009A_DutyCycThermProtn_Impl\src\DutyCycThermProtn.c" Line="1421" Column="83">
</Loc>
<Message>
A cast shall not be performed that removes any const or volatile qualification
from the type addressed by a pointer.
</Message>
</Rule>

<Rule Name="12.3" Mode="required" Report="warning" Id="39">
<Loc File="C:\component\SF009A_DutyCycThermProtn_Impl\src\DutyCycThermProtn.c" Line="1422" Column="90">
</Loc>
<Message>
The sizeof operator should not be used on expressions that contain side effects.
</Message>
</Rule>

<Rule Name="11.5" Mode="required" Report="warning" Id="40">
<Loc File="C:\component\SF009A_DutyCycThermProtn_Impl\src\DutyCycThermProtn.c" Line="1422" Column="99">
</Loc>
<Message>
A cast shall not be performed that removes any const or volatile qualification
from the type addressed by a pointer.
</Message>
</Rule>

<Rule Name="12.3" Mode="required" Report="warning" Id="41">
<Loc File="C:\component\SF009A_DutyCycThermProtn_Impl\src\DutyCycThermProtn.c" Line="1422" Column="185">
</Loc>
<Message>
The sizeof operator should not be used on expressions that contain side effects.
</Message>
</Rule>

<Rule Name="11.5" Mode="required" Report="warning" Id="42">
<Loc File="C:\component\SF009A_DutyCycThermProtn_Impl\src\DutyCycThermProtn.c" Line="1422" Column="195">
</Loc>
<Message>
A cast shall not be performed that removes any const or volatile qualification
from the type addressed by a pointer.
</Message>
</Rule>

<Rule Name="11.5" Mode="required" Report="warning" Id="43">
<Loc File="C:\component\SF009A_DutyCycThermProtn_Impl\src\DutyCycThermProtn.c" Line="1425" Column="51">
</Loc>
<Message>
A cast shall not be performed that removes any const or volatile qualification
from the type addressed by a pointer.
</Message>
</Rule>

<Rule Name="11.5" Mode="required" Report="warning" Id="44">
<Loc File="C:\component\SF009A_DutyCycThermProtn_Impl\src\DutyCycThermProtn.c" Line="1426" Column="83">
</Loc>
<Message>
A cast shall not be performed that removes any const or volatile qualification
from the type addressed by a pointer.
</Message>
</Rule>

<Rule Name="12.3" Mode="required" Report="warning" Id="45">
<Loc File="C:\component\SF009A_DutyCycThermProtn_Impl\src\DutyCycThermProtn.c" Line="1427" Column="90">
</Loc>
<Message>
The sizeof operator should not be used on expressions that contain side effects.
</Message>
</Rule>

<Rule Name="11.5" Mode="required" Report="warning" Id="46">
<Loc File="C:\component\SF009A_DutyCycThermProtn_Impl\src\DutyCycThermProtn.c" Line="1427" Column="99">
</Loc>
<Message>
A cast shall not be performed that removes any const or volatile qualification
from the type addressed by a pointer.
</Message>
</Rule>

<Rule Name="12.3" Mode="required" Report="warning" Id="47">
<Loc File="C:\component\SF009A_DutyCycThermProtn_Impl\src\DutyCycThermProtn.c" Line="1427" Column="185">
</Loc>
<Message>
The sizeof operator should not be used on expressions that contain side effects.
</Message>
</Rule>

<Rule Name="11.5" Mode="required" Report="warning" Id="48">
<Loc File="C:\component\SF009A_DutyCycThermProtn_Impl\src\DutyCycThermProtn.c" Line="1427" Column="195">
</Loc>
<Message>
A cast shall not be performed that removes any const or volatile qualification
from the type addressed by a pointer.
</Message>
</Rule>

<Rule Name="11.5" Mode="required" Report="warning" Id="49">
<Loc File="C:\component\SF009A_DutyCycThermProtn_Impl\src\DutyCycThermProtn.c" Line="1430" Column="51">
</Loc>
<Message>
A cast shall not be performed that removes any const or volatile qualification
from the type addressed by a pointer.
</Message>
</Rule>

<Rule Name="11.5" Mode="required" Report="warning" Id="50">
<Loc File="C:\component\SF009A_DutyCycThermProtn_Impl\src\DutyCycThermProtn.c" Line="1431" Column="83">
</Loc>
<Message>
A cast shall not be performed that removes any const or volatile qualification
from the type addressed by a pointer.
</Message>
</Rule>

<Rule Name="12.3" Mode="required" Report="warning" Id="51">
<Loc File="C:\component\SF009A_DutyCycThermProtn_Impl\src\DutyCycThermProtn.c" Line="1432" Column="90">
</Loc>
<Message>
The sizeof operator should not be used on expressions that contain side effects.
</Message>
</Rule>

<Rule Name="11.5" Mode="required" Report="warning" Id="52">
<Loc File="C:\component\SF009A_DutyCycThermProtn_Impl\src\DutyCycThermProtn.c" Line="1432" Column="99">
</Loc>
<Message>
A cast shall not be performed that removes any const or volatile qualification
from the type addressed by a pointer.
</Message>
</Rule>

<Rule Name="12.3" Mode="required" Report="warning" Id="53">
<Loc File="C:\component\SF009A_DutyCycThermProtn_Impl\src\DutyCycThermProtn.c" Line="1432" Column="185">
</Loc>
<Message>
The sizeof operator should not be used on expressions that contain side effects.
</Message>
</Rule>

<Rule Name="11.5" Mode="required" Report="warning" Id="54">
<Loc File="C:\component\SF009A_DutyCycThermProtn_Impl\src\DutyCycThermProtn.c" Line="1432" Column="195">
</Loc>
<Message>
A cast shall not be performed that removes any const or volatile qualification
from the type addressed by a pointer.
</Message>
</Rule>

<Rule Name="11.5" Mode="required" Report="warning" Id="55">
<Loc File="C:\component\SF009A_DutyCycThermProtn_Impl\src\DutyCycThermProtn.c" Line="1435" Column="51">
</Loc>
<Message>
A cast shall not be performed that removes any const or volatile qualification
from the type addressed by a pointer.
</Message>
</Rule>

<Rule Name="11.5" Mode="required" Report="warning" Id="56">
<Loc File="C:\component\SF009A_DutyCycThermProtn_Impl\src\DutyCycThermProtn.c" Line="1436" Column="83">
</Loc>
<Message>
A cast shall not be performed that removes any const or volatile qualification
from the type addressed by a pointer.
</Message>
</Rule>

<Rule Name="12.3" Mode="required" Report="warning" Id="57">
<Loc File="C:\component\SF009A_DutyCycThermProtn_Impl\src\DutyCycThermProtn.c" Line="1437" Column="90">
</Loc>
<Message>
The sizeof operator should not be used on expressions that contain side effects.
</Message>
</Rule>

<Rule Name="11.5" Mode="required" Report="warning" Id="58">
<Loc File="C:\component\SF009A_DutyCycThermProtn_Impl\src\DutyCycThermProtn.c" Line="1437" Column="99">
</Loc>
<Message>
A cast shall not be performed that removes any const or volatile qualification
from the type addressed by a pointer.
</Message>
</Rule>

<Rule Name="12.3" Mode="required" Report="warning" Id="59">
<Loc File="C:\component\SF009A_DutyCycThermProtn_Impl\src\DutyCycThermProtn.c" Line="1437" Column="185">
</Loc>
<Message>
The sizeof operator should not be used on expressions that contain side effects.
</Message>
</Rule>

<Rule Name="11.5" Mode="required" Report="warning" Id="60">
<Loc File="C:\component\SF009A_DutyCycThermProtn_Impl\src\DutyCycThermProtn.c" Line="1437" Column="195">
</Loc>
<Message>
A cast shall not be performed that removes any const or volatile qualification
from the type addressed by a pointer.
</Message>
</Rule>

<Rule Name="11.5" Mode="required" Report="warning" Id="61">
<Loc File="C:\component\SF009A_DutyCycThermProtn_Impl\src\DutyCycThermProtn.c" Line="1440" Column="51">
</Loc>
<Message>
A cast shall not be performed that removes any const or volatile qualification
from the type addressed by a pointer.
</Message>
</Rule>

<Rule Name="11.5" Mode="required" Report="warning" Id="62">
<Loc File="C:\component\SF009A_DutyCycThermProtn_Impl\src\DutyCycThermProtn.c" Line="1441" Column="83">
</Loc>
<Message>
A cast shall not be performed that removes any const or volatile qualification
from the type addressed by a pointer.
</Message>
</Rule>

<Rule Name="12.3" Mode="required" Report="warning" Id="63">
<Loc File="C:\component\SF009A_DutyCycThermProtn_Impl\src\DutyCycThermProtn.c" Line="1442" Column="90">
</Loc>
<Message>
The sizeof operator should not be used on expressions that contain side effects.
</Message>
</Rule>

<Rule Name="11.5" Mode="required" Report="warning" Id="64">
<Loc File="C:\component\SF009A_DutyCycThermProtn_Impl\src\DutyCycThermProtn.c" Line="1442" Column="99">
</Loc>
<Message>
A cast shall not be performed that removes any const or volatile qualification
from the type addressed by a pointer.
</Message>
</Rule>

<Rule Name="12.3" Mode="required" Report="warning" Id="65">
<Loc File="C:\component\SF009A_DutyCycThermProtn_Impl\src\DutyCycThermProtn.c" Line="1442" Column="185">
</Loc>
<Message>
The sizeof operator should not be used on expressions that contain side effects.
</Message>
</Rule>

<Rule Name="11.5" Mode="required" Report="warning" Id="66">
<Loc File="C:\component\SF009A_DutyCycThermProtn_Impl\src\DutyCycThermProtn.c" Line="1442" Column="195">
</Loc>
<Message>
A cast shall not be performed that removes any const or volatile qualification
from the type addressed by a pointer.
</Message>
</Rule>

<Rule Name="11.5" Mode="required" Report="warning" Id="67">
<Loc File="C:\component\SF009A_DutyCycThermProtn_Impl\src\DutyCycThermProtn.c" Line="1447" Column="51">
</Loc>
<Message>
A cast shall not be performed that removes any const or volatile qualification
from the type addressed by a pointer.
</Message>
</Rule>

<Rule Name="11.5" Mode="required" Report="warning" Id="68">
<Loc File="C:\component\SF009A_DutyCycThermProtn_Impl\src\DutyCycThermProtn.c" Line="1448" Column="83">
</Loc>
<Message>
A cast shall not be performed that removes any const or volatile qualification
from the type addressed by a pointer.
</Message>
</Rule>

<Rule Name="12.3" Mode="required" Report="warning" Id="69">
<Loc File="C:\component\SF009A_DutyCycThermProtn_Impl\src\DutyCycThermProtn.c" Line="1449" Column="90">
</Loc>
<Message>
The sizeof operator should not be used on expressions that contain side effects.
</Message>
</Rule>

<Rule Name="11.5" Mode="required" Report="warning" Id="70">
<Loc File="C:\component\SF009A_DutyCycThermProtn_Impl\src\DutyCycThermProtn.c" Line="1449" Column="99">
</Loc>
<Message>
A cast shall not be performed that removes any const or volatile qualification
from the type addressed by a pointer.
</Message>
</Rule>

<Rule Name="12.3" Mode="required" Report="warning" Id="71">
<Loc File="C:\component\SF009A_DutyCycThermProtn_Impl\src\DutyCycThermProtn.c" Line="1449" Column="185">
</Loc>
<Message>
The sizeof operator should not be used on expressions that contain side effects.
</Message>
</Rule>

<Rule Name="11.5" Mode="required" Report="warning" Id="72">
<Loc File="C:\component\SF009A_DutyCycThermProtn_Impl\src\DutyCycThermProtn.c" Line="1449" Column="195">
</Loc>
<Message>
A cast shall not be performed that removes any const or volatile qualification
from the type addressed by a pointer.
</Message>
</Rule>

<Rule Name="11.5" Mode="required" Report="warning" Id="73">
<Loc File="C:\component\SF009A_DutyCycThermProtn_Impl\src\DutyCycThermProtn.c" Line="1452" Column="51">
</Loc>
<Message>
A cast shall not be performed that removes any const or volatile qualification
from the type addressed by a pointer.
</Message>
</Rule>

<Rule Name="11.5" Mode="required" Report="warning" Id="74">
<Loc File="C:\component\SF009A_DutyCycThermProtn_Impl\src\DutyCycThermProtn.c" Line="1453" Column="83">
</Loc>
<Message>
A cast shall not be performed that removes any const or volatile qualification
from the type addressed by a pointer.
</Message>
</Rule>

<Rule Name="12.3" Mode="required" Report="warning" Id="75">
<Loc File="C:\component\SF009A_DutyCycThermProtn_Impl\src\DutyCycThermProtn.c" Line="1454" Column="90">
</Loc>
<Message>
The sizeof operator should not be used on expressions that contain side effects.
</Message>
</Rule>

<Rule Name="11.5" Mode="required" Report="warning" Id="76">
<Loc File="C:\component\SF009A_DutyCycThermProtn_Impl\src\DutyCycThermProtn.c" Line="1454" Column="99">
</Loc>
<Message>
A cast shall not be performed that removes any const or volatile qualification
from the type addressed by a pointer.
</Message>
</Rule>

<Rule Name="12.3" Mode="required" Report="warning" Id="77">
<Loc File="C:\component\SF009A_DutyCycThermProtn_Impl\src\DutyCycThermProtn.c" Line="1454" Column="185">
</Loc>
<Message>
The sizeof operator should not be used on expressions that contain side effects.
</Message>
</Rule>

<Rule Name="11.5" Mode="required" Report="warning" Id="78">
<Loc File="C:\component\SF009A_DutyCycThermProtn_Impl\src\DutyCycThermProtn.c" Line="1454" Column="195">
</Loc>
<Message>
A cast shall not be performed that removes any const or volatile qualification
from the type addressed by a pointer.
</Message>
</Rule>

<Rule Name="11.5" Mode="required" Report="warning" Id="79">
<Loc File="C:\component\SF009A_DutyCycThermProtn_Impl\src\DutyCycThermProtn.c" Line="1457" Column="51">
</Loc>
<Message>
A cast shall not be performed that removes any const or volatile qualification
from the type addressed by a pointer.
</Message>
</Rule>

<Rule Name="11.5" Mode="required" Report="warning" Id="80">
<Loc File="C:\component\SF009A_DutyCycThermProtn_Impl\src\DutyCycThermProtn.c" Line="1458" Column="83">
</Loc>
<Message>
A cast shall not be performed that removes any const or volatile qualification
from the type addressed by a pointer.
</Message>
</Rule>

<Rule Name="12.3" Mode="required" Report="warning" Id="81">
<Loc File="C:\component\SF009A_DutyCycThermProtn_Impl\src\DutyCycThermProtn.c" Line="1459" Column="90">
</Loc>
<Message>
The sizeof operator should not be used on expressions that contain side effects.
</Message>
</Rule>

<Rule Name="11.5" Mode="required" Report="warning" Id="82">
<Loc File="C:\component\SF009A_DutyCycThermProtn_Impl\src\DutyCycThermProtn.c" Line="1459" Column="99">
</Loc>
<Message>
A cast shall not be performed that removes any const or volatile qualification
from the type addressed by a pointer.
</Message>
</Rule>

<Rule Name="12.3" Mode="required" Report="warning" Id="83">
<Loc File="C:\component\SF009A_DutyCycThermProtn_Impl\src\DutyCycThermProtn.c" Line="1459" Column="185">
</Loc>
<Message>
The sizeof operator should not be used on expressions that contain side effects.
</Message>
</Rule>

<Rule Name="11.5" Mode="required" Report="warning" Id="84">
<Loc File="C:\component\SF009A_DutyCycThermProtn_Impl\src\DutyCycThermProtn.c" Line="1459" Column="195">
</Loc>
<Message>
A cast shall not be performed that removes any const or volatile qualification
from the type addressed by a pointer.
</Message>
</Rule>

<Rule Name="11.5" Mode="required" Report="warning" Id="85">
<Loc File="C:\component\SF009A_DutyCycThermProtn_Impl\src\DutyCycThermProtn.c" Line="1462" Column="51">
</Loc>
<Message>
A cast shall not be performed that removes any const or volatile qualification
from the type addressed by a pointer.
</Message>
</Rule>

<Rule Name="11.5" Mode="required" Report="warning" Id="86">
<Loc File="C:\component\SF009A_DutyCycThermProtn_Impl\src\DutyCycThermProtn.c" Line="1463" Column="83">
</Loc>
<Message>
A cast shall not be performed that removes any const or volatile qualification
from the type addressed by a pointer.
</Message>
</Rule>

<Rule Name="12.3" Mode="required" Report="warning" Id="87">
<Loc File="C:\component\SF009A_DutyCycThermProtn_Impl\src\DutyCycThermProtn.c" Line="1464" Column="90">
</Loc>
<Message>
The sizeof operator should not be used on expressions that contain side effects.
</Message>
</Rule>

<Rule Name="11.5" Mode="required" Report="warning" Id="88">
<Loc File="C:\component\SF009A_DutyCycThermProtn_Impl\src\DutyCycThermProtn.c" Line="1464" Column="99">
</Loc>
<Message>
A cast shall not be performed that removes any const or volatile qualification
from the type addressed by a pointer.
</Message>
</Rule>

<Rule Name="12.3" Mode="required" Report="warning" Id="89">
<Loc File="C:\component\SF009A_DutyCycThermProtn_Impl\src\DutyCycThermProtn.c" Line="1464" Column="185">
</Loc>
<Message>
The sizeof operator should not be used on expressions that contain side effects.
</Message>
</Rule>

<Rule Name="11.5" Mode="required" Report="warning" Id="90">
<Loc File="C:\component\SF009A_DutyCycThermProtn_Impl\src\DutyCycThermProtn.c" Line="1464" Column="195">
</Loc>
<Message>
A cast shall not be performed that removes any const or volatile qualification
from the type addressed by a pointer.
</Message>
</Rule>

<Rule Name="11.5" Mode="required" Report="warning" Id="91">
<Loc File="C:\component\SF009A_DutyCycThermProtn_Impl\src\DutyCycThermProtn.c" Line="1467" Column="51">
</Loc>
<Message>
A cast shall not be performed that removes any const or volatile qualification
from the type addressed by a pointer.
</Message>
</Rule>

<Rule Name="11.5" Mode="required" Report="warning" Id="92">
<Loc File="C:\component\SF009A_DutyCycThermProtn_Impl\src\DutyCycThermProtn.c" Line="1468" Column="83">
</Loc>
<Message>
A cast shall not be performed that removes any const or volatile qualification
from the type addressed by a pointer.
</Message>
</Rule>

<Rule Name="12.3" Mode="required" Report="warning" Id="93">
<Loc File="C:\component\SF009A_DutyCycThermProtn_Impl\src\DutyCycThermProtn.c" Line="1469" Column="90">
</Loc>
<Message>
The sizeof operator should not be used on expressions that contain side effects.
</Message>
</Rule>

<Rule Name="11.5" Mode="required" Report="warning" Id="94">
<Loc File="C:\component\SF009A_DutyCycThermProtn_Impl\src\DutyCycThermProtn.c" Line="1469" Column="99">
</Loc>
<Message>
A cast shall not be performed that removes any const or volatile qualification
from the type addressed by a pointer.
</Message>
</Rule>

<Rule Name="12.3" Mode="required" Report="warning" Id="95">
<Loc File="C:\component\SF009A_DutyCycThermProtn_Impl\src\DutyCycThermProtn.c" Line="1469" Column="185">
</Loc>
<Message>
The sizeof operator should not be used on expressions that contain side effects.
</Message>
</Rule>

<Rule Name="11.5" Mode="required" Report="warning" Id="96">
<Loc File="C:\component\SF009A_DutyCycThermProtn_Impl\src\DutyCycThermProtn.c" Line="1469" Column="195">
</Loc>
<Message>
A cast shall not be performed that removes any const or volatile qualification
from the type addressed by a pointer.
</Message>
</Rule>

<Rule Name="11.5" Mode="required" Report="warning" Id="97">
<Loc File="C:\component\SF009A_DutyCycThermProtn_Impl\src\DutyCycThermProtn.c" Line="1472" Column="51">
</Loc>
<Message>
A cast shall not be performed that removes any const or volatile qualification
from the type addressed by a pointer.
</Message>
</Rule>

<Rule Name="11.5" Mode="required" Report="warning" Id="98">
<Loc File="C:\component\SF009A_DutyCycThermProtn_Impl\src\DutyCycThermProtn.c" Line="1473" Column="83">
</Loc>
<Message>
A cast shall not be performed that removes any const or volatile qualification
from the type addressed by a pointer.
</Message>
</Rule>

<Rule Name="12.3" Mode="required" Report="warning" Id="99">
<Loc File="C:\component\SF009A_DutyCycThermProtn_Impl\src\DutyCycThermProtn.c" Line="1474" Column="90">
</Loc>
<Message>
The sizeof operator should not be used on expressions that contain side effects.
</Message>
</Rule>

<Rule Name="11.5" Mode="required" Report="warning" Id="100">
<Loc File="C:\component\SF009A_DutyCycThermProtn_Impl\src\DutyCycThermProtn.c" Line="1474" Column="99">
</Loc>
<Message>
A cast shall not be performed that removes any const or volatile qualification
from the type addressed by a pointer.
</Message>
</Rule>

<Rule Name="12.3" Mode="required" Report="warning" Id="101">
<Loc File="C:\component\SF009A_DutyCycThermProtn_Impl\src\DutyCycThermProtn.c" Line="1474" Column="185">
</Loc>
<Message>
The sizeof operator should not be used on expressions that contain side effects.
</Message>
</Rule>

<Rule Name="11.5" Mode="required" Report="warning" Id="102">
<Loc File="C:\component\SF009A_DutyCycThermProtn_Impl\src\DutyCycThermProtn.c" Line="1474" Column="195">
</Loc>
<Message>
A cast shall not be performed that removes any const or volatile qualification
from the type addressed by a pointer.
</Message>
</Rule>

<Rule Name="21.1" Mode="required" Report="warning" Id="103">
<Loc File="C:\component\SF009A_DutyCycThermProtn_Impl\src\DutyCycThermProtn.c" Line="1478" Column="8">
</Loc>
<Message>
Minimisation of run-time failures.
</Message>
</Rule>

<Rule Name="21.1" Mode="required" Report="warning" Id="104">
<Loc File="C:\component\SF009A_DutyCycThermProtn_Impl\src\DutyCycThermProtn.c" Line="1479" Column="8">
</Loc>
<Message>
Minimisation of run-time failures.
</Message>
</Rule>

<Rule Name="21.1" Mode="required" Report="warning" Id="105">
<Loc File="C:\component\SF009A_DutyCycThermProtn_Impl\src\DutyCycThermProtn.c" Line="1480" Column="8">
</Loc>
<Message>
Minimisation of run-time failures.
</Message>
</Rule>

<Rule Name="21.1" Mode="required" Report="warning" Id="106">
<Loc File="C:\component\SF009A_DutyCycThermProtn_Impl\src\DutyCycThermProtn.c" Line="1481" Column="8">
</Loc>
<Message>
Minimisation of run-time failures.
</Message>
</Rule>

<Rule Name="21.1" Mode="required" Report="warning" Id="107">
<Loc File="C:\component\SF009A_DutyCycThermProtn_Impl\src\DutyCycThermProtn.c" Line="1482" Column="8">
</Loc>
<Message>
Minimisation of run-time failures.
</Message>
</Rule>

<Rule Name="21.1" Mode="required" Report="warning" Id="108">
<Loc File="C:\component\SF009A_DutyCycThermProtn_Impl\src\DutyCycThermProtn.c" Line="1483" Column="8">
</Loc>
<Message>
Minimisation of run-time failures.
</Message>
</Rule>

</CodeStruct>

<CodeStruct Name="DutyCycThermProtnPer1" File="C:\component\SF009A_DutyCycThermProtn_Impl\src\DutyCycThermProtn.c" Line="1067" Column="5">

<Rule Name="5.1" Mode="required" Report="warning" Id="109">
<Loc File="C:\component\SF009A_DutyCycThermProtn_Impl\src\DutyCycThermProtn.c" Line="1080" Column="16">
</Loc>
<Message>
Identifiers "MotCurrPeakEstimd_AmprSqd_T_f32" (DutyCycThermProtn.c line 201 column 136) and "MotCurrPeakEstimd_AmprSqd_T_f32" (DutyCycThermProtn.c line 1080 column 16) have the same first 31 characters.
</Message>
</Rule>

<Rule Name="5.1" Mode="required" Report="warning" Id="110">
<Loc File="C:\component\SF009A_DutyCycThermProtn_Impl\src\DutyCycThermProtn.c" Line="1081" Column="16">
</Loc>
<Message>
Identifiers "MotCurrPeakEstimdFild_AmprSqd_T_f32" (DutyCycThermProtn.c line 202 column 136) and "MotCurrPeakEstimdFild_AmprSqd_T_f32" (DutyCycThermProtn.c line 1081 column 16) have the same first 35 characters.
</Message>
</Rule>

<Rule Name="5.1" Mode="required" Report="warning" Id="111">
<Loc File="C:\component\SF009A_DutyCycThermProtn_Impl\src\DutyCycThermProtn.c" Line="1089" Column="16">
</Loc>
<Message>
Identifiers "AbsTempLimitSlew_MotNwtMtr_T_f32" (DutyCycThermProtn.c line 211 column 73) and "AbsTempLimitSlew_MotNwtMtr_T_f32" (DutyCycThermProtn.c line 1089 column 16) have the same first 32 characters.
</Message>
</Rule>

<Rule Name="9.1" Mode="required" Report="warning" Id="112">
<Loc File="C:\component\SF009A_DutyCycThermProtn_Impl\src\DutyCycThermProtn.c" Line="1115" Column="17">
</Loc>
<Message>
All automatic variables shall have been assigned a value before being used.
</Message>
</Rule>

<Rule Name="21.1" Mode="required" Report="warning" Id="113">
<Loc File="C:\component\SF009A_DutyCycThermProtn_Impl\src\DutyCycThermProtn.c" Line="1118" Column="43">
</Loc>
<Message>
Minimisation of run-time failures.
</Message>
</Rule>

<Rule Name="21.1" Mode="required" Report="warning" Id="114">
<Loc File="C:\component\SF009A_DutyCycThermProtn_Impl\src\DutyCycThermProtn.c" Line="1118" Column="58">
</Loc>
<Message>
Minimisation of run-time failures.
</Message>
</Rule>

<Rule Name="21.1" Mode="required" Report="warning" Id="115">
<Loc File="C:\component\SF009A_DutyCycThermProtn_Impl\src\DutyCycThermProtn.c" Line="1119" Column="58">
</Loc>
<Message>
Minimisation of run-time failures.
</Message>
</Rule>

<Rule Name="21.1" Mode="required" Report="warning" Id="116">
<Loc File="C:\component\SF009A_DutyCycThermProtn_Impl\src\DutyCycThermProtn.c" Line="1120" Column="58">
</Loc>
<Message>
Minimisation of run-time failures.
</Message>
</Rule>

<Rule Name="21.1" Mode="required" Report="warning" Id="117">
<Loc File="C:\component\SF009A_DutyCycThermProtn_Impl\src\DutyCycThermProtn.c" Line="1121" Column="58">
</Loc>
<Message>
Minimisation of run-time failures.
</Message>
</Rule>

<Rule Name="21.1" Mode="required" Report="warning" Id="118">
<Loc File="C:\component\SF009A_DutyCycThermProtn_Impl\src\DutyCycThermProtn.c" Line="1124" Column="107">
</Loc>
<Message>
Minimisation of run-time failures.
</Message>
</Rule>

<Rule Name="21.1" Mode="required" Report="warning" Id="119">
<Loc File="C:\component\SF009A_DutyCycThermProtn_Impl\src\DutyCycThermProtn.c" Line="1124" Column="135">
</Loc>
<Message>
Minimisation of run-time failures.
</Message>
</Rule>

<Rule Name="9.1" Mode="required" Report="warning" Id="120">
<Loc File="C:\component\SF009A_DutyCycThermProtn_Impl\src\DutyCycThermProtn.c" Line="1126" Column="29">
</Loc>
<Message>
All automatic variables shall have been assigned a value before being used.
</Message>
</Rule>

<Rule Name="9.1" Mode="required" Report="warning" Id="121">
<Loc File="C:\component\SF009A_DutyCycThermProtn_Impl\src\DutyCycThermProtn.c" Line="1126" Column="49">
</Loc>
<Message>
All automatic variables shall have been assigned a value before being used.
</Message>
</Rule>

<Rule Name="9.1" Mode="required" Report="warning" Id="122">
<Loc File="C:\component\SF009A_DutyCycThermProtn_Impl\src\DutyCycThermProtn.c" Line="1134" Column="55">
</Loc>
<Message>
All automatic variables shall have been assigned a value before being used.
</Message>
</Rule>

<Rule Name="9.1" Mode="required" Report="warning" Id="123">
<Loc File="C:\component\SF009A_DutyCycThermProtn_Impl\src\DutyCycThermProtn.c" Line="1134" Column="87">
</Loc>
<Message>
All automatic variables shall have been assigned a value before being used.
</Message>
</Rule>

<Rule Name="9.1" Mode="required" Report="warning" Id="124">
<Loc File="C:\component\SF009A_DutyCycThermProtn_Impl\src\DutyCycThermProtn.c" Line="1134" Column="111">
</Loc>
<Message>
All automatic variables shall have been assigned a value before being used.
</Message>
</Rule>

<Rule Name="9.1" Mode="required" Report="warning" Id="125">
<Loc File="C:\component\SF009A_DutyCycThermProtn_Impl\src\DutyCycThermProtn.c" Line="1135" Column="104">
</Loc>
<Message>
All automatic variables shall have been assigned a value before being used.
</Message>
</Rule>

<Rule Name="9.1" Mode="required" Report="warning" Id="126">
<Loc File="C:\component\SF009A_DutyCycThermProtn_Impl\src\DutyCycThermProtn.c" Line="1135" Column="127">
</Loc>
<Message>
All automatic variables shall have been assigned a value before being used.
</Message>
</Rule>

<Rule Name="9.1" Mode="required" Report="warning" Id="127">
<Loc File="C:\component\SF009A_DutyCycThermProtn_Impl\src\DutyCycThermProtn.c" Line="1143" Column="112">
</Loc>
<Message>
All automatic variables shall have been assigned a value before being used.
</Message>
</Rule>

<Rule Name="9.1" Mode="required" Report="warning" Id="128">
<Loc File="C:\component\SF009A_DutyCycThermProtn_Impl\src\DutyCycThermProtn.c" Line="1143" Column="142">
</Loc>
<Message>
All automatic variables shall have been assigned a value before being used.
</Message>
</Rule>

<Rule Name="9.1" Mode="required" Report="warning" Id="129">
<Loc File="C:\component\SF009A_DutyCycThermProtn_Impl\src\DutyCycThermProtn.c" Line="1144" Column="112">
</Loc>
<Message>
All automatic variables shall have been assigned a value before being used.
</Message>
</Rule>

<Rule Name="21.1" Mode="required" Report="warning" Id="130">
<Loc File="C:\component\SF009A_DutyCycThermProtn_Impl\src\DutyCycThermProtn.c" Line="1150" Column="50">
</Loc>
<Message>
Minimisation of run-time failures.
</Message>
</Rule>

<Rule Name="21.1" Mode="required" Report="warning" Id="131">
<Loc File="C:\component\SF009A_DutyCycThermProtn_Impl\src\DutyCycThermProtn.c" Line="1150" Column="122">
</Loc>
<Message>
Minimisation of run-time failures.
</Message>
</Rule>

<Rule Name="21.1" Mode="required" Report="warning" Id="132">
<Loc File="C:\component\SF009A_DutyCycThermProtn_Impl\src\DutyCycThermProtn.c" Line="1151" Column="50">
</Loc>
<Message>
Minimisation of run-time failures.
</Message>
</Rule>

<Rule Name="21.1" Mode="required" Report="warning" Id="133">
<Loc File="C:\component\SF009A_DutyCycThermProtn_Impl\src\DutyCycThermProtn.c" Line="1151" Column="122">
</Loc>
<Message>
Minimisation of run-time failures.
</Message>
</Rule>

<Rule Name="21.1" Mode="required" Report="warning" Id="134">
<Loc File="C:\component\SF009A_DutyCycThermProtn_Impl\src\DutyCycThermProtn.c" Line="1152" Column="50">
</Loc>
<Message>
Minimisation of run-time failures.
</Message>
</Rule>

<Rule Name="21.1" Mode="required" Report="warning" Id="135">
<Loc File="C:\component\SF009A_DutyCycThermProtn_Impl\src\DutyCycThermProtn.c" Line="1152" Column="122">
</Loc>
<Message>
Minimisation of run-time failures.
</Message>
</Rule>

<Rule Name="21.1" Mode="required" Report="warning" Id="136">
<Loc File="C:\component\SF009A_DutyCycThermProtn_Impl\src\DutyCycThermProtn.c" Line="1153" Column="50">
</Loc>
<Message>
Minimisation of run-time failures.
</Message>
</Rule>

<Rule Name="21.1" Mode="required" Report="warning" Id="137">
<Loc File="C:\component\SF009A_DutyCycThermProtn_Impl\src\DutyCycThermProtn.c" Line="1153" Column="122">
</Loc>
<Message>
Minimisation of run-time failures.
</Message>
</Rule>

<Rule Name="9.1" Mode="required" Report="warning" Id="138">
<Loc File="C:\component\SF009A_DutyCycThermProtn_Impl\src\DutyCycThermProtn.c" Line="1155" Column="57">
</Loc>
<Message>
All automatic variables shall have been assigned a value before being used.
</Message>
</Rule>

<Rule Name="9.1" Mode="required" Report="warning" Id="139">
<Loc File="C:\component\SF009A_DutyCycThermProtn_Impl\src\DutyCycThermProtn.c" Line="1156" Column="57">
</Loc>
<Message>
All automatic variables shall have been assigned a value before being used.
</Message>
</Rule>

<Rule Name="5.1" Mode="required" Report="warning" Id="140">
<Loc File="C:\component\SF009A_DutyCycThermProtn_Impl\src\DutyCycThermProtn.c" Line="1392" Column="96">
</Loc>
<Message>
Identifiers "MotCurrPeakEstimd_AmprSqd_T_f32" (DutyCycThermProtn.c line 1392 column 96) and "MotCurrPeakEstimd_AmprSqd_T_f32" (DutyCycThermProtn.c line 1080 column 16) have the same first 31 characters.
</Message>
</Rule>

<Rule Name="5.1" Mode="required" Report="warning" Id="141">
<Loc File="C:\component\SF009A_DutyCycThermProtn_Impl\src\DutyCycThermProtn.c" Line="1392" Column="137">
</Loc>
<Message>
Identifiers "MotCurrPeakEstimdFild_AmprSqd_T_f32" (DutyCycThermProtn.c line 1392 column 137) and "MotCurrPeakEstimdFild_AmprSqd_T_f32" (DutyCycThermProtn.c line 1081 column 16) have the same first 35 characters.
</Message>
</Rule>

<Rule Name="5.1" Mode="required" Report="warning" Id="142">
<Loc File="C:\component\SF009A_DutyCycThermProtn_Impl\src\DutyCycThermProtn.c" Line="1607" Column="73">
</Loc>
<Message>
Identifiers "AbsTempLimitSlew_MotNwtMtr_T_f32" (DutyCycThermProtn.c line 1607 column 73) and "AbsTempLimitSlew_MotNwtMtr_T_f32" (DutyCycThermProtn.c line 1089 column 16) have the same first 32 characters.
</Message>
</Rule>

</CodeStruct>

<CodeStruct Name="ThermalLimitStatus" File="C:\component\SF009A_DutyCycThermProtn_Impl\src\DutyCycThermProtn.c" Line="1662" Column="15">

<Rule Name="21.1" Mode="required" Report="warning" Id="143">
<Loc File="C:\component\SF009A_DutyCycThermProtn_Impl\src\DutyCycThermProtn.c" Line="1673" Column="75">
</Loc>
<Message>
Minimisation of run-time failures.
</Message>
</Rule>

<Rule Name="11.5" Mode="required" Report="warning" Id="144">
<Loc File="C:\component\SF009A_DutyCycThermProtn_Impl\src\DutyCycThermProtn.c" Line="1673" Column="76">
</Loc>
<Message>
A cast shall not be performed that removes any const or volatile qualification
from the type addressed by a pointer.
</Message>
</Rule>

<Rule Name="21.1" Mode="required" Report="warning" Id="145">
<Loc File="C:\component\SF009A_DutyCycThermProtn_Impl\src\DutyCycThermProtn.c" Line="1675" Column="16">
</Loc>
<Message>
Minimisation of run-time failures.
</Message>
</Rule>

</CodeStruct>

<CodeStruct Name="DutyCycThermProtnInit1" File="C:\component\SF009A_DutyCycThermProtn_Impl\src\DutyCycThermProtn.c" Line="917" Column="5">

<Rule Name="21.1" Mode="required" Report="warning" Id="146">
<Loc File="C:\component\SF009A_DutyCycThermProtn_Impl\src\DutyCycThermProtn.c" Line="935" Column="8">
</Loc>
<Message>
Minimisation of run-time failures.
</Message>
</Rule>

<Rule Name="21.1" Mode="required" Report="warning" Id="147">
<Loc File="C:\component\SF009A_DutyCycThermProtn_Impl\src\DutyCycThermProtn.c" Line="935" Column="36">
</Loc>
<Message>
Minimisation of run-time failures.
</Message>
</Rule>

<Rule Name="21.1" Mode="required" Report="warning" Id="148">
<Loc File="C:\component\SF009A_DutyCycThermProtn_Impl\src\DutyCycThermProtn.c" Line="935" Column="86">
</Loc>
<Message>
Minimisation of run-time failures.
</Message>
</Rule>

<Rule Name="11.5" Mode="required" Report="warning" Id="149">
<Loc File="C:\component\SF009A_DutyCycThermProtn_Impl\src\DutyCycThermProtn.c" Line="935" Column="87">
</Loc>
<Message>
A cast shall not be performed that removes any const or volatile qualification
from the type addressed by a pointer.
</Message>
</Rule>

<Rule Name="21.1" Mode="required" Report="warning" Id="150">
<Loc File="C:\component\SF009A_DutyCycThermProtn_Impl\src\DutyCycThermProtn.c" Line="938" Column="8">
</Loc>
<Message>
Minimisation of run-time failures.
</Message>
</Rule>

<Rule Name="21.1" Mode="required" Report="warning" Id="151">
<Loc File="C:\component\SF009A_DutyCycThermProtn_Impl\src\DutyCycThermProtn.c" Line="938" Column="90">
</Loc>
<Message>
Minimisation of run-time failures.
</Message>
</Rule>

<Rule Name="11.5" Mode="required" Report="warning" Id="152">
<Loc File="C:\component\SF009A_DutyCycThermProtn_Impl\src\DutyCycThermProtn.c" Line="938" Column="91">
</Loc>
<Message>
A cast shall not be performed that removes any const or volatile qualification
from the type addressed by a pointer.
</Message>
</Rule>

<Rule Name="9.1" Mode="required" Report="warning" Id="153">
<Loc File="C:\component\SF009A_DutyCycThermProtn_Impl\src\DutyCycThermProtn.c" Line="943" Column="19">
</Loc>
<Message>
All automatic variables shall have been assigned a value before being used.
</Message>
</Rule>

<Rule Name="21.1" Mode="required" Report="warning" Id="154">
<Loc File="C:\component\SF009A_DutyCycThermProtn_Impl\src\DutyCycThermProtn.c" Line="945" Column="58">
</Loc>
<Message>
Minimisation of run-time failures.
</Message>
</Rule>

<Rule Name="21.1" Mode="required" Report="warning" Id="155">
<Loc File="C:\component\SF009A_DutyCycThermProtn_Impl\src\DutyCycThermProtn.c" Line="946" Column="58">
</Loc>
<Message>
Minimisation of run-time failures.
</Message>
</Rule>

<Rule Name="21.1" Mode="required" Report="warning" Id="156">
<Loc File="C:\component\SF009A_DutyCycThermProtn_Impl\src\DutyCycThermProtn.c" Line="947" Column="58">
</Loc>
<Message>
Minimisation of run-time failures.
</Message>
</Rule>

<Rule Name="21.1" Mode="required" Report="warning" Id="157">
<Loc File="C:\component\SF009A_DutyCycThermProtn_Impl\src\DutyCycThermProtn.c" Line="948" Column="58">
</Loc>
<Message>
Minimisation of run-time failures.
</Message>
</Rule>

<Rule Name="9.1" Mode="required" Report="warning" Id="158">
<Loc File="C:\component\SF009A_DutyCycThermProtn_Impl\src\DutyCycThermProtn.c" Line="963" Column="18">
</Loc>
<Message>
All automatic variables shall have been assigned a value before being used.
</Message>
</Rule>

<Rule Name="9.1" Mode="required" Report="warning" Id="159">
<Loc File="C:\component\SF009A_DutyCycThermProtn_Impl\src\DutyCycThermProtn.c" Line="963" Column="49">
</Loc>
<Message>
All automatic variables shall have been assigned a value before being used.
</Message>
</Rule>

<Rule Name="9.1" Mode="required" Report="warning" Id="160">
<Loc File="C:\component\SF009A_DutyCycThermProtn_Impl\src\DutyCycThermProtn.c" Line="963" Column="94">
</Loc>
<Message>
All automatic variables shall have been assigned a value before being used.
</Message>
</Rule>

<Rule Name="21.1" Mode="required" Report="warning" Id="161">
<Loc File="C:\component\SF009A_DutyCycThermProtn_Impl\src\DutyCycThermProtn.c" Line="966" Column="58">
</Loc>
<Message>
Minimisation of run-time failures.
</Message>
</Rule>

<Rule Name="21.1" Mode="required" Report="warning" Id="162">
<Loc File="C:\component\SF009A_DutyCycThermProtn_Impl\src\DutyCycThermProtn.c" Line="966" Column="171">
</Loc>
<Message>
Minimisation of run-time failures.
</Message>
</Rule>

<Rule Name="21.1" Mode="required" Report="warning" Id="163">
<Loc File="C:\component\SF009A_DutyCycThermProtn_Impl\src\DutyCycThermProtn.c" Line="967" Column="58">
</Loc>
<Message>
Minimisation of run-time failures.
</Message>
</Rule>

<Rule Name="21.1" Mode="required" Report="warning" Id="164">
<Loc File="C:\component\SF009A_DutyCycThermProtn_Impl\src\DutyCycThermProtn.c" Line="968" Column="58">
</Loc>
<Message>
Minimisation of run-time failures.
</Message>
</Rule>

<Rule Name="21.1" Mode="required" Report="warning" Id="165">
<Loc File="C:\component\SF009A_DutyCycThermProtn_Impl\src\DutyCycThermProtn.c" Line="969" Column="58">
</Loc>
<Message>
Minimisation of run-time failures.
</Message>
</Rule>

<Rule Name="21.1" Mode="required" Report="warning" Id="166">
<Loc File="C:\component\SF009A_DutyCycThermProtn_Impl\src\DutyCycThermProtn.c" Line="975" Column="58">
</Loc>
<Message>
Minimisation of run-time failures.
</Message>
</Rule>

<Rule Name="21.1" Mode="required" Report="warning" Id="167">
<Loc File="C:\component\SF009A_DutyCycThermProtn_Impl\src\DutyCycThermProtn.c" Line="976" Column="58">
</Loc>
<Message>
Minimisation of run-time failures.
</Message>
</Rule>

<Rule Name="21.1" Mode="required" Report="warning" Id="168">
<Loc File="C:\component\SF009A_DutyCycThermProtn_Impl\src\DutyCycThermProtn.c" Line="977" Column="58">
</Loc>
<Message>
Minimisation of run-time failures.
</Message>
</Rule>

<Rule Name="21.1" Mode="required" Report="warning" Id="169">
<Loc File="C:\component\SF009A_DutyCycThermProtn_Impl\src\DutyCycThermProtn.c" Line="978" Column="58">
</Loc>
<Message>
Minimisation of run-time failures.
</Message>
</Rule>

<Rule Name="12.4" Mode="required" Report="warning" Id="170">
<Loc File="C:\component\SF009A_DutyCycThermProtn_Impl\src\DutyCycThermProtn.c" Line="983" Column="46">
</Loc>
<Message>
The right hand operand of a logical &amp;&amp; or || operator shall not contain side effects.
</Message>
</Rule>

<Rule Name="21.1" Mode="required" Report="warning" Id="171">
<Loc File="C:\component\SF009A_DutyCycThermProtn_Impl\src\DutyCycThermProtn.c" Line="993" Column="8">
</Loc>
<Message>
Minimisation of run-time failures.
</Message>
</Rule>

<Rule Name="21.1" Mode="required" Report="warning" Id="172">
<Loc File="C:\component\SF009A_DutyCycThermProtn_Impl\src\DutyCycThermProtn.c" Line="994" Column="8">
</Loc>
<Message>
Minimisation of run-time failures.
</Message>
</Rule>

<Rule Name="21.1" Mode="required" Report="warning" Id="173">
<Loc File="C:\component\SF009A_DutyCycThermProtn_Impl\src\DutyCycThermProtn.c" Line="996" Column="8">
</Loc>
<Message>
Minimisation of run-time failures.
</Message>
</Rule>

<Rule Name="21.1" Mode="required" Report="warning" Id="174">
<Loc File="C:\component\SF009A_DutyCycThermProtn_Impl\src\DutyCycThermProtn.c" Line="996" Column="100">
</Loc>
<Message>
Minimisation of run-time failures.
</Message>
</Rule>

<Rule Name="21.1" Mode="required" Report="warning" Id="175">
<Loc File="C:\component\SF009A_DutyCycThermProtn_Impl\src\DutyCycThermProtn.c" Line="997" Column="8">
</Loc>
<Message>
Minimisation of run-time failures.
</Message>
</Rule>

<Rule Name="21.1" Mode="required" Report="warning" Id="176">
<Loc File="C:\component\SF009A_DutyCycThermProtn_Impl\src\DutyCycThermProtn.c" Line="998" Column="8">
</Loc>
<Message>
Minimisation of run-time failures.
</Message>
</Rule>

<Rule Name="21.1" Mode="required" Report="warning" Id="177">
<Loc File="C:\component\SF009A_DutyCycThermProtn_Impl\src\DutyCycThermProtn.c" Line="999" Column="8">
</Loc>
<Message>
Minimisation of run-time failures.
</Message>
</Rule>

</CodeStruct>

<CodeStruct Name="TemperatureLimiting" File="C:\component\SF009A_DutyCycThermProtn_Impl\src\DutyCycThermProtn.c" Line="1307" Column="15">

<Rule Name="5.1" Mode="required" Report="warning" Id="178">
<Loc File="C:\component\SF009A_DutyCycThermProtn_Impl\src\DutyCycThermProtn.c" Line="1318" Column="16">
</Loc>
<Message>
Identifiers "AbsTempLimitSlew_MotNwtMtr_T_f32" (DutyCycThermProtn.c line 1089 column 16) and "AbsTempLimitSlew_MotNwtMtr_T_f32" (DutyCycThermProtn.c line 1318 column 16) have the same first 32 characters.
Identifiers "AbsTempLimitSlew_MotNwtMtr_T_f32" (DutyCycThermProtn.c line 211 column 73) and "AbsTempLimitSlew_MotNwtMtr_T_f32" (DutyCycThermProtn.c line 1318 column 16) have the same first 32 characters.
</Message>
</Rule>

<Rule Name="11.5" Mode="required" Report="warning" Id="179">
<Loc File="C:\component\SF009A_DutyCycThermProtn_Impl\src\DutyCycThermProtn.c" Line="1323" Column="75">
</Loc>
<Message>
A cast shall not be performed that removes any const or volatile qualification
from the type addressed by a pointer.
</Message>
</Rule>

<Rule Name="11.5" Mode="required" Report="warning" Id="180">
<Loc File="C:\component\SF009A_DutyCycThermProtn_Impl\src\DutyCycThermProtn.c" Line="1324" Column="44">
</Loc>
<Message>
A cast shall not be performed that removes any const or volatile qualification
from the type addressed by a pointer.
</Message>
</Rule>

<Rule Name="12.3" Mode="required" Report="warning" Id="181">
<Loc File="C:\component\SF009A_DutyCycThermProtn_Impl\src\DutyCycThermProtn.c" Line="1325" Column="51">
</Loc>
<Message>
The sizeof operator should not be used on expressions that contain side effects.
</Message>
</Rule>

<Rule Name="11.5" Mode="required" Report="warning" Id="182">
<Loc File="C:\component\SF009A_DutyCycThermProtn_Impl\src\DutyCycThermProtn.c" Line="1325" Column="60">
</Loc>
<Message>
A cast shall not be performed that removes any const or volatile qualification
from the type addressed by a pointer.
</Message>
</Rule>

<Rule Name="12.3" Mode="required" Report="warning" Id="183">
<Loc File="C:\component\SF009A_DutyCycThermProtn_Impl\src\DutyCycThermProtn.c" Line="1325" Column="152">
</Loc>
<Message>
The sizeof operator should not be used on expressions that contain side effects.
</Message>
</Rule>

<Rule Name="11.5" Mode="required" Report="warning" Id="184">
<Loc File="C:\component\SF009A_DutyCycThermProtn_Impl\src\DutyCycThermProtn.c" Line="1325" Column="162">
</Loc>
<Message>
A cast shall not be performed that removes any const or volatile qualification
from the type addressed by a pointer.
</Message>
</Rule>

<Rule Name="21.1" Mode="required" Report="warning" Id="185">
<Loc File="C:\component\SF009A_DutyCycThermProtn_Impl\src\DutyCycThermProtn.c" Line="1330" Column="8">
</Loc>
<Message>
Minimisation of run-time failures.
</Message>
</Rule>

<Rule Name="11.5" Mode="required" Report="warning" Id="186">
<Loc File="C:\component\SF009A_DutyCycThermProtn_Impl\src\DutyCycThermProtn.c" Line="1334" Column="73">
</Loc>
<Message>
A cast shall not be performed that removes any const or volatile qualification
from the type addressed by a pointer.
</Message>
</Rule>

<Rule Name="11.5" Mode="required" Report="warning" Id="187">
<Loc File="C:\component\SF009A_DutyCycThermProtn_Impl\src\DutyCycThermProtn.c" Line="1335" Column="44">
</Loc>
<Message>
A cast shall not be performed that removes any const or volatile qualification
from the type addressed by a pointer.
</Message>
</Rule>

<Rule Name="12.3" Mode="required" Report="warning" Id="188">
<Loc File="C:\component\SF009A_DutyCycThermProtn_Impl\src\DutyCycThermProtn.c" Line="1336" Column="51">
</Loc>
<Message>
The sizeof operator should not be used on expressions that contain side effects.
</Message>
</Rule>

<Rule Name="11.5" Mode="required" Report="warning" Id="189">
<Loc File="C:\component\SF009A_DutyCycThermProtn_Impl\src\DutyCycThermProtn.c" Line="1336" Column="60">
</Loc>
<Message>
A cast shall not be performed that removes any const or volatile qualification
from the type addressed by a pointer.
</Message>
</Rule>

<Rule Name="12.3" Mode="required" Report="warning" Id="190">
<Loc File="C:\component\SF009A_DutyCycThermProtn_Impl\src\DutyCycThermProtn.c" Line="1336" Column="150">
</Loc>
<Message>
The sizeof operator should not be used on expressions that contain side effects.
</Message>
</Rule>

<Rule Name="11.5" Mode="required" Report="warning" Id="191">
<Loc File="C:\component\SF009A_DutyCycThermProtn_Impl\src\DutyCycThermProtn.c" Line="1336" Column="160">
</Loc>
<Message>
A cast shall not be performed that removes any const or volatile qualification
from the type addressed by a pointer.
</Message>
</Rule>

<Rule Name="21.1" Mode="required" Report="warning" Id="192">
<Loc File="C:\component\SF009A_DutyCycThermProtn_Impl\src\DutyCycThermProtn.c" Line="1342" Column="8">
</Loc>
<Message>
Minimisation of run-time failures.
</Message>
</Rule>

<Rule Name="21.1" Mode="required" Report="warning" Id="193">
<Loc File="C:\component\SF009A_DutyCycThermProtn_Impl\src\DutyCycThermProtn.c" Line="1345" Column="8">
</Loc>
<Message>
Minimisation of run-time failures.
</Message>
</Rule>

<Rule Name="21.1" Mode="required" Report="warning" Id="194">
<Loc File="C:\component\SF009A_DutyCycThermProtn_Impl\src\DutyCycThermProtn.c" Line="1349" Column="99">
</Loc>
<Message>
Minimisation of run-time failures.
</Message>
</Rule>

<Rule Name="21.1" Mode="required" Report="warning" Id="195">
<Loc File="C:\component\SF009A_DutyCycThermProtn_Impl\src\DutyCycThermProtn.c" Line="1358" Column="42">
</Loc>
<Message>
Minimisation of run-time failures.
</Message>
</Rule>

<Rule Name="11.5" Mode="required" Report="warning" Id="196">
<Loc File="C:\component\SF009A_DutyCycThermProtn_Impl\src\DutyCycThermProtn.c" Line="1358" Column="43">
</Loc>
<Message>
A cast shall not be performed that removes any const or volatile qualification
from the type addressed by a pointer.
</Message>
</Rule>

<Rule Name="12.4" Mode="required" Report="warning" Id="197">
<Loc File="C:\component\SF009A_DutyCycThermProtn_Impl\src\DutyCycThermProtn.c" Line="1359" Column="38">
</Loc>
<Message>
The right hand operand of a logical &amp;&amp; or || operator shall not contain side effects.
</Message>
</Rule>

<Rule Name="21.1" Mode="required" Report="warning" Id="198">
<Loc File="C:\component\SF009A_DutyCycThermProtn_Impl\src\DutyCycThermProtn.c" Line="1359" Column="42">
</Loc>
<Message>
Minimisation of run-time failures.
</Message>
</Rule>

<Rule Name="11.5" Mode="required" Report="warning" Id="199">
<Loc File="C:\component\SF009A_DutyCycThermProtn_Impl\src\DutyCycThermProtn.c" Line="1359" Column="43">
</Loc>
<Message>
A cast shall not be performed that removes any const or volatile qualification
from the type addressed by a pointer.
</Message>
</Rule>

<Rule Name="21.1" Mode="required" Report="warning" Id="200">
<Loc File="C:\component\SF009A_DutyCycThermProtn_Impl\src\DutyCycThermProtn.c" Line="1364" Column="45">
</Loc>
<Message>
Minimisation of run-time failures.
</Message>
</Rule>

<Rule Name="11.5" Mode="required" Report="warning" Id="201">
<Loc File="C:\component\SF009A_DutyCycThermProtn_Impl\src\DutyCycThermProtn.c" Line="1364" Column="46">
</Loc>
<Message>
A cast shall not be performed that removes any const or volatile qualification
from the type addressed by a pointer.
</Message>
</Rule>

<Rule Name="21.1" Mode="required" Report="warning" Id="202">
<Loc File="C:\component\SF009A_DutyCycThermProtn_Impl\src\DutyCycThermProtn.c" Line="1369" Column="45">
</Loc>
<Message>
Minimisation of run-time failures.
</Message>
</Rule>

<Rule Name="11.5" Mode="required" Report="warning" Id="203">
<Loc File="C:\component\SF009A_DutyCycThermProtn_Impl\src\DutyCycThermProtn.c" Line="1369" Column="46">
</Loc>
<Message>
A cast shall not be performed that removes any const or volatile qualification
from the type addressed by a pointer.
</Message>
</Rule>

<Rule Name="5.1" Mode="required" Report="warning" Id="204">
<Loc File="C:\component\SF009A_DutyCycThermProtn_Impl\src\DutyCycThermProtn.c" Line="1607" Column="73">
</Loc>
<Message>
Identifiers "AbsTempLimitSlew_MotNwtMtr_T_f32" (DutyCycThermProtn.c line 1607 column 73) and "AbsTempLimitSlew_MotNwtMtr_T_f32" (DutyCycThermProtn.c line 1318 column 16) have the same first 32 characters.
</Message>
</Rule>

</CodeStruct>

<CodeStruct Name="ThermalLoadLimit" File="C:\component\SF009A_DutyCycThermProtn_Impl\src\DutyCycThermProtn.c" Line="1527" Column="15">

<Rule Name="11.5" Mode="required" Report="warning" Id="205">
<Loc File="C:\component\SF009A_DutyCycThermProtn_Impl\src\DutyCycThermProtn.c" Line="1541" Column="86">
</Loc>
<Message>
A cast shall not be performed that removes any const or volatile qualification
from the type addressed by a pointer.
</Message>
</Rule>

<Rule Name="11.5" Mode="required" Report="warning" Id="206">
<Loc File="C:\component\SF009A_DutyCycThermProtn_Impl\src\DutyCycThermProtn.c" Line="1542" Column="114">
</Loc>
<Message>
A cast shall not be performed that removes any const or volatile qualification
from the type addressed by a pointer.
</Message>
</Rule>

<Rule Name="12.3" Mode="required" Report="warning" Id="207">
<Loc File="C:\component\SF009A_DutyCycThermProtn_Impl\src\DutyCycThermProtn.c" Line="1543" Column="121">
</Loc>
<Message>
The sizeof operator should not be used on expressions that contain side effects.
</Message>
</Rule>

<Rule Name="11.5" Mode="required" Report="warning" Id="208">
<Loc File="C:\component\SF009A_DutyCycThermProtn_Impl\src\DutyCycThermProtn.c" Line="1543" Column="130">
</Loc>
<Message>
A cast shall not be performed that removes any const or volatile qualification
from the type addressed by a pointer.
</Message>
</Rule>

<Rule Name="12.3" Mode="required" Report="warning" Id="209">
<Loc File="C:\component\SF009A_DutyCycThermProtn_Impl\src\DutyCycThermProtn.c" Line="1543" Column="216">
</Loc>
<Message>
The sizeof operator should not be used on expressions that contain side effects.
</Message>
</Rule>

<Rule Name="11.5" Mode="required" Report="warning" Id="210">
<Loc File="C:\component\SF009A_DutyCycThermProtn_Impl\src\DutyCycThermProtn.c" Line="1543" Column="226">
</Loc>
<Message>
A cast shall not be performed that removes any const or volatile qualification
from the type addressed by a pointer.
</Message>
</Rule>

<Rule Name="11.5" Mode="required" Report="warning" Id="211">
<Loc File="C:\component\SF009A_DutyCycThermProtn_Impl\src\DutyCycThermProtn.c" Line="1548" Column="86">
</Loc>
<Message>
A cast shall not be performed that removes any const or volatile qualification
from the type addressed by a pointer.
</Message>
</Rule>

<Rule Name="11.5" Mode="required" Report="warning" Id="212">
<Loc File="C:\component\SF009A_DutyCycThermProtn_Impl\src\DutyCycThermProtn.c" Line="1549" Column="114">
</Loc>
<Message>
A cast shall not be performed that removes any const or volatile qualification
from the type addressed by a pointer.
</Message>
</Rule>

<Rule Name="12.3" Mode="required" Report="warning" Id="213">
<Loc File="C:\component\SF009A_DutyCycThermProtn_Impl\src\DutyCycThermProtn.c" Line="1550" Column="121">
</Loc>
<Message>
The sizeof operator should not be used on expressions that contain side effects.
</Message>
</Rule>

<Rule Name="11.5" Mode="required" Report="warning" Id="214">
<Loc File="C:\component\SF009A_DutyCycThermProtn_Impl\src\DutyCycThermProtn.c" Line="1550" Column="130">
</Loc>
<Message>
A cast shall not be performed that removes any const or volatile qualification
from the type addressed by a pointer.
</Message>
</Rule>

<Rule Name="12.3" Mode="required" Report="warning" Id="215">
<Loc File="C:\component\SF009A_DutyCycThermProtn_Impl\src\DutyCycThermProtn.c" Line="1550" Column="216">
</Loc>
<Message>
The sizeof operator should not be used on expressions that contain side effects.
</Message>
</Rule>

<Rule Name="11.5" Mode="required" Report="warning" Id="216">
<Loc File="C:\component\SF009A_DutyCycThermProtn_Impl\src\DutyCycThermProtn.c" Line="1550" Column="226">
</Loc>
<Message>
A cast shall not be performed that removes any const or volatile qualification
from the type addressed by a pointer.
</Message>
</Rule>

<Rule Name="21.1" Mode="required" Report="warning" Id="217">
<Loc File="C:\component\SF009A_DutyCycThermProtn_Impl\src\DutyCycThermProtn.c" Line="1554" Column="8">
</Loc>
<Message>
Minimisation of run-time failures.
</Message>
</Rule>

<Rule Name="21.1" Mode="required" Report="warning" Id="218">
<Loc File="C:\component\SF009A_DutyCycThermProtn_Impl\src\DutyCycThermProtn.c" Line="1559" Column="123">
</Loc>
<Message>
Minimisation of run-time failures.
</Message>
</Rule>

<Rule Name="21.1" Mode="required" Report="warning" Id="219">
<Loc File="C:\component\SF009A_DutyCycThermProtn_Impl\src\DutyCycThermProtn.c" Line="1566" Column="8">
</Loc>
<Message>
Minimisation of run-time failures.
</Message>
</Rule>

<Rule Name="21.1" Mode="required" Report="warning" Id="220">
<Loc File="C:\component\SF009A_DutyCycThermProtn_Impl\src\DutyCycThermProtn.c" Line="1577" Column="78">
</Loc>
<Message>
Minimisation of run-time failures.
</Message>
</Rule>

<Rule Name="11.5" Mode="required" Report="warning" Id="221">
<Loc File="C:\component\SF009A_DutyCycThermProtn_Impl\src\DutyCycThermProtn.c" Line="1577" Column="79">
</Loc>
<Message>
A cast shall not be performed that removes any const or volatile qualification
from the type addressed by a pointer.
</Message>
</Rule>

<Rule Name="11.5" Mode="required" Report="warning" Id="222">
<Loc File="C:\component\SF009A_DutyCycThermProtn_Impl\src\DutyCycThermProtn.c" Line="1582" Column="75">
</Loc>
<Message>
A cast shall not be performed that removes any const or volatile qualification
from the type addressed by a pointer.
</Message>
</Rule>

<Rule Name="12.3" Mode="required" Report="warning" Id="223">
<Loc File="C:\component\SF009A_DutyCycThermProtn_Impl\src\DutyCycThermProtn.c" Line="1584" Column="129">
</Loc>
<Message>
The sizeof operator should not be used on expressions that contain side effects.
</Message>
</Rule>

<Rule Name="11.5" Mode="required" Report="warning" Id="224">
<Loc File="C:\component\SF009A_DutyCycThermProtn_Impl\src\DutyCycThermProtn.c" Line="1584" Column="138">
</Loc>
<Message>
A cast shall not be performed that removes any const or volatile qualification
from the type addressed by a pointer.
</Message>
</Rule>

<Rule Name="12.3" Mode="required" Report="warning" Id="225">
<Loc File="C:\component\SF009A_DutyCycThermProtn_Impl\src\DutyCycThermProtn.c" Line="1584" Column="231">
</Loc>
<Message>
The sizeof operator should not be used on expressions that contain side effects.
</Message>
</Rule>

<Rule Name="11.5" Mode="required" Report="warning" Id="226">
<Loc File="C:\component\SF009A_DutyCycThermProtn_Impl\src\DutyCycThermProtn.c" Line="1584" Column="241">
</Loc>
<Message>
A cast shall not be performed that removes any const or volatile qualification
from the type addressed by a pointer.
</Message>
</Rule>

<Rule Name="21.1" Mode="required" Report="warning" Id="227">
<Loc File="C:\component\SF009A_DutyCycThermProtn_Impl\src\DutyCycThermProtn.c" Line="1589" Column="8">
</Loc>
<Message>
Minimisation of run-time failures.
</Message>
</Rule>

</CodeStruct>

<CodeStruct Name="TemperatureSelection" File="C:\component\SF009A_DutyCycThermProtn_Impl\src\DutyCycThermProtn.c" Line="1243" Column="14">

<Rule Name="21.1" Mode="required" Report="warning" Id="228">
<Loc File="C:\component\SF009A_DutyCycThermProtn_Impl\src\DutyCycThermProtn.c" Line="1281" Column="8">
</Loc>
<Message>
Minimisation of run-time failures.
</Message>
</Rule>

<Rule Name="21.1" Mode="required" Report="warning" Id="229">
<Loc File="C:\component\SF009A_DutyCycThermProtn_Impl\src\DutyCycThermProtn.c" Line="1281" Column="36">
</Loc>
<Message>
Minimisation of run-time failures.
</Message>
</Rule>

<Rule Name="21.1" Mode="required" Report="warning" Id="230">
<Loc File="C:\component\SF009A_DutyCycThermProtn_Impl\src\DutyCycThermProtn.c" Line="1282" Column="8">
</Loc>
<Message>
Minimisation of run-time failures.
</Message>
</Rule>

</CodeStruct>

</MISRA-C-Report>
