<?xml version="1.0" encoding="UTF-8"?>

<MISRA-C-Report version="1.3">


<CodeStruct Name="" File="C:\Component\SF044A_HowDetn_Impl\src\HowDetn.c" Line="0" Column="0">

<Rule Name="19.1" Mode="advisory" Report="warning" Id="1">
<Loc File="C:\Component\SF044A_HowDetn_Impl\src\HowDetn.c" Line="409" Column="0">
</Loc>
<Message>
#include statements in a file shall only be preceded by other preprocessor directives or comments.
</Message>
</Rule>

</CodeStruct>

<CodeStruct Name="HowDetnPer1" File="C:\Component\SF044A_HowDetn_Impl\src\HowDetn.c" Line="253" Column="5">

<Rule Name="9.1" Mode="required" Report="warning" Id="2">
<Loc File="C:\Component\SF044A_HowDetn_Impl\src\HowDetn.c" Line="296" Column="57">
</Loc>
<Message>
All automatic variables shall have been assigned a value before being used.
</Message>
</Rule>

<Rule Name="21.1" Mode="required" Report="warning" Id="3">
<Loc File="C:\Component\SF044A_HowDetn_Impl\src\HowDetn.c" Line="296" Column="95">
</Loc>
<Message>
Minimisation of run-time failures.
</Message>
</Rule>

<Rule Name="21.1" Mode="required" Report="warning" Id="4">
<Loc File="C:\Component\SF044A_HowDetn_Impl\src\HowDetn.c" Line="302" Column="8">
</Loc>
<Message>
Minimisation of run-time failures.
</Message>
</Rule>

<Rule Name="9.1" Mode="required" Report="warning" Id="5">
<Loc File="C:\Component\SF044A_HowDetn_Impl\src\HowDetn.c" Line="306" Column="48">
</Loc>
<Message>
All automatic variables shall have been assigned a value before being used.
</Message>
</Rule>

<Rule Name="12.3" Mode="required" Report="warning" Id="6">
<Loc File="C:\Component\SF044A_HowDetn_Impl\src\HowDetn.c" Line="310" Column="132">
</Loc>
<Message>
The sizeof operator should not be used on expressions that contain side effects.
</Message>
</Rule>

<Rule Name="11.5" Mode="required" Report="warning" Id="7">
<Loc File="C:\Component\SF044A_HowDetn_Impl\src\HowDetn.c" Line="310" Column="141">
</Loc>
<Message>
A cast shall not be performed that removes any const or volatile qualification
from the type addressed by a pointer.
</Message>
</Rule>

<Rule Name="12.3" Mode="required" Report="warning" Id="8">
<Loc File="C:\Component\SF044A_HowDetn_Impl\src\HowDetn.c" Line="310" Column="204">
</Loc>
<Message>
The sizeof operator should not be used on expressions that contain side effects.
</Message>
</Rule>

<Rule Name="11.5" Mode="required" Report="warning" Id="9">
<Loc File="C:\Component\SF044A_HowDetn_Impl\src\HowDetn.c" Line="310" Column="214">
</Loc>
<Message>
A cast shall not be performed that removes any const or volatile qualification
from the type addressed by a pointer.
</Message>
</Rule>

<Rule Name="21.1" Mode="required" Report="warning" Id="10">
<Loc File="C:\Component\SF044A_HowDetn_Impl\src\HowDetn.c" Line="318" Column="8">
</Loc>
<Message>
Minimisation of run-time failures.
</Message>
</Rule>

<Rule Name="12.3" Mode="required" Report="warning" Id="11">
<Loc File="C:\Component\SF044A_HowDetn_Impl\src\HowDetn.c" Line="332" Column="145">
</Loc>
<Message>
The sizeof operator should not be used on expressions that contain side effects.
</Message>
</Rule>

<Rule Name="11.5" Mode="required" Report="warning" Id="12">
<Loc File="C:\Component\SF044A_HowDetn_Impl\src\HowDetn.c" Line="332" Column="154">
</Loc>
<Message>
A cast shall not be performed that removes any const or volatile qualification
from the type addressed by a pointer.
</Message>
</Rule>

<Rule Name="12.3" Mode="required" Report="warning" Id="13">
<Loc File="C:\Component\SF044A_HowDetn_Impl\src\HowDetn.c" Line="332" Column="217">
</Loc>
<Message>
The sizeof operator should not be used on expressions that contain side effects.
</Message>
</Rule>

<Rule Name="11.5" Mode="required" Report="warning" Id="14">
<Loc File="C:\Component\SF044A_HowDetn_Impl\src\HowDetn.c" Line="332" Column="227">
</Loc>
<Message>
A cast shall not be performed that removes any const or volatile qualification
from the type addressed by a pointer.
</Message>
</Rule>

<Rule Name="12.3" Mode="required" Report="warning" Id="15">
<Loc File="C:\Component\SF044A_HowDetn_Impl\src\HowDetn.c" Line="335" Column="145">
</Loc>
<Message>
The sizeof operator should not be used on expressions that contain side effects.
</Message>
</Rule>

<Rule Name="11.5" Mode="required" Report="warning" Id="16">
<Loc File="C:\Component\SF044A_HowDetn_Impl\src\HowDetn.c" Line="335" Column="154">
</Loc>
<Message>
A cast shall not be performed that removes any const or volatile qualification
from the type addressed by a pointer.
</Message>
</Rule>

<Rule Name="12.3" Mode="required" Report="warning" Id="17">
<Loc File="C:\Component\SF044A_HowDetn_Impl\src\HowDetn.c" Line="335" Column="226">
</Loc>
<Message>
The sizeof operator should not be used on expressions that contain side effects.
</Message>
</Rule>

<Rule Name="11.5" Mode="required" Report="warning" Id="18">
<Loc File="C:\Component\SF044A_HowDetn_Impl\src\HowDetn.c" Line="335" Column="236">
</Loc>
<Message>
A cast shall not be performed that removes any const or volatile qualification
from the type addressed by a pointer.
</Message>
</Rule>

<Rule Name="12.3" Mode="required" Report="warning" Id="19">
<Loc File="C:\Component\SF044A_HowDetn_Impl\src\HowDetn.c" Line="346" Column="145">
</Loc>
<Message>
The sizeof operator should not be used on expressions that contain side effects.
</Message>
</Rule>

<Rule Name="11.5" Mode="required" Report="warning" Id="20">
<Loc File="C:\Component\SF044A_HowDetn_Impl\src\HowDetn.c" Line="346" Column="154">
</Loc>
<Message>
A cast shall not be performed that removes any const or volatile qualification
from the type addressed by a pointer.
</Message>
</Rule>

<Rule Name="12.3" Mode="required" Report="warning" Id="21">
<Loc File="C:\Component\SF044A_HowDetn_Impl\src\HowDetn.c" Line="346" Column="217">
</Loc>
<Message>
The sizeof operator should not be used on expressions that contain side effects.
</Message>
</Rule>

<Rule Name="11.5" Mode="required" Report="warning" Id="22">
<Loc File="C:\Component\SF044A_HowDetn_Impl\src\HowDetn.c" Line="346" Column="227">
</Loc>
<Message>
A cast shall not be performed that removes any const or volatile qualification
from the type addressed by a pointer.
</Message>
</Rule>

<Rule Name="12.3" Mode="required" Report="warning" Id="23">
<Loc File="C:\Component\SF044A_HowDetn_Impl\src\HowDetn.c" Line="349" Column="145">
</Loc>
<Message>
The sizeof operator should not be used on expressions that contain side effects.
</Message>
</Rule>

<Rule Name="11.5" Mode="required" Report="warning" Id="24">
<Loc File="C:\Component\SF044A_HowDetn_Impl\src\HowDetn.c" Line="349" Column="154">
</Loc>
<Message>
A cast shall not be performed that removes any const or volatile qualification
from the type addressed by a pointer.
</Message>
</Rule>

<Rule Name="12.3" Mode="required" Report="warning" Id="25">
<Loc File="C:\Component\SF044A_HowDetn_Impl\src\HowDetn.c" Line="349" Column="226">
</Loc>
<Message>
The sizeof operator should not be used on expressions that contain side effects.
</Message>
</Rule>

<Rule Name="11.5" Mode="required" Report="warning" Id="26">
<Loc File="C:\Component\SF044A_HowDetn_Impl\src\HowDetn.c" Line="349" Column="236">
</Loc>
<Message>
A cast shall not be performed that removes any const or volatile qualification
from the type addressed by a pointer.
</Message>
</Rule>

<Rule Name="21.1" Mode="required" Report="warning" Id="27">
<Loc File="C:\Component\SF044A_HowDetn_Impl\src\HowDetn.c" Line="355" Column="38">
</Loc>
<Message>
Minimisation of run-time failures.
</Message>
</Rule>

<Rule Name="21.1" Mode="required" Report="warning" Id="28">
<Loc File="C:\Component\SF044A_HowDetn_Impl\src\HowDetn.c" Line="359" Column="109">
</Loc>
<Message>
Minimisation of run-time failures.
</Message>
</Rule>

<Rule Name="21.1" Mode="required" Report="warning" Id="29">
<Loc File="C:\Component\SF044A_HowDetn_Impl\src\HowDetn.c" Line="369" Column="52">
</Loc>
<Message>
Minimisation of run-time failures.
</Message>
</Rule>

<Rule Name="12.3" Mode="required" Report="warning" Id="30">
<Loc File="C:\Component\SF044A_HowDetn_Impl\src\HowDetn.c" Line="385" Column="124">
</Loc>
<Message>
The sizeof operator should not be used on expressions that contain side effects.
</Message>
</Rule>

<Rule Name="11.5" Mode="required" Report="warning" Id="31">
<Loc File="C:\Component\SF044A_HowDetn_Impl\src\HowDetn.c" Line="385" Column="133">
</Loc>
<Message>
A cast shall not be performed that removes any const or volatile qualification
from the type addressed by a pointer.
</Message>
</Rule>

<Rule Name="12.3" Mode="required" Report="warning" Id="32">
<Loc File="C:\Component\SF044A_HowDetn_Impl\src\HowDetn.c" Line="385" Column="196">
</Loc>
<Message>
The sizeof operator should not be used on expressions that contain side effects.
</Message>
</Rule>

<Rule Name="11.5" Mode="required" Report="warning" Id="33">
<Loc File="C:\Component\SF044A_HowDetn_Impl\src\HowDetn.c" Line="385" Column="206">
</Loc>
<Message>
A cast shall not be performed that removes any const or volatile qualification
from the type addressed by a pointer.
</Message>
</Rule>

</CodeStruct>

<CodeStruct Name="HowDetnInit1" File="C:\Component\SF044A_HowDetn_Impl\src\HowDetn.c" Line="205" Column="5">

<Rule Name="21.1" Mode="required" Report="warning" Id="34">
<Loc File="C:\Component\SF044A_HowDetn_Impl\src\HowDetn.c" Line="211" Column="96">
</Loc>
<Message>
Minimisation of run-time failures.
</Message>
</Rule>

</CodeStruct>

</MISRA-C-Report>
