<?xml version="1.0" encoding="UTF-8"?>

<MISRA-C-Report version="1.3">


<CodeStruct Name="" File="C:\component\ES311A_GateDrv0Ctrl_Impl\src\GateDrv0Ctrl.c" Line="0" Column="0">

<Rule Name="19.1" Mode="advisory" Report="warning" Id="1">
<Loc File="C:\component\ES311A_GateDrv0Ctrl_Impl\src\GateDrv0Ctrl.c" Line="732" Column="0">
</Loc>
<Message>
#include statements in a file shall only be preceded by other preprocessor directives or comments.
</Message>
</Rule>

<Rule Name="19.1" Mode="advisory" Report="warning" Id="2">
<Loc File="C:\component\ES311A_GateDrv0Ctrl_Impl\src\GateDrv0Ctrl.c" Line="984" Column="0">
</Loc>
<Message>
#include statements in a file shall only be preceded by other preprocessor directives or comments.
</Message>
</Rule>

<Rule Name="19.1" Mode="advisory" Report="warning" Id="3">
<Loc File="C:\component\ES311A_GateDrv0Ctrl_Impl\src\GateDrv0Ctrl.c" Line="992" Column="0">
</Loc>
<Message>
#include statements in a file shall only be preceded by other preprocessor directives or comments.
</Message>
</Rule>

<Rule Name="1.1" Mode="required" Report="warning" Id="4">
<Loc File="C:\component\ES311A_GateDrv0Ctrl_Impl\src\GateDrv0Ctrl.c" Line="1003" Column="21">
</Loc>
<Message>
All code shall conform to ISO 9899:1990 Programming languages  C,
amended and corrected by ISO/IEC 9899/COR1:1995, ISO/IEC 9899/AMD1:1995,
and ISO/IEC 9899/COR2:1996.
Keyword 'inline' should not be used.
</Message>
</Rule>

<Rule Name="19.1" Mode="advisory" Report="warning" Id="5">
<Loc File="C:\component\ES311A_GateDrv0Ctrl_Impl\src\GateDrv0Ctrl.c" Line="1704" Column="0">
</Loc>
<Message>
#include statements in a file shall only be preceded by other preprocessor directives or comments.
</Message>
</Rule>

</CodeStruct>

<CodeStruct Name="GateDrvDetermineVltgFlt" File="C:\component\ES311A_GateDrv0Ctrl_Impl\src\GateDrv0Ctrl.c" Line="1513" Column="15">

<Rule Name="21.1" Mode="required" Report="warning" Id="6">
<Loc File="C:\component\ES311A_GateDrv0Ctrl_Impl\src\GateDrv0Ctrl.c" Line="1524" Column="14">
</Loc>
<Message>
Minimisation of run-time failures.
</Message>
</Rule>

<Rule Name="21.1" Mode="required" Report="warning" Id="7">
<Loc File="C:\component\ES311A_GateDrv0Ctrl_Impl\src\GateDrv0Ctrl.c" Line="1527" Column="16">
</Loc>
<Message>
Minimisation of run-time failures.
</Message>
</Rule>

<Rule Name="21.1" Mode="required" Report="warning" Id="8">
<Loc File="C:\component\ES311A_GateDrv0Ctrl_Impl\src\GateDrv0Ctrl.c" Line="1527" Column="85">
</Loc>
<Message>
Minimisation of run-time failures.
</Message>
</Rule>

<Rule Name="21.1" Mode="required" Report="warning" Id="9">
<Loc File="C:\component\ES311A_GateDrv0Ctrl_Impl\src\GateDrv0Ctrl.c" Line="1529" Column="20">
</Loc>
<Message>
Minimisation of run-time failures.
</Message>
</Rule>

<Rule Name="21.1" Mode="required" Report="warning" Id="10">
<Loc File="C:\component\ES311A_GateDrv0Ctrl_Impl\src\GateDrv0Ctrl.c" Line="1536" Column="78">
</Loc>
<Message>
Minimisation of run-time failures.
</Message>
</Rule>

<Rule Name="21.1" Mode="required" Report="warning" Id="11">
<Loc File="C:\component\ES311A_GateDrv0Ctrl_Impl\src\GateDrv0Ctrl.c" Line="1544" Column="22">
</Loc>
<Message>
Minimisation of run-time failures.
</Message>
</Rule>

<Rule Name="21.1" Mode="required" Report="warning" Id="12">
<Loc File="C:\component\ES311A_GateDrv0Ctrl_Impl\src\GateDrv0Ctrl.c" Line="1548" Column="83">
</Loc>
<Message>
Minimisation of run-time failures.
</Message>
</Rule>

<Rule Name="21.1" Mode="required" Report="warning" Id="13">
<Loc File="C:\component\ES311A_GateDrv0Ctrl_Impl\src\GateDrv0Ctrl.c" Line="1553" Column="78">
</Loc>
<Message>
Minimisation of run-time failures.
</Message>
</Rule>

<Rule Name="21.1" Mode="required" Report="warning" Id="14">
<Loc File="C:\component\ES311A_GateDrv0Ctrl_Impl\src\GateDrv0Ctrl.c" Line="1561" Column="68">
</Loc>
<Message>
Minimisation of run-time failures.
</Message>
</Rule>

<Rule Name="21.1" Mode="required" Report="warning" Id="15">
<Loc File="C:\component\ES311A_GateDrv0Ctrl_Impl\src\GateDrv0Ctrl.c" Line="1566" Column="16">
</Loc>
<Message>
Minimisation of run-time failures.
</Message>
</Rule>

<Rule Name="21.1" Mode="required" Report="warning" Id="16">
<Loc File="C:\component\ES311A_GateDrv0Ctrl_Impl\src\GateDrv0Ctrl.c" Line="1567" Column="68">
</Loc>
<Message>
Minimisation of run-time failures.
</Message>
</Rule>

</CodeStruct>

<CodeStruct Name="OperFltMonrSt" File="C:\component\ES311A_GateDrv0Ctrl_Impl\src\GateDrv0Ctrl.c" Line="1391" Column="12">

<Rule Name="21.1" Mode="required" Report="warning" Id="21">
<Loc File="C:\component\ES311A_GateDrv0Ctrl_Impl\src\GateDrv0Ctrl.c" Line="1407" Column="14">
</Loc>
<Message>
Minimisation of run-time failures.
</Message>
</Rule>

<Rule Name="21.1" Mode="required" Report="warning" Id="22">
<Loc File="C:\component\ES311A_GateDrv0Ctrl_Impl\src\GateDrv0Ctrl.c" Line="1421" Column="76">
</Loc>
<Message>
Minimisation of run-time failures.
</Message>
</Rule>

<Rule Name="21.1" Mode="required" Report="warning" Id="23">
<Loc File="C:\component\ES311A_GateDrv0Ctrl_Impl\src\GateDrv0Ctrl.c" Line="1426" Column="24">
</Loc>
<Message>
Minimisation of run-time failures.
</Message>
</Rule>

<Rule Name="21.1" Mode="required" Report="warning" Id="24">
<Loc File="C:\component\ES311A_GateDrv0Ctrl_Impl\src\GateDrv0Ctrl.c" Line="1434" Column="16">
</Loc>
<Message>
Minimisation of run-time failures.
</Message>
</Rule>

<Rule Name="21.1" Mode="required" Report="warning" Id="25">
<Loc File="C:\component\ES311A_GateDrv0Ctrl_Impl\src\GateDrv0Ctrl.c" Line="1435" Column="68">
</Loc>
<Message>
Minimisation of run-time failures.
</Message>
</Rule>

<Rule Name="21.1" Mode="required" Report="warning" Id="26">
<Loc File="C:\component\ES311A_GateDrv0Ctrl_Impl\src\GateDrv0Ctrl.c" Line="1441" Column="16">
</Loc>
<Message>
Minimisation of run-time failures.
</Message>
</Rule>

<Rule Name="21.1" Mode="required" Report="warning" Id="27">
<Loc File="C:\component\ES311A_GateDrv0Ctrl_Impl\src\GateDrv0Ctrl.c" Line="1442" Column="16">
</Loc>
<Message>
Minimisation of run-time failures.
</Message>
</Rule>

</CodeStruct>

<CodeStruct Name="GateDrv0CtrlPer1" File="C:\component\ES311A_GateDrv0Ctrl_Impl\src\GateDrv0Ctrl.c" Line="797" Column="5">

<Rule Name="9.1" Mode="required" Report="warning" Id="17">
<Loc File="C:\component\ES311A_GateDrv0Ctrl_Impl\src\GateDrv0Ctrl.c" Line="816" Column="15">
</Loc>
<Message>
All automatic variables shall have been assigned a value before being used.
</Message>
</Rule>

<Rule Name="9.1" Mode="required" Report="warning" Id="18">
<Loc File="C:\component\ES311A_GateDrv0Ctrl_Impl\src\GateDrv0Ctrl.c" Line="816" Column="76">
</Loc>
<Message>
All automatic variables shall have been assigned a value before being used.
</Message>
</Rule>

<Rule Name="9.1" Mode="required" Report="warning" Id="19">
<Loc File="C:\component\ES311A_GateDrv0Ctrl_Impl\src\GateDrv0Ctrl.c" Line="817" Column="20">
</Loc>
<Message>
All automatic variables shall have been assigned a value before being used.
</Message>
</Rule>

<Rule Name="9.1" Mode="required" Report="warning" Id="20">
<Loc File="C:\component\ES311A_GateDrv0Ctrl_Impl\src\GateDrv0Ctrl.c" Line="837" Column="20">
</Loc>
<Message>
All automatic variables shall have been assigned a value before being used.
</Message>
</Rule>

</CodeStruct>

<CodeStruct Name="OffStVrfyData" File="C:\component\ES311A_GateDrv0Ctrl_Impl\src\GateDrv0Ctrl.c" Line="1108" Column="15">

<Rule Name="21.1" Mode="required" Report="warning" Id="30">
<Loc File="C:\component\ES311A_GateDrv0Ctrl_Impl\src\GateDrv0Ctrl.c" Line="1123" Column="62">
</Loc>
<Message>
Minimisation of run-time failures.
</Message>
</Rule>

<Rule Name="21.1" Mode="required" Report="warning" Id="31">
<Loc File="C:\component\ES311A_GateDrv0Ctrl_Impl\src\GateDrv0Ctrl.c" Line="1123" Column="63">
</Loc>
<Message>
Minimisation of run-time failures.
</Message>
</Rule>

<Rule Name="9.1" Mode="required" Report="warning" Id="32">
<Loc File="C:\component\ES311A_GateDrv0Ctrl_Impl\src\GateDrv0Ctrl.c" Line="1145" Column="20">
</Loc>
<Message>
All automatic variables shall have been assigned a value before being used.
</Message>
</Rule>

<Rule Name="21.1" Mode="required" Report="warning" Id="33">
<Loc File="C:\component\ES311A_GateDrv0Ctrl_Impl\src\GateDrv0Ctrl.c" Line="1151" Column="44">
</Loc>
<Message>
Minimisation of run-time failures.
</Message>
</Rule>

<Rule Name="21.1" Mode="required" Report="warning" Id="34">
<Loc File="C:\component\ES311A_GateDrv0Ctrl_Impl\src\GateDrv0Ctrl.c" Line="1155" Column="51">
</Loc>
<Message>
Minimisation of run-time failures.
</Message>
</Rule>

<Rule Name="21.1" Mode="required" Report="warning" Id="35">
<Loc File="C:\component\ES311A_GateDrv0Ctrl_Impl\src\GateDrv0Ctrl.c" Line="1159" Column="51">
</Loc>
<Message>
Minimisation of run-time failures.
</Message>
</Rule>

<Rule Name="21.1" Mode="required" Report="warning" Id="36">
<Loc File="C:\component\ES311A_GateDrv0Ctrl_Impl\src\GateDrv0Ctrl.c" Line="1163" Column="51">
</Loc>
<Message>
Minimisation of run-time failures.
</Message>
</Rule>

<Rule Name="21.1" Mode="required" Report="warning" Id="37">
<Loc File="C:\component\ES311A_GateDrv0Ctrl_Impl\src\GateDrv0Ctrl.c" Line="1167" Column="51">
</Loc>
<Message>
Minimisation of run-time failures.
</Message>
</Rule>

</CodeStruct>

<CodeStruct Name="GateDrv0CtrlInit1" File="C:\component\ES311A_GateDrv0Ctrl_Impl\src\GateDrv0Ctrl.c" Line="744" Column="5">

<Rule Name="21.1" Mode="required" Report="warning" Id="28">
<Loc File="C:\component\ES311A_GateDrv0Ctrl_Impl\src\GateDrv0Ctrl.c" Line="751" Column="8">
</Loc>
<Message>
Minimisation of run-time failures.
</Message>
</Rule>

<Rule Name="21.1" Mode="required" Report="warning" Id="29">
<Loc File="C:\component\ES311A_GateDrv0Ctrl_Impl\src\GateDrv0Ctrl.c" Line="751" Column="31">
</Loc>
<Message>
Minimisation of run-time failures.
</Message>
</Rule>

</CodeStruct>

<CodeStruct Name="ReadBackRegs" File="C:\component\ES311A_GateDrv0Ctrl_Impl\src\GateDrv0Ctrl.c" Line="1272" Column="12">

<Rule Name="9.1" Mode="required" Report="warning" Id="38">
<Loc File="C:\component\ES311A_GateDrv0Ctrl_Impl\src\GateDrv0Ctrl.c" Line="1306" Column="13">
</Loc>
<Message>
All automatic variables shall have been assigned a value before being used.
</Message>
</Rule>

<Rule Name="9.1" Mode="required" Report="warning" Id="39">
<Loc File="C:\component\ES311A_GateDrv0Ctrl_Impl\src\GateDrv0Ctrl.c" Line="1310" Column="18">
</Loc>
<Message>
All automatic variables shall have been assigned a value before being used.
</Message>
</Rule>

<Rule Name="9.1" Mode="required" Report="warning" Id="40">
<Loc File="C:\component\ES311A_GateDrv0Ctrl_Impl\src\GateDrv0Ctrl.c" Line="1314" Column="18">
</Loc>
<Message>
All automatic variables shall have been assigned a value before being used.
</Message>
</Rule>

<Rule Name="9.1" Mode="required" Report="warning" Id="41">
<Loc File="C:\component\ES311A_GateDrv0Ctrl_Impl\src\GateDrv0Ctrl.c" Line="1318" Column="18">
</Loc>
<Message>
All automatic variables shall have been assigned a value before being used.
</Message>
</Rule>

<Rule Name="9.1" Mode="required" Report="warning" Id="42">
<Loc File="C:\component\ES311A_GateDrv0Ctrl_Impl\src\GateDrv0Ctrl.c" Line="1322" Column="18">
</Loc>
<Message>
All automatic variables shall have been assigned a value before being used.
</Message>
</Rule>

<Rule Name="9.1" Mode="required" Report="warning" Id="43">
<Loc File="C:\component\ES311A_GateDrv0Ctrl_Impl\src\GateDrv0Ctrl.c" Line="1326" Column="18">
</Loc>
<Message>
All automatic variables shall have been assigned a value before being used.
</Message>
</Rule>

<Rule Name="9.1" Mode="required" Report="warning" Id="44">
<Loc File="C:\component\ES311A_GateDrv0Ctrl_Impl\src\GateDrv0Ctrl.c" Line="1330" Column="18">
</Loc>
<Message>
All automatic variables shall have been assigned a value before being used.
</Message>
</Rule>

<Rule Name="9.1" Mode="required" Report="warning" Id="45">
<Loc File="C:\component\ES311A_GateDrv0Ctrl_Impl\src\GateDrv0Ctrl.c" Line="1334" Column="18">
</Loc>
<Message>
All automatic variables shall have been assigned a value before being used.
</Message>
</Rule>

<Rule Name="9.1" Mode="required" Report="warning" Id="46">
<Loc File="C:\component\ES311A_GateDrv0Ctrl_Impl\src\GateDrv0Ctrl.c" Line="1338" Column="18">
</Loc>
<Message>
All automatic variables shall have been assigned a value before being used.
</Message>
</Rule>

<Rule Name="9.1" Mode="required" Report="warning" Id="47">
<Loc File="C:\component\ES311A_GateDrv0Ctrl_Impl\src\GateDrv0Ctrl.c" Line="1342" Column="18">
</Loc>
<Message>
All automatic variables shall have been assigned a value before being used.
</Message>
</Rule>

<Rule Name="9.1" Mode="required" Report="warning" Id="48">
<Loc File="C:\component\ES311A_GateDrv0Ctrl_Impl\src\GateDrv0Ctrl.c" Line="1346" Column="18">
</Loc>
<Message>
All automatic variables shall have been assigned a value before being used.
</Message>
</Rule>

<Rule Name="21.1" Mode="required" Report="warning" Id="49">
<Loc File="C:\component\ES311A_GateDrv0Ctrl_Impl\src\GateDrv0Ctrl.c" Line="1358" Column="20">
</Loc>
<Message>
Minimisation of run-time failures.
</Message>
</Rule>

<Rule Name="21.1" Mode="required" Report="warning" Id="50">
<Loc File="C:\component\ES311A_GateDrv0Ctrl_Impl\src\GateDrv0Ctrl.c" Line="1360" Column="24">
</Loc>
<Message>
Minimisation of run-time failures.
</Message>
</Rule>

<Rule Name="21.1" Mode="required" Report="warning" Id="51">
<Loc File="C:\component\ES311A_GateDrv0Ctrl_Impl\src\GateDrv0Ctrl.c" Line="1368" Column="24">
</Loc>
<Message>
Minimisation of run-time failures.
</Message>
</Rule>

<Rule Name="21.1" Mode="required" Report="warning" Id="52">
<Loc File="C:\component\ES311A_GateDrv0Ctrl_Impl\src\GateDrv0Ctrl.c" Line="1375" Column="16">
</Loc>
<Message>
Minimisation of run-time failures.
</Message>
</Rule>

</CodeStruct>

<CodeStruct Name="GateDrv0CtrlPer2" File="C:\component\ES311A_GateDrv0Ctrl_Impl\src\GateDrv0Ctrl.c" Line="906" Column="5">

<Rule Name="21.1" Mode="required" Report="warning" Id="53">
<Loc File="C:\component\ES311A_GateDrv0Ctrl_Impl\src\GateDrv0Ctrl.c" Line="928" Column="80">
</Loc>
<Message>
Minimisation of run-time failures.
</Message>
</Rule>

<Rule Name="21.1" Mode="required" Report="warning" Id="54">
<Loc File="C:\component\ES311A_GateDrv0Ctrl_Impl\src\GateDrv0Ctrl.c" Line="937" Column="24">
</Loc>
<Message>
Minimisation of run-time failures.
</Message>
</Rule>

<Rule Name="9.1" Mode="required" Report="warning" Id="55">
<Loc File="C:\component\ES311A_GateDrv0Ctrl_Impl\src\GateDrv0Ctrl.c" Line="959" Column="73">
</Loc>
<Message>
All automatic variables shall have been assigned a value before being used.
</Message>
</Rule>

<Rule Name="21.1" Mode="required" Report="warning" Id="56">
<Loc File="C:\component\ES311A_GateDrv0Ctrl_Impl\src\GateDrv0Ctrl.c" Line="961" Column="16">
</Loc>
<Message>
Minimisation of run-time failures.
</Message>
</Rule>

<Rule Name="21.1" Mode="required" Report="warning" Id="57">
<Loc File="C:\component\ES311A_GateDrv0Ctrl_Impl\src\GateDrv0Ctrl.c" Line="961" Column="39">
</Loc>
<Message>
Minimisation of run-time failures.
</Message>
</Rule>

<Rule Name="21.1" Mode="required" Report="warning" Id="58">
<Loc File="C:\component\ES311A_GateDrv0Ctrl_Impl\src\GateDrv0Ctrl.c" Line="962" Column="16">
</Loc>
<Message>
Minimisation of run-time failures.
</Message>
</Rule>

<Rule Name="21.1" Mode="required" Report="warning" Id="59">
<Loc File="C:\component\ES311A_GateDrv0Ctrl_Impl\src\GateDrv0Ctrl.c" Line="963" Column="16">
</Loc>
<Message>
Minimisation of run-time failures.
</Message>
</Rule>

<Rule Name="21.1" Mode="required" Report="warning" Id="60">
<Loc File="C:\component\ES311A_GateDrv0Ctrl_Impl\src\GateDrv0Ctrl.c" Line="964" Column="16">
</Loc>
<Message>
Minimisation of run-time failures.
</Message>
</Rule>

<Rule Name="21.1" Mode="required" Report="warning" Id="61">
<Loc File="C:\component\ES311A_GateDrv0Ctrl_Impl\src\GateDrv0Ctrl.c" Line="966" Column="20">
</Loc>
<Message>
Minimisation of run-time failures.
</Message>
</Rule>

<Rule Name="21.1" Mode="required" Report="warning" Id="62">
<Loc File="C:\component\ES311A_GateDrv0Ctrl_Impl\src\GateDrv0Ctrl.c" Line="968" Column="24">
</Loc>
<Message>
Minimisation of run-time failures.
</Message>
</Rule>

<Rule Name="21.1" Mode="required" Report="warning" Id="63">
<Loc File="C:\component\ES311A_GateDrv0Ctrl_Impl\src\GateDrv0Ctrl.c" Line="972" Column="24">
</Loc>
<Message>
Minimisation of run-time failures.
</Message>
</Rule>

</CodeStruct>

<CodeStruct Name="GateDrvDetermineGenericFlt" File="C:\component\ES311A_GateDrv0Ctrl_Impl\src\GateDrv0Ctrl.c" Line="1584" Column="15">

<Rule Name="21.1" Mode="required" Report="warning" Id="64">
<Loc File="C:\component\ES311A_GateDrv0Ctrl_Impl\src\GateDrv0Ctrl.c" Line="1599" Column="14">
</Loc>
<Message>
Minimisation of run-time failures.
</Message>
</Rule>

<Rule Name="21.1" Mode="required" Report="warning" Id="65">
<Loc File="C:\component\ES311A_GateDrv0Ctrl_Impl\src\GateDrv0Ctrl.c" Line="1602" Column="70">
</Loc>
<Message>
Minimisation of run-time failures.
</Message>
</Rule>

<Rule Name="21.1" Mode="required" Report="warning" Id="66">
<Loc File="C:\component\ES311A_GateDrv0Ctrl_Impl\src\GateDrv0Ctrl.c" Line="1616" Column="70">
</Loc>
<Message>
Minimisation of run-time failures.
</Message>
</Rule>

<Rule Name="21.1" Mode="required" Report="warning" Id="67">
<Loc File="C:\component\ES311A_GateDrv0Ctrl_Impl\src\GateDrv0Ctrl.c" Line="1630" Column="70">
</Loc>
<Message>
Minimisation of run-time failures.
</Message>
</Rule>

<Rule Name="21.1" Mode="required" Report="warning" Id="68">
<Loc File="C:\component\ES311A_GateDrv0Ctrl_Impl\src\GateDrv0Ctrl.c" Line="1644" Column="70">
</Loc>
<Message>
Minimisation of run-time failures.
</Message>
</Rule>

<Rule Name="21.1" Mode="required" Report="warning" Id="69">
<Loc File="C:\component\ES311A_GateDrv0Ctrl_Impl\src\GateDrv0Ctrl.c" Line="1658" Column="70">
</Loc>
<Message>
Minimisation of run-time failures.
</Message>
</Rule>

<Rule Name="21.1" Mode="required" Report="warning" Id="70">
<Loc File="C:\component\ES311A_GateDrv0Ctrl_Impl\src\GateDrv0Ctrl.c" Line="1674" Column="22">
</Loc>
<Message>
Minimisation of run-time failures.
</Message>
</Rule>

<Rule Name="21.1" Mode="required" Report="warning" Id="71">
<Loc File="C:\component\ES311A_GateDrv0Ctrl_Impl\src\GateDrv0Ctrl.c" Line="1677" Column="78">
</Loc>
<Message>
Minimisation of run-time failures.
</Message>
</Rule>

<Rule Name="21.1" Mode="required" Report="warning" Id="72">
<Loc File="C:\component\ES311A_GateDrv0Ctrl_Impl\src\GateDrv0Ctrl.c" Line="1683" Column="78">
</Loc>
<Message>
Minimisation of run-time failures.
</Message>
</Rule>

<Rule Name="21.1" Mode="required" Report="warning" Id="73">
<Loc File="C:\component\ES311A_GateDrv0Ctrl_Impl\src\GateDrv0Ctrl.c" Line="1688" Column="78">
</Loc>
<Message>
Minimisation of run-time failures.
</Message>
</Rule>

</CodeStruct>

<CodeStruct Name="GateDrvDetermineOnStSngFETFlt" File="C:\component\ES311A_GateDrv0Ctrl_Impl\src\GateDrv0Ctrl.c" Line="1469" Column="15">

<Rule Name="21.1" Mode="required" Report="warning" Id="74">
<Loc File="C:\component\ES311A_GateDrv0Ctrl_Impl\src\GateDrv0Ctrl.c" Line="1477" Column="14">
</Loc>
<Message>
Minimisation of run-time failures.
</Message>
</Rule>

<Rule Name="21.1" Mode="required" Report="warning" Id="75">
<Loc File="C:\component\ES311A_GateDrv0Ctrl_Impl\src\GateDrv0Ctrl.c" Line="1480" Column="50">
</Loc>
<Message>
Minimisation of run-time failures.
</Message>
</Rule>

<Rule Name="21.1" Mode="required" Report="warning" Id="76">
<Loc File="C:\component\ES311A_GateDrv0Ctrl_Impl\src\GateDrv0Ctrl.c" Line="1490" Column="78">
</Loc>
<Message>
Minimisation of run-time failures.
</Message>
</Rule>

</CodeStruct>

<CodeStruct Name="CfgSt" File="C:\component\ES311A_GateDrv0Ctrl_Impl\src\GateDrv0Ctrl.c" Line="1189" Column="12">

<Rule Name="21.1" Mode="required" Report="warning" Id="77">
<Loc File="C:\component\ES311A_GateDrv0Ctrl_Impl\src\GateDrv0Ctrl.c" Line="1191" Column="16">
</Loc>
<Message>
Minimisation of run-time failures.
</Message>
</Rule>

</CodeStruct>

<CodeStruct Name="OffStVrfySt" File="C:\component\ES311A_GateDrv0Ctrl_Impl\src\GateDrv0Ctrl.c" Line="1026" Column="12">

<Rule Name="21.1" Mode="required" Report="warning" Id="78">
<Loc File="C:\component\ES311A_GateDrv0Ctrl_Impl\src\GateDrv0Ctrl.c" Line="1031" Column="12">
</Loc>
<Message>
Minimisation of run-time failures.
</Message>
</Rule>

<Rule Name="21.1" Mode="required" Report="warning" Id="79">
<Loc File="C:\component\ES311A_GateDrv0Ctrl_Impl\src\GateDrv0Ctrl.c" Line="1044" Column="20">
</Loc>
<Message>
Minimisation of run-time failures.
</Message>
</Rule>

<Rule Name="21.1" Mode="required" Report="warning" Id="80">
<Loc File="C:\component\ES311A_GateDrv0Ctrl_Impl\src\GateDrv0Ctrl.c" Line="1051" Column="55">
</Loc>
<Message>
Minimisation of run-time failures.
</Message>
</Rule>

<Rule Name="21.1" Mode="required" Report="warning" Id="81">
<Loc File="C:\component\ES311A_GateDrv0Ctrl_Impl\src\GateDrv0Ctrl.c" Line="1059" Column="84">
</Loc>
<Message>
Minimisation of run-time failures.
</Message>
</Rule>

<Rule Name="21.1" Mode="required" Report="warning" Id="82">
<Loc File="C:\component\ES311A_GateDrv0Ctrl_Impl\src\GateDrv0Ctrl.c" Line="1064" Column="36">
</Loc>
<Message>
Minimisation of run-time failures.
</Message>
</Rule>

<Rule Name="21.1" Mode="required" Report="warning" Id="83">
<Loc File="C:\component\ES311A_GateDrv0Ctrl_Impl\src\GateDrv0Ctrl.c" Line="1067" Column="40">
</Loc>
<Message>
Minimisation of run-time failures.
</Message>
</Rule>

<Rule Name="21.1" Mode="required" Report="warning" Id="84">
<Loc File="C:\component\ES311A_GateDrv0Ctrl_Impl\src\GateDrv0Ctrl.c" Line="1075" Column="92">
</Loc>
<Message>
Minimisation of run-time failures.
</Message>
</Rule>

<Rule Name="21.1" Mode="required" Report="warning" Id="85">
<Loc File="C:\component\ES311A_GateDrv0Ctrl_Impl\src\GateDrv0Ctrl.c" Line="1080" Column="32">
</Loc>
<Message>
Minimisation of run-time failures.
</Message>
</Rule>

<Rule Name="21.1" Mode="required" Report="warning" Id="86">
<Loc File="C:\component\ES311A_GateDrv0Ctrl_Impl\src\GateDrv0Ctrl.c" Line="1080" Column="117">
</Loc>
<Message>
Minimisation of run-time failures.
</Message>
</Rule>

<Rule Name="21.1" Mode="required" Report="warning" Id="87">
<Loc File="C:\component\ES311A_GateDrv0Ctrl_Impl\src\GateDrv0Ctrl.c" Line="1081" Column="32">
</Loc>
<Message>
Minimisation of run-time failures.
</Message>
</Rule>

<Rule Name="21.1" Mode="required" Report="warning" Id="88">
<Loc File="C:\component\ES311A_GateDrv0Ctrl_Impl\src\GateDrv0Ctrl.c" Line="1081" Column="117">
</Loc>
<Message>
Minimisation of run-time failures.
</Message>
</Rule>

<Rule Name="21.1" Mode="required" Report="warning" Id="89">
<Loc File="C:\component\ES311A_GateDrv0Ctrl_Impl\src\GateDrv0Ctrl.c" Line="1082" Column="32">
</Loc>
<Message>
Minimisation of run-time failures.
</Message>
</Rule>

<Rule Name="21.1" Mode="required" Report="warning" Id="90">
<Loc File="C:\component\ES311A_GateDrv0Ctrl_Impl\src\GateDrv0Ctrl.c" Line="1082" Column="117">
</Loc>
<Message>
Minimisation of run-time failures.
</Message>
</Rule>

<Rule Name="21.1" Mode="required" Report="warning" Id="91">
<Loc File="C:\component\ES311A_GateDrv0Ctrl_Impl\src\GateDrv0Ctrl.c" Line="1083" Column="32">
</Loc>
<Message>
Minimisation of run-time failures.
</Message>
</Rule>

<Rule Name="21.1" Mode="required" Report="warning" Id="92">
<Loc File="C:\component\ES311A_GateDrv0Ctrl_Impl\src\GateDrv0Ctrl.c" Line="1083" Column="117">
</Loc>
<Message>
Minimisation of run-time failures.
</Message>
</Rule>

<Rule Name="21.1" Mode="required" Report="warning" Id="93">
<Loc File="C:\component\ES311A_GateDrv0Ctrl_Impl\src\GateDrv0Ctrl.c" Line="1084" Column="32">
</Loc>
<Message>
Minimisation of run-time failures.
</Message>
</Rule>

<Rule Name="21.1" Mode="required" Report="warning" Id="94">
<Loc File="C:\component\ES311A_GateDrv0Ctrl_Impl\src\GateDrv0Ctrl.c" Line="1084" Column="109">
</Loc>
<Message>
Minimisation of run-time failures.
</Message>
</Rule>

<Rule Name="21.1" Mode="required" Report="warning" Id="95">
<Loc File="C:\component\ES311A_GateDrv0Ctrl_Impl\src\GateDrv0Ctrl.c" Line="1085" Column="32">
</Loc>
<Message>
Minimisation of run-time failures.
</Message>
</Rule>

<Rule Name="21.1" Mode="required" Report="warning" Id="96">
<Loc File="C:\component\ES311A_GateDrv0Ctrl_Impl\src\GateDrv0Ctrl.c" Line="1085" Column="109">
</Loc>
<Message>
Minimisation of run-time failures.
</Message>
</Rule>

<Rule Name="21.1" Mode="required" Report="warning" Id="97">
<Loc File="C:\component\ES311A_GateDrv0Ctrl_Impl\src\GateDrv0Ctrl.c" Line="1086" Column="32">
</Loc>
<Message>
Minimisation of run-time failures.
</Message>
</Rule>

<Rule Name="21.1" Mode="required" Report="warning" Id="98">
<Loc File="C:\component\ES311A_GateDrv0Ctrl_Impl\src\GateDrv0Ctrl.c" Line="1086" Column="105">
</Loc>
<Message>
Minimisation of run-time failures.
</Message>
</Rule>

<Rule Name="21.1" Mode="required" Report="warning" Id="99">
<Loc File="C:\component\ES311A_GateDrv0Ctrl_Impl\src\GateDrv0Ctrl.c" Line="1092" Column="24">
</Loc>
<Message>
Minimisation of run-time failures.
</Message>
</Rule>

</CodeStruct>

</MISRA-C-Report>
