<?xml version="1.0" encoding="UTF-8"?>

<MISRA-C-Report version="1.3">


<CodeStruct Name="" File="C:\Component\SF103A_MotRefMdl_Impl\src\MotRefMdl.c" Line="0" Column="0">

<Rule Name="19.1" Mode="advisory" Report="warning" Id="2">
<Loc File="C:\Component\SF103A_MotRefMdl_Impl\src\MotRefMdl.c" Line="308" Column="0">
</Loc>
<Message>
#include statements in a file shall only be preceded by other preprocessor directives or comments.
</Message>
</Rule>

<Rule Name="19.1" Mode="advisory" Report="warning" Id="3">
<Loc File="C:\Component\SF103A_MotRefMdl_Impl\src\MotRefMdl.c" Line="705" Column="0">
</Loc>
<Message>
#include statements in a file shall only be preceded by other preprocessor directives or comments.
</Message>
</Rule>

</CodeStruct>

<CodeStruct Name="" File="C:\Component\SF103A_MotRefMdl_Impl\include\MotRefMdl.h" Line="0" Column="0">

<Rule Name="5.1" Mode="required" Report="warning" Id="1">
<Loc File="C:\Component\SF103A_MotRefMdl_Impl\include\MotRefMdl.h" Line="30" Column="8">
</Loc>
<Message>
Identifiers "MOTREFMDL_INVTERDEADTIBRDGVLTGSCALOLIM_ULS_F32" (MotRefMdl.h line 30 column 8) and "MOTREFMDL_INVTERDEADTIBRDGVLTGSCAHILIM_ULS_F32" (MotRefMdl.h line 29 column 8) have the same first 33 characters.
</Message>
</Rule>

</CodeStruct>

<CodeStruct Name="CalcMinMotCurr" File="C:\Component\SF103A_MotRefMdl_Impl\src\MotRefMdl.c" Line="978" Column="12">

<Rule Name="12.4" Mode="required" Report="warning" Id="4">
<Loc File="C:\Component\SF103A_MotRefMdl_Impl\src\MotRefMdl.c" Line="1033" Column="154">
</Loc>
<Message>
The right hand operand of a logical &amp;&amp; or || operator shall not contain side effects.
</Message>
</Rule>

<Rule Name="21.1" Mode="required" Report="warning" Id="5">
<Loc File="C:\Component\SF103A_MotRefMdl_Impl\src\MotRefMdl.c" Line="1048" Column="4">
</Loc>
<Message>
Minimisation of run-time failures.
</Message>
</Rule>

<Rule Name="21.1" Mode="required" Report="warning" Id="6">
<Loc File="C:\Component\SF103A_MotRefMdl_Impl\src\MotRefMdl.c" Line="1049" Column="4">
</Loc>
<Message>
Minimisation of run-time failures.
</Message>
</Rule>

<Rule Name="21.1" Mode="required" Report="warning" Id="7">
<Loc File="C:\Component\SF103A_MotRefMdl_Impl\src\MotRefMdl.c" Line="1050" Column="4">
</Loc>
<Message>
Minimisation of run-time failures.
</Message>
</Rule>

<Rule Name="21.1" Mode="required" Report="warning" Id="8">
<Loc File="C:\Component\SF103A_MotRefMdl_Impl\src\MotRefMdl.c" Line="1051" Column="4">
</Loc>
<Message>
Minimisation of run-time failures.
</Message>
</Rule>

</CodeStruct>

<CodeStruct Name="MotRefMdlPer1" File="C:\Component\SF103A_MotRefMdl_Impl\src\MotRefMdl.c" Line="386" Column="5">

<Rule Name="5.1" Mode="required" Report="warning" Id="9">
<Loc File="C:\Component\SF103A_MotRefMdl_Impl\src\MotRefMdl.c" Line="435" Column="8">
</Loc>
<Message>
Identifiers "MotKeEstimd_VoltPerMotRadPerSec_f32" (MotRefMdl.c line 126 column 12) and "MotKeEstimd_VoltPerMotRadPerSec_T_f32" (MotRefMdl.c line 435 column 8) have the same first 32 characters.
</Message>
</Rule>

<Rule Name="5.1" Mode="required" Report="warning" Id="10">
<Loc File="C:\Component\SF103A_MotRefMdl_Impl\src\MotRefMdl.c" Line="442" Column="7">
</Loc>
<Message>
Identifiers "AbsltMotVelFiltLp_MotRadPerSec_T_f32" (MotRefMdl.c line 441 column 8) and "AbsltMotVelFiltLp_MotRadPerSec_T_u11p5" (MotRefMdl.c line 442 column 7) have the same first 33 characters.
</Message>
</Rule>

<Rule Name="9.1" Mode="required" Report="warning" Id="11">
<Loc File="C:\Component\SF103A_MotRefMdl_Impl\src\MotRefMdl.c" Line="460" Column="30">
</Loc>
<Message>
All automatic variables shall have been assigned a value before being used.
</Message>
</Rule>

<Rule Name="9.1" Mode="required" Report="warning" Id="12">
<Loc File="C:\Component\SF103A_MotRefMdl_Impl\src\MotRefMdl.c" Line="461" Column="38">
</Loc>
<Message>
All automatic variables shall have been assigned a value before being used.
</Message>
</Rule>

<Rule Name="9.1" Mode="required" Report="warning" Id="13">
<Loc File="C:\Component\SF103A_MotRefMdl_Impl\src\MotRefMdl.c" Line="462" Column="38">
</Loc>
<Message>
All automatic variables shall have been assigned a value before being used.
</Message>
</Rule>

<Rule Name="9.1" Mode="required" Report="warning" Id="14">
<Loc File="C:\Component\SF103A_MotRefMdl_Impl\src\MotRefMdl.c" Line="463" Column="29">
</Loc>
<Message>
All automatic variables shall have been assigned a value before being used.
</Message>
</Rule>

<Rule Name="9.1" Mode="required" Report="warning" Id="15">
<Loc File="C:\Component\SF103A_MotRefMdl_Impl\src\MotRefMdl.c" Line="464" Column="46">
</Loc>
<Message>
All automatic variables shall have been assigned a value before being used.
</Message>
</Rule>

<Rule Name="9.1" Mode="required" Report="warning" Id="16">
<Loc File="C:\Component\SF103A_MotRefMdl_Impl\src\MotRefMdl.c" Line="468" Column="59">
</Loc>
<Message>
All automatic variables shall have been assigned a value before being used.
</Message>
</Rule>

<Rule Name="21.1" Mode="required" Report="warning" Id="17">
<Loc File="C:\Component\SF103A_MotRefMdl_Impl\src\MotRefMdl.c" Line="471" Column="70">
</Loc>
<Message>
Minimisation of run-time failures.
</Message>
</Rule>

<Rule Name="21.1" Mode="required" Report="warning" Id="18">
<Loc File="C:\Component\SF103A_MotRefMdl_Impl\src\MotRefMdl.c" Line="473" Column="0">
</Loc>
<Message>
Minimisation of run-time failures.
</Message>
</Rule>

<Rule Name="9.1" Mode="required" Report="warning" Id="19">
<Loc File="C:\Component\SF103A_MotRefMdl_Impl\src\MotRefMdl.c" Line="478" Column="6">
</Loc>
<Message>
All automatic variables shall have been assigned a value before being used.
</Message>
</Rule>

<Rule Name="11.5" Mode="required" Report="warning" Id="20">
<Loc File="C:\Component\SF103A_MotRefMdl_Impl\src\MotRefMdl.c" Line="480" Column="64">
</Loc>
<Message>
A cast shall not be performed that removes any const or volatile qualification
from the type addressed by a pointer.
</Message>
</Rule>

<Rule Name="11.5" Mode="required" Report="warning" Id="21">
<Loc File="C:\Component\SF103A_MotRefMdl_Impl\src\MotRefMdl.c" Line="481" Column="124">
</Loc>
<Message>
A cast shall not be performed that removes any const or volatile qualification
from the type addressed by a pointer.
</Message>
</Rule>

<Rule Name="12.3" Mode="required" Report="warning" Id="22">
<Loc File="C:\Component\SF103A_MotRefMdl_Impl\src\MotRefMdl.c" Line="482" Column="131">
</Loc>
<Message>
The sizeof operator should not be used on expressions that contain side effects.
</Message>
</Rule>

<Rule Name="11.5" Mode="required" Report="warning" Id="23">
<Loc File="C:\Component\SF103A_MotRefMdl_Impl\src\MotRefMdl.c" Line="482" Column="140">
</Loc>
<Message>
A cast shall not be performed that removes any const or volatile qualification
from the type addressed by a pointer.
</Message>
</Rule>

<Rule Name="12.3" Mode="required" Report="warning" Id="24">
<Loc File="C:\Component\SF103A_MotRefMdl_Impl\src\MotRefMdl.c" Line="482" Column="217">
</Loc>
<Message>
The sizeof operator should not be used on expressions that contain side effects.
</Message>
</Rule>

<Rule Name="11.5" Mode="required" Report="warning" Id="25">
<Loc File="C:\Component\SF103A_MotRefMdl_Impl\src\MotRefMdl.c" Line="482" Column="227">
</Loc>
<Message>
A cast shall not be performed that removes any const or volatile qualification
from the type addressed by a pointer.
</Message>
</Rule>

<Rule Name="11.5" Mode="required" Report="warning" Id="26">
<Loc File="C:\Component\SF103A_MotRefMdl_Impl\src\MotRefMdl.c" Line="487" Column="65">
</Loc>
<Message>
A cast shall not be performed that removes any const or volatile qualification
from the type addressed by a pointer.
</Message>
</Rule>

<Rule Name="11.5" Mode="required" Report="warning" Id="27">
<Loc File="C:\Component\SF103A_MotRefMdl_Impl\src\MotRefMdl.c" Line="488" Column="125">
</Loc>
<Message>
A cast shall not be performed that removes any const or volatile qualification
from the type addressed by a pointer.
</Message>
</Rule>

<Rule Name="12.3" Mode="required" Report="warning" Id="28">
<Loc File="C:\Component\SF103A_MotRefMdl_Impl\src\MotRefMdl.c" Line="489" Column="72">
</Loc>
<Message>
The sizeof operator should not be used on expressions that contain side effects.
</Message>
</Rule>

<Rule Name="11.5" Mode="required" Report="warning" Id="29">
<Loc File="C:\Component\SF103A_MotRefMdl_Impl\src\MotRefMdl.c" Line="489" Column="81">
</Loc>
<Message>
A cast shall not be performed that removes any const or volatile qualification
from the type addressed by a pointer.
</Message>
</Rule>

<Rule Name="12.3" Mode="required" Report="warning" Id="30">
<Loc File="C:\Component\SF103A_MotRefMdl_Impl\src\MotRefMdl.c" Line="489" Column="158">
</Loc>
<Message>
The sizeof operator should not be used on expressions that contain side effects.
</Message>
</Rule>

<Rule Name="11.5" Mode="required" Report="warning" Id="31">
<Loc File="C:\Component\SF103A_MotRefMdl_Impl\src\MotRefMdl.c" Line="489" Column="168">
</Loc>
<Message>
A cast shall not be performed that removes any const or volatile qualification
from the type addressed by a pointer.
</Message>
</Rule>

<Rule Name="21.1" Mode="required" Report="warning" Id="32">
<Loc File="C:\Component\SF103A_MotRefMdl_Impl\src\MotRefMdl.c" Line="500" Column="0">
</Loc>
<Message>
Minimisation of run-time failures.
</Message>
</Rule>

<Rule Name="21.1" Mode="required" Report="warning" Id="33">
<Loc File="C:\Component\SF103A_MotRefMdl_Impl\src\MotRefMdl.c" Line="508" Column="0">
</Loc>
<Message>
Minimisation of run-time failures.
</Message>
</Rule>

<Rule Name="21.1" Mode="required" Report="warning" Id="34">
<Loc File="C:\Component\SF103A_MotRefMdl_Impl\src\MotRefMdl.c" Line="509" Column="0">
</Loc>
<Message>
Minimisation of run-time failures.
</Message>
</Rule>

<Rule Name="21.1" Mode="required" Report="warning" Id="35">
<Loc File="C:\Component\SF103A_MotRefMdl_Impl\src\MotRefMdl.c" Line="519" Column="95">
</Loc>
<Message>
Minimisation of run-time failures.
</Message>
</Rule>

<Rule Name="21.1" Mode="required" Report="warning" Id="36">
<Loc File="C:\Component\SF103A_MotRefMdl_Impl\src\MotRefMdl.c" Line="530" Column="82">
</Loc>
<Message>
Minimisation of run-time failures.
</Message>
</Rule>

<Rule Name="21.1" Mode="required" Report="warning" Id="37">
<Loc File="C:\Component\SF103A_MotRefMdl_Impl\src\MotRefMdl.c" Line="531" Column="0">
</Loc>
<Message>
Minimisation of run-time failures.
</Message>
</Rule>

<Rule Name="9.1" Mode="required" Report="warning" Id="38">
<Loc File="C:\Component\SF103A_MotRefMdl_Impl\src\MotRefMdl.c" Line="538" Column="51">
</Loc>
<Message>
All automatic variables shall have been assigned a value before being used.
</Message>
</Rule>

<Rule Name="11.5" Mode="required" Report="warning" Id="39">
<Loc File="C:\Component\SF103A_MotRefMdl_Impl\src\MotRefMdl.c" Line="556" Column="76">
</Loc>
<Message>
A cast shall not be performed that removes any const or volatile qualification
from the type addressed by a pointer.
</Message>
</Rule>

<Rule Name="11.5" Mode="required" Report="warning" Id="40">
<Loc File="C:\Component\SF103A_MotRefMdl_Impl\src\MotRefMdl.c" Line="557" Column="114">
</Loc>
<Message>
A cast shall not be performed that removes any const or volatile qualification
from the type addressed by a pointer.
</Message>
</Rule>

<Rule Name="12.3" Mode="required" Report="warning" Id="41">
<Loc File="C:\Component\SF103A_MotRefMdl_Impl\src\MotRefMdl.c" Line="558" Column="121">
</Loc>
<Message>
The sizeof operator should not be used on expressions that contain side effects.
</Message>
</Rule>

<Rule Name="11.5" Mode="required" Report="warning" Id="42">
<Loc File="C:\Component\SF103A_MotRefMdl_Impl\src\MotRefMdl.c" Line="558" Column="130">
</Loc>
<Message>
A cast shall not be performed that removes any const or volatile qualification
from the type addressed by a pointer.
</Message>
</Rule>

<Rule Name="12.3" Mode="required" Report="warning" Id="43">
<Loc File="C:\Component\SF103A_MotRefMdl_Impl\src\MotRefMdl.c" Line="558" Column="211">
</Loc>
<Message>
The sizeof operator should not be used on expressions that contain side effects.
</Message>
</Rule>

<Rule Name="11.5" Mode="required" Report="warning" Id="44">
<Loc File="C:\Component\SF103A_MotRefMdl_Impl\src\MotRefMdl.c" Line="558" Column="221">
</Loc>
<Message>
A cast shall not be performed that removes any const or volatile qualification
from the type addressed by a pointer.
</Message>
</Rule>

<Rule Name="21.1" Mode="required" Report="warning" Id="45">
<Loc File="C:\Component\SF103A_MotRefMdl_Impl\src\MotRefMdl.c" Line="586" Column="0">
</Loc>
<Message>
Minimisation of run-time failures.
</Message>
</Rule>

<Rule Name="9.1" Mode="required" Report="warning" Id="46">
<Loc File="C:\Component\SF103A_MotRefMdl_Impl\src\MotRefMdl.c" Line="620" Column="27">
</Loc>
<Message>
All automatic variables shall have been assigned a value before being used.
</Message>
</Rule>

<Rule Name="21.1" Mode="required" Report="warning" Id="47">
<Loc File="C:\Component\SF103A_MotRefMdl_Impl\src\MotRefMdl.c" Line="626" Column="0">
</Loc>
<Message>
Minimisation of run-time failures.
</Message>
</Rule>

<Rule Name="21.1" Mode="required" Report="warning" Id="48">
<Loc File="C:\Component\SF103A_MotRefMdl_Impl\src\MotRefMdl.c" Line="627" Column="0">
</Loc>
<Message>
Minimisation of run-time failures.
</Message>
</Rule>

<Rule Name="9.1" Mode="required" Report="warning" Id="49">
<Loc File="C:\Component\SF103A_MotRefMdl_Impl\src\MotRefMdl.c" Line="633" Column="5">
</Loc>
<Message>
All automatic variables shall have been assigned a value before being used.
</Message>
</Rule>

<Rule Name="9.1" Mode="required" Report="warning" Id="50">
<Loc File="C:\Component\SF103A_MotRefMdl_Impl\src\MotRefMdl.c" Line="633" Column="44">
</Loc>
<Message>
All automatic variables shall have been assigned a value before being used.
</Message>
</Rule>

<Rule Name="12.4" Mode="required" Report="warning" Id="51">
<Loc File="C:\Component\SF103A_MotRefMdl_Impl\src\MotRefMdl.c" Line="633" Column="123">
</Loc>
<Message>
The right hand operand of a logical &amp;&amp; or || operator shall not contain side effects.
</Message>
</Rule>

<Rule Name="9.1" Mode="required" Report="warning" Id="52">
<Loc File="C:\Component\SF103A_MotRefMdl_Impl\src\MotRefMdl.c" Line="633" Column="134">
</Loc>
<Message>
All automatic variables shall have been assigned a value before being used.
</Message>
</Rule>

<Rule Name="21.1" Mode="required" Report="warning" Id="53">
<Loc File="C:\Component\SF103A_MotRefMdl_Impl\src\MotRefMdl.c" Line="638" Column="74">
</Loc>
<Message>
Minimisation of run-time failures.
</Message>
</Rule>

<Rule Name="21.1" Mode="required" Report="warning" Id="54">
<Loc File="C:\Component\SF103A_MotRefMdl_Impl\src\MotRefMdl.c" Line="639" Column="85">
</Loc>
<Message>
Minimisation of run-time failures.
</Message>
</Rule>

<Rule Name="21.1" Mode="required" Report="warning" Id="55">
<Loc File="C:\Component\SF103A_MotRefMdl_Impl\src\MotRefMdl.c" Line="639" Column="183">
</Loc>
<Message>
Minimisation of run-time failures.
</Message>
</Rule>

<Rule Name="21.1" Mode="required" Report="warning" Id="56">
<Loc File="C:\Component\SF103A_MotRefMdl_Impl\src\MotRefMdl.c" Line="642" Column="73">
</Loc>
<Message>
Minimisation of run-time failures.
</Message>
</Rule>

<Rule Name="21.1" Mode="required" Report="warning" Id="57">
<Loc File="C:\Component\SF103A_MotRefMdl_Impl\src\MotRefMdl.c" Line="643" Column="84">
</Loc>
<Message>
Minimisation of run-time failures.
</Message>
</Rule>

<Rule Name="21.1" Mode="required" Report="warning" Id="58">
<Loc File="C:\Component\SF103A_MotRefMdl_Impl\src\MotRefMdl.c" Line="643" Column="182">
</Loc>
<Message>
Minimisation of run-time failures.
</Message>
</Rule>

<Rule Name="21.1" Mode="required" Report="warning" Id="59">
<Loc File="C:\Component\SF103A_MotRefMdl_Impl\src\MotRefMdl.c" Line="654" Column="4">
</Loc>
<Message>
Minimisation of run-time failures.
</Message>
</Rule>

<Rule Name="21.1" Mode="required" Report="warning" Id="60">
<Loc File="C:\Component\SF103A_MotRefMdl_Impl\src\MotRefMdl.c" Line="655" Column="4">
</Loc>
<Message>
Minimisation of run-time failures.
</Message>
</Rule>

<Rule Name="21.1" Mode="required" Report="warning" Id="61">
<Loc File="C:\Component\SF103A_MotRefMdl_Impl\src\MotRefMdl.c" Line="658" Column="4">
</Loc>
<Message>
Minimisation of run-time failures.
</Message>
</Rule>

<Rule Name="21.1" Mode="required" Report="warning" Id="62">
<Loc File="C:\Component\SF103A_MotRefMdl_Impl\src\MotRefMdl.c" Line="659" Column="4">
</Loc>
<Message>
Minimisation of run-time failures.
</Message>
</Rule>

</CodeStruct>

<CodeStruct Name="PrbcIntrpn" File="C:\Component\SF103A_MotRefMdl_Impl\src\MotRefMdl.c" Line="1070" Column="15">

<Rule Name="21.1" Mode="required" Report="warning" Id="63">
<Loc File="C:\Component\SF103A_MotRefMdl_Impl\src\MotRefMdl.c" Line="1098" Column="44">
</Loc>
<Message>
Minimisation of run-time failures.
</Message>
</Rule>

</CodeStruct>

<CodeStruct Name="CalcMaxTqPt" File="C:\Component\SF103A_MotRefMdl_Impl\src\MotRefMdl.c" Line="836" Column="15">

<Rule Name="21.1" Mode="required" Report="warning" Id="64">
<Loc File="C:\Component\SF103A_MotRefMdl_Impl\src\MotRefMdl.c" Line="861" Column="64">
</Loc>
<Message>
Minimisation of run-time failures.
</Message>
</Rule>

<Rule Name="12.12" Mode="required" Report="warning" Id="65">
<Loc File="C:\Component\SF103A_MotRefMdl_Impl\src\MotRefMdl.c" Line="861" Column="82">
</Loc>
<Message>
The underlying bit representations of floating-point values shall not be used.
</Message>
</Rule>

<Rule Name="21.1" Mode="required" Report="warning" Id="66">
<Loc File="C:\Component\SF103A_MotRefMdl_Impl\src\MotRefMdl.c" Line="861" Column="134">
</Loc>
<Message>
Minimisation of run-time failures.
</Message>
</Rule>

<Rule Name="12.12" Mode="required" Report="warning" Id="67">
<Loc File="C:\Component\SF103A_MotRefMdl_Impl\src\MotRefMdl.c" Line="861" Column="152">
</Loc>
<Message>
The underlying bit representations of floating-point values shall not be used.
</Message>
</Rule>

<Rule Name="21.1" Mode="required" Report="warning" Id="68">
<Loc File="C:\Component\SF103A_MotRefMdl_Impl\src\MotRefMdl.c" Line="874" Column="64">
</Loc>
<Message>
Minimisation of run-time failures.
</Message>
</Rule>

<Rule Name="12.12" Mode="required" Report="warning" Id="69">
<Loc File="C:\Component\SF103A_MotRefMdl_Impl\src\MotRefMdl.c" Line="874" Column="82">
</Loc>
<Message>
The underlying bit representations of floating-point values shall not be used.
</Message>
</Rule>

<Rule Name="21.1" Mode="required" Report="warning" Id="70">
<Loc File="C:\Component\SF103A_MotRefMdl_Impl\src\MotRefMdl.c" Line="874" Column="134">
</Loc>
<Message>
Minimisation of run-time failures.
</Message>
</Rule>

<Rule Name="12.12" Mode="required" Report="warning" Id="71">
<Loc File="C:\Component\SF103A_MotRefMdl_Impl\src\MotRefMdl.c" Line="874" Column="152">
</Loc>
<Message>
The underlying bit representations of floating-point values shall not be used.
</Message>
</Rule>

<Rule Name="21.1" Mode="required" Report="warning" Id="72">
<Loc File="C:\Component\SF103A_MotRefMdl_Impl\src\MotRefMdl.c" Line="885" Column="26">
</Loc>
<Message>
Minimisation of run-time failures.
</Message>
</Rule>

<Rule Name="11.5" Mode="required" Report="warning" Id="73">
<Loc File="C:\Component\SF103A_MotRefMdl_Impl\src\MotRefMdl.c" Line="885" Column="100">
</Loc>
<Message>
A cast shall not be performed that removes any const or volatile qualification
from the type addressed by a pointer.
</Message>
</Rule>

<Rule Name="12.12" Mode="required" Report="warning" Id="74">
<Loc File="C:\Component\SF103A_MotRefMdl_Impl\src\MotRefMdl.c" Line="885" Column="100">
</Loc>
<Message>
The underlying bit representations of floating-point values shall not be used.
</Message>
</Rule>

<Rule Name="21.1" Mode="required" Report="warning" Id="75">
<Loc File="C:\Component\SF103A_MotRefMdl_Impl\src\MotRefMdl.c" Line="892" Column="30">
</Loc>
<Message>
Minimisation of run-time failures.
</Message>
</Rule>

<Rule Name="11.5" Mode="required" Report="warning" Id="76">
<Loc File="C:\Component\SF103A_MotRefMdl_Impl\src\MotRefMdl.c" Line="892" Column="104">
</Loc>
<Message>
A cast shall not be performed that removes any const or volatile qualification
from the type addressed by a pointer.
</Message>
</Rule>

<Rule Name="12.12" Mode="required" Report="warning" Id="77">
<Loc File="C:\Component\SF103A_MotRefMdl_Impl\src\MotRefMdl.c" Line="892" Column="104">
</Loc>
<Message>
The underlying bit representations of floating-point values shall not be used.
</Message>
</Rule>

<Rule Name="21.1" Mode="required" Report="warning" Id="78">
<Loc File="C:\Component\SF103A_MotRefMdl_Impl\src\MotRefMdl.c" Line="901" Column="30">
</Loc>
<Message>
Minimisation of run-time failures.
</Message>
</Rule>

<Rule Name="11.5" Mode="required" Report="warning" Id="79">
<Loc File="C:\Component\SF103A_MotRefMdl_Impl\src\MotRefMdl.c" Line="901" Column="104">
</Loc>
<Message>
A cast shall not be performed that removes any const or volatile qualification
from the type addressed by a pointer.
</Message>
</Rule>

<Rule Name="12.12" Mode="required" Report="warning" Id="80">
<Loc File="C:\Component\SF103A_MotRefMdl_Impl\src\MotRefMdl.c" Line="901" Column="104">
</Loc>
<Message>
The underlying bit representations of floating-point values shall not be used.
</Message>
</Rule>

<Rule Name="21.1" Mode="required" Report="warning" Id="81">
<Loc File="C:\Component\SF103A_MotRefMdl_Impl\src\MotRefMdl.c" Line="909" Column="30">
</Loc>
<Message>
Minimisation of run-time failures.
</Message>
</Rule>

<Rule Name="11.5" Mode="required" Report="warning" Id="82">
<Loc File="C:\Component\SF103A_MotRefMdl_Impl\src\MotRefMdl.c" Line="909" Column="104">
</Loc>
<Message>
A cast shall not be performed that removes any const or volatile qualification
from the type addressed by a pointer.
</Message>
</Rule>

<Rule Name="12.12" Mode="required" Report="warning" Id="83">
<Loc File="C:\Component\SF103A_MotRefMdl_Impl\src\MotRefMdl.c" Line="909" Column="104">
</Loc>
<Message>
The underlying bit representations of floating-point values shall not be used.
</Message>
</Rule>

<Rule Name="21.1" Mode="required" Report="warning" Id="84">
<Loc File="C:\Component\SF103A_MotRefMdl_Impl\src\MotRefMdl.c" Line="911" Column="30">
</Loc>
<Message>
Minimisation of run-time failures.
</Message>
</Rule>

<Rule Name="11.5" Mode="required" Report="warning" Id="85">
<Loc File="C:\Component\SF103A_MotRefMdl_Impl\src\MotRefMdl.c" Line="911" Column="104">
</Loc>
<Message>
A cast shall not be performed that removes any const or volatile qualification
from the type addressed by a pointer.
</Message>
</Rule>

<Rule Name="12.12" Mode="required" Report="warning" Id="86">
<Loc File="C:\Component\SF103A_MotRefMdl_Impl\src\MotRefMdl.c" Line="911" Column="104">
</Loc>
<Message>
The underlying bit representations of floating-point values shall not be used.
</Message>
</Rule>

<Rule Name="12.4" Mode="required" Report="warning" Id="87">
<Loc File="C:\Component\SF103A_MotRefMdl_Impl\src\MotRefMdl.c" Line="937" Column="144">
</Loc>
<Message>
The right hand operand of a logical &amp;&amp; or || operator shall not contain side effects.
</Message>
</Rule>

<Rule Name="21.1" Mode="required" Report="warning" Id="88">
<Loc File="C:\Component\SF103A_MotRefMdl_Impl\src\MotRefMdl.c" Line="940" Column="4">
</Loc>
<Message>
Minimisation of run-time failures.
</Message>
</Rule>

<Rule Name="21.1" Mode="required" Report="warning" Id="89">
<Loc File="C:\Component\SF103A_MotRefMdl_Impl\src\MotRefMdl.c" Line="941" Column="4">
</Loc>
<Message>
Minimisation of run-time failures.
</Message>
</Rule>

<Rule Name="21.1" Mode="required" Report="warning" Id="90">
<Loc File="C:\Component\SF103A_MotRefMdl_Impl\src\MotRefMdl.c" Line="942" Column="4">
</Loc>
<Message>
Minimisation of run-time failures.
</Message>
</Rule>

<Rule Name="21.1" Mode="required" Report="warning" Id="91">
<Loc File="C:\Component\SF103A_MotRefMdl_Impl\src\MotRefMdl.c" Line="943" Column="4">
</Loc>
<Message>
Minimisation of run-time failures.
</Message>
</Rule>

<Rule Name="21.1" Mode="required" Report="warning" Id="92">
<Loc File="C:\Component\SF103A_MotRefMdl_Impl\src\MotRefMdl.c" Line="958" Column="4">
</Loc>
<Message>
Minimisation of run-time failures.
</Message>
</Rule>

</CodeStruct>

<CodeStruct Name="MotRefMdlInit1" File="C:\Component\SF103A_MotRefMdl_Impl\src\MotRefMdl.c" Line="320" Column="5">

<Rule Name="21.1" Mode="required" Report="warning" Id="93">
<Loc File="C:\Component\SF103A_MotRefMdl_Impl\src\MotRefMdl.c" Line="328" Column="99">
</Loc>
<Message>
Minimisation of run-time failures.
</Message>
</Rule>

<Rule Name="12.3" Mode="required" Report="warning" Id="94">
<Loc File="C:\Component\SF103A_MotRefMdl_Impl\src\MotRefMdl.c" Line="330" Column="53">
</Loc>
<Message>
The sizeof operator should not be used on expressions that contain side effects.
</Message>
</Rule>

<Rule Name="11.5" Mode="required" Report="warning" Id="95">
<Loc File="C:\Component\SF103A_MotRefMdl_Impl\src\MotRefMdl.c" Line="330" Column="135">
</Loc>
<Message>
A cast shall not be performed that removes any const or volatile qualification
from the type addressed by a pointer.
</Message>
</Rule>

<Rule Name="12.12" Mode="required" Report="warning" Id="96">
<Loc File="C:\Component\SF103A_MotRefMdl_Impl\src\MotRefMdl.c" Line="330" Column="135">
</Loc>
<Message>
The underlying bit representations of floating-point values shall not be used.
</Message>
</Rule>

<Rule Name="12.3" Mode="required" Report="warning" Id="97">
<Loc File="C:\Component\SF103A_MotRefMdl_Impl\src\MotRefMdl.c" Line="330" Column="140">
</Loc>
<Message>
The sizeof operator should not be used on expressions that contain side effects.
</Message>
</Rule>

<Rule Name="11.5" Mode="required" Report="warning" Id="98">
<Loc File="C:\Component\SF103A_MotRefMdl_Impl\src\MotRefMdl.c" Line="330" Column="223">
</Loc>
<Message>
A cast shall not be performed that removes any const or volatile qualification
from the type addressed by a pointer.
</Message>
</Rule>

<Rule Name="12.12" Mode="required" Report="warning" Id="99">
<Loc File="C:\Component\SF103A_MotRefMdl_Impl\src\MotRefMdl.c" Line="330" Column="223">
</Loc>
<Message>
The underlying bit representations of floating-point values shall not be used.
</Message>
</Rule>

<Rule Name="21.1" Mode="required" Report="warning" Id="100">
<Loc File="C:\Component\SF103A_MotRefMdl_Impl\src\MotRefMdl.c" Line="332" Column="13">
</Loc>
<Message>
Minimisation of run-time failures.
</Message>
</Rule>

<Rule Name="12.12" Mode="required" Report="warning" Id="101">
<Loc File="C:\Component\SF103A_MotRefMdl_Impl\src\MotRefMdl.c" Line="332" Column="31">
</Loc>
<Message>
The underlying bit representations of floating-point values shall not be used.
</Message>
</Rule>

<Rule Name="21.1" Mode="required" Report="warning" Id="102">
<Loc File="C:\Component\SF103A_MotRefMdl_Impl\src\MotRefMdl.c" Line="332" Column="93">
</Loc>
<Message>
Minimisation of run-time failures.
</Message>
</Rule>

<Rule Name="11.5" Mode="required" Report="warning" Id="103">
<Loc File="C:\Component\SF103A_MotRefMdl_Impl\src\MotRefMdl.c" Line="332" Column="167">
</Loc>
<Message>
A cast shall not be performed that removes any const or volatile qualification
from the type addressed by a pointer.
</Message>
</Rule>

<Rule Name="12.12" Mode="required" Report="warning" Id="104">
<Loc File="C:\Component\SF103A_MotRefMdl_Impl\src\MotRefMdl.c" Line="332" Column="167">
</Loc>
<Message>
The underlying bit representations of floating-point values shall not be used.
</Message>
</Rule>

<Rule Name="21.1" Mode="required" Report="warning" Id="105">
<Loc File="C:\Component\SF103A_MotRefMdl_Impl\src\MotRefMdl.c" Line="333" Column="13">
</Loc>
<Message>
Minimisation of run-time failures.
</Message>
</Rule>

<Rule Name="12.12" Mode="required" Report="warning" Id="106">
<Loc File="C:\Component\SF103A_MotRefMdl_Impl\src\MotRefMdl.c" Line="333" Column="31">
</Loc>
<Message>
The underlying bit representations of floating-point values shall not be used.
</Message>
</Rule>

<Rule Name="21.1" Mode="required" Report="warning" Id="107">
<Loc File="C:\Component\SF103A_MotRefMdl_Impl\src\MotRefMdl.c" Line="333" Column="93">
</Loc>
<Message>
Minimisation of run-time failures.
</Message>
</Rule>

<Rule Name="11.5" Mode="required" Report="warning" Id="108">
<Loc File="C:\Component\SF103A_MotRefMdl_Impl\src\MotRefMdl.c" Line="333" Column="167">
</Loc>
<Message>
A cast shall not be performed that removes any const or volatile qualification
from the type addressed by a pointer.
</Message>
</Rule>

<Rule Name="12.12" Mode="required" Report="warning" Id="109">
<Loc File="C:\Component\SF103A_MotRefMdl_Impl\src\MotRefMdl.c" Line="333" Column="167">
</Loc>
<Message>
The underlying bit representations of floating-point values shall not be used.
</Message>
</Rule>

</CodeStruct>

<CodeStruct Name="CalcIq" File="C:\Component\SF103A_MotRefMdl_Impl\src\MotRefMdl.c" Line="749" Column="15">

<Rule Name="21.1" Mode="required" Report="warning" Id="110">
<Loc File="C:\Component\SF103A_MotRefMdl_Impl\src\MotRefMdl.c" Line="753" Column="50">
</Loc>
<Message>
Minimisation of run-time failures.
</Message>
</Rule>

</CodeStruct>

</MISRA-C-Report>
