<?xml version="1.0" encoding="UTF-8"?>
<Navig version="1.0">
<Files>
<F id="1" n="C:\Program Files\MATLAB\R2013b\polyspace\verifier\cxx\cinclude\stdarg.h"/>
<F id="2" n="C:\Component\AR201A_ArCplrSuprt_Impl\include\ASR4.0.3\Platform_Types.h"/>
<F id="3" n="C:\Component\AR200A_ArSuprt_Impl\include\ASR4.0.3\Std_Types.h"/>
<F id="4" n="C:\Component\TL103A_CplrSuprt\include\2013.5.5\ansi\math.h"/>
<F id="5" n="C:\Component\AR100A_NxtrMath_Impl\include\NxtrMath.h"/>
<F id="6" n="C:\Component\AR100A_NxtrMath_Impl\tools\contract\NxtrMath_TestHarness.c"/>
<F id="7" n="C-STUBS\__polyspace__stdstubs.c"/>
<F id="8" n="C:\Program Files\MATLAB\R2013b\polyspace\verifier\cxx\cinclude\__polyspace__std_decls.h"/>
<F id="9" n="C:\Program Files\MATLAB\R2013b\polyspace\verifier\cxx\cinclude\assert.h"/>
<F id="10" n="C:\Program Files\MATLAB\R2013b\polyspace\verifier\cxx\cinclude\__polyspace__libc_defs.h"/>
<F id="11" n="C:\Component\AR201A_ArCplrSuprt_Impl\include\ASR4.0.3\Compiler.h"/>
<F id="12" n="C:\Component\AR201A_ArCplrSuprt_Impl\tools\contract\Compiler_Cfg.h"/>
<F id="13" n="C:\Component\AR201A_ArCplrSuprt_Impl\tools\contract\Renesas_Compiler.h"/>
<F id="14" n="C:\Component\AR100A_NxtrMath_Impl\tools\contract\NxtrMath_TestHarness.h"/>
</Files>
<Definitions>
<D id="1" f="6" l="214" c="104" n="Denom" t="4" d="1"/>
<D id="2" f="6" l="181" c="104" n="RngLo" t="4" d="1"/>
<D id="3" f="6" l="182" c="104" n="RngHi" t="4" d="1"/>
<D id="4" f="5" l="634" c="104" n="Denom" t="4" d="1"/>
<D id="5" f="5" l="651" c="105" n="SinVal" t="4" d="1"/>
<D id="6" f="5" l="652" c="105" n="CosVal" t="4" d="1"/>
<D id="7" f="5" l="573" c="104" n="Denom" t="4" d="1"/>
<D id="8" f="5" l="558" c="104" n="RngLo" t="4" d="1"/>
<D id="9" f="6" l="188" c="104" n="Denom" t="4" d="1"/>
<D id="10" f="5" l="559" c="104" n="RngHi" t="4" d="1"/>
<D id="11" f="7" l="6926" c="14" n="_polyspace_compare_function_type" t="7" d="1"/>
<D id="12" f="7" l="12230" c="16" n="__polyspace_absolute_address" t="1" d="1"/>
<D id="13" f="7" l="11370" c="23" n="random" t="4" d="1"/>
<D id="14" f="7" l="11386" c="21" n="HUGE_VAL" t="1" d="1"/>
<D id="15" f="7" l="11368" c="12" n="_polyspace_random_long_double" t="2" d="1"/>
<D id="16" f="7" l="11387" c="21" n="HUGE_VALF" t="1" d="1"/>
<D id="17" f="7" l="11388" c="21" n="HUGE_VALL" t="1" d="1"/>
<D id="18" f="6" l="7" c="8" n="Test_Blnd_f32" t="2" d="1"/>
<D id="19" f="6" l="7" c="30" n="Inp1" t="4" d="1"/>
<D id="20" f="6" l="60" c="6" n="Test_Min_u08" t="2" d="1"/>
<D id="21" f="6" l="14" c="6" n="Test_Abslt_u08_s08" t="2" d="1"/>
<D id="22" f="6" l="34" c="6" n="Test_Sign_s08_s08" t="2" d="1"/>
<D id="23" f="6" l="24" c="7" n="Test_Abslt_u32_s32" t="2" d="1"/>
<D id="24" f="6" l="44" c="6" n="Test_Sign_s08_s32" t="2" d="1"/>
<D id="25" f="6" l="54" c="6" n="Test_Min_s08" t="2" d="1"/>
<D id="26" f="6" l="72" c="7" n="Test_Min_u16" t="2" d="1"/>
<D id="27" f="6" l="90" c="8" n="Test_Min_f32" t="2" d="1"/>
<D id="28" f="6" l="19" c="7" n="Test_Abslt_u16_s16" t="2" d="1"/>
<D id="29" f="6" l="39" c="6" n="Test_Sign_s08_s16" t="2" d="1"/>
<D id="30" f="6" l="84" c="7" n="Test_Min_u32" t="2" d="1"/>
<D id="31" f="6" l="49" c="6" n="Test_Sign_s08_f32" t="2" d="1"/>
<D id="32" f="6" l="66" c="7" n="Test_Min_s16" t="2" d="1"/>
<D id="33" f="6" l="96" c="6" n="Test_Max_s08" t="2" d="1"/>
<D id="34" f="6" l="29" c="8" n="Test_Abslt_f32_f32" t="2" d="1"/>
<D id="35" f="6" l="78" c="7" n="Test_Min_s32" t="2" d="1"/>
<D id="36" f="6" l="8" c="97" n="Inp2" t="4" d="1"/>
<D id="37" f="6" l="9" c="97" n="Fac" t="4" d="1"/>
<D id="38" f="3" l="141" c="2" n="Std_VersionInfoType" t="7" d="1"/>
<D id="39" f="6" l="90" c="29" n="Inp1" t="4" d="1"/>
<D id="40" f="6" l="34" c="30" n="Inp" t="4" d="1"/>
<D id="41" f="6" l="14" c="31" n="Inp" t="4" d="1"/>
<D id="42" f="6" l="102" c="6" n="Test_Max_u08" t="2" d="1"/>
<D id="43" f="6" l="44" c="31" n="Inp" t="4" d="1"/>
<D id="44" f="6" l="120" c="7" n="Test_Max_s32" t="2" d="1"/>
<D id="45" f="1" l="45" c="14" n="__va_list" t="7" d="1"/>
<D id="46" f="6" l="24" c="33" n="Inp" t="4" d="1"/>
<D id="47" f="6" l="60" c="25" n="Inp1" t="4" d="1"/>
<D id="48" f="6" l="39" c="31" n="Inp" t="4" d="1"/>
<D id="49" f="1" l="50" c="18" n="__gnuc_va_list" t="7" d="1"/>
<D id="50" f="4" l="51" c="17" n="double_t" t="7" d="1"/>
<D id="51" f="6" l="114" c="7" n="Test_Max_u16" t="2" d="1"/>
<D id="52" f="6" l="203" c="8" n="Test_Exp_f32" t="2" d="1"/>
<D id="53" f="4" l="52" c="17" n="float_t" t="7" d="1"/>
<D id="54" f="4" l="731" c="6" n="expf" t="2" d="0"/>
<D id="55" f="6" l="19" c="33" n="Inp" t="4" d="1"/>
<D id="56" f="6" l="54" c="25" n="Inp1" t="4" d="1"/>
<D id="57" f="6" l="132" c="8" n="Test_Max_f32" t="2" d="1"/>
<D id="58" f="6" l="213" c="8" n="Test_Mod_f32" t="2" d="1"/>
<D id="59" f="4" l="741" c="6" n="sqrtf" t="2" d="0"/>
<D id="60" f="6" l="152" c="7" n="Test_Lim_s16" t="2" d="1"/>
<D id="61" f="6" l="49" c="32" n="Inp" t="4" d="1"/>
<D id="62" f="6" l="145" c="6" n="Test_Lim_u08" t="2" d="1"/>
<D id="63" f="4" l="742" c="6" n="fabsf" t="2" d="0"/>
<D id="64" f="4" l="724" c="6" n="atan2f" t="2" d="0"/>
<D id="65" f="6" l="126" c="7" n="Test_Max_u32" t="2" d="1"/>
<D id="66" f="6" l="180" c="8" n="Test_Lim_f32" t="2" d="1"/>
<D id="67" f="6" l="108" c="7" n="Test_Max_s16" t="2" d="1"/>
<D id="68" f="6" l="72" c="27" n="Inp1" t="4" d="1"/>
<D id="69" f="4" l="725" c="6" n="cosf" t="2" d="0"/>
<D id="70" f="6" l="173" c="7" n="Test_Lim_u32" t="2" d="1"/>
<D id="71" f="6" l="138" c="6" n="Test_Lim_s08" t="2" d="1"/>
<D id="72" f="6" l="29" c="35" n="Inp" t="4" d="1"/>
<D id="73" f="4" l="726" c="6" n="sinf" t="2" d="0"/>
<D id="74" f="6" l="96" c="25" n="Inp1" t="4" d="1"/>
<D id="75" f="6" l="208" c="8" n="Test_Sqrt_f32" t="2" d="1"/>
<D id="76" f="6" l="84" c="27" n="Inp1" t="4" d="1"/>
<D id="77" f="7" l="477" c="4" n="errno" t="1" d="1"/>
<D id="78" f="6" l="66" c="27" n="Inp1" t="4" d="1"/>
<D id="79" f="6" l="166" c="7" n="Test_Lim_s32" t="2" d="1"/>
<D id="80" f="1" l="49" c="18" n="va_list" t="7" d="1"/>
<D id="81" f="6" l="193" c="8" n="Test_Sin_f32" t="2" d="1"/>
<D id="82" f="6" l="61" c="86" n="Inp2" t="4" d="1"/>
<D id="83" f="6" l="78" c="27" n="Inp1" t="4" d="1"/>
<D id="84" f="4" l="748" c="6" n="fmodf" t="2" d="0"/>
<D id="85" f="6" l="159" c="7" n="Test_Lim_u16" t="2" d="1"/>
<D id="86" f="6" l="73" c="95" n="Inp2" t="4" d="1"/>
<D id="87" f="6" l="187" c="8" n="Test_Arctan2_f32" t="2" d="1"/>
<D id="88" f="6" l="55" c="86" n="Inp2" t="4" d="1"/>
<D id="89" f="6" l="91" c="96" n="Inp2" t="4" d="1"/>
<D id="90" f="6" l="198" c="8" n="Test_Cos_f32" t="2" d="1"/>
<D id="91" f="6" l="85" c="95" n="Inp2" t="4" d="1"/>
<D id="92" f="6" l="67" c="95" n="Inp2" t="4" d="1"/>
<D id="93" f="6" l="97" c="86" n="Inp2" t="4" d="1"/>
<D id="94" f="6" l="79" c="95" n="Inp2" t="4" d="1"/>
<D id="95" f="3" l="140" c="10" n="sw_patch_version" t="9" d="1"/>
<D id="96" f="7" l="101" c="21" n="size_t" t="7" d="1"/>
<D id="97" f="2" l="110" c="31" n="uint32" t="7" d="1"/>
<D id="98" f="6" l="203" c="29" n="Inp" t="4" d="1"/>
<D id="99" f="5" l="303" c="29" n="Inp1" t="4" d="1"/>
<D id="100" f="5" l="230" c="39" n="Inp" t="4" d="1"/>
<D id="101" f="6" l="132" c="29" n="Inp1" t="4" d="1"/>
<D id="102" f="6" l="213" c="29" n="Numer" t="4" d="1"/>
<D id="103" f="7" l="103" c="12" n="ptrdiff_t" t="7" d="1"/>
<D id="104" f="2" l="112" c="31" n="sint8_least" t="7" d="1"/>
<D id="105" f="2" l="103" c="31" n="boolean" t="7" d="1"/>
<D id="106" f="2" l="113" c="31" n="uint8_least" t="7" d="1"/>
<D id="107" f="5" l="420" c="31" n="Inp1" t="4" d="1"/>
<D id="108" f="5" l="501" c="31" n="Inp" t="4" d="1"/>
<D id="109" f="6" l="180" c="29" n="Inp" t="4" d="1"/>
<D id="110" f="3" l="136" c="10" n="vendorID" t="9" d="1"/>
<D id="111" f="2" l="114" c="31" n="sint16_least" t="7" d="1"/>
<D id="112" f="2" l="105" c="31" n="sint8" t="7" d="1"/>
<D id="113" f="3" l="137" c="10" n="moduleID" t="9" d="1"/>
<D id="114" f="5" l="290" c="29" n="Inp1" t="4" d="1"/>
<D id="115" f="7" l="106" c="21" n="wchar_t" t="7" d="1"/>
<D id="116" f="7" l="511" c="13" n="_polyspace_random_int" t="5" d="1"/>
<D id="117" f="2" l="115" c="31" n="uint16_least" t="7" d="1"/>
<D id="118" f="2" l="106" c="31" n="uint8" t="7" d="1"/>
<D id="119" f="5" l="381" c="29" n="Inp1" t="4" d="1"/>
<D id="120" f="3" l="138" c="10" n="sw_major_version" t="9" d="1"/>
<D id="121" f="3" l="132" c="14" n="Std_ReturnType" t="7" d="1"/>
<D id="122" f="2" l="116" c="31" n="sint32_least" t="7" d="1"/>
<D id="123" f="2" l="107" c="31" n="sint16" t="7" d="1"/>
<D id="124" f="3" l="125" c="22" n="StatusType" t="7" d="1"/>
<D id="125" f="5" l="342" c="31" n="Inp1" t="4" d="1"/>
<D id="126" f="3" l="139" c="10" n="sw_minor_version" t="9" d="1"/>
<D id="127" f="2" l="117" c="31" n="uint32_least" t="7" d="1"/>
<D id="128" f="5" l="433" c="31" n="Inp1" t="4" d="1"/>
<D id="129" f="5" l="473" c="29" n="Inp" t="4" d="1"/>
<D id="130" f="6" l="102" c="25" n="Inp1" t="4" d="1"/>
<D id="131" f="6" l="193" c="29" n="Inp" t="4" d="1"/>
<D id="132" f="6" l="208" c="30" n="Inp" t="4" d="1"/>
<D id="133" f="2" l="108" c="31" n="uint16" t="7" d="1"/>
<D id="134" f="7" l="503" c="23" n="_polyspace_random_uchar" t="5" d="1"/>
<D id="135" f="5" l="303" c="15" n="Min_u08" t="2" d="1"/>
<D id="136" f="2" l="127" c="31" n="sint64" t="7" d="1"/>
<D id="137" f="5" l="316" c="31" n="Inp1" t="4" d="1"/>
<D id="138" f="5" l="515" c="31" n="Inp" t="4" d="1"/>
<D id="139" f="2" l="109" c="31" n="sint32" t="7" d="1"/>
<D id="140" f="5" l="420" c="16" n="Max_u16" t="2" d="1"/>
<D id="141" f="5" l="501" c="16" n="Lim_s16" t="2" d="1"/>
<D id="142" f="5" l="543" c="31" n="Inp" t="4" d="1"/>
<D id="143" f="5" l="780" c="21" n="SINCNVNCONTBL_ULS_U16" t="4" d="1"/>
<D id="144" f="5" l="407" c="31" n="Inp1" t="4" d="1"/>
<D id="145" f="2" l="128" c="31" n="uint64" t="7" d="1"/>
<D id="146" f="5" l="650" c="14" n="SinCos_f32" t="2" d="1"/>
<D id="147" f="5" l="394" c="29" n="Inp1" t="4" d="1"/>
<D id="148" f="5" l="242" c="15" n="Sign_s08_s08" t="2" d="1"/>
<D id="149" f="2" l="138" c="31" n="float32" t="7" d="1"/>
<D id="150" f="5" l="204" c="16" n="Abslt_u16_s16" t="2" d="1"/>
<D id="151" f="5" l="230" c="17" n="Abslt_f32_f32" t="2" d="1"/>
<D id="152" f="7" l="513" c="24" n="random" t="4" d="1"/>
<D id="153" f="6" l="120" c="27" n="Inp1" t="4" d="1"/>
<D id="154" f="5" l="355" c="31" n="Inp1" t="4" d="1"/>
<D id="155" f="5" l="650" c="33" n="Inp" t="4" d="1"/>
<D id="156" f="7" l="521" c="25" n="random" t="4" d="1"/>
<D id="157" f="5" l="621" c="34" n="Inp" t="4" d="1"/>
<D id="158" f="5" l="242" c="34" n="Inp" t="4" d="1"/>
<D id="159" f="2" l="139" c="31" n="float64" t="7" d="1"/>
<D id="160" f="5" l="446" c="31" n="Inp1" t="4" d="1"/>
<D id="161" f="5" l="290" c="15" n="Min_s08" t="2" d="1"/>
<D id="162" f="5" l="342" c="16" n="Min_s32" t="2" d="1"/>
<D id="163" f="5" l="633" c="33" n="Numer" t="4" d="1"/>
<D id="164" f="5" l="191" c="15" n="Abslt_u08_s08" t="2" d="1"/>
<D id="165" f="5" l="329" c="31" n="Inp1" t="4" d="1"/>
<D id="166" f="5" l="487" c="29" n="Inp" t="4" d="1"/>
<D id="167" f="5" l="254" c="15" n="Sign_s08_s16" t="2" d="1"/>
<D id="168" f="5" l="381" c="15" n="Max_s08" t="2" d="1"/>
<D id="169" f="6" l="198" c="29" n="Inp" t="4" d="1"/>
<D id="170" f="5" l="433" c="16" n="Max_s32" t="2" d="1"/>
<D id="171" f="5" l="621" c="17" n="Sqrt_f32" t="2" d="1"/>
<D id="172" f="7" l="505" c="34" n="random" t="4" d="1"/>
<D id="173" f="5" l="529" c="31" n="Inp" t="4" d="1"/>
<D id="174" f="7" l="527" c="23" n="_polyspace_random_ulong" t="5" d="1"/>
<D id="175" f="5" l="316" c="16" n="Min_s16" t="2" d="1"/>
<D id="176" f="6" l="114" c="27" n="Inp1" t="4" d="1"/>
<D id="177" f="5" l="515" c="16" n="Lim_u16" t="2" d="1"/>
<D id="178" f="6" l="145" c="25" n="Inp" t="4" d="1"/>
<D id="179" f="5" l="217" c="16" n="Abslt_u32_s32" t="2" d="1"/>
<D id="180" f="5" l="543" c="16" n="Lim_u32" t="2" d="1"/>
<D id="181" f="5" l="407" c="16" n="Max_s16" t="2" d="1"/>
<D id="182" f="5" l="473" c="15" n="Lim_s08" t="2" d="1"/>
<D id="183" f="5" l="204" c="37" n="Inp" t="4" d="1"/>
<D id="184" f="7" l="534" c="16" n="_polyspace_random_double" t="5" d="1"/>
<D id="185" f="6" l="152" c="27" n="Inp" t="4" d="1"/>
<D id="186" f="7" l="519" c="14" n="_polyspace_random_long" t="5" d="1"/>
<D id="187" f="5" l="191" c="35" n="Inp" t="4" d="1"/>
<D id="188" f="5" l="660" c="17" n="Tmp" t="4" d="1"/>
<D id="189" f="7" l="3581" c="4" n="__polyspace_nb_varargs" t="1" d="1"/>
<D id="190" f="5" l="266" c="15" n="Sign_s08_s32" t="2" d="1"/>
<D id="191" f="5" l="254" c="35" n="Inp" t="4" d="1"/>
<D id="192" f="5" l="633" c="17" n="Mod_f32" t="2" d="1"/>
<D id="193" f="5" l="609" c="33" n="Inp" t="4" d="1"/>
<D id="194" f="5" l="355" c="16" n="Min_u32" t="2" d="1"/>
<D id="195" f="6" l="138" c="25" n="Inp" t="4" d="1"/>
<D id="196" f="5" l="394" c="15" n="Max_u08" t="2" d="1"/>
<D id="197" f="6" l="126" c="27" n="Inp1" t="4" d="1"/>
<D id="198" f="5" l="446" c="16" n="Max_u32" t="2" d="1"/>
<D id="199" f="7" l="495" c="14" n="_polyspace_random_char" t="5" d="1"/>
<D id="200" f="6" l="108" c="27" n="Inp1" t="4" d="1"/>
<D id="201" f="5" l="557" c="33" n="Inp" t="4" d="1"/>
<D id="202" f="5" l="656" c="15" n="Normdn" t="4" d="1"/>
<D id="203" f="6" l="140" c="94" n="RngHi" t="4" d="1"/>
<D id="204" f="5" l="572" c="17" n="Arctan2_f32" t="2" d="1"/>
<D id="205" f="6" l="187" c="33" n="Numer" t="4" d="1"/>
<D id="206" f="5" l="329" c="16" n="Min_u16" t="2" d="1"/>
<D id="207" f="5" l="585" c="33" n="Inp" t="4" d="1"/>
<D id="208" f="6" l="173" c="27" n="Inp" t="4" d="1"/>
<D id="209" f="5" l="368" c="33" n="Inp1" t="4" d="1"/>
<D id="210" f="5" l="655" c="16" n="n" t="4" d="1"/>
<D id="211" f="5" l="177" c="34" n="Inp1" t="4" d="1"/>
<D id="212" f="6" l="121" c="95" n="Inp2" t="4" d="1"/>
<D id="213" f="5" l="278" c="15" n="Sign_s08_f32" t="2" d="1"/>
<D id="214" f="5" l="266" c="35" n="Inp" t="4" d="1"/>
<D id="215" f="5" l="217" c="37" n="Inp" t="4" d="1"/>
<D id="216" f="5" l="459" c="33" n="Inp1" t="4" d="1"/>
<D id="217" f="7" l="529" c="34" n="random" t="4" d="1"/>
<D id="218" f="5" l="529" c="16" n="Lim_s32" t="2" d="1"/>
<D id="219" f="6" l="103" c="86" n="Inp2" t="4" d="1"/>
<D id="220" f="5" l="330" c="95" n="Inp2" t="4" d="1"/>
<D id="221" f="7" l="3580" c="7" n="__polyspace_vararg" t="1" d="1"/>
<D id="222" f="5" l="487" c="15" n="Lim_u08" t="2" d="1"/>
<D id="223" f="5" l="609" c="17" n="Exp_f32" t="2" d="1"/>
<D id="224" f="5" l="421" c="95" n="Inp2" t="4" d="1"/>
<D id="225" f="5" l="502" c="95" n="RngLo" t="4" d="1"/>
<D id="226" f="5" l="778" c="14" n="SignFlip_Cnt_T_s08" t="4" d="1"/>
<D id="227" f="6" l="166" c="27" n="Inp" t="4" d="1"/>
<D id="228" f="7" l="536" c="27" n="random" t="4" d="1"/>
<D id="229" f="5" l="177" c="17" n="Blnd_f32" t="2" d="1"/>
<D id="230" f="5" l="530" c="95" n="RngLo" t="4" d="1"/>
<D id="231" f="5" l="572" c="37" n="Numer" t="4" d="1"/>
<D id="232" f="5" l="597" c="33" n="Inp" t="4" d="1"/>
<D id="233" f="5" l="777" c="15" n="Theta_Cnt_T_u16" t="4" d="1"/>
<D id="234" f="6" l="160" c="95" n="RngLo" t="4" d="1"/>
<D id="235" f="5" l="557" c="17" n="Lim_f32" t="2" d="1"/>
<D id="236" f="5" l="304" c="86" n="Inp2" t="4" d="1"/>
<D id="237" f="5" l="503" c="95" n="RngHi" t="4" d="1"/>
<D id="238" f="5" l="776" c="16" n="Theta_Rev_T_f32" t="4" d="1"/>
<D id="239" f="5" l="585" c="17" n="Sin_f32" t="2" d="1"/>
<D id="240" f="5" l="531" c="95" n="RngHi" t="4" d="1"/>
<D id="241" f="5" l="368" c="17" n="Min_f32" t="2" d="1"/>
<D id="242" f="5" l="657" c="17" n="InpSqd" t="4" d="1"/>
<D id="243" f="6" l="115" c="95" n="Inp2" t="4" d="1"/>
<D id="244" f="6" l="161" c="95" n="RngHi" t="4" d="1"/>
<D id="245" f="5" l="774" c="36" n="MotCoggAg_Rad_T_f32" t="4" d="1"/>
<D id="246" f="7" l="497" c="25" n="random" t="4" d="1"/>
<D id="247" f="6" l="159" c="27" n="Inp" t="4" d="1"/>
<D id="248" f="5" l="459" c="17" n="Max_f32" t="2" d="1"/>
<D id="249" f="5" l="774" c="18" n="SinLookup" t="2" d="1"/>
<D id="250" f="5" l="658" c="17" n="SinA" t="4" d="1"/>
<D id="251" f="6" l="133" c="96" n="Inp2" t="4" d="1"/>
<D id="252" f="6" l="153" c="95" n="RngLo" t="4" d="1"/>
<D id="253" f="5" l="278" c="36" n="Inp" t="4" d="1"/>
<D id="254" f="5" l="343" c="95" n="Inp2" t="4" d="1"/>
<D id="255" f="6" l="146" c="94" n="RngLo" t="4" d="1"/>
<D id="256" f="5" l="659" c="17" n="CosA" t="4" d="1"/>
<D id="257" f="5" l="434" c="95" n="Inp2" t="4" d="1"/>
<D id="258" f="5" l="460" c="96" n="Inp2" t="4" d="1"/>
<D id="259" f="6" l="154" c="95" n="RngHi" t="4" d="1"/>
<D id="260" f="5" l="597" c="17" n="Cos_f32" t="2" d="1"/>
<D id="261" f="5" l="779" c="16" n="SinVal_Uls_T_f32" t="4" d="1"/>
<D id="262" f="6" l="127" c="95" n="Inp2" t="4" d="1"/>
<D id="263" f="6" l="147" c="94" n="RngHi" t="4" d="1"/>
<D id="264" f="5" l="291" c="86" n="Inp2" t="4" d="1"/>
<D id="265" f="5" l="317" c="95" n="Inp2" t="4" d="1"/>
<D id="266" f="5" l="516" c="95" n="RngLo" t="4" d="1"/>
<D id="267" f="6" l="109" c="95" n="Inp2" t="4" d="1"/>
<D id="268" f="5" l="544" c="95" n="RngLo" t="4" d="1"/>
<D id="269" f="5" l="382" c="86" n="Inp2" t="4" d="1"/>
<D id="270" f="5" l="408" c="95" n="Inp2" t="4" d="1"/>
<D id="271" f="5" l="474" c="94" n="RngLo" t="4" d="1"/>
<D id="272" f="6" l="174" c="95" n="RngLo" t="4" d="1"/>
<D id="273" f="6" l="139" c="94" n="RngLo" t="4" d="1"/>
<D id="274" f="5" l="517" c="95" n="RngHi" t="4" d="1"/>
<D id="275" f="5" l="545" c="95" n="RngHi" t="4" d="1"/>
<D id="276" f="5" l="475" c="94" n="RngHi" t="4" d="1"/>
<D id="277" f="6" l="175" c="95" n="RngHi" t="4" d="1"/>
<D id="278" f="5" l="356" c="95" n="Inp2" t="4" d="1"/>
<D id="279" f="5" l="447" c="95" n="Inp2" t="4" d="1"/>
<D id="280" f="6" l="167" c="95" n="RngLo" t="4" d="1"/>
<D id="281" f="6" l="168" c="95" n="RngHi" t="4" d="1"/>
<D id="282" f="5" l="395" c="86" n="Inp2" t="4" d="1"/>
<D id="283" f="5" l="488" c="94" n="RngLo" t="4" d="1"/>
<D id="284" f="5" l="489" c="94" n="RngHi" t="4" d="1"/>
<D id="285" f="5" l="369" c="96" n="Inp2" t="4" d="1"/>
<D id="286" f="5" l="178" c="97" n="Inp2" t="4" d="1"/>
<D id="287" f="5" l="179" c="97" n="Fac" t="4" d="1"/>
</Definitions>
<Uses>
<U id="1" f="5" l="702" c="120" d="256" a="0"/>
<U id="2" f="5" l="712" c="120" d="256" a="0"/>
<U id="3" f="5" l="703" c="121" d="256" a="0"/>
<U id="4" f="5" l="722" c="121" d="256" a="0"/>
<U id="5" f="5" l="713" c="121" d="256" a="0"/>
<U id="6" f="5" l="682" c="119" d="256" a="0"/>
<U id="7" f="5" l="732" c="121" d="256" a="0"/>
<U id="8" f="5" l="723" c="121" d="256" a="0"/>
<U id="9" f="5" l="692" c="119" d="256" a="0"/>
<U id="10" f="5" l="742" c="121" d="256" a="0"/>
<U id="11" f="5" l="733" c="121" d="256" a="0"/>
<U id="12" f="5" l="743" c="121" d="256" a="0"/>
<U id="13" f="5" l="683" c="120" d="256" a="0"/>
<U id="14" f="5" l="753" c="121" d="256" a="0"/>
<U id="15" f="5" l="693" c="120" d="256" a="0"/>
<U id="16" f="5" l="754" c="121" d="256" a="0"/>
<U id="17" f="5" l="707" c="122" d="256" a="0"/>
<U id="18" f="5" l="708" c="122" d="256" a="0"/>
<U id="19" f="5" l="727" c="122" d="256" a="0"/>
<U id="20" f="5" l="687" c="120" d="256" a="0"/>
<U id="21" f="5" l="728" c="122" d="256" a="0"/>
<U id="22" f="5" l="747" c="122" d="256" a="0"/>
<U id="23" f="5" l="748" c="122" d="256" a="0"/>
<U id="24" f="5" l="688" c="121" d="256" a="0"/>
<U id="25" f="7" l="11371" c="9" d="13" a="0"/>
<U id="26" f="6" l="7" c="0" d="149" a="0"/>
<U id="27" f="6" l="60" c="0" d="118" a="0"/>
<U id="28" f="6" l="14" c="0" d="118" a="0"/>
<U id="29" f="6" l="24" c="0" d="97" a="0"/>
<U id="30" f="6" l="34" c="0" d="112" a="0"/>
<U id="31" f="6" l="90" c="0" d="149" a="0"/>
<U id="32" f="6" l="44" c="0" d="112" a="0"/>
<U id="33" f="6" l="72" c="0" d="133" a="0"/>
<U id="34" f="6" l="54" c="0" d="112" a="0"/>
<U id="35" f="6" l="19" c="0" d="133" a="0"/>
<U id="36" f="6" l="84" c="0" d="97" a="0"/>
<U id="37" f="6" l="29" c="0" d="149" a="0"/>
<U id="38" f="6" l="66" c="0" d="123" a="0"/>
<U id="39" f="6" l="7" c="22" d="149" a="0"/>
<U id="40" f="6" l="39" c="0" d="112" a="0"/>
<U id="41" f="6" l="49" c="0" d="112" a="0"/>
<U id="42" f="6" l="96" c="0" d="112" a="0"/>
<U id="43" f="6" l="78" c="0" d="139" a="0"/>
<U id="44" f="1" l="50" c="8" d="45" a="0"/>
<U id="45" f="6" l="8" c="89" d="149" a="0"/>
<U id="46" f="6" l="9" c="89" d="149" a="0"/>
<U id="47" f="1" l="84" c="7" d="80" a="0"/>
<U id="48" f="1" l="49" c="8" d="45" a="0"/>
<U id="49" f="6" l="120" c="0" d="139" a="0"/>
<U id="50" f="6" l="102" c="0" d="118" a="0"/>
<U id="51" f="6" l="203" c="0" d="149" a="0"/>
<U id="52" f="6" l="21" c="29" d="55" a="0"/>
<U id="53" f="6" l="60" c="19" d="118" a="0"/>
<U id="54" f="6" l="132" c="0" d="149" a="0"/>
<U id="55" f="6" l="213" c="0" d="149" a="0"/>
<U id="56" f="6" l="31" c="29" d="72" a="0"/>
<U id="57" f="6" l="114" c="0" d="133" a="0"/>
<U id="58" f="6" l="11" c="30" d="36" a="0"/>
<U id="59" f="6" l="152" c="0" d="123" a="0"/>
<U id="60" f="6" l="180" c="0" d="149" a="0"/>
<U id="61" f="3" l="140" c="3" d="118" a="0"/>
<U id="62" f="6" l="54" c="19" d="112" a="0"/>
<U id="63" f="6" l="16" c="29" d="41" a="0"/>
<U id="64" f="6" l="126" c="0" d="97" a="0"/>
<U id="65" f="6" l="81" c="29" d="94" a="0"/>
<U id="66" f="6" l="72" c="20" d="133" a="0"/>
<U id="67" f="6" l="108" c="0" d="123" a="0"/>
<U id="68" f="6" l="26" c="29" d="46" a="0"/>
<U id="69" f="6" l="63" c="29" d="82" a="0"/>
<U id="70" f="6" l="145" c="0" d="118" a="0"/>
<U id="71" f="6" l="173" c="0" d="97" a="0"/>
<U id="72" f="6" l="208" c="0" d="149" a="0"/>
<U id="73" f="6" l="90" c="21" d="149" a="0"/>
<U id="74" f="6" l="11" c="24" d="19" a="0"/>
<U id="75" f="6" l="11" c="15" d="229" a="0"/>
<U id="76" f="6" l="93" c="29" d="89" a="0"/>
<U id="77" f="6" l="21" c="15" d="150" a="0"/>
<U id="78" f="1" l="84" c="39" d="80" a="0"/>
<U id="79" f="6" l="84" c="20" d="97" a="0"/>
<U id="80" f="6" l="193" c="0" d="149" a="0"/>
<U id="81" f="6" l="75" c="29" d="86" a="0"/>
<U id="82" f="6" l="138" c="0" d="112" a="0"/>
<U id="83" f="6" l="66" c="20" d="123" a="0"/>
<U id="84" f="6" l="31" c="15" d="151" a="0"/>
<U id="85" f="6" l="57" c="29" d="88" a="0"/>
<U id="86" f="6" l="166" c="0" d="139" a="0"/>
<U id="87" f="6" l="96" c="19" d="112" a="0"/>
<U id="88" f="6" l="41" c="15" d="167" a="0"/>
<U id="89" f="6" l="51" c="15" d="213" a="0"/>
<U id="90" f="3" l="136" c="3" d="133" a="0"/>
<U id="91" f="6" l="81" c="23" d="83" a="0"/>
<U id="92" f="6" l="63" c="23" d="47" a="0"/>
<U id="93" f="6" l="87" c="29" d="91" a="0"/>
<U id="94" f="6" l="34" c="24" d="112" a="0"/>
<U id="95" f="6" l="78" c="20" d="139" a="0"/>
<U id="96" f="6" l="69" c="29" d="92" a="0"/>
<U id="97" f="3" l="137" c="3" d="133" a="0"/>
<U id="98" f="6" l="14" c="25" d="112" a="0"/>
<U id="99" f="6" l="159" c="0" d="133" a="0"/>
<U id="100" f="6" l="11" c="36" d="37" a="0"/>
<U id="101" f="6" l="44" c="24" d="139" a="0"/>
<U id="102" f="6" l="187" c="0" d="149" a="0"/>
<U id="103" f="6" l="16" c="15" d="164" a="0"/>
<U id="104" f="6" l="81" c="15" d="162" a="0"/>
<U id="105" f="6" l="61" c="80" d="118" a="0"/>
<U id="106" f="3" l="138" c="3" d="118" a="0"/>
<U id="107" f="6" l="26" c="15" d="179" a="0"/>
<U id="108" f="6" l="63" c="15" d="135" a="0"/>
<U id="109" f="6" l="93" c="23" d="39" a="0"/>
<U id="110" f="6" l="36" c="15" d="148" a="0"/>
<U id="111" f="6" l="75" c="23" d="68" a="0"/>
<U id="112" f="6" l="99" c="29" d="93" a="0"/>
<U id="113" f="3" l="132" c="8" d="118" a="0"/>
<U id="114" f="3" l="139" c="3" d="118" a="0"/>
<U id="115" f="6" l="24" c="26" d="139" a="0"/>
<U id="116" f="6" l="57" c="23" d="56" a="0"/>
<U id="117" f="6" l="198" c="0" d="149" a="0"/>
<U id="118" f="6" l="46" c="15" d="190" a="0"/>
<U id="119" f="6" l="93" c="15" d="241" a="0"/>
<U id="120" f="6" l="75" c="15" d="206" a="0"/>
<U id="121" f="6" l="55" c="80" d="112" a="0"/>
<U id="122" f="6" l="41" c="28" d="48" a="0"/>
<U id="123" f="6" l="57" c="15" d="161" a="0"/>
<U id="124" f="6" l="39" c="24" d="123" a="0"/>
<U id="125" f="6" l="87" c="23" d="76" a="0"/>
<U id="126" f="6" l="51" c="28" d="61" a="0"/>
<U id="127" f="6" l="69" c="23" d="78" a="0"/>
<U id="128" f="6" l="49" c="24" d="149" a="0"/>
<U id="129" f="6" l="19" c="26" d="123" a="0"/>
<U id="130" f="6" l="87" c="15" d="194" a="0"/>
<U id="131" f="5" l="660" c="8" d="149" a="0"/>
<U id="132" f="6" l="69" c="15" d="175" a="0"/>
<U id="133" f="6" l="99" c="23" d="74" a="0"/>
<U id="134" f="5" l="670" c="8" d="250" a="1"/>
<U id="135" f="6" l="36" c="28" d="40" a="0"/>
<U id="136" f="6" l="29" c="27" d="149" a="0"/>
<U id="137" f="6" l="97" c="80" d="112" a="0"/>
<U id="138" f="5" l="671" c="8" d="256" a="1"/>
<U id="139" f="6" l="46" c="28" d="43" a="0"/>
<U id="140" f="6" l="99" c="15" d="168" a="0"/>
<U id="141" f="5" l="663" c="8" d="188" a="1"/>
<U id="142" f="5" l="816" c="8" d="238" a="1"/>
<U id="143" f="5" l="844" c="8" d="233" a="1"/>
<U id="144" f="5" l="664" c="8" d="210" a="1"/>
<U id="145" f="5" l="655" c="8" d="139" a="0"/>
<U id="146" f="5" l="665" c="8" d="155" a="1"/>
<U id="147" f="5" l="656" c="8" d="118" a="0"/>
<U id="148" f="5" l="818" c="8" d="238" a="1"/>
<U id="149" f="5" l="846" c="8" d="261" a="1"/>
<U id="150" f="5" l="666" c="8" d="202" a="1"/>
<U id="151" f="5" l="657" c="8" d="149" a="0"/>
<U id="152" f="5" l="658" c="8" d="149" a="0"/>
<U id="153" f="5" l="776" c="8" d="149" a="0"/>
<U id="154" f="6" l="91" c="88" d="149" a="0"/>
<U id="155" f="5" l="668" c="8" d="242" a="1"/>
<U id="156" f="5" l="659" c="8" d="149" a="0"/>
<U id="157" f="6" l="73" c="88" d="133" a="0"/>
<U id="158" f="5" l="777" c="8" d="133" a="0"/>
<U id="159" f="5" l="849" c="8" d="261" a="1"/>
<U id="160" f="5" l="778" c="8" d="112" a="0"/>
<U id="161" f="5" l="779" c="8" d="149" a="0"/>
<U id="162" f="6" l="85" c="88" d="97" a="0"/>
<U id="163" f="6" l="67" c="88" d="123" a="0"/>
<U id="164" f="6" l="79" c="88" d="139" a="0"/>
<U id="165" f="5" l="230" c="9" d="149" a="0"/>
<U id="166" f="5" l="420" c="9" d="133" a="0"/>
<U id="167" f="5" l="501" c="9" d="123" a="0"/>
<U id="168" f="6" l="102" c="19" d="118" a="0"/>
<U id="169" f="5" l="303" c="9" d="118" a="0"/>
<U id="170" f="5" l="204" c="9" d="133" a="0"/>
<U id="171" f="6" l="120" c="20" d="139" a="0"/>
<U id="172" f="6" l="111" c="29" d="267" a="0"/>
<U id="173" f="5" l="621" c="9" d="149" a="0"/>
<U id="174" f="5" l="242" c="9" d="112" a="0"/>
<U id="175" f="5" l="342" c="9" d="139" a="0"/>
<U id="176" f="5" l="410" c="30" d="144" a="0"/>
<U id="177" f="5" l="433" c="9" d="139" a="0"/>
<U id="178" f="6" l="123" c="29" d="212" a="0"/>
<U id="179" f="5" l="290" c="9" d="112" a="0"/>
<U id="180" f="5" l="316" c="9" d="123" a="0"/>
<U id="181" f="6" l="114" c="20" d="133" a="0"/>
<U id="182" f="5" l="220" c="40" d="97" a="0"/>
<U id="183" f="6" l="105" c="29" d="219" a="0"/>
<U id="184" f="5" l="191" c="9" d="118" a="0"/>
<U id="185" f="5" l="515" c="9" d="133" a="0"/>
<U id="186" f="7" l="530" c="11" d="217" a="0"/>
<U id="187" f="5" l="217" c="9" d="97" a="0"/>
<U id="188" f="5" l="633" c="9" d="149" a="0"/>
<U id="189" f="6" l="203" c="21" d="149" a="0"/>
<U id="190" f="5" l="254" c="9" d="112" a="0"/>
<U id="191" f="5" l="381" c="9" d="112" a="0"/>
<U id="192" f="5" l="543" c="9" d="97" a="0"/>
<U id="193" f="6" l="200" c="23" d="169" a="0"/>
<U id="194" f="5" l="407" c="9" d="123" a="0"/>
<U id="195" f="5" l="410" c="22" d="270" a="0"/>
<U id="196" f="5" l="204" c="30" d="123" a="0"/>
<U id="197" f="5" l="230" c="31" d="149" a="0"/>
<U id="198" f="6" l="132" c="21" d="149" a="0"/>
<U id="199" f="6" l="152" c="20" d="123" a="0"/>
<U id="200" f="6" l="213" c="21" d="149" a="0"/>
<U id="201" f="5" l="220" c="59" d="215" a="0"/>
<U id="202" f="7" l="522" c="11" d="156" a="0"/>
<U id="203" f="5" l="611" c="12" d="54" a="0"/>
<U id="204" f="6" l="145" c="19" d="118" a="0"/>
<U id="205" f="5" l="232" c="12" d="63" a="0"/>
<U id="206" f="6" l="111" c="23" d="200" a="0"/>
<U id="207" f="5" l="572" c="9" d="149" a="0"/>
<U id="208" f="5" l="332" c="30" d="165" a="0"/>
<U id="209" f="5" l="355" c="9" d="97" a="0"/>
<U id="210" f="5" l="181" c="29" d="287" a="0"/>
<U id="211" f="5" l="220" c="14" d="215" a="0"/>
<U id="212" f="5" l="473" c="9" d="112" a="0"/>
<U id="213" f="6" l="135" c="29" d="251" a="0"/>
<U id="214" f="6" l="200" c="15" d="260" a="0"/>
<U id="215" f="5" l="410" c="14" d="144" a="0"/>
<U id="216" f="5" l="820" c="12" d="238" a="0"/>
<U id="217" f="7" l="514" c="11" d="152" a="0"/>
<U id="218" f="6" l="126" c="20" d="97" a="0"/>
<U id="219" f="5" l="423" c="30" d="107" a="0"/>
<U id="220" f="6" l="117" c="29" d="243" a="0"/>
<U id="221" f="5" l="191" c="29" d="112" a="0"/>
<U id="222" f="5" l="446" c="9" d="97" a="0"/>
<U id="223" f="6" l="210" c="24" d="132" a="0"/>
<U id="224" f="6" l="108" c="20" d="123" a="0"/>
<U id="225" f="6" l="180" c="21" d="149" a="0"/>
<U id="226" f="6" l="210" c="15" d="171" a="0"/>
<U id="227" f="5" l="266" c="9" d="112" a="0"/>
<U id="228" f="5" l="220" c="33" d="215" a="0"/>
<U id="229" f="5" l="220" c="24" d="97" a="0"/>
<U id="230" f="5" l="306" c="30" d="99" a="0"/>
<U id="231" f="6" l="111" c="15" d="181" a="0"/>
<U id="232" f="5" l="329" c="9" d="133" a="0"/>
<U id="233" f="6" l="173" c="20" d="97" a="0"/>
<U id="234" f="5" l="332" c="22" d="220" a="0"/>
<U id="235" f="5" l="505" c="30" d="237" a="0"/>
<U id="236" f="7" l="506" c="11" d="172" a="0"/>
<U id="237" f="5" l="303" c="23" d="118" a="0"/>
<U id="238" f="5" l="609" c="9" d="149" a="0"/>
<U id="239" f="6" l="138" c="19" d="112" a="0"/>
<U id="240" f="5" l="505" c="21" d="237" a="0"/>
<U id="241" f="6" l="216" c="30" d="1" a="0"/>
<U id="242" f="5" l="371" c="30" d="209" a="0"/>
<U id="243" f="5" l="533" c="30" d="240" a="0"/>
<U id="244" f="5" l="394" c="9" d="118" a="0"/>
<U id="245" f="5" l="533" c="21" d="240" a="0"/>
<U id="246" f="5" l="623" c="12" d="59" a="0"/>
<U id="247" f="5" l="177" c="9" d="149" a="0"/>
<U id="248" f="5" l="423" c="22" d="224" a="0"/>
<U id="249" f="5" l="561" c="30" d="10" a="0"/>
<U id="250" f="6" l="123" c="23" d="153" a="0"/>
<U id="251" f="5" l="217" c="30" d="139" a="0"/>
<U id="252" f="5" l="420" c="24" d="133" a="0"/>
<U id="253" f="5" l="501" c="24" d="123" a="0"/>
<U id="254" f="5" l="572" c="29" d="149" a="0"/>
<U id="255" f="5" l="280" c="40" d="112" a="0"/>
<U id="256" f="5" l="561" c="21" d="10" a="0"/>
<U id="257" f="5" l="529" c="9" d="139" a="0"/>
<U id="258" f="5" l="462" c="30" d="216" a="0"/>
<U id="259" f="6" l="105" c="23" d="130" a="0"/>
<U id="260" f="5" l="505" c="40" d="108" a="0"/>
<U id="261" f="6" l="142" c="23" d="195" a="0"/>
<U id="262" f="5" l="557" c="9" d="149" a="0"/>
<U id="263" f="5" l="207" c="40" d="133" a="0"/>
<U id="264" f="5" l="306" c="22" d="236" a="0"/>
<U id="265" f="5" l="332" c="14" d="165" a="0"/>
<U id="266" f="5" l="533" c="40" d="173" a="0"/>
<U id="267" f="6" l="129" c="29" d="262" a="0"/>
<U id="268" f="6" l="170" c="23" d="227" a="0"/>
<U id="269" f="6" l="205" c="23" d="98" a="0"/>
<U id="270" f="5" l="585" c="9" d="149" a="0"/>
<U id="271" f="5" l="345" c="30" d="125" a="0"/>
<U id="272" f="5" l="368" c="9" d="149" a="0"/>
<U id="273" f="6" l="166" c="20" d="139" a="0"/>
<U id="274" f="5" l="371" c="22" d="285" a="0"/>
<U id="275" f="5" l="561" c="40" d="201" a="0"/>
<U id="276" f="5" l="278" c="9" d="112" a="0"/>
<U id="277" f="5" l="423" c="14" d="107" a="0"/>
<U id="278" f="5" l="491" c="30" d="284" a="0"/>
<U id="279" f="5" l="575" c="19" d="231" a="0"/>
<U id="280" f="6" l="123" c="15" d="170" a="0"/>
<U id="281" f="6" l="103" c="80" d="118" a="0"/>
<U id="282" f="5" l="207" c="59" d="183" a="0"/>
<U id="283" f="5" l="436" c="30" d="128" a="0"/>
<U id="284" f="5" l="491" c="21" d="284" a="0"/>
<U id="285" f="5" l="670" c="31" d="242" a="0"/>
<U id="286" f="5" l="459" c="9" d="149" a="0"/>
<U id="287" f="5" l="774" c="10" d="149" a="0"/>
<U id="288" f="5" l="462" c="22" d="258" a="0"/>
<U id="289" f="5" l="664" c="20" d="188" a="0"/>
<U id="290" f="6" l="105" c="15" d="196" a="0"/>
<U id="291" f="6" l="193" c="21" d="149" a="0"/>
<U id="292" f="6" l="208" c="22" d="149" a="0"/>
<U id="293" f="5" l="280" c="14" d="253" a="0"/>
<U id="294" f="6" l="142" c="15" d="182" a="0"/>
<U id="295" f="5" l="487" c="9" d="118" a="0"/>
<U id="296" f="5" l="293" c="30" d="114" a="0"/>
<U id="297" f="5" l="306" c="14" d="99" a="0"/>
<U id="298" f="7" l="537" c="11" d="228" a="0"/>
<U id="299" f="5" l="181" c="14" d="211" a="0"/>
<U id="300" f="5" l="194" c="39" d="118" a="0"/>
<U id="301" f="5" l="319" c="30" d="137" a="0"/>
<U id="302" f="5" l="505" c="14" d="108" a="0"/>
<U id="303" f="6" l="135" c="23" d="101" a="0"/>
<U id="304" f="6" l="170" c="15" d="218" a="0"/>
<U id="305" f="6" l="205" c="15" d="223" a="0"/>
<U id="306" f="6" l="216" c="23" d="102" a="0"/>
<U id="307" f="5" l="290" c="23" d="112" a="0"/>
<U id="308" f="5" l="207" c="14" d="183" a="0"/>
<U id="309" f="5" l="345" c="22" d="254" a="0"/>
<U id="310" f="5" l="342" c="24" d="139" a="0"/>
<U id="311" f="5" l="244" c="14" d="158" a="0"/>
<U id="312" f="5" l="371" c="14" d="209" a="0"/>
<U id="313" f="5" l="491" c="40" d="166" a="0"/>
<U id="314" f="5" l="533" c="14" d="173" a="0"/>
<U id="315" f="6" l="117" c="23" d="176" a="0"/>
<U id="316" f="6" l="163" c="23" d="247" a="0"/>
<U id="317" f="5" l="384" c="30" d="119" a="0"/>
<U id="318" f="6" l="159" c="20" d="133" a="0"/>
<U id="319" f="5" l="561" c="14" d="201" a="0"/>
<U id="320" f="5" l="636" c="12" d="84" a="0"/>
<U id="321" f="5" l="381" c="23" d="112" a="0"/>
<U id="322" f="5" l="436" c="22" d="257" a="0"/>
<U id="323" f="5" l="304" c="80" d="118" a="0"/>
<U id="324" f="5" l="433" c="24" d="139" a="0"/>
<U id="325" f="5" l="597" c="9" d="149" a="0"/>
<U id="326" f="5" l="462" c="14" d="216" a="0"/>
<U id="327" f="5" l="519" c="30" d="274" a="0"/>
<U id="328" f="5" l="664" c="12" d="139" a="0"/>
<U id="329" f="5" l="702" c="25" d="5" a="0"/>
<U id="330" f="5" l="207" c="33" d="183" a="0"/>
<U id="331" f="5" l="519" c="21" d="274" a="0"/>
<U id="332" f="5" l="207" c="24" d="133" a="0"/>
<U id="333" f="5" l="293" c="22" d="264" a="0"/>
<U id="334" f="5" l="547" c="30" d="275" a="0"/>
<U id="335" f="6" l="190" c="15" d="204" a="0"/>
<U id="336" f="5" l="244" c="24" d="112" a="0"/>
<U id="337" f="5" l="319" c="22" d="265" a="0"/>
<U id="338" f="5" l="547" c="21" d="275" a="0"/>
<U id="339" f="5" l="665" c="30" d="210" a="0"/>
<U id="340" f="6" l="135" c="15" d="248" a="0"/>
<U id="341" f="6" l="216" c="15" d="192" a="0"/>
<U id="342" f="5" l="316" c="24" d="123" a="0"/>
<U id="343" f="5" l="345" c="14" d="125" a="0"/>
<U id="344" f="5" l="665" c="21" d="149" a="0"/>
<U id="345" f="5" l="671" c="23" d="242" a="0"/>
<U id="346" f="5" l="712" c="25" d="5" a="0"/>
<U id="347" f="5" l="515" c="24" d="133" a="0"/>
<U id="348" f="5" l="358" c="30" d="154" a="0"/>
<U id="349" f="5" l="611" c="17" d="193" a="0"/>
<U id="350" f="5" l="703" c="25" d="6" a="0"/>
<U id="351" f="5" l="827" c="12" d="238" a="0"/>
<U id="352" f="6" l="117" c="15" d="140" a="0"/>
<U id="353" f="6" l="163" c="15" d="177" a="0"/>
<U id="354" f="5" l="384" c="22" d="269" a="0"/>
<U id="355" f="5" l="575" c="12" d="64" a="0"/>
<U id="356" f="5" l="830" c="16" d="238" a="1"/>
<U id="357" f="6" l="142" c="35" d="203" a="0"/>
<U id="358" f="5" l="543" c="24" d="97" a="0"/>
<U id="359" f="5" l="650" c="25" d="149" a="0"/>
<U id="360" f="5" l="491" c="14" d="166" a="0"/>
<U id="361" f="5" l="519" c="40" d="138" a="0"/>
<U id="362" f="5" l="780" c="14" d="133" a="0"/>
<U id="363" f="6" l="156" c="23" d="185" a="0"/>
<U id="364" f="5" l="407" c="24" d="123" a="0"/>
<U id="365" f="5" l="473" c="23" d="112" a="0"/>
<U id="366" f="5" l="621" c="26" d="149" a="0"/>
<U id="367" f="5" l="410" c="37" d="270" a="0"/>
<U id="368" f="5" l="436" c="14" d="128" a="0"/>
<U id="369" f="5" l="670" c="15" d="155" a="0"/>
<U id="370" f="5" l="722" c="25" d="5" a="0"/>
<U id="371" f="6" l="170" c="35" d="281" a="0"/>
<U id="372" f="6" l="190" c="34" d="9" a="0"/>
<U id="373" f="5" l="449" c="30" d="160" a="0"/>
<U id="374" f="5" l="547" c="40" d="142" a="0"/>
<U id="375" f="5" l="663" c="32" d="155" a="0"/>
<U id="376" f="5" l="713" c="25" d="6" a="0"/>
<U id="377" f="5" l="837" c="12" d="238" a="0"/>
<U id="378" f="6" l="184" c="23" d="109" a="0"/>
<U id="379" f="5" l="256" c="14" d="191" a="0"/>
<U id="380" f="6" l="129" c="23" d="197" a="0"/>
<U id="381" f="5" l="194" c="32" d="187" a="0"/>
<U id="382" f="5" l="293" c="14" d="114" a="0"/>
<U id="383" f="5" l="477" c="30" d="276" a="0"/>
<U id="384" f="5" l="319" c="14" d="137" a="0"/>
<U id="385" f="5" l="477" c="21" d="276" a="0"/>
<U id="386" f="5" l="732" c="25" d="5" a="0"/>
<U id="387" f="5" l="822" c="16" d="238" a="1"/>
<U id="388" f="5" l="194" c="14" d="187" a="0"/>
<U id="389" f="5" l="723" c="25" d="6" a="0"/>
<U id="390" f="5" l="633" c="25" d="149" a="0"/>
<U id="391" f="5" l="232" c="18" d="100" a="0"/>
<U id="392" f="5" l="358" c="22" d="278" a="0"/>
<U id="393" f="5" l="355" c="24" d="97" a="0"/>
<U id="394" f="5" l="384" c="14" d="119" a="0"/>
<U id="395" f="5" l="397" c="30" d="147" a="0"/>
<U id="396" f="5" l="742" c="25" d="5" a="0"/>
<U id="397" f="5" l="852" c="15" d="261" a="0"/>
<U id="398" f="6" l="156" c="15" d="141" a="0"/>
<U id="399" f="6" l="198" c="21" d="149" a="0"/>
<U id="400" f="5" l="256" c="24" d="112" a="0"/>
<U id="401" f="5" l="733" c="25" d="6" a="0"/>
<U id="402" f="5" l="291" c="80" d="112" a="0"/>
<U id="403" f="5" l="394" c="23" d="118" a="0"/>
<U id="404" f="5" l="449" c="22" d="279" a="0"/>
<U id="405" f="5" l="477" c="40" d="129" a="0"/>
<U id="406" f="5" l="519" c="14" d="138" a="0"/>
<U id="407" f="6" l="149" c="23" d="178" a="0"/>
<U id="408" f="6" l="184" c="15" d="235" a="0"/>
<U id="409" f="6" l="195" c="23" d="131" a="0"/>
<U id="410" f="5" l="446" c="24" d="97" a="0"/>
<U id="411" f="5" l="663" c="15" d="155" a="0"/>
<U id="412" f="5" l="702" c="73" d="250" a="0"/>
<U id="413" f="5" l="844" c="42" d="149" a="0"/>
<U id="414" f="5" l="846" c="59" d="233" a="0"/>
<U id="415" f="6" l="129" c="15" d="198" a="0"/>
<U id="416" f="6" l="163" c="35" d="244" a="0"/>
<U id="417" f="7" l="498" c="11" d="246" a="0"/>
<U id="418" f="5" l="194" c="24" d="118" a="0"/>
<U id="419" f="5" l="547" c="14" d="142" a="0"/>
<U id="420" f="5" l="587" c="12" d="73" a="0"/>
<U id="421" f="6" l="177" c="23" d="208" a="0"/>
<U id="422" f="5" l="220" c="48" d="139" a="0"/>
<U id="423" f="5" l="665" c="14" d="155" a="0"/>
<U id="424" f="5" l="743" c="25" d="6" a="0"/>
<U id="425" f="5" l="382" c="80" d="112" a="0"/>
<U id="426" f="5" l="329" c="24" d="133" a="0"/>
<U id="427" f="5" l="181" c="45" d="287" a="0"/>
<U id="428" f="5" l="280" c="27" d="112" a="0"/>
<U id="429" f="5" l="332" c="37" d="220" a="0"/>
<U id="430" f="5" l="358" c="14" d="154" a="0"/>
<U id="431" f="6" l="142" c="28" d="273" a="0"/>
<U id="432" f="5" l="268" c="14" d="214" a="0"/>
<U id="433" f="5" l="242" c="28" d="112" a="0"/>
<U id="434" f="5" l="397" c="22" d="282" a="0"/>
<U id="435" f="5" l="707" c="25" d="5" a="0"/>
<U id="436" f="5" l="753" c="25" d="5" a="0"/>
<U id="437" f="6" l="170" c="28" d="280" a="0"/>
<U id="438" f="6" l="190" c="27" d="205" a="0"/>
<U id="439" f="5" l="834" c="16" d="226" a="1"/>
<U id="440" f="5" l="844" c="52" d="238" a="0"/>
<U id="441" f="5" l="423" c="37" d="224" a="0"/>
<U id="442" f="5" l="449" c="14" d="160" a="0"/>
<U id="443" f="5" l="623" c="18" d="157" a="0"/>
<U id="444" f="5" l="663" c="89" d="155" a="0"/>
<U id="445" f="6" l="149" c="15" d="222" a="0"/>
<U id="446" f="6" l="195" c="15" d="239" a="0"/>
<U id="447" f="5" l="713" c="73" d="250" a="0"/>
<U id="448" f="5" l="844" c="34" d="97" a="0"/>
<U id="449" f="5" l="529" c="24" d="139" a="0"/>
<U id="450" f="5" l="477" c="14" d="129" a="0"/>
<U id="451" f="5" l="505" c="64" d="108" a="0"/>
<U id="452" f="5" l="636" c="25" d="4" a="0"/>
<U id="453" f="5" l="682" c="25" d="5" a="0"/>
<U id="454" f="5" l="717" c="25" d="5" a="0"/>
<U id="455" f="6" l="177" c="15" d="180" a="0"/>
<U id="456" f="5" l="708" c="25" d="6" a="0"/>
<U id="457" f="5" l="754" c="25" d="6" a="0"/>
<U id="458" f="6" l="156" c="35" d="259" a="0"/>
<U id="459" f="5" l="268" c="24" d="112" a="0"/>
<U id="460" f="5" l="306" c="37" d="236" a="0"/>
<U id="461" f="5" l="533" c="64" d="173" a="0"/>
<U id="462" f="5" l="712" c="74" d="250" a="0"/>
<U id="463" f="5" l="732" c="73" d="250" a="0"/>
<U id="464" f="5" l="487" c="23" d="118" a="0"/>
<U id="465" f="5" l="609" c="25" d="149" a="0"/>
<U id="466" f="5" l="703" c="74" d="250" a="0"/>
<U id="467" f="5" l="723" c="73" d="250" a="0"/>
<U id="468" f="5" l="839" c="41" d="238" a="0"/>
<U id="469" f="6" l="184" c="35" d="3" a="0"/>
<U id="470" f="5" l="561" c="64" d="201" a="0"/>
<U id="471" f="5" l="692" c="25" d="5" a="0"/>
<U id="472" f="5" l="727" c="25" d="5" a="0"/>
<U id="473" f="5" l="244" c="37" d="112" a="0"/>
<U id="474" f="5" l="371" c="37" d="285" a="0"/>
<U id="475" f="5" l="397" c="14" d="147" a="0"/>
<U id="476" f="5" l="599" c="12" d="69" a="0"/>
<U id="477" f="5" l="683" c="25" d="6" a="0"/>
<U id="478" f="5" l="718" c="25" d="6" a="0"/>
<U id="479" f="5" l="668" c="23" d="155" a="0"/>
<U id="480" f="5" l="722" c="74" d="250" a="0"/>
<U id="481" f="5" l="742" c="73" d="250" a="0"/>
<U id="482" f="5" l="816" c="26" d="245" a="0"/>
<U id="483" f="5" l="717" c="35" d="250" a="0"/>
<U id="484" f="6" l="163" c="28" d="234" a="0"/>
<U id="485" f="5" l="737" c="25" d="5" a="0"/>
<U id="486" f="5" l="844" c="26" d="133" a="0"/>
<U id="487" f="5" l="462" c="37" d="258" a="0"/>
<U id="488" f="5" l="505" c="56" d="225" a="0"/>
<U id="489" f="5" l="693" c="25" d="6" a="0"/>
<U id="490" f="5" l="728" c="25" d="6" a="0"/>
<U id="491" f="5" l="254" c="28" d="123" a="0"/>
<U id="492" f="5" l="557" c="25" d="149" a="0"/>
<U id="493" f="5" l="505" c="47" d="225" a="0"/>
<U id="494" f="6" l="187" c="25" d="149" a="0"/>
<U id="495" f="5" l="181" c="38" d="286" a="0"/>
<U id="496" f="5" l="533" c="56" d="230" a="0"/>
<U id="497" f="5" l="666" c="34" d="210" a="0"/>
<U id="498" f="5" l="178" c="89" d="149" a="0"/>
<U id="499" f="5" l="395" c="80" d="118" a="0"/>
<U id="500" f="5" l="585" c="25" d="149" a="0"/>
<U id="501" f="5" l="533" c="47" d="230" a="0"/>
<U id="502" f="5" l="718" c="35" d="256" a="0"/>
<U id="503" f="5" l="747" c="25" d="5" a="0"/>
<U id="504" f="6" l="149" c="35" d="263" a="0"/>
<U id="505" f="5" l="368" c="25" d="149" a="0"/>
<U id="506" f="5" l="345" c="37" d="254" a="0"/>
<U id="507" f="5" l="491" c="64" d="166" a="0"/>
<U id="508" f="5" l="561" c="56" d="8" a="0"/>
<U id="509" f="5" l="738" c="25" d="6" a="0"/>
<U id="510" f="5" l="177" c="26" d="149" a="0"/>
<U id="511" f="5" l="561" c="47" d="8" a="0"/>
<U id="512" f="6" l="177" c="35" d="277" a="0"/>
<U id="513" f="5" l="674" c="17" d="202" a="0"/>
<U id="514" f="5" l="692" c="72" d="250" a="0"/>
<U id="515" f="5" l="733" c="74" d="250" a="0"/>
<U id="516" f="5" l="737" c="35" d="256" a="0"/>
<U id="517" f="5" l="575" c="26" d="7" a="0"/>
<U id="518" f="5" l="818" c="26" d="238" a="0"/>
<U id="519" f="5" l="179" c="89" d="149" a="0"/>
<U id="520" f="5" l="459" c="25" d="149" a="0"/>
<U id="521" f="5" l="436" c="37" d="257" a="0"/>
<U id="522" f="5" l="636" c="18" d="163" a="0"/>
<U id="523" f="5" l="748" c="25" d="6" a="0"/>
<U id="524" f="5" l="829" c="16" d="226" a="1"/>
<U id="525" f="6" l="156" c="28" d="252" a="0"/>
<U id="526" f="5" l="207" c="48" d="123" a="0"/>
<U id="527" f="5" l="256" c="37" d="112" a="0"/>
<U id="528" f="5" l="682" c="73" d="250" a="0"/>
<U id="529" f="5" l="743" c="74" d="250" a="0"/>
<U id="530" f="5" l="293" c="37" d="264" a="0"/>
<U id="531" f="5" l="666" c="26" d="97" a="0"/>
<U id="532" f="5" l="677" c="34" d="250" a="0"/>
<U id="533" f="5" l="738" c="35" d="250" a="0"/>
<U id="534" f="5" l="754" c="73" d="250" a="0"/>
<U id="535" f="5" l="818" c="63" d="238" a="0"/>
<U id="536" f="6" l="184" c="28" d="2" a="0"/>
<U id="537" f="5" l="194" c="46" d="112" a="0"/>
<U id="538" f="5" l="319" c="37" d="265" a="0"/>
<U id="539" f="5" l="666" c="17" d="118" a="0"/>
<U id="540" f="5" l="677" c="25" d="5" a="0"/>
<U id="541" f="5" l="491" c="56" d="283" a="0"/>
<U id="542" f="5" l="818" c="45" d="149" a="0"/>
<U id="543" f="5" l="839" c="16" d="238" a="1"/>
<U id="544" f="6" l="121" c="88" d="139" a="0"/>
<U id="545" f="5" l="491" c="47" d="283" a="0"/>
<U id="546" f="5" l="707" c="74" d="250" a="0"/>
<U id="547" f="5" l="753" c="74" d="250" a="0"/>
<U id="548" f="5" l="266" c="28" d="139" a="0"/>
<U id="549" f="5" l="384" c="37" d="269" a="0"/>
<U id="550" f="5" l="519" c="64" d="138" a="0"/>
<U id="551" f="5" l="683" c="73" d="250" a="0"/>
<U id="552" f="5" l="678" c="34" d="256" a="0"/>
<U id="553" f="5" l="687" c="25" d="5" a="0"/>
<U id="554" f="5" l="597" c="25" d="149" a="0"/>
<U id="555" f="6" l="140" c="88" d="112" a="0"/>
<U id="556" f="5" l="547" c="64" d="142" a="0"/>
<U id="557" f="5" l="678" c="25" d="6" a="0"/>
<U id="558" f="5" l="330" c="88" d="133" a="0"/>
<U id="559" f="6" l="214" c="96" d="149" a="0"/>
<U id="560" f="5" l="194" c="56" d="187" a="0"/>
<U id="561" f="5" l="697" c="34" d="256" a="0"/>
<U id="562" f="5" l="708" c="74" d="250" a="0"/>
<U id="563" f="5" l="697" c="25" d="5" a="0"/>
<U id="564" f="5" l="818" c="55" d="139" a="0"/>
<U id="565" f="6" l="149" c="28" d="255" a="0"/>
<U id="566" f="5" l="688" c="25" d="6" a="0"/>
<U id="567" f="5" l="421" c="88" d="133" a="0"/>
<U id="568" f="5" l="502" c="88" d="123" a="0"/>
<U id="569" f="5" l="587" c="17" d="207" a="0"/>
<U id="570" f="5" l="668" c="17" d="155" a="0"/>
<U id="571" f="5" l="727" c="74" d="250" a="0"/>
<U id="572" f="6" l="177" c="28" d="272" a="0"/>
<U id="573" f="5" l="358" c="37" d="278" a="0"/>
<U id="574" f="5" l="530" c="88" d="139" a="0"/>
<U id="575" f="5" l="774" c="28" d="149" a="0"/>
<U id="576" f="5" l="268" c="37" d="112" a="0"/>
<U id="577" f="5" l="519" c="56" d="266" a="0"/>
<U id="578" f="5" l="846" c="37" d="143" a="1"/>
<U id="579" f="6" l="160" c="88" d="133" a="0"/>
<U id="580" f="5" l="519" c="47" d="266" a="0"/>
<U id="581" f="5" l="698" c="25" d="6" a="0"/>
<U id="582" f="5" l="846" c="28" d="149" a="0"/>
<U id="583" f="5" l="477" c="64" d="129" a="0"/>
<U id="584" f="5" l="547" c="56" d="268" a="0"/>
<U id="585" f="5" l="503" c="88" d="123" a="0"/>
<U id="586" f="5" l="449" c="37" d="279" a="0"/>
<U id="587" f="5" l="547" c="47" d="268" a="0"/>
<U id="588" f="5" l="693" c="74" d="250" a="0"/>
<U id="589" f="5" l="728" c="74" d="250" a="0"/>
<U id="590" f="6" l="133" c="88" d="149" a="0"/>
<U id="591" f="5" l="278" c="28" d="149" a="0"/>
<U id="592" f="5" l="531" c="88" d="139" a="0"/>
<U id="593" f="6" l="181" c="96" d="149" a="0"/>
<U id="594" f="6" l="115" c="88" d="133" a="0"/>
<U id="595" f="6" l="161" c="88" d="133" a="0"/>
<U id="596" f="5" l="747" c="74" d="250" a="0"/>
<U id="597" f="5" l="651" c="96" d="149" a="0"/>
<U id="598" f="5" l="698" c="35" d="250" a="0"/>
<U id="599" f="5" l="849" c="27" d="261" a="0"/>
<U id="600" f="5" l="460" c="88" d="149" a="0"/>
<U id="601" f="6" l="182" c="96" d="149" a="0"/>
<U id="602" f="5" l="397" c="37" d="282" a="0"/>
<U id="603" f="5" l="477" c="56" d="271" a="0"/>
<U id="604" f="5" l="687" c="73" d="250" a="0"/>
<U id="605" f="5" l="748" c="74" d="250" a="0"/>
<U id="606" f="5" l="652" c="96" d="149" a="0"/>
<U id="607" f="6" l="153" c="88" d="123" a="0"/>
<U id="608" f="5" l="477" c="47" d="271" a="0"/>
<U id="609" f="5" l="599" c="17" d="232" a="0"/>
<U id="610" f="5" l="343" c="88" d="139" a="0"/>
<U id="611" f="5" l="849" c="55" d="226" a="0"/>
<U id="612" f="5" l="634" c="96" d="149" a="0"/>
<U id="613" f="5" l="849" c="46" d="149" a="0"/>
<U id="614" f="5" l="434" c="88" d="139" a="0"/>
<U id="615" f="6" l="154" c="88" d="123" a="0"/>
<U id="616" f="6" l="127" c="88" d="97" a="0"/>
<U id="617" f="5" l="317" c="88" d="123" a="0"/>
<U id="618" f="5" l="516" c="88" d="133" a="0"/>
<U id="619" f="5" l="573" c="96" d="149" a="0"/>
<U id="620" f="6" l="109" c="88" d="123" a="0"/>
<U id="621" f="6" l="146" c="88" d="118" a="0"/>
<U id="622" f="5" l="544" c="88" d="97" a="0"/>
<U id="623" f="5" l="688" c="74" d="250" a="0"/>
<U id="624" f="5" l="408" c="88" d="123" a="0"/>
<U id="625" f="6" l="174" c="88" d="97" a="0"/>
<U id="626" f="5" l="517" c="88" d="133" a="0"/>
<U id="627" f="6" l="147" c="88" d="118" a="0"/>
<U id="628" f="5" l="545" c="88" d="97" a="0"/>
<U id="629" f="6" l="175" c="88" d="97" a="0"/>
<U id="630" f="5" l="356" c="88" d="97" a="0"/>
<U id="631" f="5" l="474" c="88" d="112" a="0"/>
<U id="632" f="6" l="139" c="88" d="112" a="0"/>
<U id="633" f="5" l="447" c="88" d="97" a="0"/>
<U id="634" f="6" l="167" c="88" d="139" a="0"/>
<U id="635" f="5" l="475" c="88" d="112" a="0"/>
<U id="636" f="5" l="558" c="96" d="149" a="0"/>
<U id="637" f="6" l="188" c="96" d="149" a="0"/>
<U id="638" f="6" l="168" c="88" d="139" a="0"/>
<U id="639" f="5" l="559" c="96" d="149" a="0"/>
<U id="640" f="5" l="369" c="88" d="149" a="0"/>
<U id="641" f="5" l="488" c="88" d="118" a="0"/>
<U id="642" f="5" l="489" c="88" d="118" a="0"/>
</Uses>
<Blocks>
<B id="1" t="routine" f="6" l="7" c="8">
<BEGIN l="10" c="0"/>
<END l="12" c="0"/>
</B>
<B id="2" t="routine" f="6" l="14" c="6">
<BEGIN l="15" c="0"/>
<END l="17" c="0"/>
</B>
<B id="3" t="routine" f="6" l="19" c="7">
<BEGIN l="20" c="0"/>
<END l="22" c="0"/>
</B>
<B id="4" t="routine" f="6" l="24" c="7">
<BEGIN l="25" c="0"/>
<END l="27" c="0"/>
</B>
<B id="5" t="routine" f="6" l="29" c="8">
<BEGIN l="30" c="0"/>
<END l="32" c="0"/>
</B>
<B id="6" t="routine" f="6" l="34" c="6">
<BEGIN l="35" c="0"/>
<END l="37" c="0"/>
</B>
<B id="7" t="routine" f="6" l="39" c="6">
<BEGIN l="40" c="0"/>
<END l="42" c="0"/>
</B>
<B id="8" t="routine" f="6" l="44" c="6">
<BEGIN l="45" c="0"/>
<END l="47" c="0"/>
</B>
<B id="9" t="routine" f="6" l="49" c="6">
<BEGIN l="50" c="0"/>
<END l="52" c="0"/>
</B>
<B id="10" t="routine" f="6" l="54" c="6">
<BEGIN l="56" c="0"/>
<END l="58" c="0"/>
</B>
<B id="11" t="routine" f="6" l="60" c="6">
<BEGIN l="62" c="0"/>
<END l="64" c="0"/>
</B>
<B id="12" t="routine" f="6" l="66" c="7">
<BEGIN l="68" c="0"/>
<END l="70" c="0"/>
</B>
<B id="13" t="routine" f="6" l="72" c="7">
<BEGIN l="74" c="0"/>
<END l="76" c="0"/>
</B>
<B id="14" t="routine" f="6" l="78" c="7">
<BEGIN l="80" c="0"/>
<END l="82" c="0"/>
</B>
<B id="15" t="routine" f="6" l="84" c="7">
<BEGIN l="86" c="0"/>
<END l="88" c="0"/>
</B>
<B id="16" t="routine" f="6" l="90" c="8">
<BEGIN l="92" c="0"/>
<END l="94" c="0"/>
</B>
<B id="17" t="routine" f="6" l="96" c="6">
<BEGIN l="98" c="0"/>
<END l="100" c="0"/>
</B>
<B id="18" t="routine" f="6" l="102" c="6">
<BEGIN l="104" c="0"/>
<END l="106" c="0"/>
</B>
<B id="19" t="routine" f="6" l="108" c="7">
<BEGIN l="110" c="0"/>
<END l="112" c="0"/>
</B>
<B id="20" t="routine" f="6" l="114" c="7">
<BEGIN l="116" c="0"/>
<END l="118" c="0"/>
</B>
<B id="21" t="routine" f="6" l="120" c="7">
<BEGIN l="122" c="0"/>
<END l="124" c="0"/>
</B>
<B id="22" t="routine" f="6" l="126" c="7">
<BEGIN l="128" c="0"/>
<END l="130" c="0"/>
</B>
<B id="23" t="routine" f="6" l="132" c="8">
<BEGIN l="134" c="0"/>
<END l="136" c="0"/>
</B>
<B id="24" t="routine" f="6" l="138" c="6">
<BEGIN l="141" c="0"/>
<END l="143" c="0"/>
</B>
<B id="25" t="routine" f="6" l="145" c="6">
<BEGIN l="148" c="0"/>
<END l="150" c="0"/>
</B>
<B id="26" t="routine" f="6" l="152" c="7">
<BEGIN l="155" c="0"/>
<END l="157" c="0"/>
</B>
<B id="27" t="routine" f="6" l="159" c="7">
<BEGIN l="162" c="0"/>
<END l="164" c="0"/>
</B>
<B id="28" t="routine" f="6" l="166" c="7">
<BEGIN l="169" c="0"/>
<END l="171" c="0"/>
</B>
<B id="29" t="routine" f="6" l="173" c="7">
<BEGIN l="176" c="0"/>
<END l="178" c="0"/>
</B>
<B id="30" t="routine" f="6" l="180" c="8">
<BEGIN l="183" c="0"/>
<END l="185" c="0"/>
</B>
<B id="31" t="routine" f="6" l="187" c="8">
<BEGIN l="189" c="0"/>
<END l="191" c="0"/>
</B>
<B id="32" t="routine" f="6" l="193" c="8">
<BEGIN l="194" c="0"/>
<END l="196" c="0"/>
</B>
<B id="33" t="routine" f="6" l="198" c="8">
<BEGIN l="199" c="0"/>
<END l="201" c="0"/>
</B>
<B id="34" t="routine" f="6" l="203" c="8">
<BEGIN l="204" c="0"/>
<END l="206" c="0"/>
</B>
<B id="35" t="routine" f="6" l="208" c="8">
<BEGIN l="209" c="0"/>
<END l="211" c="0"/>
</B>
<B id="36" t="routine" f="6" l="213" c="8">
<BEGIN l="215" c="0"/>
<END l="217" c="0"/>
</B>
<B id="37" t="ppcif" f="8" l="15" c="0">
<BEGIN l="15" c="27"/>
<END l="330" c="0"/>
</B>
<B id="38" t="ppcif" f="8" l="25" c="0">
<BEGIN l="25" c="19"/>
<END l="155" c="0"/>
</B>
<B id="39" t="ppcrmif" f="8" l="46" c="0">
<BEGIN l="46" c="93"/>
<END l="91" c="0"/>
</B>
<B id="40" t="ppcrmif" f="8" l="94" c="0">
<BEGIN l="94" c="91"/>
<END l="153" c="0"/>
</B>
<B id="41" t="ppcrmelse" f="8" l="155" c="0">
<BEGIN l="155" c="35"/>
<END l="328" c="0"/>
</B>
<B id="42" t="ppcif" f="9" l="11" c="0">
<BEGIN l="11" c="27"/>
<END l="36" c="0"/>
</B>
<B id="43" t="ppcrmif" f="9" l="14" c="0">
<BEGIN l="14" c="19"/>
<END l="29" c="0"/>
</B>
<B id="44" t="ppcelse" f="9" l="29" c="0">
<BEGIN l="29" c="5"/>
<END l="33" c="0"/>
</B>
<B id="45" t="ppcif" f="1" l="22" c="0">
<BEGIN l="22" c="17"/>
<END l="109" c="0"/>
</B>
<B id="46" t="ppcrmif" f="1" l="39" c="0">
<BEGIN l="39" c="66"/>
<END l="43" c="0"/>
</B>
<B id="47" t="ppcelse" f="1" l="43" c="0">
<BEGIN l="43" c="60"/>
<END l="47" c="0"/>
</B>
<B id="48" t="ppcrmif" f="1" l="52" c="0">
<BEGIN l="52" c="18"/>
<END l="58" c="0"/>
</B>
<B id="49" t="ppcrmif" f="1" l="62" c="0">
<BEGIN l="62" c="33"/>
<END l="80" c="0"/>
</B>
<B id="50" t="ppcelse" f="1" l="80" c="0">
<BEGIN l="80" c="31"/>
<END l="93" c="0"/>
</B>
<B id="51" t="ppcrmif" f="1" l="96" c="0">
<BEGIN l="96" c="14"/>
<END l="106" c="0"/>
</B>
<B id="52" t="ppcif" f="10" l="3" c="0">
<BEGIN l="3" c="29"/>
<END l="348" c="0"/>
</B>
<B id="53" t="ppcif" f="10" l="61" c="0">
<BEGIN l="63" c="27"/>
<END l="66" c="0"/>
</B>
<B id="54" t="ppcrmif" f="10" l="165" c="0">
<BEGIN l="165" c="17"/>
<END l="206" c="0"/>
</B>
<B id="55" t="ppcrmif" f="10" l="209" c="0">
<BEGIN l="209" c="37"/>
<END l="211" c="0"/>
</B>
<B id="56" t="ppcrmif" f="10" l="213" c="0">
<BEGIN l="213" c="44"/>
<END l="321" c="0"/>
</B>
<B id="57" t="ppcif" f="10" l="323" c="0">
<BEGIN l="323" c="18"/>
<END l="346" c="0"/>
</B>
<B id="58" t="ppcrmif" f="10" l="326" c="0">
<BEGIN l="326" c="18"/>
<END l="328" c="0"/>
</B>
<B id="59" t="ppcrmif" f="10" l="329" c="0">
<BEGIN l="329" c="63"/>
<END l="331" c="0"/>
</B>
<B id="60" t="ppcrmif" f="10" l="332" c="0">
<BEGIN l="332" c="64"/>
<END l="334" c="0"/>
</B>
<B id="61" t="ppcrmif" f="10" l="335" c="0">
<BEGIN l="335" c="16"/>
<END l="340" c="0"/>
</B>
<B id="62" t="ppcif" f="10" l="343" c="0">
<BEGIN l="343" c="57"/>
<END l="345" c="0"/>
</B>
<B id="63" t="type" f="3" l="135" c="0">
<BEGIN l="135" c="0"/>
<END l="141" c="0"/>
</B>
<B id="64" t="ppcif" f="3" l="56" c="0">
<BEGIN l="56" c="19"/>
<END l="154" c="0"/>
</B>
<B id="65" t="ppcif" f="3" l="122" c="0">
<BEGIN l="122" c="26"/>
<END l="126" c="0"/>
</B>
<B id="66" t="ppcif" f="2" l="43" c="0">
<BEGIN l="43" c="24"/>
<END l="150" c="0"/>
</B>
<B id="67" t="ppcif" f="2" l="81" c="0">
<BEGIN l="81" c="13"/>
<END l="83" c="0"/>
</B>
<B id="68" t="ppcif" f="2" l="85" c="0">
<BEGIN l="85" c="14"/>
<END l="87" c="0"/>
</B>
<B id="69" t="ppcrmif" f="2" l="119" c="0">
<BEGIN l="119" c="46"/>
<END l="125" c="0"/>
</B>
<B id="70" t="ppcelse" f="2" l="125" c="0">
<BEGIN l="125" c="6"/>
<END l="129" c="0"/>
</B>
<B id="71" t="ppcrmif" f="2" l="131" c="0">
<BEGIN l="131" c="46"/>
<END l="137" c="0"/>
</B>
<B id="72" t="ppcelse" f="2" l="137" c="0">
<BEGIN l="137" c="6"/>
<END l="140" c="0"/>
</B>
<B id="73" t="ppcif" f="11" l="43" c="0">
<BEGIN l="43" c="18"/>
<END l="202" c="0"/>
</B>
<B id="74" t="ppcif" f="11" l="88" c="0">
<BEGIN l="88" c="17"/>
<END l="90" c="0"/>
</B>
<B id="75" t="ppcif" f="12" l="19" c="0">
<BEGIN l="19" c="22"/>
<END l="23" c="0"/>
</B>
<B id="76" t="ppcif" f="13" l="19" c="0">
<BEGIN l="19" c="26"/>
<END l="23" c="0"/>
</B>
<B id="77" t="initializer" f="5" l="780" c="21">
<BEGIN l="780" c="48"/>
<END l="813" c="16"/>
</B>
<B id="78" t="ppcif" f="5" l="22" c="0">
<BEGIN l="22" c="18"/>
<END l="855" c="0"/>
</B>
<B id="79" t="routine" f="5" l="177" c="17">
<BEGIN l="180" c="0"/>
<END l="182" c="0"/>
</B>
<B id="80" t="routine" f="5" l="191" c="15">
<BEGIN l="192" c="0"/>
<END l="195" c="0"/>
</B>
<B id="81" t="routine" f="5" l="204" c="16">
<BEGIN l="205" c="0"/>
<END l="208" c="0"/>
</B>
<B id="82" t="else" f="5" l="220" c="40">
<BEGIN l="220" c="40"/>
<END l="220" c="63"/>
</B>
<B id="83" t="if" f="5" l="220" c="22">
<BEGIN l="220" c="24"/>
<END l="220" c="36"/>
<ELSE d="82"/>
</B>
<B id="84" t="routine" f="5" l="217" c="16">
<BEGIN l="218" c="0"/>
<END l="221" c="0"/>
<SUB d="83"/>
</B>
<B id="85" t="routine" f="5" l="230" c="17">
<BEGIN l="231" c="0"/>
<END l="233" c="0"/>
</B>
<B id="86" t="else" f="5" l="244" c="37">
<BEGIN l="244" c="37"/>
<END l="244" c="45"/>
</B>
<B id="87" t="if" f="5" l="244" c="22">
<BEGIN l="244" c="24"/>
<END l="244" c="32"/>
<ELSE d="86"/>
</B>
<B id="88" t="routine" f="5" l="242" c="15">
<BEGIN l="243" c="0"/>
<END l="245" c="0"/>
<SUB d="87"/>
</B>
<B id="89" t="else" f="5" l="256" c="37">
<BEGIN l="256" c="37"/>
<END l="256" c="45"/>
</B>
<B id="90" t="if" f="5" l="256" c="22">
<BEGIN l="256" c="24"/>
<END l="256" c="32"/>
<ELSE d="89"/>
</B>
<B id="91" t="routine" f="5" l="254" c="15">
<BEGIN l="255" c="0"/>
<END l="257" c="0"/>
<SUB d="90"/>
</B>
<B id="92" t="else" f="5" l="268" c="37">
<BEGIN l="268" c="37"/>
<END l="268" c="45"/>
</B>
<B id="93" t="if" f="5" l="268" c="22">
<BEGIN l="268" c="24"/>
<END l="268" c="32"/>
<ELSE d="92"/>
</B>
<B id="94" t="routine" f="5" l="266" c="15">
<BEGIN l="267" c="0"/>
<END l="269" c="0"/>
<SUB d="93"/>
</B>
<B id="95" t="else" f="5" l="280" c="40">
<BEGIN l="280" c="40"/>
<END l="280" c="48"/>
</B>
<B id="96" t="if" f="5" l="280" c="25">
<BEGIN l="280" c="27"/>
<END l="280" c="35"/>
<ELSE d="95"/>
</B>
<B id="97" t="routine" f="5" l="278" c="15">
<BEGIN l="279" c="0"/>
<END l="281" c="0"/>
<SUB d="96"/>
</B>
<B id="98" t="routine" f="5" l="290" c="15">
<BEGIN l="292" c="0"/>
<END l="294" c="0"/>
</B>
<B id="99" t="routine" f="5" l="303" c="15">
<BEGIN l="305" c="0"/>
<END l="307" c="0"/>
</B>
<B id="100" t="routine" f="5" l="316" c="16">
<BEGIN l="318" c="0"/>
<END l="320" c="0"/>
</B>
<B id="101" t="routine" f="5" l="329" c="16">
<BEGIN l="331" c="0"/>
<END l="333" c="0"/>
</B>
<B id="102" t="else" f="5" l="345" c="37">
<BEGIN l="345" c="37"/>
<END l="345" c="40"/>
</B>
<B id="103" t="if" f="5" l="345" c="28">
<BEGIN l="345" c="30"/>
<END l="345" c="33"/>
<ELSE d="102"/>
</B>
<B id="104" t="routine" f="5" l="342" c="16">
<BEGIN l="344" c="0"/>
<END l="346" c="0"/>
<SUB d="103"/>
</B>
<B id="105" t="else" f="5" l="358" c="37">
<BEGIN l="358" c="37"/>
<END l="358" c="40"/>
</B>
<B id="106" t="if" f="5" l="358" c="28">
<BEGIN l="358" c="30"/>
<END l="358" c="33"/>
<ELSE d="105"/>
</B>
<B id="107" t="routine" f="5" l="355" c="16">
<BEGIN l="357" c="0"/>
<END l="359" c="0"/>
<SUB d="106"/>
</B>
<B id="108" t="else" f="5" l="371" c="37">
<BEGIN l="371" c="37"/>
<END l="371" c="40"/>
</B>
<B id="109" t="if" f="5" l="371" c="28">
<BEGIN l="371" c="30"/>
<END l="371" c="33"/>
<ELSE d="108"/>
</B>
<B id="110" t="routine" f="5" l="368" c="17">
<BEGIN l="370" c="0"/>
<END l="372" c="0"/>
<SUB d="109"/>
</B>
<B id="111" t="routine" f="5" l="381" c="15">
<BEGIN l="383" c="0"/>
<END l="385" c="0"/>
</B>
<B id="112" t="routine" f="5" l="394" c="15">
<BEGIN l="396" c="0"/>
<END l="398" c="0"/>
</B>
<B id="113" t="routine" f="5" l="407" c="16">
<BEGIN l="409" c="0"/>
<END l="411" c="0"/>
</B>
<B id="114" t="routine" f="5" l="420" c="16">
<BEGIN l="422" c="0"/>
<END l="424" c="0"/>
</B>
<B id="115" t="else" f="5" l="436" c="37">
<BEGIN l="436" c="37"/>
<END l="436" c="40"/>
</B>
<B id="116" t="if" f="5" l="436" c="28">
<BEGIN l="436" c="30"/>
<END l="436" c="33"/>
<ELSE d="115"/>
</B>
<B id="117" t="routine" f="5" l="433" c="16">
<BEGIN l="435" c="0"/>
<END l="437" c="0"/>
<SUB d="116"/>
</B>
<B id="118" t="else" f="5" l="449" c="37">
<BEGIN l="449" c="37"/>
<END l="449" c="40"/>
</B>
<B id="119" t="if" f="5" l="449" c="28">
<BEGIN l="449" c="30"/>
<END l="449" c="33"/>
<ELSE d="118"/>
</B>
<B id="120" t="routine" f="5" l="446" c="16">
<BEGIN l="448" c="0"/>
<END l="450" c="0"/>
<SUB d="119"/>
</B>
<B id="121" t="else" f="5" l="462" c="37">
<BEGIN l="462" c="37"/>
<END l="462" c="40"/>
</B>
<B id="122" t="if" f="5" l="462" c="28">
<BEGIN l="462" c="30"/>
<END l="462" c="33"/>
<ELSE d="121"/>
</B>
<B id="123" t="routine" f="5" l="459" c="17">
<BEGIN l="461" c="0"/>
<END l="463" c="0"/>
<SUB d="122"/>
</B>
<B id="124" t="routine" f="5" l="473" c="15">
<BEGIN l="476" c="0"/>
<END l="478" c="0"/>
</B>
<B id="125" t="routine" f="5" l="487" c="15">
<BEGIN l="490" c="0"/>
<END l="492" c="0"/>
</B>
<B id="126" t="routine" f="5" l="501" c="16">
<BEGIN l="504" c="0"/>
<END l="506" c="0"/>
</B>
<B id="127" t="routine" f="5" l="515" c="16">
<BEGIN l="518" c="0"/>
<END l="520" c="0"/>
</B>
<B id="128" t="else" f="5" l="533" c="38">
<BEGIN l="533" c="38"/>
<END l="533" c="67"/>
</B>
<B id="129" t="if" f="5" l="533" c="28">
<BEGIN l="533" c="30"/>
<END l="533" c="34"/>
<ELSE d="128"/>
</B>
<B id="130" t="routine" f="5" l="529" c="16">
<BEGIN l="532" c="0"/>
<END l="534" c="0"/>
<SUB d="129"/>
</B>
<B id="131" t="else" f="5" l="547" c="38">
<BEGIN l="547" c="38"/>
<END l="547" c="67"/>
</B>
<B id="132" t="if" f="5" l="547" c="28">
<BEGIN l="547" c="30"/>
<END l="547" c="34"/>
<ELSE d="131"/>
</B>
<B id="133" t="routine" f="5" l="543" c="16">
<BEGIN l="546" c="0"/>
<END l="548" c="0"/>
<SUB d="132"/>
</B>
<B id="134" t="else" f="5" l="561" c="38">
<BEGIN l="561" c="38"/>
<END l="561" c="67"/>
</B>
<B id="135" t="if" f="5" l="561" c="28">
<BEGIN l="561" c="30"/>
<END l="561" c="34"/>
<ELSE d="134"/>
</B>
<B id="136" t="routine" f="5" l="557" c="17">
<BEGIN l="560" c="0"/>
<END l="562" c="0"/>
<SUB d="135"/>
</B>
<B id="137" t="routine" f="5" l="572" c="17">
<BEGIN l="574" c="0"/>
<END l="576" c="0"/>
</B>
<B id="138" t="routine" f="5" l="585" c="17">
<BEGIN l="586" c="0"/>
<END l="588" c="0"/>
</B>
<B id="139" t="routine" f="5" l="597" c="17">
<BEGIN l="598" c="0"/>
<END l="600" c="0"/>
</B>
<B id="140" t="routine" f="5" l="609" c="17">
<BEGIN l="610" c="0"/>
<END l="612" c="0"/>
</B>
<B id="141" t="routine" f="5" l="621" c="17">
<BEGIN l="622" c="0"/>
<END l="624" c="0"/>
</B>
<B id="142" t="routine" f="5" l="633" c="17">
<BEGIN l="635" c="0"/>
<END l="637" c="0"/>
</B>
<B id="143" t="case" f="5" l="752" c="16">
<BEGIN l="753" c="24"/>
<END l="755" c="29"/>
</B>
<B id="144" t="case" f="5" l="746" c="16">
<BEGIN l="747" c="24"/>
<END l="749" c="29"/>
</B>
<B id="145" t="case" f="5" l="741" c="16">
<BEGIN l="742" c="24"/>
<END l="744" c="29"/>
</B>
<B id="146" t="case" f="5" l="736" c="16">
<BEGIN l="737" c="24"/>
<END l="739" c="29"/>
</B>
<B id="147" t="case" f="5" l="731" c="16">
<BEGIN l="732" c="24"/>
<END l="734" c="29"/>
</B>
<B id="148" t="case" f="5" l="726" c="16">
<BEGIN l="727" c="24"/>
<END l="729" c="29"/>
</B>
<B id="149" t="case" f="5" l="721" c="16">
<BEGIN l="722" c="24"/>
<END l="724" c="29"/>
</B>
<B id="150" t="case" f="5" l="716" c="16">
<BEGIN l="717" c="24"/>
<END l="719" c="29"/>
</B>
<B id="151" t="case" f="5" l="711" c="16">
<BEGIN l="712" c="24"/>
<END l="714" c="29"/>
</B>
<B id="152" t="case" f="5" l="706" c="16">
<BEGIN l="707" c="24"/>
<END l="709" c="29"/>
</B>
<B id="153" t="case" f="5" l="701" c="16">
<BEGIN l="702" c="24"/>
<END l="704" c="29"/>
</B>
<B id="154" t="case" f="5" l="696" c="16">
<BEGIN l="697" c="24"/>
<END l="699" c="29"/>
</B>
<B id="155" t="case" f="5" l="691" c="16">
<BEGIN l="692" c="24"/>
<END l="694" c="29"/>
</B>
<B id="156" t="case" f="5" l="686" c="16">
<BEGIN l="687" c="24"/>
<END l="689" c="29"/>
</B>
<B id="157" t="case" f="5" l="681" c="16">
<BEGIN l="682" c="24"/>
<END l="684" c="29"/>
</B>
<B id="158" t="case" f="5" l="676" c="16">
<BEGIN l="677" c="24"/>
<END l="679" c="29"/>
</B>
<B id="159" t="switch" f="5" l="674" c="8">
<BEGIN l="675" c="8"/>
<END l="757" c="8"/>
<CASE d="143"/>
<CASE d="144"/>
<CASE d="145"/>
<CASE d="146"/>
<CASE d="147"/>
<CASE d="148"/>
<CASE d="149"/>
<CASE d="150"/>
<CASE d="151"/>
<CASE d="152"/>
<CASE d="153"/>
<CASE d="154"/>
<CASE d="155"/>
<CASE d="156"/>
<CASE d="157"/>
<CASE d="158"/>
</B>
<B id="160" t="else" f="5" l="663" c="88">
<BEGIN l="663" c="88"/>
<END l="663" c="136"/>
</B>
<B id="161" t="if" f="5" l="663" c="27">
<BEGIN l="663" c="31"/>
<END l="663" c="79"/>
<ELSE d="160"/>
</B>
<B id="162" t="routine" f="5" l="650" c="14">
<BEGIN l="653" c="0"/>
<END l="759" c="0"/>
<SUB d="159"/>
<SUB d="161"/>
</B>
<B id="163" t="if" f="5" l="837" c="8">
<BEGIN l="838" c="8"/>
<END l="840" c="8"/>
</B>
<B id="164" t="else" f="5" l="832" c="8">
<BEGIN l="833" c="8"/>
<END l="835" c="8"/>
</B>
<B id="165" t="if" f="5" l="827" c="8">
<BEGIN l="828" c="8"/>
<END l="831" c="8"/>
<ELSE d="164"/>
</B>
<B id="166" t="if" f="5" l="820" c="8">
<BEGIN l="821" c="8"/>
<END l="823" c="8"/>
</B>
<B id="167" t="routine" f="5" l="774" c="18">
<BEGIN l="775" c="0"/>
<END l="853" c="0"/>
<SUB d="163"/>
<SUB d="165"/>
<SUB d="166"/>
</B>
<B id="168" t="ppcif" f="4" l="13" c="0">
<BEGIN l="13" c="16"/>
<END l="823" c="0"/>
</B>
<B id="169" t="ppcrmif" f="4" l="14" c="0">
<BEGIN l="14" c="14"/>
<END l="16" c="0"/>
</B>
<B id="170" t="ppcif" f="4" l="18" c="0">
<BEGIN l="18" c="23"/>
<END l="819" c="0"/>
</B>
<B id="171" t="ppcrmif" f="4" l="20" c="0">
<BEGIN l="20" c="18"/>
<END l="22" c="0"/>
</B>
<B id="172" t="ppcrmif" f="4" l="26" c="0">
<BEGIN l="26" c="67"/>
<END l="28" c="0"/>
</B>
<B id="173" t="ppcrmelif" f="4" l="28" c="0">
<BEGIN l="28" c="5"/>
<END l="30" c="0"/>
</B>
<B id="174" t="ppcrmelif" f="4" l="30" c="0">
<BEGIN l="30" c="5"/>
<END l="33" c="0"/>
</B>
<B id="175" t="ppcrmelif" f="4" l="33" c="0">
<BEGIN l="33" c="5"/>
<END l="38" c="0"/>
</B>
<B id="176" t="ppcrmelse" f="4" l="38" c="0">
<BEGIN l="38" c="5"/>
<END l="40" c="0"/>
</B>
<B id="177" t="ppcrmif" f="4" l="42" c="0">
<BEGIN l="42" c="23"/>
<END l="44" c="0"/>
</B>
<B id="178" t="ppcrmelif" f="4" l="44" c="0">
<BEGIN l="44" c="5"/>
<END l="47" c="0"/>
</B>
<B id="179" t="ppcrmelif" f="4" l="47" c="0">
<BEGIN l="47" c="5"/>
<END l="50" c="0"/>
</B>
<B id="180" t="ppcrmelse" f="4" l="50" c="0">
<BEGIN l="50" c="5"/>
<END l="53" c="0"/>
</B>
<B id="181" t="ppcif" f="4" l="65" c="0">
<BEGIN l="65" c="20"/>
<END l="68" c="0"/>
</B>
<B id="182" t="ppcrmelse" f="4" l="68" c="0">
<BEGIN l="68" c="5"/>
<END l="76" c="0"/>
</B>
<B id="183" t="ppcrmif" f="4" l="78" c="0">
<BEGIN l="78" c="106"/>
<END l="82" c="0"/>
</B>
<B id="184" t="ppcelse" f="4" l="82" c="0">
<BEGIN l="82" c="5"/>
<END l="86" c="0"/>
</B>
<B id="185" t="ppcif" f="4" l="115" c="0">
<BEGIN l="116" c="51"/>
<END l="119" c="0"/>
</B>
<B id="186" t="ppcif" f="4" l="121" c="0">
<BEGIN l="121" c="68"/>
<END l="123" c="0"/>
</B>
<B id="187" t="ppcrmelse" f="4" l="123" c="0">
<BEGIN l="123" c="5"/>
<END l="126" c="0"/>
</B>
<B id="188" t="ppcrmif" f="4" l="128" c="0">
<BEGIN l="128" c="53"/>
<END l="131" c="0"/>
</B>
<B id="189" t="ppcrmif" f="4" l="133" c="0">
<BEGIN l="133" c="51"/>
<END l="135" c="0"/>
</B>
<B id="190" t="ppcif" f="4" l="137" c="0">
<BEGIN l="137" c="24"/>
<END l="265" c="0"/>
</B>
<B id="191" t="ppcif" f="4" l="138" c="0">
<BEGIN l="138" c="56"/>
<END l="140" c="0"/>
</B>
<B id="192" t="ppcrmif" f="4" l="171" c="0">
<BEGIN l="171" c="24"/>
<END l="173" c="0"/>
</B>
<B id="193" t="ppcrmif" f="4" l="188" c="0">
<BEGIN l="188" c="24"/>
<END l="190" c="0"/>
</B>
<B id="194" t="ppcif" f="4" l="196" c="0">
<BEGIN l="196" c="56"/>
<END l="263" c="0"/>
</B>
<B id="195" t="ppcrmif" f="4" l="217" c="0">
<BEGIN l="217" c="24"/>
<END l="219" c="0"/>
</B>
<B id="196" t="ppcrmif" f="4" l="260" c="0">
<BEGIN l="260" c="24"/>
<END l="262" c="0"/>
</B>
<B id="197" t="ppcrmif" f="4" l="268" c="0">
<BEGIN l="268" c="24"/>
<END l="270" c="0"/>
</B>
<B id="198" t="ppcrmif" f="4" l="284" c="0">
<BEGIN l="284" c="24"/>
<END l="286" c="0"/>
</B>
<B id="199" t="ppcif" f="4" l="291" c="0">
<BEGIN l="291" c="20"/>
<END l="750" c="0"/>
</B>
<B id="200" t="ppcif" f="4" l="292" c="0">
<BEGIN l="292" c="24"/>
<END l="307" c="0"/>
</B>
<B id="201" t="ppcrmif" f="4" l="310" c="0">
<BEGIN l="310" c="43"/>
<END l="317" c="0"/>
</B>
<B id="202" t="ppcelif" f="4" l="317" c="0">
<BEGIN l="317" c="5"/>
<END l="324" c="0"/>
</B>
<B id="203" t="ppcrmelif" f="4" l="324" c="0">
<BEGIN l="324" c="5"/>
<END l="337" c="0"/>
</B>
<B id="204" t="ppcrmelse" f="4" l="337" c="0">
<BEGIN l="337" c="5"/>
<END l="345" c="0"/>
</B>
<B id="205" t="ppcrmif" f="4" l="348" c="0">
<BEGIN l="348" c="43"/>
<END l="355" c="0"/>
</B>
<B id="206" t="ppcelif" f="4" l="355" c="0">
<BEGIN l="355" c="5"/>
<END l="364" c="0"/>
</B>
<B id="207" t="ppcrmelse" f="4" l="364" c="0">
<BEGIN l="364" c="5"/>
<END l="372" c="0"/>
</B>
<B id="208" t="ppcrmif" f="4" l="375" c="0">
<BEGIN l="375" c="23"/>
<END l="377" c="0"/>
</B>
<B id="209" t="ppcrmelif" f="4" l="377" c="0">
<BEGIN l="377" c="6"/>
<END l="379" c="0"/>
</B>
<B id="210" t="ppcrmelif" f="4" l="379" c="0">
<BEGIN l="379" c="6"/>
<END l="381" c="0"/>
</B>
<B id="211" t="ppcif" f="4" l="383" c="0">
<BEGIN l="383" c="64"/>
<END l="402" c="0"/>
</B>
<B id="212" t="ppcif" f="4" l="386" c="0">
<BEGIN l="386" c="24"/>
<END l="397" c="0"/>
</B>
<B id="213" t="ppcrmelse" f="4" l="402" c="0">
<BEGIN l="402" c="5"/>
<END l="682" c="0"/>
</B>
<B id="214" t="ppcif" f="4" l="685" c="0">
<BEGIN l="685" c="24"/>
<END l="698" c="0"/>
</B>
<B id="215" t="ppcif" f="4" l="695" c="0">
<BEGIN l="695" c="56"/>
<END l="697" c="0"/>
</B>
<B id="216" t="ppcrmif" f="4" l="708" c="0">
<BEGIN l="708" c="143"/>
<END l="716" c="0"/>
</B>
<B id="217" t="ppcif" f="4" l="740" c="0">
<BEGIN l="740" c="63"/>
<END l="743" c="0"/>
</B>
<B id="218" t="ppcrmif" f="4" l="752" c="0">
<BEGIN l="752" c="95"/>
<END l="772" c="0"/>
</B>
<B id="219" t="ppcrmif" f="4" l="774" c="0">
<BEGIN l="774" c="42"/>
<END l="776" c="0"/>
</B>
<B id="220" t="ppcrmif" f="4" l="778" c="0">
<BEGIN l="778" c="51"/>
<END l="780" c="0"/>
</B>
<B id="221" t="ppcrmif" f="4" l="782" c="0">
<BEGIN l="782" c="18"/>
<END l="816" c="0"/>
</B>
<B id="222" t="ppcrmif" f="4" l="820" c="0">
<BEGIN l="820" c="14"/>
<END l="822" c="0"/>
</B>
<B id="223" t="ppcif" f="14" l="2" c="0">
<BEGIN l="2" c="30"/>
<END l="112" c="0"/>
</B>
</Blocks>
</Navig>
