[
 {
  "id":"ES239B_HwAgCorrln",
  "name":"ES239B_HwAgCorrln",
  "parent":"ES239B_HwAgCorrln",
  "inspector":{
   "params":[
    "ModelVersion",
    "LastModifiedDate",
    "LibraryLinkDisplay",
    "ModelBrowserVisibility",
    "Dirty",
    "Description"
   ],
   "values":[
    "1.6",
    "Thu Aug 25 17:08:12 2016",
    "disabled",
    "on",
    "off",
    ""
   ],
   "tabs":[
   ],
   "tabs_idx":[
   ]
  },
  "viewer":{
   "jshandler":"webview/handlers/ElementHandler"
  },
  "obj_viewer":[
  ],
  "finder":[
  ]
 },
 {
  "id":"ES239B_HwAgCorrln:1873",
  "name":"Change Log: DRW: Keyur Patel Description: - Function intent to Correlate Handwheel Angle model runs at below function rate: 1) 4ms - Calculate HwAg # of Independant signals - Copyright Blocks added to each layer Rev: 1.0.0 Date: 23AUG2016 Change Control #: WCR-EA4#7062 DRW: K. Patel Description: - Baseline from ES239A Rev 1.3.1 - Initial Release ",
  "parent":"ES239B_HwAgCorrln",
  "inspector":{
   "params":[
    "Text",
    "DropShadow",
    "Interpreter",
    "FontName",
    "FontWeight",
    "FontSize",
    "FontAngle",
    "ForegroundColor",
    "BackgroundColor",
    "HorizontalAlignment",
    "UseDisplayTextAsClickCallback",
    "ClickFcn"
   ],
   "values":[
    "Change Log:\n\nDRW: Keyur Patel\nDescription:\n- Function intent to Correlate Handwheel Angle\n   model runs at below function rate: \n      1) 4ms - Calculate HwAg # of Independant signals\n- Copyright Blocks added to each layer\n    \nRev: 1.0.0\nDate: 23AUG2016\nChange Control #: WCR-EA4#7062\nDRW: K. Patel\nDescription:\n- Baseline from ES239A Rev 1.3.1 - Initial Release\n",
    "on",
    "off",
    "auto",
    "auto",
    14,
    "auto",
    "black",
    "white",
    "left",
    "off",
    ""
   ],
   "tabs":[
   ],
   "tabs_idx":[
   ]
  },
  "viewer":{
   "jshandler":"webview/handlers/ElementHandler"
  },
  "obj_viewer":[
  ],
  "finder":[
  ]
 },
 {
  "id":"ES239B_HwAgCorrln:1872",
  "name":"Design Rational: ",
  "parent":"ES239B_HwAgCorrln",
  "inspector":{
   "params":[
    "Text",
    "DropShadow",
    "Interpreter",
    "FontName",
    "FontWeight",
    "FontSize",
    "FontAngle",
    "ForegroundColor",
    "BackgroundColor",
    "HorizontalAlignment",
    "UseDisplayTextAsClickCallback",
    "ClickFcn"
   ],
   "values":[
    "Design Rational:\n\n",
    "on",
    "off",
    "auto",
    "auto",
    14,
    "auto",
    "black",
    "[1.000000, 1.000000, 0.498039]",
    "left",
    "off",
    ""
   ],
   "tabs":[
   ],
   "tabs_idx":[
   ]
  },
  "viewer":{
   "jshandler":"webview/handlers/ElementHandler"
  },
  "obj_viewer":[
  ],
  "finder":[
  ]
 },
 {
  "id":"ES239B_HwAgCorrln:1871",
  "name":"Requirement : DOORS > ES239B_HwAgCorrln_Baseline v 1.0",
  "parent":"ES239B_HwAgCorrln",
  "inspector":{
   "params":[
    "Text",
    "DropShadow",
    "Interpreter",
    "FontName",
    "FontWeight",
    "FontSize",
    "FontAngle",
    "ForegroundColor",
    "BackgroundColor",
    "HorizontalAlignment",
    "UseDisplayTextAsClickCallback",
    "ClickFcn"
   ],
   "values":[
    "Requirement :\n\nDOORS > \nES239B_HwAgCorrln_Baseline v 1.0",
    "on",
    "off",
    "auto",
    "auto",
    14,
    "auto",
    "black",
    "white",
    "left",
    "off",
    ""
   ],
   "tabs":[
   ],
   "tabs_idx":[
   ]
  },
  "viewer":{
   "jshandler":"webview/handlers/ElementHandler"
  },
  "obj_viewer":[
  ],
  "finder":[
  ]
 },
 {
  "id":"ES239B_HwAgCorrln:1870",
  "name":"Tool Dependancies: Data_Management v2.45.0 Model_Config v1.4.0 Nexteer_Utilities v4.7.0 Tools v1.15.0",
  "parent":"ES239B_HwAgCorrln",
  "inspector":{
   "params":[
    "Text",
    "DropShadow",
    "Interpreter",
    "FontName",
    "FontWeight",
    "FontSize",
    "FontAngle",
    "ForegroundColor",
    "BackgroundColor",
    "HorizontalAlignment",
    "UseDisplayTextAsClickCallback",
    "ClickFcn"
   ],
   "values":[
    "Tool Dependancies:\n\nData_Management v2.45.0\nModel_Config v1.4.0\nNexteer_Utilities v4.7.0\nTools v1.15.0",
    "on",
    "off",
    "auto",
    "auto",
    14,
    "auto",
    "black",
    "white",
    "left",
    "off",
    ""
   ],
   "tabs":[
   ],
   "tabs_idx":[
   ]
  },
  "viewer":{
   "jshandler":"webview/handlers/ElementHandler"
  },
  "obj_viewer":[
  ],
  "finder":[
  ]
 },
 {
  "id":"ES239B_HwAgCorrln:1869",
  "name":"Design Package: ES239B_HwAgCorrln_DataDict.m",
  "parent":"ES239B_HwAgCorrln",
  "inspector":{
   "params":[
    "Text",
    "DropShadow",
    "Interpreter",
    "FontName",
    "FontWeight",
    "FontSize",
    "FontAngle",
    "ForegroundColor",
    "BackgroundColor",
    "HorizontalAlignment",
    "UseDisplayTextAsClickCallback",
    "ClickFcn"
   ],
   "values":[
    "Design Package:\n\nES239B_HwAgCorrln_DataDict.m",
    "on",
    "off",
    "auto",
    "auto",
    14,
    "auto",
    "black",
    "white",
    "left",
    "off",
    ""
   ],
   "tabs":[
   ],
   "tabs_idx":[
   ]
  },
  "viewer":{
   "jshandler":"webview/handlers/ElementHandler"
  },
  "obj_viewer":[
  ],
  "finder":[
  ]
 },
 {
  "id":"ES239B_HwAgCorrln:25",
  "name":"call_HwAgCorrln",
  "parent":"ES239B_HwAgCorrln",
  "inspector":{
   "params":[
    "sample_time",
    "numberOfIterations"
   ],
   "values":[
    "0.004",
    "1"
   ],
   "tabs":[
   ],
   "tabs_idx":[
   ]
  },
  "viewer":{
   "jshandler":"webview/handlers/ElementHandler"
  },
  "obj_viewer":[
  ],
  "finder":{
   "blocktype":"S-Function",
   "masktype":"Function-Call Generator"
  }
 },
 {
  "id":"ES239B_HwAgCorrln:916",
  "name":"CopyRight2",
  "parent":"ES239B_HwAgCorrln",
  "inspector":{
   "params":[
    "none"
   ],
   "values":[
    "on"
   ],
   "tabs":[
   ],
   "tabs_idx":[
   ]
  },
  "viewer":{
   "jshandler":"webview/handlers/ContainerHandler",
   "trgSid":"ES239B_HwAgCorrln:916"
  },
  "obj_viewer":[
  ],
  "finder":{
   "blocktype":"SubSystem",
   "masktype":"Copyright Information"
  }
 },
 {
  "id":"ES239B_HwAgCorrln:918",
  "name":"HwAgCorrln",
  "parent":"ES239B_HwAgCorrln",
  "inspector":{
   "params":[
    "ShowPortLabels",
    "Permissions",
    "ErrorFcn",
    "PermitHierarchicalResolution",
    "TreatAsAtomicUnit",
    "ActiveVariant",
    "ActiveVariantBlock",
    "BlockChoice",
    "CheckFcnCallInpInsideContextMsg",
    "FunctionInterfaceSpec",
    "FunctionWithSeparateData",
    "GeneratePreprocessorConditionals",
    "IsSubsystemVirtual",
    "MemberBlocks",
    "MinAlgLoopOccurrences",
    "OverrideUsingVariant",
    "PropExecContextOutsideSubsystem",
    "RTWFcnName",
    "RTWFcnNameOpts",
    "RTWFileName",
    "RTWFileNameOpts",
    "RTWMemSecDataConstants",
    "RTWMemSecDataInternal",
    "RTWMemSecDataParameters",
    "RTWMemSecFuncExecute",
    "RTWMemSecFuncInitTerm",
    "RTWSystemCode",
    "SystemSampleTime",
    "TemplateBlock",
    "Variant",
    "VariantControl"
   ],
   "values":[
    "FromPortIcon",
    "ReadWrite",
    "",
    "All",
    "off",
    "",
    "",
    "",
    "off",
    "void_void",
    "off",
    "off",
    "on",
    "",
    "off",
    "",
    "off",
    "",
    "Auto",
    "",
    "Auto",
    "Inherit from model",
    "Inherit from model",
    "Inherit from model",
    "Inherit from model",
    "Inherit from model",
    "Auto",
    "-1",
    "",
    "off",
    ""
   ],
   "tabs":[
    "Main",
    "-Other"
   ],
   "tabs_idx":[
    0,
    5
   ]
  },
  "viewer":{
   "jshandler":"webview/handlers/ContainerHandler",
   "trgSid":"ES239B_HwAgCorrln:918"
  },
  "obj_viewer":[
  ],
  "finder":{
   "blocktype":"SubSystem",
   "masktype":""
  }
 },
 {
  "id":"ES239B_HwAgCorrln:1874",
  "name":"HwAgIdptSig",
  "parent":"ES239B_HwAgCorrln",
  "inspector":{
   "params":[
    "Port",
    "IconDisplay",
    "OutMin",
    "OutMax",
    "OutDataTypeStr",
    "LockScale",
    "PortDimensions",
    "VarSizeSig",
    "SampleTime",
    "SignalType",
    "SamplingMode",
    "BusOutputAsStruct",
    "InitialOutput",
    "OutputWhenDisabled",
    "SourceOfInitialOutputValue"
   ],
   "values":[
    "1",
    "Port number",
    "[]",
    "[]",
    "Inherit: auto",
    "off",
    "-1",
    "Inherit",
    "-1",
    "auto",
    "auto",
    "off",
    "[]",
    "held",
    "Dialog"
   ],
   "tabs":[
    "Main",
    "Signal Attributes",
    "-Other"
   ],
   "tabs_idx":[
    0,
    2,
    11
   ]
  },
  "viewer":{
   "jshandler":"webview/handlers/ElementHandler"
  },
  "obj_viewer":[
  ],
  "finder":{
   "blocktype":"Outport",
   "masktype":""
  }
 },
 {
  "id":"ES239B_HwAgCorrln:1875",
  "name":"HwAgCorrlnSt",
  "parent":"ES239B_HwAgCorrln",
  "inspector":{
   "params":[
    "Port",
    "IconDisplay",
    "OutMin",
    "OutMax",
    "OutDataTypeStr",
    "LockScale",
    "PortDimensions",
    "VarSizeSig",
    "SampleTime",
    "SignalType",
    "SamplingMode",
    "BusOutputAsStruct",
    "InitialOutput",
    "OutputWhenDisabled",
    "SourceOfInitialOutputValue"
   ],
   "values":[
    "2",
    "Port number",
    "[]",
    "[]",
    "Inherit: auto",
    "off",
    "-1",
    "Inherit",
    "-1",
    "auto",
    "auto",
    "off",
    "[]",
    "held",
    "Dialog"
   ],
   "tabs":[
    "Main",
    "Signal Attributes",
    "-Other"
   ],
   "tabs_idx":[
    0,
    2,
    11
   ]
  },
  "viewer":{
   "jshandler":"webview/handlers/ElementHandler"
  },
  "obj_viewer":[
  ],
  "finder":{
   "blocktype":"Outport",
   "masktype":""
  }
 },
 {
  "id":"ES239B_HwAgCorrln:1876",
  "name":"HwAgA",
  "parent":"ES239B_HwAgCorrln",
  "inspector":{
   "params":[
    "Port",
    "IconDisplay",
    "Interpolate",
    "OutputFunctionCall",
    "OutMin",
    "OutMax",
    "OutDataTypeStr",
    "LockScale",
    "PortDimensions",
    "VarSizeSig",
    "SampleTime",
    "SignalType",
    "SamplingMode",
    "BusOutputAsStruct",
    "InputConnect",
    "LatchByDelayingOutsideSignal",
    "LatchInputForFeedbackSignals"
   ],
   "values":[
    "1",
    "Port number",
    "on",
    "off",
    "[]",
    "[]",
    "Inherit: auto",
    "off",
    "-1",
    "Inherit",
    "-1",
    "auto",
    "auto",
    "off",
    "",
    "off",
    "off"
   ],
   "tabs":[
    "Main",
    "Signal Attributes",
    "-Other"
   ],
   "tabs_idx":[
    0,
    3,
    13
   ]
  },
  "viewer":{
   "jshandler":"webview/handlers/ElementHandler"
  },
  "obj_viewer":[
  ],
  "finder":{
   "blocktype":"Inport",
   "masktype":""
  }
 },
 {
  "id":"ES239B_HwAgCorrln:1877",
  "name":"HwAgAQlfr",
  "parent":"ES239B_HwAgCorrln",
  "inspector":{
   "params":[
    "Port",
    "IconDisplay",
    "Interpolate",
    "OutputFunctionCall",
    "OutMin",
    "OutMax",
    "OutDataTypeStr",
    "LockScale",
    "PortDimensions",
    "VarSizeSig",
    "SampleTime",
    "SignalType",
    "SamplingMode",
    "BusOutputAsStruct",
    "InputConnect",
    "LatchByDelayingOutsideSignal",
    "LatchInputForFeedbackSignals"
   ],
   "values":[
    "2",
    "Port number",
    "on",
    "off",
    "[]",
    "[]",
    "Inherit: auto",
    "off",
    "-1",
    "Inherit",
    "-1",
    "auto",
    "auto",
    "off",
    "",
    "off",
    "off"
   ],
   "tabs":[
    "Main",
    "Signal Attributes",
    "-Other"
   ],
   "tabs_idx":[
    0,
    3,
    13
   ]
  },
  "viewer":{
   "jshandler":"webview/handlers/ElementHandler"
  },
  "obj_viewer":[
  ],
  "finder":{
   "blocktype":"Inport",
   "masktype":""
  }
 },
 {
  "id":"ES239B_HwAgCorrln:1878",
  "name":"HwAgARollgCntr",
  "parent":"ES239B_HwAgCorrln",
  "inspector":{
   "params":[
    "Port",
    "IconDisplay",
    "Interpolate",
    "OutputFunctionCall",
    "OutMin",
    "OutMax",
    "OutDataTypeStr",
    "LockScale",
    "PortDimensions",
    "VarSizeSig",
    "SampleTime",
    "SignalType",
    "SamplingMode",
    "BusOutputAsStruct",
    "InputConnect",
    "LatchByDelayingOutsideSignal",
    "LatchInputForFeedbackSignals"
   ],
   "values":[
    "3",
    "Port number",
    "on",
    "off",
    "[]",
    "[]",
    "Inherit: auto",
    "off",
    "-1",
    "Inherit",
    "-1",
    "auto",
    "auto",
    "off",
    "",
    "off",
    "off"
   ],
   "tabs":[
    "Main",
    "Signal Attributes",
    "-Other"
   ],
   "tabs_idx":[
    0,
    3,
    13
   ]
  },
  "viewer":{
   "jshandler":"webview/handlers/ElementHandler"
  },
  "obj_viewer":[
  ],
  "finder":{
   "blocktype":"Inport",
   "masktype":""
  }
 },
 {
  "id":"ES239B_HwAgCorrln:25#out:1",
  "name":"",
  "parent":"ES239B_HwAgCorrln",
  "inspector":{
   "params":[
    "SignalNameFromLabel",
    "MustResolveToSignal",
    "ShowPropagatedSignal",
    "DataLogging",
    "TestPoint",
    "SignalObjectPackage",
    "StorageClass",
    "Description",
    "documentLink"
   ],
   "values":[
    "",
    "off",
    "off",
    "off",
    "off",
    "--- None ---",
    "Auto",
    "",
    ""
   ],
   "tabs":[
    "Logging and Accessibility",
    "Code Generation",
    "Documentation"
   ],
   "tabs_idx":[
    3,
    5,
    7
   ]
  },
  "viewer":{
   "jshandler":"webview/handlers/ElementHandler"
  },
  "obj_viewer":[
  ],
  "finder":[
  ]
 },
 {
  "id":"ES239B_HwAgCorrln:918#out:1",
  "name":"",
  "parent":"ES239B_HwAgCorrln",
  "inspector":{
   "params":[
    "SignalNameFromLabel",
    "MustResolveToSignal",
    "ShowPropagatedSignal",
    "DataLogging",
    "TestPoint",
    "SignalObjectPackage",
    "StorageClass",
    "Description",
    "documentLink"
   ],
   "values":[
    "",
    "off",
    "off",
    "off",
    "off",
    "--- None ---",
    "Auto",
    "",
    ""
   ],
   "tabs":[
    "Logging and Accessibility",
    "Code Generation",
    "Documentation"
   ],
   "tabs_idx":[
    3,
    5,
    7
   ]
  },
  "viewer":{
   "jshandler":"webview/handlers/ElementHandler"
  },
  "obj_viewer":[
  ],
  "finder":[
  ]
 },
 {
  "id":"ES239B_HwAgCorrln:918#out:2",
  "name":"",
  "parent":"ES239B_HwAgCorrln",
  "inspector":{
   "params":[
    "SignalNameFromLabel",
    "MustResolveToSignal",
    "ShowPropagatedSignal",
    "DataLogging",
    "TestPoint",
    "SignalObjectPackage",
    "StorageClass",
    "Description",
    "documentLink"
   ],
   "values":[
    "",
    "off",
    "off",
    "off",
    "off",
    "--- None ---",
    "Auto",
    "",
    ""
   ],
   "tabs":[
    "Logging and Accessibility",
    "Code Generation",
    "Documentation"
   ],
   "tabs_idx":[
    3,
    5,
    7
   ]
  },
  "viewer":{
   "jshandler":"webview/handlers/ElementHandler"
  },
  "obj_viewer":[
  ],
  "finder":[
  ]
 },
 {
  "id":"ES239B_HwAgCorrln:1876#out:1",
  "name":"",
  "parent":"ES239B_HwAgCorrln",
  "inspector":{
   "params":[
    "SignalNameFromLabel",
    "MustResolveToSignal",
    "ShowPropagatedSignal",
    "DataLogging",
    "TestPoint",
    "SignalObjectPackage",
    "StorageClass",
    "Description",
    "documentLink"
   ],
   "values":[
    "",
    "off",
    "off",
    "off",
    "off",
    "--- None ---",
    "Auto",
    "",
    ""
   ],
   "tabs":[
    "Logging and Accessibility",
    "Code Generation",
    "Documentation"
   ],
   "tabs_idx":[
    3,
    5,
    7
   ]
  },
  "viewer":{
   "jshandler":"webview/handlers/ElementHandler"
  },
  "obj_viewer":[
  ],
  "finder":[
  ]
 },
 {
  "id":"ES239B_HwAgCorrln:1877#out:1",
  "name":"",
  "parent":"ES239B_HwAgCorrln",
  "inspector":{
   "params":[
    "SignalNameFromLabel",
    "MustResolveToSignal",
    "ShowPropagatedSignal",
    "DataLogging",
    "TestPoint",
    "SignalObjectPackage",
    "StorageClass",
    "Description",
    "documentLink"
   ],
   "values":[
    "",
    "off",
    "off",
    "off",
    "off",
    "--- None ---",
    "Auto",
    "",
    ""
   ],
   "tabs":[
    "Logging and Accessibility",
    "Code Generation",
    "Documentation"
   ],
   "tabs_idx":[
    3,
    5,
    7
   ]
  },
  "viewer":{
   "jshandler":"webview/handlers/ElementHandler"
  },
  "obj_viewer":[
  ],
  "finder":[
  ]
 },
 {
  "id":"ES239B_HwAgCorrln:1878#out:1",
  "name":"",
  "parent":"ES239B_HwAgCorrln",
  "inspector":{
   "params":[
    "SignalNameFromLabel",
    "MustResolveToSignal",
    "ShowPropagatedSignal",
    "DataLogging",
    "TestPoint",
    "SignalObjectPackage",
    "StorageClass",
    "Description",
    "documentLink"
   ],
   "values":[
    "",
    "off",
    "off",
    "off",
    "off",
    "--- None ---",
    "Auto",
    "",
    ""
   ],
   "tabs":[
    "Logging and Accessibility",
    "Code Generation",
    "Documentation"
   ],
   "tabs_idx":[
    3,
    5,
    7
   ]
  },
  "viewer":{
   "jshandler":"webview/handlers/ElementHandler"
  },
  "obj_viewer":[
  ],
  "finder":[
  ]
 }
]