<?xml version="1.0" encoding="UTF-8"?>
<MISRA-C-Report-Summary>
<File Mode="advisory" Error="0" Warning="1" Total="1">
<Name>
C:\Component\AR100A_NxtrMath_Impl\include\NxtrMath.h</Name>
</File>
<File Mode="required" Error="0" Warning="76" Total="76">
<Name>
C:\Component\AR100A_NxtrMath_Impl\include\NxtrMath.h</Name>
</File>
<Rule Name="1.1" Count="38" Mode="required" Severity="warning">
<Message>
All code shall conform to ISO 9899:1990 Programming languages  C,</Message>
</Rule>
<Rule Name="8.5" Count="38" Mode="required" Severity="warning">
<Message>
</Message>
</Rule>
<Rule Name="19.7" Count="1" Mode="advisory" Severity="warning">
<Message>
A function should be used in preference to a function like-macro.</Message>
</Rule>
</MISRA-C-Report-Summary>
