<?xml version="1.0" encoding="UTF-8"?>

<project name="Polyspace" files="1" includes="20" ap_cg_cycle="0" ap_cg_direct_cycle="0" pshv="0" unpshv="0">
<file name="C:\component\ES312A_GateDrv1Ctrl_Impl\src\GateDrv1Ctrl.c" total_lines="1718" lines_without_cmt="563" comf="33" fco="97">
<function name="GateDrvDetermineGenericFlt" path="288" goto="0" vg="10" calling="1" calls="0" param="0" stmt="29" level="2" return="1" vocf="8.8" flin="113" fxln="29" ncalls="0">
</function>
<function name="GateDrvDetermineVltgFlt" path="18" goto="0" vg="6" calling="1" calls="3" param="0" stmt="20" level="2" return="1" vocf="5.8" flin="59" fxln="25" ncalls="4">
</function>
<function name="GateDrvDetermineOnStSngFETFlt" path="3" goto="0" vg="3" calling="1" calls="3" param="0" stmt="9" level="2" return="1" vocf="3.4" flin="31" fxln="13" ncalls="4">
</function>
<function name="OperFltMonrSt" path="4" goto="0" vg="4" calling="1" calls="9" param="0" stmt="17" level="2" return="0" vocf="6.0" flin="64" fxln="25" ncalls="16">
</function>
<function name="ReadBackRegs" path="36" goto="0" vg="14" calling="1" calls="8" param="0" stmt="44" level="11" return="0" vocf="8.7" flin="105" fxln="47" ncalls="19">
</function>
<function name="CfgSt" path="5" goto="0" vg="5" calling="1" calls="7" param="0" stmt="34" level="1" return="0" vocf="8.5" flin="69" fxln="39" ncalls="28">
</function>
<function name="OffStVrfyData" path="72" goto="0" vg="10" calling="1" calls="2" param="0" stmt="28" level="5" return="1" vocf="7.0" flin="67" fxln="28" ncalls="3">
</function>
<function name="OffStVrfySt" path="7" goto="0" vg="7" calling="1" calls="3" param="0" stmt="27" level="6" return="0" vocf="7.7" flin="68" fxln="31" ncalls="5">
</function>
<function name="SpiAsyncTx" path="1" goto="0" vg="1" calling="3" calls="2" param="3" stmt="2" level="1" return="0" vocf="1.8" flin="7" fxln="2" ncalls="2">
</function>
<function name="GateDrv1CtrlPer2" path="5" goto="0" vg="5" calling="0" calls="8" param="0" stmt="25" level="2" return="0" vocf="4.7" flin="72" fxln="31" ncalls="13">
</function>
<function name="GateDrv1CtrlPer1" path="3" goto="0" vg="3" calling="0" calls="7" param="0" stmt="16" level="2" return="0" vocf="4.7" flin="56" fxln="19" ncalls="14">
</function>
<function name="GateDrv1CtrlInit1" path="1" goto="0" vg="1" calling="0" calls="0" param="0" stmt="1" level="1" return="0" vocf="1.2" flin="10" fxln="1" ncalls="0">
</function>
</file>
</project>
