<?xml version="1.0" encoding="UTF-8"?>

<MISRA-C-Report version="1.3">


<CodeStruct Name="" File="C:\Component\ES106A_StHlthSigStc_Impl\tools\contract\generate\StHlthSigStc_Cfg.c" Line="0" Column="0">

<Rule Name="19.1" Mode="advisory" Report="warning" Id="8">
<Loc File="C:\Component\ES106A_StHlthSigStc_Impl\tools\contract\generate\StHlthSigStc_Cfg.c" Line="441" Column="0">
</Loc>
<Message>
#include statements in a file shall only be preceded by other preprocessor directives or comments.
</Message>
</Rule>

</CodeStruct>

<CodeStruct Name="UpdStHlthStcData_Oper" File="C:\Component\ES106A_StHlthSigStc_Impl\src\StHlthSigStc.c" Line="678" Column="5">

<Rule Name="11.4" Mode="advisory" Report="warning" Id="7">
<Loc File="C:\Component\ES106A_StHlthSigStc_Impl\src\StHlthSigStc.c" Line="698" Column="79">
</Loc>
<Message>
A cast should not be performed between a pointer to object type and a different
pointer to object type.
</Message>
</Rule>

</CodeStruct>

<CodeStruct Name="" File="C:\Component\ES106A_StHlthSigStc_Impl\src\StHlthSigStc.c" Line="0" Column="0">

<Rule Name="19.1" Mode="advisory" Report="warning" Id="1">
<Loc File="C:\Component\ES106A_StHlthSigStc_Impl\src\StHlthSigStc.c" Line="212" Column="0">
</Loc>
<Message>
#include statements in a file shall only be preceded by other preprocessor directives or comments.
</Message>
</Rule>

<Rule Name="19.1" Mode="advisory" Report="warning" Id="2">
<Loc File="C:\Component\ES106A_StHlthSigStc_Impl\src\StHlthSigStc.c" Line="711" Column="0">
</Loc>
<Message>
#include statements in a file shall only be preceded by other preprocessor directives or comments.
</Message>
</Rule>

<Rule Name="5.1" Mode="required" Report="warning" Id="3">
<Loc File="C:\Component\ES106A_StHlthSigStc_Impl\src\StHlthSigStc.c" Line="1034" Column="0">
</Loc>
<Message>
Identifier 'NONTRUSTED_NtWrapS_StHlthSigStc_UpdNvmPim' should not rely on the significance of more than 31 characters.
(Other identifier : 'NONTRUSTED_NtWrapS_StHlthSigStc_ClrDataSample')
</Message>
</Rule>

<Rule Name="5.1" Mode="required" Report="warning" Id="4">
<Loc File="C:\Component\ES106A_StHlthSigStc_Impl\src\StHlthSigStc.c" Line="1034" Column="5">
</Loc>
<Message>
Identifiers "NONTRUSTED_NtWrapS_StHlthSigStc_ClrDataSample" (StHlthSigStc.c line 1018 column 5) and "NONTRUSTED_NtWrapS_StHlthSigStc_UpdNvmPim" (StHlthSigStc.c line 1034 column 5) have the same first 32 characters.
</Message>
</Rule>

<Rule Name="5.1" Mode="required" Report="warning" Id="5">
<Loc File="C:\Component\ES106A_StHlthSigStc_Impl\src\StHlthSigStc.c" Line="1058" Column="0">
</Loc>
<Message>
Identifier 'NONTRUSTED_NtWrapS_StHlthSigStc_UpdDataSample' should not rely on the significance of more than 31 characters.
(Other identifier : 'NONTRUSTED_NtWrapS_StHlthSigStc_ClrDataSample')
</Message>
</Rule>

<Rule Name="5.1" Mode="required" Report="warning" Id="6">
<Loc File="C:\Component\ES106A_StHlthSigStc_Impl\src\StHlthSigStc.c" Line="1058" Column="5">
</Loc>
<Message>
Identifiers "NONTRUSTED_NtWrapS_StHlthSigStc_ClrDataSample" (StHlthSigStc.c line 1018 column 5) and "NONTRUSTED_NtWrapS_StHlthSigStc_UpdDataSample" (StHlthSigStc.c line 1058 column 5) have the same first 32 characters.
Identifiers "NONTRUSTED_NtWrapS_StHlthSigStc_UpdNvmPim" (StHlthSigStc.c line 1034 column 5) and "NONTRUSTED_NtWrapS_StHlthSigStc_UpdDataSample" (StHlthSigStc.c line 1058 column 5) have the same first 35 characters.
</Message>
</Rule>

</CodeStruct>

<CodeStruct Name="StHlthStcPwrDwn_Oper" File="C:\Component\ES106A_StHlthSigStc_Impl\src\StHlthSigStc.c" Line="491" Column="5">

<Rule Name="21.1" Mode="required" Report="warning" Id="9">
<Loc File="C:\Component\ES106A_StHlthSigStc_Impl\src\StHlthSigStc.c" Line="518" Column="55">
</Loc>
<Message>
Minimisation of run-time failures.
</Message>
</Rule>

<Rule Name="21.1" Mode="required" Report="warning" Id="10">
<Loc File="C:\Component\ES106A_StHlthSigStc_Impl\src\StHlthSigStc.c" Line="532" Column="31">
</Loc>
<Message>
Minimisation of run-time failures.
</Message>
</Rule>

<Rule Name="21.1" Mode="required" Report="warning" Id="11">
<Loc File="C:\Component\ES106A_StHlthSigStc_Impl\src\StHlthSigStc.c" Line="544" Column="35">
</Loc>
<Message>
Minimisation of run-time failures.
</Message>
</Rule>

<Rule Name="21.1" Mode="required" Report="warning" Id="12">
<Loc File="C:\Component\ES106A_StHlthSigStc_Impl\src\StHlthSigStc.c" Line="545" Column="35">
</Loc>
<Message>
Minimisation of run-time failures.
</Message>
</Rule>

<Rule Name="21.1" Mode="required" Report="warning" Id="13">
<Loc File="C:\Component\ES106A_StHlthSigStc_Impl\src\StHlthSigStc.c" Line="546" Column="36">
</Loc>
<Message>
Minimisation of run-time failures.
</Message>
</Rule>

<Rule Name="21.1" Mode="required" Report="warning" Id="14">
<Loc File="C:\Component\ES106A_StHlthSigStc_Impl\src\StHlthSigStc.c" Line="548" Column="15">
</Loc>
<Message>
Minimisation of run-time failures.
</Message>
</Rule>

<Rule Name="21.1" Mode="required" Report="warning" Id="15">
<Loc File="C:\Component\ES106A_StHlthSigStc_Impl\src\StHlthSigStc.c" Line="551" Column="54">
</Loc>
<Message>
Minimisation of run-time failures.
</Message>
</Rule>

<Rule Name="21.1" Mode="required" Report="warning" Id="16">
<Loc File="C:\Component\ES106A_StHlthSigStc_Impl\src\StHlthSigStc.c" Line="552" Column="54">
</Loc>
<Message>
Minimisation of run-time failures.
</Message>
</Rule>

<Rule Name="21.1" Mode="required" Report="warning" Id="17">
<Loc File="C:\Component\ES106A_StHlthSigStc_Impl\src\StHlthSigStc.c" Line="553" Column="55">
</Loc>
<Message>
Minimisation of run-time failures.
</Message>
</Rule>

<Rule Name="11.4" Mode="advisory" Report="warning" Id="18">
<Loc File="C:\Component\ES106A_StHlthSigStc_Impl\src\StHlthSigStc.c" Line="555" Column="48">
</Loc>
<Message>
A cast should not be performed between a pointer to object type and a different
pointer to object type.
</Message>
</Rule>

<Rule Name="17.4" Mode="required" Report="warning" Id="19">
<Loc File="C:\Component\ES106A_StHlthSigStc_Impl\src\StHlthSigStc.c" Line="561" Column="39">
</Loc>
<Message>
Array indexing shall be the only allowed form of pointer arithmetic.
</Message>
</Rule>

<Rule Name="17.1" Mode="required" Report="warning" Id="20">
<Loc File="C:\Component\ES106A_StHlthSigStc_Impl\src\StHlthSigStc.c" Line="561" Column="39">
</Loc>
<Message>
Pointer arithmetic shall only be applied to pointers that address an array or array element.
</Message>
</Rule>

<Rule Name="17.4" Mode="required" Report="warning" Id="21">
<Loc File="C:\Component\ES106A_StHlthSigStc_Impl\src\StHlthSigStc.c" Line="562" Column="42">
</Loc>
<Message>
Array indexing shall be the only allowed form of pointer arithmetic.
</Message>
</Rule>

<Rule Name="9.1" Mode="required" Report="warning" Id="22">
<Loc File="C:\Component\ES106A_StHlthSigStc_Impl\src\StHlthSigStc.c" Line="571" Column="16">
</Loc>
<Message>
All automatic variables shall have been assigned a value before being used.
</Message>
</Rule>

<Rule Name="21.1" Mode="required" Report="warning" Id="23">
<Loc File="C:\Component\ES106A_StHlthSigStc_Impl\src\StHlthSigStc.c" Line="577" Column="78">
</Loc>
<Message>
Minimisation of run-time failures.
</Message>
</Rule>

<Rule Name="21.1" Mode="required" Report="warning" Id="24">
<Loc File="C:\Component\ES106A_StHlthSigStc_Impl\src\StHlthSigStc.c" Line="582" Column="78">
</Loc>
<Message>
Minimisation of run-time failures.
</Message>
</Rule>

<Rule Name="11.4" Mode="advisory" Report="warning" Id="25">
<Loc File="C:\Component\ES106A_StHlthSigStc_Impl\src\StHlthSigStc.c" Line="604" Column="83">
</Loc>
<Message>
A cast should not be performed between a pointer to object type and a different
pointer to object type.
</Message>
</Rule>

</CodeStruct>

<CodeStruct Name="StHlthSigStc_UpdNvmPim" File="C:\Component\ES106A_StHlthSigStc_Impl\src\StHlthSigStc.c" Line="909" Column="12">

<Rule Name="21.1" Mode="required" Report="warning" Id="26">
<Loc File="C:\Component\ES106A_StHlthSigStc_Impl\src\StHlthSigStc.c" Line="922" Column="20">
</Loc>
<Message>
Minimisation of run-time failures.
</Message>
</Rule>

<Rule Name="21.1" Mode="required" Report="warning" Id="27">
<Loc File="C:\Component\ES106A_StHlthSigStc_Impl\src\StHlthSigStc.c" Line="923" Column="20">
</Loc>
<Message>
Minimisation of run-time failures.
</Message>
</Rule>

<Rule Name="21.1" Mode="required" Report="warning" Id="28">
<Loc File="C:\Component\ES106A_StHlthSigStc_Impl\src\StHlthSigStc.c" Line="924" Column="20">
</Loc>
<Message>
Minimisation of run-time failures.
</Message>
</Rule>

<Rule Name="11.4" Mode="advisory" Report="warning" Id="29">
<Loc File="C:\Component\ES106A_StHlthSigStc_Impl\src\StHlthSigStc.c" Line="926" Column="36">
</Loc>
<Message>
A cast should not be performed between a pointer to object type and a different
pointer to object type.
</Message>
</Rule>

<Rule Name="21.1" Mode="required" Report="warning" Id="30">
<Loc File="C:\Component\ES106A_StHlthSigStc_Impl\src\StHlthSigStc.c" Line="931" Column="8">
</Loc>
<Message>
Minimisation of run-time failures.
</Message>
</Rule>

<Rule Name="17.4" Mode="required" Report="warning" Id="31">
<Loc File="C:\Component\ES106A_StHlthSigStc_Impl\src\StHlthSigStc.c" Line="932" Column="27">
</Loc>
<Message>
Array indexing shall be the only allowed form of pointer arithmetic.
</Message>
</Rule>

<Rule Name="17.1" Mode="required" Report="warning" Id="32">
<Loc File="C:\Component\ES106A_StHlthSigStc_Impl\src\StHlthSigStc.c" Line="932" Column="27">
</Loc>
<Message>
Pointer arithmetic shall only be applied to pointers that address an array or array element.
</Message>
</Rule>

<Rule Name="17.4" Mode="required" Report="warning" Id="33">
<Loc File="C:\Component\ES106A_StHlthSigStc_Impl\src\StHlthSigStc.c" Line="933" Column="30">
</Loc>
<Message>
Array indexing shall be the only allowed form of pointer arithmetic.
</Message>
</Rule>

</CodeStruct>

<CodeStruct Name="ClrSigStcHlthData_Oper" File="C:\Component\ES106A_StHlthSigStc_Impl\src\StHlthSigStc.c" Line="243" Column="5">

<Rule Name="11.4" Mode="advisory" Report="warning" Id="34">
<Loc File="C:\Component\ES106A_StHlthSigStc_Impl\src\StHlthSigStc.c" Line="263" Column="79">
</Loc>
<Message>
A cast should not be performed between a pointer to object type and a different
pointer to object type.
</Message>
</Rule>

</CodeStruct>

<CodeStruct Name="StHlthSigStc_ClrDataSample" File="C:\Component\ES106A_StHlthSigStc_Impl\src\StHlthSigStc.c" Line="725" Column="13">

<Rule Name="21.1" Mode="required" Report="warning" Id="35">
<Loc File="C:\Component\ES106A_StHlthSigStc_Impl\src\StHlthSigStc.c" Line="740" Column="9">
</Loc>
<Message>
Minimisation of run-time failures.
</Message>
</Rule>

<Rule Name="21.1" Mode="required" Report="warning" Id="36">
<Loc File="C:\Component\ES106A_StHlthSigStc_Impl\src\StHlthSigStc.c" Line="740" Column="59">
</Loc>
<Message>
Minimisation of run-time failures.
</Message>
</Rule>

<Rule Name="21.1" Mode="required" Report="warning" Id="37">
<Loc File="C:\Component\ES106A_StHlthSigStc_Impl\src\StHlthSigStc.c" Line="741" Column="9">
</Loc>
<Message>
Minimisation of run-time failures.
</Message>
</Rule>

<Rule Name="21.1" Mode="required" Report="warning" Id="38">
<Loc File="C:\Component\ES106A_StHlthSigStc_Impl\src\StHlthSigStc.c" Line="742" Column="9">
</Loc>
<Message>
Minimisation of run-time failures.
</Message>
</Rule>

<Rule Name="21.1" Mode="required" Report="warning" Id="39">
<Loc File="C:\Component\ES106A_StHlthSigStc_Impl\src\StHlthSigStc.c" Line="743" Column="9">
</Loc>
<Message>
Minimisation of run-time failures.
</Message>
</Rule>

<Rule Name="21.1" Mode="required" Report="warning" Id="40">
<Loc File="C:\Component\ES106A_StHlthSigStc_Impl\src\StHlthSigStc.c" Line="744" Column="9">
</Loc>
<Message>
Minimisation of run-time failures.
</Message>
</Rule>

<Rule Name="21.1" Mode="required" Report="warning" Id="41">
<Loc File="C:\Component\ES106A_StHlthSigStc_Impl\src\StHlthSigStc.c" Line="748" Column="8">
</Loc>
<Message>
Minimisation of run-time failures.
</Message>
</Rule>

<Rule Name="21.1" Mode="required" Report="warning" Id="42">
<Loc File="C:\Component\ES106A_StHlthSigStc_Impl\src\StHlthSigStc.c" Line="753" Column="43">
</Loc>
<Message>
Minimisation of run-time failures.
</Message>
</Rule>

</CodeStruct>

<CodeStruct Name="NONTRUSTED_NtWrapS_StHlthSigStc_ClrDataSample" File="C:\Component\ES106A_StHlthSigStc_Impl\src\StHlthSigStc.c" Line="1018" Column="5">

<Rule Name="16.7" Mode="advisory" Report="warning" Id="43">
<Loc File="C:\Component\ES106A_StHlthSigStc_Impl\src\StHlthSigStc.c" Line="1018" Column="129">
</Loc>
<Message>
A pointer parameter in a function prototype should be declared as pointer to const
if the pointer is not used to modify the addressed object.
</Message>
</Rule>

<Rule Name="21.1" Mode="required" Report="warning" Id="44">
<Loc File="C:\Component\ES106A_StHlthSigStc_Impl\src\StHlthSigStc.c" Line="1022" Column="61">
</Loc>
<Message>
Minimisation of run-time failures.
</Message>
</Rule>

</CodeStruct>

<CodeStruct Name="StHlthSigStc_UpdDataSample" File="C:\Component\ES106A_StHlthSigStc_Impl\src\StHlthSigStc.c" Line="948" Column="12">

<Rule Name="21.1" Mode="required" Report="warning" Id="45">
<Loc File="C:\Component\ES106A_StHlthSigStc_Impl\src\StHlthSigStc.c" Line="973" Column="32">
</Loc>
<Message>
Minimisation of run-time failures.
</Message>
</Rule>

<Rule Name="21.1" Mode="required" Report="warning" Id="46">
<Loc File="C:\Component\ES106A_StHlthSigStc_Impl\src\StHlthSigStc.c" Line="973" Column="81">
</Loc>
<Message>
Minimisation of run-time failures.
</Message>
</Rule>

<Rule Name="21.1" Mode="required" Report="warning" Id="47">
<Loc File="C:\Component\ES106A_StHlthSigStc_Impl\src\StHlthSigStc.c" Line="974" Column="32">
</Loc>
<Message>
Minimisation of run-time failures.
</Message>
</Rule>

<Rule Name="21.1" Mode="required" Report="warning" Id="48">
<Loc File="C:\Component\ES106A_StHlthSigStc_Impl\src\StHlthSigStc.c" Line="975" Column="33">
</Loc>
<Message>
Minimisation of run-time failures.
</Message>
</Rule>

<Rule Name="21.1" Mode="required" Report="warning" Id="49">
<Loc File="C:\Component\ES106A_StHlthSigStc_Impl\src\StHlthSigStc.c" Line="978" Column="13">
</Loc>
<Message>
Minimisation of run-time failures.
</Message>
</Rule>

<Rule Name="21.1" Mode="required" Report="warning" Id="50">
<Loc File="C:\Component\ES106A_StHlthSigStc_Impl\src\StHlthSigStc.c" Line="988" Column="71">
</Loc>
<Message>
Minimisation of run-time failures.
</Message>
</Rule>

<Rule Name="21.1" Mode="required" Report="warning" Id="51">
<Loc File="C:\Component\ES106A_StHlthSigStc_Impl\src\StHlthSigStc.c" Line="988" Column="74">
</Loc>
<Message>
Minimisation of run-time failures.
</Message>
</Rule>

<Rule Name="21.1" Mode="required" Report="warning" Id="52">
<Loc File="C:\Component\ES106A_StHlthSigStc_Impl\src\StHlthSigStc.c" Line="993" Column="71">
</Loc>
<Message>
Minimisation of run-time failures.
</Message>
</Rule>

<Rule Name="21.1" Mode="required" Report="warning" Id="53">
<Loc File="C:\Component\ES106A_StHlthSigStc_Impl\src\StHlthSigStc.c" Line="993" Column="74">
</Loc>
<Message>
Minimisation of run-time failures.
</Message>
</Rule>

<Rule Name="21.1" Mode="required" Report="warning" Id="54">
<Loc File="C:\Component\ES106A_StHlthSigStc_Impl\src\StHlthSigStc.c" Line="997" Column="13">
</Loc>
<Message>
Minimisation of run-time failures.
</Message>
</Rule>

<Rule Name="21.1" Mode="required" Report="warning" Id="55">
<Loc File="C:\Component\ES106A_StHlthSigStc_Impl\src\StHlthSigStc.c" Line="998" Column="13">
</Loc>
<Message>
Minimisation of run-time failures.
</Message>
</Rule>

<Rule Name="21.1" Mode="required" Report="warning" Id="56">
<Loc File="C:\Component\ES106A_StHlthSigStc_Impl\src\StHlthSigStc.c" Line="999" Column="13">
</Loc>
<Message>
Minimisation of run-time failures.
</Message>
</Rule>

<Rule Name="21.1" Mode="required" Report="warning" Id="57">
<Loc File="C:\Component\ES106A_StHlthSigStc_Impl\src\StHlthSigStc.c" Line="1000" Column="13">
</Loc>
<Message>
Minimisation of run-time failures.
</Message>
</Rule>

</CodeStruct>

<CodeStruct Name="GetSigStcHlthData_Oper" File="C:\Component\ES106A_StHlthSigStc_Impl\src\StHlthSigStc.c" Line="304" Column="15">

<Rule Name="11.4" Mode="advisory" Report="warning" Id="58">
<Loc File="C:\Component\ES106A_StHlthSigStc_Impl\src\StHlthSigStc.c" Line="318" Column="38">
</Loc>
<Message>
A cast should not be performed between a pointer to object type and a different
pointer to object type.
</Message>
</Rule>

<Rule Name="21.1" Mode="required" Report="warning" Id="59">
<Loc File="C:\Component\ES106A_StHlthSigStc_Impl\src\StHlthSigStc.c" Line="320" Column="12">
</Loc>
<Message>
Minimisation of run-time failures.
</Message>
</Rule>

<Rule Name="21.1" Mode="required" Report="warning" Id="60">
<Loc File="C:\Component\ES106A_StHlthSigStc_Impl\src\StHlthSigStc.c" Line="320" Column="62">
</Loc>
<Message>
Minimisation of run-time failures.
</Message>
</Rule>

</CodeStruct>

<CodeStruct Name="NONTRUSTED_NtWrapS_StHlthSigStc_UpdDataSample" File="C:\Component\ES106A_StHlthSigStc_Impl\src\StHlthSigStc.c" Line="1058" Column="5">

<Rule Name="16.7" Mode="advisory" Report="warning" Id="61">
<Loc File="C:\Component\ES106A_StHlthSigStc_Impl\src\StHlthSigStc.c" Line="1058" Column="129">
</Loc>
<Message>
A pointer parameter in a function prototype should be declared as pointer to const
if the pointer is not used to modify the addressed object.
</Message>
</Rule>

<Rule Name="21.1" Mode="required" Report="warning" Id="62">
<Loc File="C:\Component\ES106A_StHlthSigStc_Impl\src\StHlthSigStc.c" Line="1062" Column="60">
</Loc>
<Message>
Minimisation of run-time failures.
</Message>
</Rule>

</CodeStruct>

<CodeStruct Name="StHlthSigStcInit1" File="C:\Component\ES106A_StHlthSigStc_Impl\src\StHlthSigStc.c" Line="363" Column="5">

<Rule Name="21.1" Mode="required" Report="warning" Id="63">
<Loc File="C:\Component\ES106A_StHlthSigStc_Impl\src\StHlthSigStc.c" Line="382" Column="4">
</Loc>
<Message>
Minimisation of run-time failures.
</Message>
</Rule>

<Rule Name="21.1" Mode="required" Report="warning" Id="64">
<Loc File="C:\Component\ES106A_StHlthSigStc_Impl\src\StHlthSigStc.c" Line="382" Column="27">
</Loc>
<Message>
Minimisation of run-time failures.
</Message>
</Rule>

<Rule Name="21.1" Mode="required" Report="warning" Id="65">
<Loc File="C:\Component\ES106A_StHlthSigStc_Impl\src\StHlthSigStc.c" Line="389" Column="7">
</Loc>
<Message>
Minimisation of run-time failures.
</Message>
</Rule>

<Rule Name="21.1" Mode="required" Report="warning" Id="66">
<Loc File="C:\Component\ES106A_StHlthSigStc_Impl\src\StHlthSigStc.c" Line="415" Column="8">
</Loc>
<Message>
Minimisation of run-time failures.
</Message>
</Rule>

<Rule Name="21.1" Mode="required" Report="warning" Id="67">
<Loc File="C:\Component\ES106A_StHlthSigStc_Impl\src\StHlthSigStc.c" Line="419" Column="51">
</Loc>
<Message>
Minimisation of run-time failures.
</Message>
</Rule>

<Rule Name="21.1" Mode="required" Report="warning" Id="68">
<Loc File="C:\Component\ES106A_StHlthSigStc_Impl\src\StHlthSigStc.c" Line="430" Column="11">
</Loc>
<Message>
Minimisation of run-time failures.
</Message>
</Rule>

<Rule Name="21.1" Mode="required" Report="warning" Id="69">
<Loc File="C:\Component\ES106A_StHlthSigStc_Impl\src\StHlthSigStc.c" Line="434" Column="27">
</Loc>
<Message>
Minimisation of run-time failures.
</Message>
</Rule>

<Rule Name="21.1" Mode="required" Report="warning" Id="70">
<Loc File="C:\Component\ES106A_StHlthSigStc_Impl\src\StHlthSigStc.c" Line="438" Column="43">
</Loc>
<Message>
Minimisation of run-time failures.
</Message>
</Rule>

<Rule Name="21.1" Mode="required" Report="warning" Id="71">
<Loc File="C:\Component\ES106A_StHlthSigStc_Impl\src\StHlthSigStc.c" Line="451" Column="9">
</Loc>
<Message>
Minimisation of run-time failures.
</Message>
</Rule>

</CodeStruct>

<CodeStruct Name="NONTRUSTED_NtWrapS_StHlthSigStc_UpdNvmPim" File="C:\Component\ES106A_StHlthSigStc_Impl\src\StHlthSigStc.c" Line="1034" Column="5">

<Rule Name="16.7" Mode="advisory" Report="warning" Id="72">
<Loc File="C:\Component\ES106A_StHlthSigStc_Impl\src\StHlthSigStc.c" Line="1034" Column="125">
</Loc>
<Message>
A pointer parameter in a function prototype should be declared as pointer to const
if the pointer is not used to modify the addressed object.
</Message>
</Rule>

<Rule Name="21.1" Mode="required" Report="warning" Id="73">
<Loc File="C:\Component\ES106A_StHlthSigStc_Impl\src\StHlthSigStc.c" Line="1042" Column="55">
</Loc>
<Message>
Minimisation of run-time failures.
</Message>
</Rule>

</CodeStruct>

<CodeStruct Name="StHlthSigStc_GetSigStHlthData" File="C:\Component\ES106A_StHlthSigStc_Impl\src\StHlthSigStc.c" Line="770" Column="12">

<Rule Name="21.1" Mode="required" Report="warning" Id="74">
<Loc File="C:\Component\ES106A_StHlthSigStc_Impl\src\StHlthSigStc.c" Line="797" Column="28">
</Loc>
<Message>
Minimisation of run-time failures.
</Message>
</Rule>

<Rule Name="21.1" Mode="required" Report="warning" Id="75">
<Loc File="C:\Component\ES106A_StHlthSigStc_Impl\src\StHlthSigStc.c" Line="803" Column="33">
</Loc>
<Message>
Minimisation of run-time failures.
</Message>
</Rule>

<Rule Name="21.1" Mode="required" Report="warning" Id="76">
<Loc File="C:\Component\ES106A_StHlthSigStc_Impl\src\StHlthSigStc.c" Line="807" Column="45">
</Loc>
<Message>
Minimisation of run-time failures.
</Message>
</Rule>

<Rule Name="21.1" Mode="required" Report="warning" Id="77">
<Loc File="C:\Component\ES106A_StHlthSigStc_Impl\src\StHlthSigStc.c" Line="814" Column="49">
</Loc>
<Message>
Minimisation of run-time failures.
</Message>
</Rule>

<Rule Name="11.4" Mode="advisory" Report="warning" Id="78">
<Loc File="C:\Component\ES106A_StHlthSigStc_Impl\src\StHlthSigStc.c" Line="819" Column="40">
</Loc>
<Message>
A cast should not be performed between a pointer to object type and a different
pointer to object type.
</Message>
</Rule>

<Rule Name="17.4" Mode="required" Report="warning" Id="79">
<Loc File="C:\Component\ES106A_StHlthSigStc_Impl\src\StHlthSigStc.c" Line="825" Column="31">
</Loc>
<Message>
Array indexing shall be the only allowed form of pointer arithmetic.
</Message>
</Rule>

<Rule Name="17.1" Mode="required" Report="warning" Id="80">
<Loc File="C:\Component\ES106A_StHlthSigStc_Impl\src\StHlthSigStc.c" Line="825" Column="31">
</Loc>
<Message>
Pointer arithmetic shall only be applied to pointers that address an array or array element.
</Message>
</Rule>

<Rule Name="17.4" Mode="required" Report="warning" Id="81">
<Loc File="C:\Component\ES106A_StHlthSigStc_Impl\src\StHlthSigStc.c" Line="826" Column="34">
</Loc>
<Message>
Array indexing shall be the only allowed form of pointer arithmetic.
</Message>
</Rule>

<Rule Name="9.1" Mode="required" Report="warning" Id="82">
<Loc File="C:\Component\ES106A_StHlthSigStc_Impl\src\StHlthSigStc.c" Line="835" Column="8">
</Loc>
<Message>
All automatic variables shall have been assigned a value before being used.
</Message>
</Rule>

<Rule Name="21.1" Mode="required" Report="warning" Id="83">
<Loc File="C:\Component\ES106A_StHlthSigStc_Impl\src\StHlthSigStc.c" Line="841" Column="69">
</Loc>
<Message>
Minimisation of run-time failures.
</Message>
</Rule>

<Rule Name="21.1" Mode="required" Report="warning" Id="84">
<Loc File="C:\Component\ES106A_StHlthSigStc_Impl\src\StHlthSigStc.c" Line="846" Column="70">
</Loc>
<Message>
Minimisation of run-time failures.
</Message>
</Rule>

<Rule Name="17.4" Mode="required" Report="warning" Id="85">
<Loc File="C:\Component\ES106A_StHlthSigStc_Impl\src\StHlthSigStc.c" Line="865" Column="10">
</Loc>
<Message>
Array indexing shall be the only allowed form of pointer arithmetic.
</Message>
</Rule>

<Rule Name="17.4" Mode="required" Report="warning" Id="86">
<Loc File="C:\Component\ES106A_StHlthSigStc_Impl\src\StHlthSigStc.c" Line="867" Column="10">
</Loc>
<Message>
Array indexing shall be the only allowed form of pointer arithmetic.
</Message>
</Rule>

<Rule Name="17.4" Mode="required" Report="warning" Id="87">
<Loc File="C:\Component\ES106A_StHlthSigStc_Impl\src\StHlthSigStc.c" Line="869" Column="10">
</Loc>
<Message>
Array indexing shall be the only allowed form of pointer arithmetic.
</Message>
</Rule>

<Rule Name="17.4" Mode="required" Report="warning" Id="88">
<Loc File="C:\Component\ES106A_StHlthSigStc_Impl\src\StHlthSigStc.c" Line="871" Column="10">
</Loc>
<Message>
Array indexing shall be the only allowed form of pointer arithmetic.
</Message>
</Rule>

<Rule Name="17.4" Mode="required" Report="warning" Id="89">
<Loc File="C:\Component\ES106A_StHlthSigStc_Impl\src\StHlthSigStc.c" Line="875" Column="10">
</Loc>
<Message>
Array indexing shall be the only allowed form of pointer arithmetic.
</Message>
</Rule>

<Rule Name="17.4" Mode="required" Report="warning" Id="90">
<Loc File="C:\Component\ES106A_StHlthSigStc_Impl\src\StHlthSigStc.c" Line="877" Column="10">
</Loc>
<Message>
Array indexing shall be the only allowed form of pointer arithmetic.
</Message>
</Rule>

<Rule Name="17.4" Mode="required" Report="warning" Id="91">
<Loc File="C:\Component\ES106A_StHlthSigStc_Impl\src\StHlthSigStc.c" Line="879" Column="10">
</Loc>
<Message>
Array indexing shall be the only allowed form of pointer arithmetic.
</Message>
</Rule>

<Rule Name="11.4" Mode="advisory" Report="warning" Id="92">
<Loc File="C:\Component\ES106A_StHlthSigStc_Impl\src\StHlthSigStc.c" Line="881" Column="38">
</Loc>
<Message>
A cast should not be performed between a pointer to object type and a different
pointer to object type.
</Message>
</Rule>

<Rule Name="17.4" Mode="required" Report="warning" Id="93">
<Loc File="C:\Component\ES106A_StHlthSigStc_Impl\src\StHlthSigStc.c" Line="884" Column="10">
</Loc>
<Message>
Array indexing shall be the only allowed form of pointer arithmetic.
</Message>
</Rule>

<Rule Name="17.4" Mode="required" Report="warning" Id="94">
<Loc File="C:\Component\ES106A_StHlthSigStc_Impl\src\StHlthSigStc.c" Line="885" Column="26">
</Loc>
<Message>
Array indexing shall be the only allowed form of pointer arithmetic.
</Message>
</Rule>

<Rule Name="17.4" Mode="required" Report="warning" Id="95">
<Loc File="C:\Component\ES106A_StHlthSigStc_Impl\src\StHlthSigStc.c" Line="887" Column="10">
</Loc>
<Message>
Array indexing shall be the only allowed form of pointer arithmetic.
</Message>
</Rule>

<Rule Name="17.4" Mode="required" Report="warning" Id="96">
<Loc File="C:\Component\ES106A_StHlthSigStc_Impl\src\StHlthSigStc.c" Line="888" Column="26">
</Loc>
<Message>
Array indexing shall be the only allowed form of pointer arithmetic.
</Message>
</Rule>

<Rule Name="17.4" Mode="required" Report="warning" Id="97">
<Loc File="C:\Component\ES106A_StHlthSigStc_Impl\src\StHlthSigStc.c" Line="890" Column="10">
</Loc>
<Message>
Array indexing shall be the only allowed form of pointer arithmetic.
</Message>
</Rule>

<Rule Name="17.4" Mode="required" Report="warning" Id="98">
<Loc File="C:\Component\ES106A_StHlthSigStc_Impl\src\StHlthSigStc.c" Line="891" Column="26">
</Loc>
<Message>
Array indexing shall be the only allowed form of pointer arithmetic.
</Message>
</Rule>

</CodeStruct>

</MISRA-C-Report>
