<?xml version="1.0" encoding="UTF-8"?>

<MISRA-C-Report version="1.3">


<CodeStruct Name="" File="C:\Component\ES247A_MotAgCmp_Impl\src\CDD_MotAgCmp.c" Line="0" Column="0">

<Rule Name="19.1" Mode="advisory" Report="warning" Id="5">
<Loc File="C:\Component\ES247A_MotAgCmp_Impl\src\CDD_MotAgCmp.c" Line="282" Column="0">
</Loc>
<Message>
#include statements in a file shall only be preceded by other preprocessor directives or comments.
</Message>
</Rule>

</CodeStruct>

<CodeStruct Name="" File="C:\Component\ES247A_MotAgCmp_Impl\include\CDD_MotAgCmp_MotCtrl_MemMap.h" Line="0" Column="0">

<Rule Name="19.15" Mode="required" Report="warning" Id="2">
<Loc File="C:\Component\ES247A_MotAgCmp_Impl\include\CDD_MotAgCmp_MotCtrl_MemMap.h" Line="1" Column="0">
</Loc>
<Message>
Precautions shall be taken in order to prevent the contents of a header file being included twice.
</Message>
</Rule>

<Rule Name="19.6" Mode="required" Report="warning" Id="3">
<Loc File="C:\Component\ES247A_MotAgCmp_Impl\include\CDD_MotAgCmp_MotCtrl_MemMap.h" Line="25" Column="0">
</Loc>
<Message>
#undef shall not be used.
</Message>
</Rule>

<Rule Name="19.6" Mode="required" Report="warning" Id="4">
<Loc File="C:\Component\ES247A_MotAgCmp_Impl\include\CDD_MotAgCmp_MotCtrl_MemMap.h" Line="31" Column="0">
</Loc>
<Message>
#undef shall not be used.
</Message>
</Rule>

</CodeStruct>

<CodeStruct Name="" File="C:\Component\ES247A_MotAgCmp_Impl\src\CDD_MotAgCmp_MotCtrl.c" Line="0" Column="0">

<Rule Name="19.1" Mode="advisory" Report="warning" Id="1">
<Loc File="C:\Component\ES247A_MotAgCmp_Impl\src\CDD_MotAgCmp_MotCtrl.c" Line="86" Column="0">
</Loc>
<Message>
#include statements in a file shall only be preceded by other preprocessor directives or comments.
</Message>
</Rule>

</CodeStruct>

<CodeStruct Name="MotAgCmpBackEmfRead_Oper" File="C:\Component\ES247A_MotAgCmp_Impl\src\CDD_MotAgCmp.c" Line="158" Column="5">

<Rule Name="21.1" Mode="required" Report="warning" Id="6">
<Loc File="C:\Component\ES247A_MotAgCmp_Impl\src\CDD_MotAgCmp.c" Line="165" Column="5">
</Loc>
<Message>
Minimisation of run-time failures.
</Message>
</Rule>

<Rule Name="21.1" Mode="required" Report="warning" Id="7">
<Loc File="C:\Component\ES247A_MotAgCmp_Impl\src\CDD_MotAgCmp.c" Line="165" Column="25">
</Loc>
<Message>
Minimisation of run-time failures.
</Message>
</Rule>

<Rule Name="21.1" Mode="required" Report="warning" Id="8">
<Loc File="C:\Component\ES247A_MotAgCmp_Impl\src\CDD_MotAgCmp.c" Line="165" Column="48">
</Loc>
<Message>
Minimisation of run-time failures.
</Message>
</Rule>

</CodeStruct>

<CodeStruct Name="MotAgCmpPer2" File="C:\Component\ES247A_MotAgCmp_Impl\src\CDD_MotAgCmp.c" Line="249" Column="5">

<Rule Name="9.1" Mode="required" Report="warning" Id="9">
<Loc File="C:\Component\ES247A_MotAgCmp_Impl\src\CDD_MotAgCmp.c" Line="265" Column="61">
</Loc>
<Message>
All automatic variables shall have been assigned a value before being used.
</Message>
</Rule>

<Rule Name="9.1" Mode="required" Report="warning" Id="10">
<Loc File="C:\Component\ES247A_MotAgCmp_Impl\src\CDD_MotAgCmp.c" Line="268" Column="77">
</Loc>
<Message>
All automatic variables shall have been assigned a value before being used.
</Message>
</Rule>

</CodeStruct>

<CodeStruct Name="MotAgCmpBackEmfWr_Oper" File="C:\Component\ES247A_MotAgCmp_Impl\src\CDD_MotAgCmp.c" Line="206" Column="15">

<Rule Name="21.1" Mode="required" Report="warning" Id="11">
<Loc File="C:\Component\ES247A_MotAgCmp_Impl\src\CDD_MotAgCmp.c" Line="213" Column="5">
</Loc>
<Message>
Minimisation of run-time failures.
</Message>
</Rule>

<Rule Name="21.1" Mode="required" Report="warning" Id="12">
<Loc File="C:\Component\ES247A_MotAgCmp_Impl\src\CDD_MotAgCmp.c" Line="213" Column="28">
</Loc>
<Message>
Minimisation of run-time failures.
</Message>
</Rule>

</CodeStruct>

<CodeStruct Name="MotAgCmpPer1" File="C:\Component\ES247A_MotAgCmp_Impl\src\CDD_MotAgCmp_MotCtrl.c" Line="42" Column="5">

<Rule Name="21.1" Mode="required" Report="warning" Id="13">
<Loc File="C:\Component\ES247A_MotAgCmp_Impl\src\CDD_MotAgCmp_MotCtrl.c" Line="50" Column="67">
</Loc>
<Message>
Minimisation of run-time failures.
</Message>
</Rule>

<Rule Name="21.1" Mode="required" Report="warning" Id="14">
<Loc File="C:\Component\ES247A_MotAgCmp_Impl\src\CDD_MotAgCmp_MotCtrl.c" Line="50" Column="90">
</Loc>
<Message>
Minimisation of run-time failures.
</Message>
</Rule>

<Rule Name="21.1" Mode="required" Report="warning" Id="15">
<Loc File="C:\Component\ES247A_MotAgCmp_Impl\src\CDD_MotAgCmp_MotCtrl.c" Line="57" Column="67">
</Loc>
<Message>
Minimisation of run-time failures.
</Message>
</Rule>

<Rule Name="21.1" Mode="required" Report="warning" Id="16">
<Loc File="C:\Component\ES247A_MotAgCmp_Impl\src\CDD_MotAgCmp_MotCtrl.c" Line="58" Column="7">
</Loc>
<Message>
Minimisation of run-time failures.
</Message>
</Rule>

<Rule Name="21.1" Mode="required" Report="warning" Id="17">
<Loc File="C:\Component\ES247A_MotAgCmp_Impl\src\CDD_MotAgCmp_MotCtrl.c" Line="71" Column="54">
</Loc>
<Message>
Minimisation of run-time failures.
</Message>
</Rule>

</CodeStruct>

</MISRA-C-Report>
